  0
SECTION
  2
HEADER
  9
$ANGBASE
  50
0.0
  9
$ANGDIR
  70
1
  9
$MEASUREMENT
  70
0
  0
ENDSEC
  0
SECTION
  2
TABLES
  0
TABLE
  2
LTYPE
  70
4
  0
LTYPE
  5
40F
  2
CONTINUOUS
  70
0
  3
Solid line
  72
65
  73
0
  40
0.0
  0
LTYPE
  5
410
  2
DASHDOT
 70
0
  3
Dash Dot ____ _ ____ _
 72
65
 73
4
 40
2.0
 49
1.25
 49
-0.25
 49
0.25
 49
-0.25
  0
LTYPE
  5
411
  2
DASHED
 70
0
  3
Dashed __ __ __ __ __
 72
65
 73
2
 40
0.75
 49
0.5
 49
-0.25
  0
LTYPE
  5
43B
  2
DOTTED
 70
0
  3
Dotted .  .  .  .
 72
65
 73
2
 40
0.2
 49
0.0
 49
-0.2
  0
ENDTAB
  0
TABLE
  2
STYLE
  70
4
  0
STYLE
  2
KICAD
  70
0
  40
0
  41
1
  42
1
  50
0
  71
0
  3
isocp.shx
  0
STYLE
  2
KICADB
  70
0
  40
0
  41
1
  42
1
  50
0
  71
0
  3
isocp.shx
  0
STYLE
  2
KICADI
  70
0
  40
0
  41
1
  42
1
  50
15
  71
0
  3
isocp.shx
  0
STYLE
  2
KICADBI
  70
0
  40
0
  41
1
  42
1
  50
15
  71
0
  3
isocp.shx
  0
ENDTAB
  0
TABLE
  2
LAYER
  70
1
  0
LAYER
  2
BLACK
  70
0
  62
7
  6
CONTINUOUS
  0
ENDTAB
  0
ENDSEC
  0
SECTION
  2
ENTITIES
0
LINE
8
BLACK
6
CONTINUOUS
10
5.9357268897637798
20
-5.2275031496062994
11
5.9420658267716533
21
-5.2301288188976374
0
LINE
8
BLACK
6
CONTINUOUS
10
5.9420658267716533
20
-5.2301288188976374
11
5.9477707086614169
21
-5.2339407086614171
0
LINE
8
BLACK
6
CONTINUOUS
10
5.9477707086614169
20
-5.2339407086614171
11
5.9526222834645672
21
-5.2387922834645666
0
LINE
8
BLACK
6
CONTINUOUS
10
5.9526222834645672
20
-5.2387922834645666
11
5.9564341732283461
21
-5.2444971653543302
0
LINE
8
BLACK
6
CONTINUOUS
10
5.9564341732283461
20
-5.2444971653543302
11
5.959059842519685
21
-5.2508361023622045
0
LINE
8
BLACK
6
CONTINUOUS
10
5.959059842519685
20
-5.2508361023622045
11
5.9603983858267719
21
-5.2575654724409446
0
LINE
8
BLACK
6
CONTINUOUS
10
5.9603983858267719
20
-5.2575654724409446
11
5.9603983858267719
21
-5.2644266535433069
0
LINE
8
BLACK
6
CONTINUOUS
10
5.9603983858267719
20
-5.2644266535433069
11
5.959059842519685
21
-5.2711560236220469
0
LINE
8
BLACK
6
CONTINUOUS
10
5.959059842519685
20
-5.2711560236220469
11
5.9567103543307089
21
-5.276828149606299
0
LINE
8
BLACK
6
CONTINUOUS
10
5.9567103543307089
20
-5.276828149606299
11
6.0125515354330705
21
-5.3326692913385827
0
LINE
8
BLACK
6
CONTINUOUS
10
6.0125515354330705
20
-5.3326692913385827
11
6.3010823622047241
21
-5.3326692913385827
0
LINE
8
BLACK
6
CONTINUOUS
10
6.3010823622047241
20
-5.3326692913385827
11
6.3120445275590553
21
-5.3217070866141727
0
LINE
8
BLACK
6
CONTINUOUS
10
6.3120445275590553
20
-5.3217070866141727
11
6.3089923622047239
21
-5.3157168110236217
0
LINE
8
BLACK
6
CONTINUOUS
10
6.3089923622047239
20
-5.3157168110236217
11
6.3068102755905509
21
-5.3090011023622043
0
LINE
8
BLACK
6
CONTINUOUS
10
6.3068102755905509
20
-5.3090011023622043
11
6.3057056299212597
21
-5.3020267322834647
0
LINE
8
BLACK
6
CONTINUOUS
10
6.3057056299212597
20
-5.3020267322834647
11
6.3057056299212597
21
-5.294965393700787
0
LINE
8
BLACK
6
CONTINUOUS
10
6.3057056299212597
20
-5.294965393700787
11
6.3068102755905509
21
-5.2879910236220473
0
LINE
8
BLACK
6
CONTINUOUS
10
6.3068102755905509
20
-5.2879910236220473
11
6.3089923622047239
21
-5.28127531496063
0
LINE
8
BLACK
6
CONTINUOUS
10
6.3089923622047239
20
-5.28127531496063
11
6.3121981102362206
21
-5.2749836220472437
0
LINE
8
BLACK
6
CONTINUOUS
10
6.3121981102362206
20
-5.2749836220472437
11
6.3163486614173223
21
-5.269270905511811
0
LINE
8
BLACK
6
CONTINUOUS
10
6.3163486614173223
20
-5.269270905511811
11
6.3213417716535432
21
-5.2642777952755901
0
LINE
8
BLACK
6
CONTINUOUS
10
6.3213417716535432
20
-5.2642777952755901
11
6.3270544881889759
21
-5.2601272440944884
0
LINE
8
BLACK
6
CONTINUOUS
10
6.3270544881889759
20
-5.2601272440944884
11
6.3333461811023621
21
-5.2569214960629917
0
LINE
8
BLACK
6
CONTINUOUS
10
6.3333461811023621
20
-5.2569214960629917
11
6.3400618897637795
21
-5.2547394094488187
0
LINE
8
BLACK
6
CONTINUOUS
10
6.3400618897637795
20
-5.2547394094488187
11
6.3470362598425192
21
-5.2536347637795275
0
LINE
8
BLACK
6
CONTINUOUS
10
6.3470362598425192
20
-5.2536347637795275
11
6.3540975984251968
21
-5.2536347637795275
0
LINE
8
BLACK
6
CONTINUOUS
10
6.3540975984251968
20
-5.2536347637795275
11
6.3610719685039365
21
-5.2547394094488187
0
LINE
8
BLACK
6
CONTINUOUS
10
6.3610719685039365
20
-5.2547394094488187
11
6.3677876771653539
21
-5.2569214960629917
0
LINE
8
BLACK
6
CONTINUOUS
10
6.3677876771653539
20
-5.2569214960629917
11
6.3740793700787401
21
-5.2601272440944884
0
LINE
8
BLACK
6
CONTINUOUS
10
6.3740793700787401
20
-5.2601272440944884
11
6.3797920866141729
21
-5.2642777952755901
0
LINE
8
BLACK
6
CONTINUOUS
10
6.3797920866141729
20
-5.2642777952755901
11
6.3847851968503937
21
-5.269270905511811
0
LINE
8
BLACK
6
CONTINUOUS
10
6.3847851968503937
20
-5.269270905511811
11
6.3889357480314963
21
-5.2749836220472437
0
LINE
8
BLACK
6
CONTINUOUS
10
6.3889357480314963
20
-5.2749836220472437
11
6.3921414960629921
21
-5.28127531496063
0
LINE
8
BLACK
6
CONTINUOUS
10
6.3921414960629921
20
-5.28127531496063
11
6.3943235826771652
21
-5.2879910236220473
0
LINE
8
BLACK
6
CONTINUOUS
10
6.3943235826771652
20
-5.2879910236220473
11
6.3954282283464563
21
-5.294965393700787
0
LINE
8
BLACK
6
CONTINUOUS
10
6.3954282283464563
20
-5.294965393700787
11
6.3954282283464563
21
-5.3020267322834647
0
LINE
8
BLACK
6
CONTINUOUS
10
6.3954282283464563
20
-5.3020267322834647
11
6.3943235826771652
21
-5.3090011023622043
0
LINE
8
BLACK
6
CONTINUOUS
10
6.3943235826771652
20
-5.3090011023622043
11
6.3921414960629921
21
-5.3157168110236217
0
LINE
8
BLACK
6
CONTINUOUS
10
6.3921414960629921
20
-5.3157168110236217
11
6.3889357480314963
21
-5.322008503937008
0
LINE
8
BLACK
6
CONTINUOUS
10
6.3889357480314963
20
-5.322008503937008
11
6.3847851968503937
21
-5.3277212204724407
0
LINE
8
BLACK
6
CONTINUOUS
10
6.3847851968503937
20
-5.3277212204724407
11
6.3797920866141729
21
-5.3327143307086615
0
LINE
8
BLACK
6
CONTINUOUS
10
6.3797920866141729
20
-5.3327143307086615
11
6.3740793700787401
21
-5.3368648818897633
0
LINE
8
BLACK
6
CONTINUOUS
10
6.3740793700787401
20
-5.3368648818897633
11
6.3677876771653539
21
-5.3400706299212599
0
LINE
8
BLACK
6
CONTINUOUS
10
6.3677876771653539
20
-5.3400706299212599
11
6.3613937007874011
21
-5.3421481496062988
0
LINE
8
BLACK
6
CONTINUOUS
10
6.3613937007874011
20
-5.3421481496062988
11
6.3613937007874011
21
-5.5448285826771651
0
LINE
8
BLACK
6
CONTINUOUS
10
6.3613937007874011
20
-5.5448285826771651
11
6.3614788976377952
21
-5.5449761811023617
0
LINE
8
BLACK
6
CONTINUOUS
10
6.3614788976377952
20
-5.5449761811023617
11
6.3622768897637796
21
-5.5479544094488187
0
LINE
8
BLACK
6
CONTINUOUS
10
6.3622768897637796
20
-5.5479544094488187
11
6.3622768897637796
21
-5.5510377165354328
0
LINE
8
BLACK
6
CONTINUOUS
10
6.3622768897637796
20
-5.5510377165354328
11
6.3614788976377952
21
-5.5540159448818898
0
LINE
8
BLACK
6
CONTINUOUS
10
6.3614788976377952
20
-5.5540159448818898
11
6.3613937007874011
21
-5.5541635039370076
0
LINE
8
BLACK
6
CONTINUOUS
10
6.3613937007874011
20
-5.5541635039370076
11
6.3613937007874011
21
-5.7798439370078736
0
LINE
8
BLACK
6
CONTINUOUS
10
6.3613937007874011
20
-5.7798439370078736
11
6.3677876771653539
21
-5.7819214960629921
0
LINE
8
BLACK
6
CONTINUOUS
10
6.3677876771653539
20
-5.7819214960629921
11
6.3740793700787401
21
-5.7851272440944879
0
LINE
8
BLACK
6
CONTINUOUS
10
6.3740793700787401
20
-5.7851272440944879
11
6.3797920866141729
21
-5.7892777952755905
0
LINE
8
BLACK
6
CONTINUOUS
10
6.3797920866141729
20
-5.7892777952755905
11
6.3847851968503937
21
-5.7942709055118105
0
LINE
8
BLACK
6
CONTINUOUS
10
6.3847851968503937
20
-5.7942709055118105
11
6.3889357480314963
21
-5.799983622047244
0
LINE
8
BLACK
6
CONTINUOUS
10
6.3889357480314963
20
-5.799983622047244
11
6.3921414960629921
21
-5.8062753149606294
0
LINE
8
BLACK
6
CONTINUOUS
10
6.3921414960629921
20
-5.8062753149606294
11
6.3943235826771652
21
-5.8129910236220468
0
LINE
8
BLACK
6
CONTINUOUS
10
6.3943235826771652
20
-5.8129910236220468
11
6.3954282283464563
21
-5.8199653937007874
0
LINE
8
BLACK
6
CONTINUOUS
10
6.3954282283464563
20
-5.8199653937007874
11
6.3954282283464563
21
-5.8270267322834641
0
LINE
8
BLACK
6
CONTINUOUS
10
6.3954282283464563
20
-5.8270267322834641
11
6.3943235826771652
21
-5.8340011023622047
0
LINE
8
BLACK
6
CONTINUOUS
10
6.3943235826771652
20
-5.8340011023622047
11
6.3921414960629921
21
-5.8407168110236221
0
LINE
8
BLACK
6
CONTINUOUS
10
6.3921414960629921
20
-5.8407168110236221
11
6.3889357480314963
21
-5.8470085039370074
0
LINE
8
BLACK
6
CONTINUOUS
10
6.3889357480314963
20
-5.8470085039370074
11
6.3847851968503937
21
-5.852721220472441
0
LINE
8
BLACK
6
CONTINUOUS
10
6.3847851968503937
20
-5.852721220472441
11
6.3797920866141729
21
-5.857714330708661
0
LINE
8
BLACK
6
CONTINUOUS
10
6.3797920866141729
20
-5.857714330708661
11
6.3740793700787401
21
-5.8618648818897636
0
LINE
8
BLACK
6
CONTINUOUS
10
6.3740793700787401
20
-5.8618648818897636
11
6.3677876771653539
21
-5.8650706299212594
0
LINE
8
BLACK
6
CONTINUOUS
10
6.3677876771653539
20
-5.8650706299212594
11
6.3610719685039365
21
-5.8672527165354333
0
LINE
8
BLACK
6
CONTINUOUS
10
6.3610719685039365
20
-5.8672527165354333
11
6.3540975984251968
21
-5.8683573622047245
0
LINE
8
BLACK
6
CONTINUOUS
10
6.3540975984251968
20
-5.8683573622047245
11
6.3470362598425192
21
-5.8683573622047245
0
LINE
8
BLACK
6
CONTINUOUS
10
6.3470362598425192
20
-5.8683573622047245
11
6.3400618897637795
21
-5.8672527165354333
0
LINE
8
BLACK
6
CONTINUOUS
10
6.3400618897637795
20
-5.8672527165354333
11
6.3333461811023621
21
-5.8650706299212594
0
LINE
8
BLACK
6
CONTINUOUS
10
6.3333461811023621
20
-5.8650706299212594
11
6.3273558661417324
21
-5.8620184251968501
0
LINE
8
BLACK
6
CONTINUOUS
10
6.3273558661417324
20
-5.8620184251968501
11
6.2182225984251964
21
-5.9711517322834649
0
LINE
8
BLACK
6
CONTINUOUS
10
6.2182225984251964
20
-5.9711517322834649
11
6.2165819685039372
21
-5.9724981889763775
0
LINE
8
BLACK
6
CONTINUOUS
10
6.2165819685039372
20
-5.9724981889763775
11
6.2126791338582672
21
-5.9741148031496065
0
LINE
8
BLACK
6
CONTINUOUS
10
6.2126791338582672
20
-5.9741148031496065
11
6.2105669291338579
21
-5.9743228346456689
0
LINE
8
BLACK
6
CONTINUOUS
10
6.2105669291338579
20
-5.9743228346456689
11
6.1827481102362203
21
-5.9743228346456689
0
LINE
8
BLACK
6
CONTINUOUS
10
6.1827481102362203
20
-5.9743228346456689
11
6.1814341732283467
21
-5.9774949606299215
0
LINE
8
BLACK
6
CONTINUOUS
10
6.1814341732283467
20
-5.9774949606299215
11
6.1776222834645669
21
-5.9831998425196851
0
LINE
8
BLACK
6
CONTINUOUS
10
6.1776222834645669
20
-5.9831998425196851
11
6.1727707086614174
21
-5.9880514173228345
0
LINE
8
BLACK
6
CONTINUOUS
10
6.1727707086614174
20
-5.9880514173228345
11
6.1670658267716538
21
-5.9918633070866143
0
LINE
8
BLACK
6
CONTINUOUS
10
6.1670658267716538
20
-5.9918633070866143
11
6.1613937007874018
21
-5.9942127559055116
0
LINE
8
BLACK
6
CONTINUOUS
10
6.1613937007874018
20
-5.9942127559055116
11
6.1613937007874018
21
-5.9994960629921259
0
LINE
8
BLACK
6
CONTINUOUS
10
6.1613937007874018
20
-5.9994960629921259
11
6.1611856692913385
21
-6.0016082283464565
0
LINE
8
BLACK
6
CONTINUOUS
10
6.1611856692913385
20
-6.0016082283464565
11
6.1595690944881891
21
-6.0055111023622043
0
LINE
8
BLACK
6
CONTINUOUS
10
6.1595690944881891
20
-6.0055111023622043
11
6.1582226377952756
21
-6.0071517322834644
0
LINE
8
BLACK
6
CONTINUOUS
10
6.1582226377952756
20
-6.0071517322834644
11
6.1302225984251963
21
-6.035151732283464
0
LINE
8
BLACK
6
CONTINUOUS
10
6.1302225984251963
20
-6.035151732283464
11
6.1285819685039371
21
-6.0364981889763776
0
LINE
8
BLACK
6
CONTINUOUS
10
6.1285819685039371
20
-6.0364981889763776
11
6.124679133858268
21
-6.0381148031496066
0
LINE
8
BLACK
6
CONTINUOUS
10
6.124679133858268
20
-6.0381148031496066
11
6.1225669291338578
21
-6.038322834645669
0
LINE
8
BLACK
6
CONTINUOUS
10
6.1225669291338578
20
-6.038322834645669
11
5.8909273228346457
21
-6.038322834645669
0
LINE
8
BLACK
6
CONTINUOUS
10
5.8909273228346457
20
-6.038322834645669
11
5.8888151181102364
21
-6.0381148031496066
0
LINE
8
BLACK
6
CONTINUOUS
10
5.8888151181102364
20
-6.0381148031496066
11
5.8849122834645664
21
-6.0364981889763776
0
LINE
8
BLACK
6
CONTINUOUS
10
5.8849122834645664
20
-6.0364981889763776
11
5.8832716535433072
21
-6.035151732283464
0
LINE
8
BLACK
6
CONTINUOUS
10
5.8832716535433072
20
-6.035151732283464
11
5.7429112598425194
21
-5.8947913385826771
0
LINE
8
BLACK
6
CONTINUOUS
10
5.7429112598425194
20
-5.8947913385826771
11
5.7415648031496058
21
-5.893150708661417
0
LINE
8
BLACK
6
CONTINUOUS
10
5.7415648031496058
20
-5.893150708661417
11
5.7399481889763777
21
-5.8892478740157479
0
LINE
8
BLACK
6
CONTINUOUS
10
5.7399481889763777
20
-5.8892478740157479
11
5.7397401574803144
21
-5.8871356692913386
0
LINE
8
BLACK
6
CONTINUOUS
10
5.7397401574803144
20
-5.8871356692913386
11
5.7397401574803144
21
-5.8671481496062992
0
LINE
8
BLACK
6
CONTINUOUS
10
5.7397401574803144
20
-5.8671481496062992
11
5.7333461811023625
21
-5.8650706299212594
0
LINE
8
BLACK
6
CONTINUOUS
10
5.7333461811023625
20
-5.8650706299212594
11
5.7270544881889762
21
-5.8618648818897636
0
LINE
8
BLACK
6
CONTINUOUS
10
5.7270544881889762
20
-5.8618648818897636
11
5.7213417716535435
21
-5.857714330708661
0
LINE
8
BLACK
6
CONTINUOUS
10
5.7213417716535435
20
-5.857714330708661
11
5.7163486614173227
21
-5.852721220472441
0
LINE
8
BLACK
6
CONTINUOUS
10
5.7163486614173227
20
-5.852721220472441
11
5.71219811023622
21
-5.8470085039370074
0
LINE
8
BLACK
6
CONTINUOUS
10
5.71219811023622
20
-5.8470085039370074
11
5.7089923622047243
21
-5.8407168110236221
0
LINE
8
BLACK
6
CONTINUOUS
10
5.7089923622047243
20
-5.8407168110236221
11
5.7068102755905512
21
-5.8340011023622047
0
LINE
8
BLACK
6
CONTINUOUS
10
5.7068102755905512
20
-5.8340011023622047
11
5.7057056299212601
21
-5.8270267322834641
0
LINE
8
BLACK
6
CONTINUOUS
10
5.7057056299212601
20
-5.8270267322834641
11
5.7057056299212601
21
-5.8199653937007874
0
LINE
8
BLACK
6
CONTINUOUS
10
5.7057056299212601
20
-5.8199653937007874
11
5.7068102755905512
21
-5.8129910236220468
0
LINE
8
BLACK
6
CONTINUOUS
10
5.7068102755905512
20
-5.8129910236220468
11
5.7089923622047243
21
-5.8062753149606294
0
LINE
8
BLACK
6
CONTINUOUS
10
5.7089923622047243
20
-5.8062753149606294
11
5.7120445275590548
21
-5.8002849999999997
0
LINE
8
BLACK
6
CONTINUOUS
10
5.7120445275590548
20
-5.8002849999999997
11
5.6429112598425197
21
-5.7311517322834646
0
LINE
8
BLACK
6
CONTINUOUS
10
5.6429112598425197
20
-5.7311517322834646
11
5.6415648031496062
21
-5.7295111023622045
0
LINE
8
BLACK
6
CONTINUOUS
10
5.6415648031496062
20
-5.7295111023622045
11
5.6399481889763781
21
-5.7256082677165354
0
LINE
8
BLACK
6
CONTINUOUS
10
5.6399481889763781
20
-5.7256082677165354
11
5.6397401574803148
21
-5.7234960629921261
0
LINE
8
BLACK
6
CONTINUOUS
10
5.6397401574803148
20
-5.7234960629921261
11
5.6397401574803148
21
-5.6942127559055118
0
LINE
8
BLACK
6
CONTINUOUS
10
5.6397401574803148
20
-5.6942127559055118
11
5.6340680314960627
21
-5.6918633070866145
0
LINE
8
BLACK
6
CONTINUOUS
10
5.6340680314960627
20
-5.6918633070866145
11
5.6283631496062991
21
-5.6880514173228347
0
LINE
8
BLACK
6
CONTINUOUS
10
5.6283631496062991
20
-5.6880514173228347
11
5.6235115748031497
21
-5.6831998425196852
0
LINE
8
BLACK
6
CONTINUOUS
10
5.6235115748031497
20
-5.6831998425196852
11
5.6196996850393699
21
-5.6774949606299208
0
LINE
8
BLACK
6
CONTINUOUS
10
5.6196996850393699
20
-5.6774949606299208
11
5.617074015748031
21
-5.6711560236220473
0
LINE
8
BLACK
6
CONTINUOUS
10
5.617074015748031
20
-5.6711560236220473
11
5.615735472440945
21
-5.6644266535433072
0
LINE
8
BLACK
6
CONTINUOUS
10
5.615735472440945
20
-5.6644266535433072
11
5.615735472440945
21
-5.657565472440945
0
LINE
8
BLACK
6
CONTINUOUS
10
5.615735472440945
20
-5.657565472440945
11
5.617074015748031
21
-5.6508361023622049
0
LINE
8
BLACK
6
CONTINUOUS
10
5.617074015748031
20
-5.6508361023622049
11
5.6196996850393699
21
-5.6444971653543305
0
LINE
8
BLACK
6
CONTINUOUS
10
5.6196996850393699
20
-5.6444971653543305
11
5.6235115748031497
21
-5.638792283464567
0
LINE
8
BLACK
6
CONTINUOUS
10
5.6235115748031497
20
-5.638792283464567
11
5.6283631496062991
21
-5.6339407086614175
0
LINE
8
BLACK
6
CONTINUOUS
10
5.6283631496062991
20
-5.6339407086614175
11
5.6340680314960627
21
-5.6301288188976377
0
LINE
8
BLACK
6
CONTINUOUS
10
5.6340680314960627
20
-5.6301288188976377
11
5.6404069685039371
21
-5.6275031496062988
0
LINE
8
BLACK
6
CONTINUOUS
10
5.6404069685039371
20
-5.6275031496062988
11
5.6471363385826772
21
-5.6261646062992128
0
LINE
8
BLACK
6
CONTINUOUS
10
5.6471363385826772
20
-5.6261646062992128
11
5.6539975196850394
21
-5.6261646062992128
0
LINE
8
BLACK
6
CONTINUOUS
10
5.6539975196850394
20
-5.6261646062992128
11
5.6607268897637795
21
-5.6275031496062988
0
LINE
8
BLACK
6
CONTINUOUS
10
5.6607268897637795
20
-5.6275031496062988
11
5.6670658267716538
21
-5.6301288188976377
0
LINE
8
BLACK
6
CONTINUOUS
10
5.6670658267716538
20
-5.6301288188976377
11
5.6727707086614174
21
-5.6339407086614175
0
LINE
8
BLACK
6
CONTINUOUS
10
5.6727707086614174
20
-5.6339407086614175
11
5.6776222834645669
21
-5.638792283464567
0
LINE
8
BLACK
6
CONTINUOUS
10
5.6776222834645669
20
-5.638792283464567
11
5.6814341732283467
21
-5.6444971653543305
0
LINE
8
BLACK
6
CONTINUOUS
10
5.6814341732283467
20
-5.6444971653543305
11
5.6840598425196847
21
-5.6508361023622049
0
LINE
8
BLACK
6
CONTINUOUS
10
5.6840598425196847
20
-5.6508361023622049
11
5.6853983858267716
21
-5.657565472440945
0
LINE
8
BLACK
6
CONTINUOUS
10
5.6853983858267716
20
-5.657565472440945
11
5.6853983858267716
21
-5.6644266535433072
0
LINE
8
BLACK
6
CONTINUOUS
10
5.6853983858267716
20
-5.6644266535433072
11
5.6840598425196847
21
-5.6711560236220473
0
LINE
8
BLACK
6
CONTINUOUS
10
5.6840598425196847
20
-5.6711560236220473
11
5.6814341732283467
21
-5.6774949606299208
0
LINE
8
BLACK
6
CONTINUOUS
10
5.6814341732283467
20
-5.6774949606299208
11
5.6776222834645669
21
-5.6831998425196852
0
LINE
8
BLACK
6
CONTINUOUS
10
5.6776222834645669
20
-5.6831998425196852
11
5.6727707086614174
21
-5.6880514173228347
0
LINE
8
BLACK
6
CONTINUOUS
10
5.6727707086614174
20
-5.6880514173228347
11
5.6670658267716538
21
-5.6918633070866145
0
LINE
8
BLACK
6
CONTINUOUS
10
5.6670658267716538
20
-5.6918633070866145
11
5.6613937007874018
21
-5.6942127559055118
0
LINE
8
BLACK
6
CONTINUOUS
10
5.6613937007874018
20
-5.6942127559055118
11
5.6613937007874018
21
-5.7190114566929129
0
LINE
8
BLACK
6
CONTINUOUS
10
5.6613937007874018
20
-5.7190114566929129
11
5.7273558661417319
21
-5.7849736614173226
0
LINE
8
BLACK
6
CONTINUOUS
10
5.7273558661417319
20
-5.7849736614173226
11
5.7333461811023625
21
-5.7819214960629921
0
LINE
8
BLACK
6
CONTINUOUS
10
5.7333461811023625
20
-5.7819214960629921
11
5.740061889763779
21
-5.779739409448819
0
LINE
8
BLACK
6
CONTINUOUS
10
5.740061889763779
20
-5.779739409448819
11
5.7470362598425195
21
-5.778634763779527
0
LINE
8
BLACK
6
CONTINUOUS
10
5.7470362598425195
20
-5.778634763779527
11
5.7540975984251963
21
-5.778634763779527
0
LINE
8
BLACK
6
CONTINUOUS
10
5.7540975984251963
20
-5.778634763779527
11
5.7610719685039369
21
-5.779739409448819
0
LINE
8
BLACK
6
CONTINUOUS
10
5.7610719685039369
20
-5.779739409448819
11
5.7677876771653542
21
-5.7819214960629921
0
LINE
8
BLACK
6
CONTINUOUS
10
5.7677876771653542
20
-5.7819214960629921
11
5.7740793700787396
21
-5.7851272440944879
0
LINE
8
BLACK
6
CONTINUOUS
10
5.7740793700787396
20
-5.7851272440944879
11
5.7797920866141732
21
-5.7892777952755905
0
LINE
8
BLACK
6
CONTINUOUS
10
5.7797920866141732
20
-5.7892777952755905
11
5.7847851968503932
21
-5.7942709055118105
0
LINE
8
BLACK
6
CONTINUOUS
10
5.7847851968503932
20
-5.7942709055118105
11
5.7889357480314958
21
-5.799983622047244
0
LINE
8
BLACK
6
CONTINUOUS
10
5.7889357480314958
20
-5.799983622047244
11
5.7921414960629916
21
-5.8062753149606294
0
LINE
8
BLACK
6
CONTINUOUS
10
5.7921414960629916
20
-5.8062753149606294
11
5.7943235826771655
21
-5.8129910236220468
0
LINE
8
BLACK
6
CONTINUOUS
10
5.7943235826771655
20
-5.8129910236220468
11
5.7954282283464567
21
-5.8199653937007874
0
LINE
8
BLACK
6
CONTINUOUS
10
5.7954282283464567
20
-5.8199653937007874
11
5.7954282283464567
21
-5.8270267322834641
0
LINE
8
BLACK
6
CONTINUOUS
10
5.7954282283464567
20
-5.8270267322834641
11
5.7943235826771655
21
-5.8340011023622047
0
LINE
8
BLACK
6
CONTINUOUS
10
5.7943235826771655
20
-5.8340011023622047
11
5.7921414960629916
21
-5.8407168110236221
0
LINE
8
BLACK
6
CONTINUOUS
10
5.7921414960629916
20
-5.8407168110236221
11
5.7889357480314958
21
-5.8470085039370074
0
LINE
8
BLACK
6
CONTINUOUS
10
5.7889357480314958
20
-5.8470085039370074
11
5.7847851968503932
21
-5.852721220472441
0
LINE
8
BLACK
6
CONTINUOUS
10
5.7847851968503932
20
-5.852721220472441
11
5.7797920866141732
21
-5.857714330708661
0
LINE
8
BLACK
6
CONTINUOUS
10
5.7797920866141732
20
-5.857714330708661
11
5.7740793700787396
21
-5.8618648818897636
0
LINE
8
BLACK
6
CONTINUOUS
10
5.7740793700787396
20
-5.8618648818897636
11
5.7677876771653542
21
-5.8650706299212594
0
LINE
8
BLACK
6
CONTINUOUS
10
5.7677876771653542
20
-5.8650706299212594
11
5.7613937007874014
21
-5.8671481496062992
0
LINE
8
BLACK
6
CONTINUOUS
10
5.7613937007874014
20
-5.8671481496062992
11
5.7613937007874014
21
-5.882651102362205
0
LINE
8
BLACK
6
CONTINUOUS
10
5.7613937007874014
20
-5.882651102362205
11
5.8954118897637793
21
-6.0166692913385829
0
LINE
8
BLACK
6
CONTINUOUS
10
5.8954118897637793
20
-6.0166692913385829
11
6.1180823622047242
21
-6.0166692913385829
0
LINE
8
BLACK
6
CONTINUOUS
10
6.1180823622047242
20
-6.0166692913385829
11
6.1397401574803148
21
-5.9950114566929136
0
LINE
8
BLACK
6
CONTINUOUS
10
6.1397401574803148
20
-5.9950114566929136
11
6.1397401574803148
21
-5.9942127559055116
0
LINE
8
BLACK
6
CONTINUOUS
10
6.1397401574803148
20
-5.9942127559055116
11
6.1340680314960627
21
-5.9918633070866143
0
LINE
8
BLACK
6
CONTINUOUS
10
6.1340680314960627
20
-5.9918633070866143
11
6.1283631496062991
21
-5.9880514173228345
0
LINE
8
BLACK
6
CONTINUOUS
10
6.1283631496062991
20
-5.9880514173228345
11
6.1235115748031497
21
-5.9831998425196851
0
LINE
8
BLACK
6
CONTINUOUS
10
6.1235115748031497
20
-5.9831998425196851
11
6.1196996850393699
21
-5.9774949606299215
0
LINE
8
BLACK
6
CONTINUOUS
10
6.1196996850393699
20
-5.9774949606299215
11
6.117074015748031
21
-5.9711560236220471
0
LINE
8
BLACK
6
CONTINUOUS
10
6.117074015748031
20
-5.9711560236220471
11
6.115735472440945
21
-5.964426653543307
0
LINE
8
BLACK
6
CONTINUOUS
10
6.115735472440945
20
-5.964426653543307
11
6.115735472440945
21
-5.9575654724409448
0
LINE
8
BLACK
6
CONTINUOUS
10
6.115735472440945
20
-5.9575654724409448
11
6.117074015748031
21
-5.9508361023622047
0
LINE
8
BLACK
6
CONTINUOUS
10
6.117074015748031
20
-5.9508361023622047
11
6.1196996850393699
21
-5.9444971653543304
0
LINE
8
BLACK
6
CONTINUOUS
10
6.1196996850393699
20
-5.9444971653543304
11
6.1235115748031497
21
-5.9387922834645668
0
LINE
8
BLACK
6
CONTINUOUS
10
6.1235115748031497
20
-5.9387922834645668
11
6.1283631496062991
21
-5.9339407086614173
0
LINE
8
BLACK
6
CONTINUOUS
10
6.1283631496062991
20
-5.9339407086614173
11
6.1340680314960627
21
-5.9301288188976375
0
LINE
8
BLACK
6
CONTINUOUS
10
6.1340680314960627
20
-5.9301288188976375
11
6.1404069685039371
21
-5.9275031496062986
0
LINE
8
BLACK
6
CONTINUOUS
10
6.1404069685039371
20
-5.9275031496062986
11
6.1471363385826772
21
-5.9261646062992126
0
LINE
8
BLACK
6
CONTINUOUS
10
6.1471363385826772
20
-5.9261646062992126
11
6.1539975196850394
21
-5.9261646062992126
0
LINE
8
BLACK
6
CONTINUOUS
10
6.1539975196850394
20
-5.9261646062992126
11
6.1607268897637795
21
-5.9275031496062986
0
LINE
8
BLACK
6
CONTINUOUS
10
6.1607268897637795
20
-5.9275031496062986
11
6.1670658267716538
21
-5.9301288188976375
0
LINE
8
BLACK
6
CONTINUOUS
10
6.1670658267716538
20
-5.9301288188976375
11
6.1727707086614174
21
-5.9339407086614173
0
LINE
8
BLACK
6
CONTINUOUS
10
6.1727707086614174
20
-5.9339407086614173
11
6.1776222834645669
21
-5.9387922834645668
0
LINE
8
BLACK
6
CONTINUOUS
10
6.1776222834645669
20
-5.9387922834645668
11
6.1814341732283467
21
-5.9444971653543304
0
LINE
8
BLACK
6
CONTINUOUS
10
6.1814341732283467
20
-5.9444971653543304
11
6.1840598425196847
21
-5.9508361023622047
0
LINE
8
BLACK
6
CONTINUOUS
10
6.1840598425196847
20
-5.9508361023622047
11
6.1844244881889763
21
-5.9526692913385828
0
LINE
8
BLACK
6
CONTINUOUS
10
6.1844244881889763
20
-5.9526692913385828
11
6.2060823622047243
21
-5.9526692913385828
0
LINE
8
BLACK
6
CONTINUOUS
10
6.2060823622047243
20
-5.9526692913385828
11
6.3120445275590553
21
-5.846707086614173
0
LINE
8
BLACK
6
CONTINUOUS
10
6.3120445275590553
20
-5.846707086614173
11
6.3089923622047239
21
-5.8407168110236221
0
LINE
8
BLACK
6
CONTINUOUS
10
6.3089923622047239
20
-5.8407168110236221
11
6.3068102755905509
21
-5.8340011023622047
0
LINE
8
BLACK
6
CONTINUOUS
10
6.3068102755905509
20
-5.8340011023622047
11
6.3057056299212597
21
-5.8270267322834641
0
LINE
8
BLACK
6
CONTINUOUS
10
6.3057056299212597
20
-5.8270267322834641
11
6.3057056299212597
21
-5.8199653937007874
0
LINE
8
BLACK
6
CONTINUOUS
10
6.3057056299212597
20
-5.8199653937007874
11
6.3068102755905509
21
-5.8129910236220468
0
LINE
8
BLACK
6
CONTINUOUS
10
6.3068102755905509
20
-5.8129910236220468
11
6.3089923622047239
21
-5.8062753149606294
0
LINE
8
BLACK
6
CONTINUOUS
10
6.3089923622047239
20
-5.8062753149606294
11
6.3121981102362206
21
-5.799983622047244
0
LINE
8
BLACK
6
CONTINUOUS
10
6.3121981102362206
20
-5.799983622047244
11
6.3163486614173223
21
-5.7942709055118105
0
LINE
8
BLACK
6
CONTINUOUS
10
6.3163486614173223
20
-5.7942709055118105
11
6.3213417716535432
21
-5.7892777952755905
0
LINE
8
BLACK
6
CONTINUOUS
10
6.3213417716535432
20
-5.7892777952755905
11
6.3270544881889759
21
-5.7851272440944879
0
LINE
8
BLACK
6
CONTINUOUS
10
6.3270544881889759
20
-5.7851272440944879
11
6.3333461811023621
21
-5.7819214960629921
0
LINE
8
BLACK
6
CONTINUOUS
10
6.3333461811023621
20
-5.7819214960629921
11
6.3397401574803149
21
-5.7798439370078736
0
LINE
8
BLACK
6
CONTINUOUS
10
6.3397401574803149
20
-5.7798439370078736
11
6.3397401574803149
21
-5.5541635039370076
0
LINE
8
BLACK
6
CONTINUOUS
10
6.3397401574803149
20
-5.5541635039370076
11
6.3396549606299208
21
-5.5540159448818898
0
LINE
8
BLACK
6
CONTINUOUS
10
6.3396549606299208
20
-5.5540159448818898
11
6.3388569685039364
21
-5.5510377165354328
0
LINE
8
BLACK
6
CONTINUOUS
10
6.3388569685039364
20
-5.5510377165354328
11
6.3388569685039364
21
-5.5479544094488187
0
LINE
8
BLACK
6
CONTINUOUS
10
6.3388569685039364
20
-5.5479544094488187
11
6.3396549606299208
21
-5.5449761811023617
0
LINE
8
BLACK
6
CONTINUOUS
10
6.3396549606299208
20
-5.5449761811023617
11
6.3397401574803149
21
-5.5448285826771651
0
LINE
8
BLACK
6
CONTINUOUS
10
6.3397401574803149
20
-5.5448285826771651
11
6.3397401574803149
21
-5.3421481496062988
0
LINE
8
BLACK
6
CONTINUOUS
10
6.3397401574803149
20
-5.3421481496062988
11
6.3333461811023621
21
-5.3400706299212599
0
LINE
8
BLACK
6
CONTINUOUS
10
6.3333461811023621
20
-5.3400706299212599
11
6.3273558661417324
21
-5.3370184251968507
0
LINE
8
BLACK
6
CONTINUOUS
10
6.3273558661417324
20
-5.3370184251968507
11
6.3132225984251971
21
-5.3511517322834647
0
LINE
8
BLACK
6
CONTINUOUS
10
6.3132225984251971
20
-5.3511517322834647
11
6.3115819685039369
21
-5.3524981889763774
0
LINE
8
BLACK
6
CONTINUOUS
10
6.3115819685039369
20
-5.3524981889763774
11
6.3076791338582678
21
-5.3541148031496064
0
LINE
8
BLACK
6
CONTINUOUS
10
6.3076791338582678
20
-5.3541148031496064
11
6.3055669291338585
21
-5.3543228346456688
0
LINE
8
BLACK
6
CONTINUOUS
10
6.3055669291338585
20
-5.3543228346456688
11
6.0080669291338582
21
-5.3543228346456688
0
LINE
8
BLACK
6
CONTINUOUS
10
6.0080669291338582
20
-5.3543228346456688
11
6.0059547244094489
21
-5.3541148031496064
0
LINE
8
BLACK
6
CONTINUOUS
10
6.0059547244094489
20
-5.3541148031496064
11
6.0043381496062986
21
-5.3534451574803148
0
LINE
8
BLACK
6
CONTINUOUS
10
6.0043381496062986
20
-5.3534451574803148
11
6.0020519291338585
21
-5.3524982283464562
0
LINE
8
BLACK
6
CONTINUOUS
10
6.0020519291338585
20
-5.3524982283464562
11
6.0004112598425197
21
-5.3511517716535435
0
LINE
8
BLACK
6
CONTINUOUS
10
6.0004112598425197
20
-5.3511517716535435
11
5.941399015748031
21
-5.2921394881889761
0
LINE
8
BLACK
6
CONTINUOUS
10
5.941399015748031
20
-5.2921394881889761
11
5.9357268897637798
21
-5.294488976377953
0
LINE
8
BLACK
6
CONTINUOUS
10
5.9357268897637798
20
-5.294488976377953
11
5.9289975196850389
21
-5.2958275196850391
0
LINE
8
BLACK
6
CONTINUOUS
10
5.9289975196850389
20
-5.2958275196850391
11
5.9221363385826766
21
-5.2958275196850391
0
LINE
8
BLACK
6
CONTINUOUS
10
5.9221363385826766
20
-5.2958275196850391
11
5.9154069685039365
21
-5.294488976377953
0
LINE
8
BLACK
6
CONTINUOUS
10
5.9154069685039365
20
-5.294488976377953
11
5.9090680314960631
21
-5.2918633070866141
0
LINE
8
BLACK
6
CONTINUOUS
10
5.9090680314960631
20
-5.2918633070866141
11
5.9033631496062995
21
-5.2880514173228343
0
LINE
8
BLACK
6
CONTINUOUS
10
5.9033631496062995
20
-5.2880514173228343
11
5.8985115748031491
21
-5.2831998425196849
0
LINE
8
BLACK
6
CONTINUOUS
10
5.8985115748031491
20
-5.2831998425196849
11
5.8946996850393703
21
-5.2774949606299213
0
LINE
8
BLACK
6
CONTINUOUS
10
5.8946996850393703
20
-5.2774949606299213
11
5.8920740157480314
21
-5.2711560236220469
0
LINE
8
BLACK
6
CONTINUOUS
10
5.8920740157480314
20
-5.2711560236220469
11
5.8907354724409444
21
-5.2644266535433069
0
LINE
8
BLACK
6
CONTINUOUS
10
5.8907354724409444
20
-5.2644266535433069
11
5.8907354724409444
21
-5.2575654724409446
0
LINE
8
BLACK
6
CONTINUOUS
10
5.8907354724409444
20
-5.2575654724409446
11
5.8920740157480314
21
-5.2508361023622045
0
LINE
8
BLACK
6
CONTINUOUS
10
5.8920740157480314
20
-5.2508361023622045
11
5.8946996850393703
21
-5.2444971653543302
0
LINE
8
BLACK
6
CONTINUOUS
10
5.8946996850393703
20
-5.2444971653543302
11
5.8985115748031491
21
-5.2387922834645666
0
LINE
8
BLACK
6
CONTINUOUS
10
5.8985115748031491
20
-5.2387922834645666
11
5.9033631496062995
21
-5.2339407086614171
0
LINE
8
BLACK
6
CONTINUOUS
10
5.9033631496062995
20
-5.2339407086614171
11
5.9090680314960631
21
-5.2301288188976374
0
LINE
8
BLACK
6
CONTINUOUS
10
5.9090680314960631
20
-5.2301288188976374
11
5.9154069685039365
21
-5.2275031496062994
0
LINE
8
BLACK
6
CONTINUOUS
10
5.9154069685039365
20
-5.2275031496062994
11
5.9221363385826766
21
-5.2261646062992124
0
LINE
8
BLACK
6
CONTINUOUS
10
5.9221363385826766
20
-5.2261646062992124
11
5.9289975196850389
21
-5.2261646062992124
0
LINE
8
BLACK
6
CONTINUOUS
10
5.9289975196850389
20
-5.2261646062992124
11
5.9357268897637798
21
-5.2275031496062994
0
LINE
8
BLACK
6
CONTINUOUS
10
6.2865198818897641
20
-4.5250880314960629
11
6.2891900787401571
21
-4.5266296850393699
0
LINE
8
BLACK
6
CONTINUOUS
10
6.2891900787401571
20
-4.5266296850393699
11
6.2913703149606297
21
-4.5288099212598425
0
LINE
8
BLACK
6
CONTINUOUS
10
6.2913703149606297
20
-4.5288099212598425
11
6.2929119685039367
21
-4.5314801181102364
0
LINE
8
BLACK
6
CONTINUOUS
10
6.2929119685039367
20
-4.5314801181102364
11
6.2937099606299212
21
-4.5344583464566925
0
LINE
8
BLACK
6
CONTINUOUS
10
6.2937099606299212
20
-4.5344583464566925
11
6.2937099606299212
21
-4.5375416535433066
0
LINE
8
BLACK
6
CONTINUOUS
10
6.2937099606299212
20
-4.5375416535433066
11
6.2929119685039367
21
-4.5405198818897636
0
LINE
8
BLACK
6
CONTINUOUS
10
6.2929119685039367
20
-4.5405198818897636
11
6.2913703149606297
21
-4.5431900787401576
0
LINE
8
BLACK
6
CONTINUOUS
10
6.2913703149606297
20
-4.5431900787401576
11
6.2891900787401571
21
-4.5453703149606302
0
LINE
8
BLACK
6
CONTINUOUS
10
6.2891900787401571
20
-4.5453703149606302
11
6.2865198818897641
21
-4.5469119685039372
0
LINE
8
BLACK
6
CONTINUOUS
10
6.2865198818897641
20
-4.5469119685039372
11
6.2835416535433071
21
-4.5477099606299207
0
LINE
8
BLACK
6
CONTINUOUS
10
6.2835416535433071
20
-4.5477099606299207
11
6.280458346456693
21
-4.5477099606299207
0
LINE
8
BLACK
6
CONTINUOUS
10
6.280458346456693
20
-4.5477099606299207
11
6.277480118110236
21
-4.5469119685039372
0
LINE
8
BLACK
6
CONTINUOUS
10
6.277480118110236
20
-4.5469119685039372
11
6.2773325590551181
21
-4.5468267716535431
0
LINE
8
BLACK
6
CONTINUOUS
10
6.2773325590551181
20
-4.5468267716535431
11
6.2501255118110235
21
-4.5468267716535431
0
LINE
8
BLACK
6
CONTINUOUS
10
6.2501255118110235
20
-4.5468267716535431
11
6.005354330708661
21
-4.7915979527559056
0
LINE
8
BLACK
6
CONTINUOUS
10
6.005354330708661
20
-4.7915979527559056
11
6.005354330708661
21
-4.8758825984251963
0
LINE
8
BLACK
6
CONTINUOUS
10
6.005354330708661
20
-4.8758825984251963
11
6.0054148425196852
21
-4.8758946456692911
0
LINE
8
BLACK
6
CONTINUOUS
10
6.0054148425196852
20
-4.8758946456692911
11
6.0079693307086615
21
-4.8776015354330706
0
LINE
8
BLACK
6
CONTINUOUS
10
6.0079693307086615
20
-4.8776015354330706
11
6.009676220472441
21
-4.8801560236220469
0
LINE
8
BLACK
6
CONTINUOUS
10
6.009676220472441
20
-4.8801560236220469
11
6.0102755905511813
21
-4.8831692913385822
0
LINE
8
BLACK
6
CONTINUOUS
10
6.0102755905511813
20
-4.8831692913385822
11
6.0102755905511813
21
-4.9048228346456693
0
LINE
8
BLACK
6
CONTINUOUS
10
6.0102755905511813
20
-4.9048228346456693
11
6.009676220472441
21
-4.9078361023622046
0
LINE
8
BLACK
6
CONTINUOUS
10
6.009676220472441
20
-4.9078361023622046
11
6.0079693307086615
21
-4.9103905905511809
0
LINE
8
BLACK
6
CONTINUOUS
10
6.0079693307086615
20
-4.9103905905511809
11
6.0054148425196852
21
-4.9120974803149604
0
LINE
8
BLACK
6
CONTINUOUS
10
6.0054148425196852
20
-4.9120974803149604
11
6.005354330708661
21
-4.9121094881889764
0
LINE
8
BLACK
6
CONTINUOUS
10
6.005354330708661
20
-4.9121094881889764
11
6.005354330708661
21
-5.1016032283464563
0
LINE
8
BLACK
6
CONTINUOUS
10
6.005354330708661
20
-5.1016032283464563
11
6.0051462992125986
21
-5.1037153937007869
0
LINE
8
BLACK
6
CONTINUOUS
10
6.0051462992125986
20
-5.1037153937007869
11
6.0035297244094483
21
-5.1076182283464568
0
LINE
8
BLACK
6
CONTINUOUS
10
6.0035297244094483
20
-5.1076182283464568
11
6.0021832677165357
21
-5.1092588976377948
0
LINE
8
BLACK
6
CONTINUOUS
10
6.0021832677165357
20
-5.1092588976377948
11
5.8863722047244096
21
-5.2250699212598422
0
LINE
8
BLACK
6
CONTINUOUS
10
5.8863722047244096
20
-5.2250699212598422
11
5.885994094488189
21
-5.2253801968503932
0
LINE
8
BLACK
6
CONTINUOUS
10
5.885994094488189
20
-5.2253801968503932
11
5.8753937007874013
21
-5.2359806299212597
0
LINE
8
BLACK
6
CONTINUOUS
10
5.8753937007874013
20
-5.2359806299212597
11
5.8753937007874013
21
-5.2554960629921261
0
LINE
8
BLACK
6
CONTINUOUS
10
5.8753937007874013
20
-5.2554960629921261
11
5.875185669291338
21
-5.2576082677165354
0
LINE
8
BLACK
6
CONTINUOUS
10
5.875185669291338
20
-5.2576082677165354
11
5.8735690551181099
21
-5.2615111023622045
0
LINE
8
BLACK
6
CONTINUOUS
10
5.8735690551181099
20
-5.2615111023622045
11
5.8722225984251963
21
-5.2631517716535434
0
LINE
8
BLACK
6
CONTINUOUS
10
5.8722225984251963
20
-5.2631517716535434
11
5.8633937007874017
21
-5.2719806299212602
0
LINE
8
BLACK
6
CONTINUOUS
10
5.8633937007874017
20
-5.2719806299212602
11
5.8633937007874017
21
-5.308493503937008
0
LINE
8
BLACK
6
CONTINUOUS
10
5.8633937007874017
20
-5.308493503937008
11
5.8631856692913384
21
-5.3106057086614173
0
LINE
8
BLACK
6
CONTINUOUS
10
5.8631856692913384
20
-5.3106057086614173
11
5.8615690551181103
21
-5.3145085433070864
0
LINE
8
BLACK
6
CONTINUOUS
10
5.8615690551181103
20
-5.3145085433070864
11
5.8602225984251968
21
-5.3161491732283466
0
LINE
8
BLACK
6
CONTINUOUS
10
5.8602225984251968
20
-5.3161491732283466
11
5.7077200393700789
21
-5.4686517322834645
0
LINE
8
BLACK
6
CONTINUOUS
10
5.7077200393700789
20
-5.4686517322834645
11
5.7060794094488188
21
-5.469998188976378
0
LINE
8
BLACK
6
CONTINUOUS
10
5.7060794094488188
20
-5.469998188976378
11
5.7021765748031497
21
-5.4716148031496061
0
LINE
8
BLACK
6
CONTINUOUS
10
5.7021765748031497
20
-5.4716148031496061
11
5.7000643700787403
21
-5.4718228346456694
0
LINE
8
BLACK
6
CONTINUOUS
10
5.7000643700787403
20
-5.4718228346456694
11
5.683783622047244
21
-5.4718228346456694
0
LINE
8
BLACK
6
CONTINUOUS
10
5.683783622047244
20
-5.4718228346456694
11
5.6817103543307086
21
-5.4768281496062992
0
LINE
8
BLACK
6
CONTINUOUS
10
5.6817103543307086
20
-5.4768281496062992
11
5.9582225984251966
21
-5.7533403543307085
0
LINE
8
BLACK
6
CONTINUOUS
10
5.9582225984251966
20
-5.7533403543307085
11
5.9595690551181102
21
-5.7549810236220473
0
LINE
8
BLACK
6
CONTINUOUS
10
5.9595690551181102
20
-5.7549810236220473
11
5.9611856692913383
21
-5.7588838582677164
0
LINE
8
BLACK
6
CONTINUOUS
10
5.9611856692913383
20
-5.7588838582677164
11
5.9613937007874016
21
-5.7609960629921257
0
LINE
8
BLACK
6
CONTINUOUS
10
5.9613937007874016
20
-5.7609960629921257
11
5.9613937007874016
21
-5.9277793307086615
0
LINE
8
BLACK
6
CONTINUOUS
10
5.9613937007874016
20
-5.9277793307086615
11
5.9670658267716536
21
-5.9301288188976375
0
LINE
8
BLACK
6
CONTINUOUS
10
5.9670658267716536
20
-5.9301288188976375
11
5.9727707086614172
21
-5.9339407086614173
0
LINE
8
BLACK
6
CONTINUOUS
10
5.9727707086614172
20
-5.9339407086614173
11
5.9776222834645667
21
-5.9387922834645668
0
LINE
8
BLACK
6
CONTINUOUS
10
5.9776222834645667
20
-5.9387922834645668
11
5.9814341732283465
21
-5.9444971653543304
0
LINE
8
BLACK
6
CONTINUOUS
10
5.9814341732283465
20
-5.9444971653543304
11
5.9840598425196845
21
-5.9508361023622047
0
LINE
8
BLACK
6
CONTINUOUS
10
5.9840598425196845
20
-5.9508361023622047
11
5.9853983858267714
21
-5.9575654724409448
0
LINE
8
BLACK
6
CONTINUOUS
10
5.9853983858267714
20
-5.9575654724409448
11
5.9853983858267714
21
-5.964426653543307
0
LINE
8
BLACK
6
CONTINUOUS
10
5.9853983858267714
20
-5.964426653543307
11
5.9840598425196845
21
-5.9711560236220471
0
LINE
8
BLACK
6
CONTINUOUS
10
5.9840598425196845
20
-5.9711560236220471
11
5.9814341732283465
21
-5.9774949606299215
0
LINE
8
BLACK
6
CONTINUOUS
10
5.9814341732283465
20
-5.9774949606299215
11
5.9776222834645667
21
-5.9831998425196851
0
LINE
8
BLACK
6
CONTINUOUS
10
5.9776222834645667
20
-5.9831998425196851
11
5.9727707086614172
21
-5.9880514173228345
0
LINE
8
BLACK
6
CONTINUOUS
10
5.9727707086614172
20
-5.9880514173228345
11
5.9670658267716536
21
-5.9918633070866143
0
LINE
8
BLACK
6
CONTINUOUS
10
5.9670658267716536
20
-5.9918633070866143
11
5.9607268897637793
21
-5.9944889763779523
0
LINE
8
BLACK
6
CONTINUOUS
10
5.9607268897637793
20
-5.9944889763779523
11
5.9539975196850392
21
-5.9958275196850392
0
LINE
8
BLACK
6
CONTINUOUS
10
5.9539975196850392
20
-5.9958275196850392
11
5.947136338582677
21
-5.9958275196850392
0
LINE
8
BLACK
6
CONTINUOUS
10
5.947136338582677
20
-5.9958275196850392
11
5.9404069685039369
21
-5.9944889763779523
0
LINE
8
BLACK
6
CONTINUOUS
10
5.9404069685039369
20
-5.9944889763779523
11
5.9340680314960625
21
-5.9918633070866143
0
LINE
8
BLACK
6
CONTINUOUS
10
5.9340680314960625
20
-5.9918633070866143
11
5.928363149606299
21
-5.9880514173228345
0
LINE
8
BLACK
6
CONTINUOUS
10
5.928363149606299
20
-5.9880514173228345
11
5.9235115748031495
21
-5.9831998425196851
0
LINE
8
BLACK
6
CONTINUOUS
10
5.9235115748031495
20
-5.9831998425196851
11
5.9196996850393697
21
-5.9774949606299215
0
LINE
8
BLACK
6
CONTINUOUS
10
5.9196996850393697
20
-5.9774949606299215
11
5.9170740157480317
21
-5.9711560236220471
0
LINE
8
BLACK
6
CONTINUOUS
10
5.9170740157480317
20
-5.9711560236220471
11
5.9157354724409448
21
-5.964426653543307
0
LINE
8
BLACK
6
CONTINUOUS
10
5.9157354724409448
20
-5.964426653543307
11
5.9157354724409448
21
-5.9575654724409448
0
LINE
8
BLACK
6
CONTINUOUS
10
5.9157354724409448
20
-5.9575654724409448
11
5.9170740157480317
21
-5.9508361023622047
0
LINE
8
BLACK
6
CONTINUOUS
10
5.9170740157480317
20
-5.9508361023622047
11
5.9196996850393697
21
-5.9444971653543304
0
LINE
8
BLACK
6
CONTINUOUS
10
5.9196996850393697
20
-5.9444971653543304
11
5.9235115748031495
21
-5.9387922834645668
0
LINE
8
BLACK
6
CONTINUOUS
10
5.9235115748031495
20
-5.9387922834645668
11
5.928363149606299
21
-5.9339407086614173
0
LINE
8
BLACK
6
CONTINUOUS
10
5.928363149606299
20
-5.9339407086614173
11
5.9340680314960625
21
-5.9301288188976375
0
LINE
8
BLACK
6
CONTINUOUS
10
5.9340680314960625
20
-5.9301288188976375
11
5.9397401574803146
21
-5.9277793307086615
0
LINE
8
BLACK
6
CONTINUOUS
10
5.9397401574803146
20
-5.9277793307086615
11
5.9397401574803146
21
-5.7654806299212593
0
LINE
8
BLACK
6
CONTINUOUS
10
5.9397401574803146
20
-5.7654806299212593
11
5.6663990157480315
21
-5.4921394881889762
0
LINE
8
BLACK
6
CONTINUOUS
10
5.6663990157480315
20
-5.4921394881889762
11
5.6607268897637795
21
-5.4944889763779523
0
LINE
8
BLACK
6
CONTINUOUS
10
5.6607268897637795
20
-5.4944889763779523
11
5.6539975196850394
21
-5.4958275196850392
0
LINE
8
BLACK
6
CONTINUOUS
10
5.6539975196850394
20
-5.4958275196850392
11
5.6471363385826772
21
-5.4958275196850392
0
LINE
8
BLACK
6
CONTINUOUS
10
5.6471363385826772
20
-5.4958275196850392
11
5.6404069685039371
21
-5.4944889763779523
0
LINE
8
BLACK
6
CONTINUOUS
10
5.6404069685039371
20
-5.4944889763779523
11
5.6340680314960627
21
-5.4918633070866143
0
LINE
8
BLACK
6
CONTINUOUS
10
5.6340680314960627
20
-5.4918633070866143
11
5.6283631496062991
21
-5.4880514173228345
0
LINE
8
BLACK
6
CONTINUOUS
10
5.6283631496062991
20
-5.4880514173228345
11
5.6235115748031497
21
-5.4831998425196851
0
LINE
8
BLACK
6
CONTINUOUS
10
5.6235115748031497
20
-5.4831998425196851
11
5.6196996850393699
21
-5.4774949606299215
0
LINE
8
BLACK
6
CONTINUOUS
10
5.6196996850393699
20
-5.4774949606299215
11
5.617074015748031
21
-5.4711560236220471
0
LINE
8
BLACK
6
CONTINUOUS
10
5.617074015748031
20
-5.4711560236220471
11
5.615735472440945
21
-5.464426653543307
0
LINE
8
BLACK
6
CONTINUOUS
10
5.615735472440945
20
-5.464426653543307
11
5.615735472440945
21
-5.4575654724409448
0
LINE
8
BLACK
6
CONTINUOUS
10
5.615735472440945
20
-5.4575654724409448
11
5.617074015748031
21
-5.4508361023622047
0
LINE
8
BLACK
6
CONTINUOUS
10
5.617074015748031
20
-5.4508361023622047
11
5.6196996850393699
21
-5.4444971653543304
0
LINE
8
BLACK
6
CONTINUOUS
10
5.6196996850393699
20
-5.4444971653543304
11
5.6235115748031497
21
-5.4387922834645668
0
LINE
8
BLACK
6
CONTINUOUS
10
5.6235115748031497
20
-5.4387922834645668
11
5.6283631496062991
21
-5.4339407086614173
0
LINE
8
BLACK
6
CONTINUOUS
10
5.6283631496062991
20
-5.4339407086614173
11
5.6340680314960627
21
-5.4301288188976375
0
LINE
8
BLACK
6
CONTINUOUS
10
5.6340680314960627
20
-5.4301288188976375
11
5.6404069685039371
21
-5.4275031496062986
0
LINE
8
BLACK
6
CONTINUOUS
10
5.6404069685039371
20
-5.4275031496062986
11
5.6471363385826772
21
-5.4261646062992126
0
LINE
8
BLACK
6
CONTINUOUS
10
5.6471363385826772
20
-5.4261646062992126
11
5.6539975196850394
21
-5.4261646062992126
0
LINE
8
BLACK
6
CONTINUOUS
10
5.6539975196850394
20
-5.4261646062992126
11
5.6607268897637795
21
-5.4275031496062986
0
LINE
8
BLACK
6
CONTINUOUS
10
5.6607268897637795
20
-5.4275031496062986
11
5.6670658267716538
21
-5.4301288188976375
0
LINE
8
BLACK
6
CONTINUOUS
10
5.6670658267716538
20
-5.4301288188976375
11
5.6727707086614174
21
-5.4339407086614173
0
LINE
8
BLACK
6
CONTINUOUS
10
5.6727707086614174
20
-5.4339407086614173
11
5.6776222834645669
21
-5.4387922834645668
0
LINE
8
BLACK
6
CONTINUOUS
10
5.6776222834645669
20
-5.4387922834645668
11
5.6814341732283467
21
-5.4444971653543304
0
LINE
8
BLACK
6
CONTINUOUS
10
5.6814341732283467
20
-5.4444971653543304
11
5.683783622047244
21
-5.4501692913385824
0
LINE
8
BLACK
6
CONTINUOUS
10
5.683783622047244
20
-5.4501692913385824
11
5.6955798031496059
21
-5.4501692913385824
0
LINE
8
BLACK
6
CONTINUOUS
10
5.6955798031496059
20
-5.4501692913385824
11
5.8417401574803147
21
-5.3040089370078736
0
LINE
8
BLACK
6
CONTINUOUS
10
5.8417401574803147
20
-5.3040089370078736
11
5.8417401574803147
21
-5.2674960629921257
0
LINE
8
BLACK
6
CONTINUOUS
10
5.8417401574803147
20
-5.2674960629921257
11
5.841948188976378
21
-5.2653838582677164
0
LINE
8
BLACK
6
CONTINUOUS
10
5.841948188976378
20
-5.2653838582677164
11
5.8435648031496061
21
-5.2614810236220473
0
LINE
8
BLACK
6
CONTINUOUS
10
5.8435648031496061
20
-5.2614810236220473
11
5.8449112598425197
21
-5.2598403937007872
0
LINE
8
BLACK
6
CONTINUOUS
10
5.8449112598425197
20
-5.2598403937007872
11
5.8537401574803152
21
-5.2510114566929129
0
LINE
8
BLACK
6
CONTINUOUS
10
5.8537401574803152
20
-5.2510114566929129
11
5.8537401574803152
21
-5.2314960629921261
0
LINE
8
BLACK
6
CONTINUOUS
10
5.8537401574803152
20
-5.2314960629921261
11
5.8539481889763776
21
-5.2293838582677168
0
LINE
8
BLACK
6
CONTINUOUS
10
5.8539481889763776
20
-5.2293838582677168
11
5.8555648031496066
21
-5.2254810236220468
0
LINE
8
BLACK
6
CONTINUOUS
10
5.8555648031496066
20
-5.2254810236220468
11
5.8569112598425193
21
-5.2238403937007876
0
LINE
8
BLACK
6
CONTINUOUS
10
5.8569112598425193
20
-5.2238403937007876
11
5.8709930708661417
21
-5.2097585826771651
0
LINE
8
BLACK
6
CONTINUOUS
10
5.8709930708661417
20
-5.2097585826771651
11
5.8713711417322836
21
-5.2094482677165352
0
LINE
8
BLACK
6
CONTINUOUS
10
5.8713711417322836
20
-5.2094482677165352
11
5.9837007874015748
21
-5.097118622047244
0
LINE
8
BLACK
6
CONTINUOUS
10
5.9837007874015748
20
-5.097118622047244
11
5.9837007874015748
21
-4.9121094881889764
0
LINE
8
BLACK
6
CONTINUOUS
10
5.9837007874015748
20
-4.9121094881889764
11
5.9836402755905507
21
-4.9120974803149604
0
LINE
8
BLACK
6
CONTINUOUS
10
5.9836402755905507
20
-4.9120974803149604
11
5.9810857874015744
21
-4.9103905905511809
0
LINE
8
BLACK
6
CONTINUOUS
10
5.9810857874015744
20
-4.9103905905511809
11
5.9793788976377948
21
-4.9078361023622046
0
LINE
8
BLACK
6
CONTINUOUS
10
5.9793788976377948
20
-4.9078361023622046
11
5.9787795275590554
21
-4.9048228346456693
0
LINE
8
BLACK
6
CONTINUOUS
10
5.9787795275590554
20
-4.9048228346456693
11
5.9787795275590554
21
-4.8831692913385822
0
LINE
8
BLACK
6
CONTINUOUS
10
5.9787795275590554
20
-4.8831692913385822
11
5.9793788976377948
21
-4.8801560236220469
0
LINE
8
BLACK
6
CONTINUOUS
10
5.9793788976377948
20
-4.8801560236220469
11
5.9810857874015744
21
-4.8776015354330706
0
LINE
8
BLACK
6
CONTINUOUS
10
5.9810857874015744
20
-4.8776015354330706
11
5.9836402755905507
21
-4.8758946456692911
0
LINE
8
BLACK
6
CONTINUOUS
10
5.9836402755905507
20
-4.8758946456692911
11
5.9837007874015748
21
-4.8758825984251963
0
LINE
8
BLACK
6
CONTINUOUS
10
5.9837007874015748
20
-4.8758825984251963
11
5.9837007874015748
21
-4.7871133858267712
0
LINE
8
BLACK
6
CONTINUOUS
10
5.9837007874015748
20
-4.7871133858267712
11
5.9839088188976373
21
-4.7850011811023618
0
LINE
8
BLACK
6
CONTINUOUS
10
5.9839088188976373
20
-4.7850011811023618
11
5.9855254330708663
21
-4.7810983464566927
0
LINE
8
BLACK
6
CONTINUOUS
10
5.9855254330708663
20
-4.7810983464566927
11
5.9868718897637798
21
-4.7794577165354326
0
LINE
8
BLACK
6
CONTINUOUS
10
5.9868718897637798
20
-4.7794577165354326
11
6.2379852755905514
21
-4.528344330708661
0
LINE
8
BLACK
6
CONTINUOUS
10
6.2379852755905514
20
-4.528344330708661
11
6.2396259055118106
21
-4.5269978740157475
0
LINE
8
BLACK
6
CONTINUOUS
10
6.2396259055118106
20
-4.5269978740157475
11
6.2435287401574806
21
-4.5253812598425194
0
LINE
8
BLACK
6
CONTINUOUS
10
6.2435287401574806
20
-4.5253812598425194
11
6.2456409448818899
21
-4.525173228346457
0
LINE
8
BLACK
6
CONTINUOUS
10
6.2456409448818899
20
-4.525173228346457
11
6.2773325590551181
21
-4.525173228346457
0
LINE
8
BLACK
6
CONTINUOUS
10
6.2773325590551181
20
-4.525173228346457
11
6.277480118110236
21
-4.5250880314960629
0
LINE
8
BLACK
6
CONTINUOUS
10
6.277480118110236
20
-4.5250880314960629
11
6.280458346456693
21
-4.5242900393700785
0
LINE
8
BLACK
6
CONTINUOUS
10
6.280458346456693
20
-4.5242900393700785
11
6.2835416535433071
21
-4.5242900393700785
0
LINE
8
BLACK
6
CONTINUOUS
10
6.2835416535433071
20
-4.5242900393700785
11
6.2865198818897641
21
-4.5250880314960629
0
LINE
8
BLACK
6
CONTINUOUS
10
6.0607268897637798
20
-5.9275031496062986
11
6.0670658267716533
21
-5.9301288188976375
0
LINE
8
BLACK
6
CONTINUOUS
10
6.0670658267716533
20
-5.9301288188976375
11
6.0727707086614169
21
-5.9339407086614173
0
LINE
8
BLACK
6
CONTINUOUS
10
6.0727707086614169
20
-5.9339407086614173
11
6.0776222834645672
21
-5.9387922834645668
0
LINE
8
BLACK
6
CONTINUOUS
10
6.0776222834645672
20
-5.9387922834645668
11
6.0814341732283461
21
-5.9444971653543304
0
LINE
8
BLACK
6
CONTINUOUS
10
6.0814341732283461
20
-5.9444971653543304
11
6.084059842519685
21
-5.9508361023622047
0
LINE
8
BLACK
6
CONTINUOUS
10
6.084059842519685
20
-5.9508361023622047
11
6.0853983858267719
21
-5.9575654724409448
0
LINE
8
BLACK
6
CONTINUOUS
10
6.0853983858267719
20
-5.9575654724409448
11
6.0853983858267719
21
-5.964426653543307
0
LINE
8
BLACK
6
CONTINUOUS
10
6.0853983858267719
20
-5.964426653543307
11
6.084059842519685
21
-5.9711560236220471
0
LINE
8
BLACK
6
CONTINUOUS
10
6.084059842519685
20
-5.9711560236220471
11
6.0814341732283461
21
-5.9774949606299215
0
LINE
8
BLACK
6
CONTINUOUS
10
6.0814341732283461
20
-5.9774949606299215
11
6.0776222834645672
21
-5.9831998425196851
0
LINE
8
BLACK
6
CONTINUOUS
10
6.0776222834645672
20
-5.9831998425196851
11
6.0727707086614169
21
-5.9880514173228345
0
LINE
8
BLACK
6
CONTINUOUS
10
6.0727707086614169
20
-5.9880514173228345
11
6.0670658267716533
21
-5.9918633070866143
0
LINE
8
BLACK
6
CONTINUOUS
10
6.0670658267716533
20
-5.9918633070866143
11
6.0607268897637798
21
-5.9944889763779523
0
LINE
8
BLACK
6
CONTINUOUS
10
6.0607268897637798
20
-5.9944889763779523
11
6.0539975196850389
21
-5.9958275196850392
0
LINE
8
BLACK
6
CONTINUOUS
10
6.0539975196850389
20
-5.9958275196850392
11
6.0471363385826766
21
-5.9958275196850392
0
LINE
8
BLACK
6
CONTINUOUS
10
6.0471363385826766
20
-5.9958275196850392
11
6.0404069685039365
21
-5.9944889763779523
0
LINE
8
BLACK
6
CONTINUOUS
10
6.0404069685039365
20
-5.9944889763779523
11
6.0340680314960631
21
-5.9918633070866143
0
LINE
8
BLACK
6
CONTINUOUS
10
6.0340680314960631
20
-5.9918633070866143
11
6.0283631496062995
21
-5.9880514173228345
0
LINE
8
BLACK
6
CONTINUOUS
10
6.0283631496062995
20
-5.9880514173228345
11
6.0235115748031491
21
-5.9831998425196851
0
LINE
8
BLACK
6
CONTINUOUS
10
6.0235115748031491
20
-5.9831998425196851
11
6.0196996850393703
21
-5.9774949606299215
0
LINE
8
BLACK
6
CONTINUOUS
10
6.0196996850393703
20
-5.9774949606299215
11
6.0170740157480314
21
-5.9711560236220471
0
LINE
8
BLACK
6
CONTINUOUS
10
6.0170740157480314
20
-5.9711560236220471
11
6.0157354724409444
21
-5.964426653543307
0
LINE
8
BLACK
6
CONTINUOUS
10
6.0157354724409444
20
-5.964426653543307
11
6.0157354724409444
21
-5.9575654724409448
0
LINE
8
BLACK
6
CONTINUOUS
10
6.0157354724409444
20
-5.9575654724409448
11
6.0170740157480314
21
-5.9508361023622047
0
LINE
8
BLACK
6
CONTINUOUS
10
6.0170740157480314
20
-5.9508361023622047
11
6.0196996850393703
21
-5.9444971653543304
0
LINE
8
BLACK
6
CONTINUOUS
10
6.0196996850393703
20
-5.9444971653543304
11
6.0235115748031491
21
-5.9387922834645668
0
LINE
8
BLACK
6
CONTINUOUS
10
6.0235115748031491
20
-5.9387922834645668
11
6.0283631496062995
21
-5.9339407086614173
0
LINE
8
BLACK
6
CONTINUOUS
10
6.0283631496062995
20
-5.9339407086614173
11
6.0340680314960631
21
-5.9301288188976375
0
LINE
8
BLACK
6
CONTINUOUS
10
6.0340680314960631
20
-5.9301288188976375
11
6.0404069685039365
21
-5.9275031496062986
0
LINE
8
BLACK
6
CONTINUOUS
10
6.0404069685039365
20
-5.9275031496062986
11
6.0471363385826766
21
-5.9261646062992126
0
LINE
8
BLACK
6
CONTINUOUS
10
6.0471363385826766
20
-5.9261646062992126
11
6.0539975196850389
21
-5.9261646062992126
0
LINE
8
BLACK
6
CONTINUOUS
10
6.0539975196850389
20
-5.9261646062992126
11
6.0607268897637798
21
-5.9275031496062986
0
LINE
8
BLACK
6
CONTINUOUS
10
6.1678188976377948
20
-4.3244094488188978
11
6.1678188976377948
21
-4.5690708661417325
0
LINE
8
BLACK
6
CONTINUOUS
10
6.1678188976377948
20
-4.5690708661417325
11
6.1676108661417324
21
-4.5711830708661418
0
LINE
8
BLACK
6
CONTINUOUS
10
6.1676108661417324
20
-4.5711830708661418
11
6.1659942519685034
21
-4.5750859055118109
0
LINE
8
BLACK
6
CONTINUOUS
10
6.1659942519685034
20
-4.5750859055118109
11
6.1646478346456695
21
-4.5767265354330711
0
LINE
8
BLACK
6
CONTINUOUS
10
6.1646478346456695
20
-4.5767265354330711
11
5.9353564566929133
21
-4.8060178740157475
0
LINE
8
BLACK
6
CONTINUOUS
10
5.9353564566929133
20
-4.8060178740157475
11
5.9337158267716532
21
-4.8073643307086611
0
LINE
8
BLACK
6
CONTINUOUS
10
5.9337158267716532
20
-4.8073643307086611
11
5.9298129921259841
21
-4.8089809448818901
0
LINE
8
BLACK
6
CONTINUOUS
10
5.9298129921259841
20
-4.8089809448818901
11
5.9277007874015748
21
-4.8091889763779525
0
LINE
8
BLACK
6
CONTINUOUS
10
5.9277007874015748
20
-4.8091889763779525
11
5.921877086614173
21
-4.8091889763779525
0
LINE
8
BLACK
6
CONTINUOUS
10
5.921877086614173
20
-4.8091889763779525
11
5.9103228346456689
21
-4.8207432283464566
0
LINE
8
BLACK
6
CONTINUOUS
10
5.9103228346456689
20
-4.8207432283464566
11
5.9103228346456689
21
-4.8265669291338584
0
LINE
8
BLACK
6
CONTINUOUS
10
5.9103228346456689
20
-4.8265669291338584
11
5.9101148031496065
21
-4.8286791338582677
0
LINE
8
BLACK
6
CONTINUOUS
10
5.9101148031496065
20
-4.8286791338582677
11
5.9084981889763775
21
-4.8325819685039368
0
LINE
8
BLACK
6
CONTINUOUS
10
5.9084981889763775
20
-4.8325819685039368
11
5.9071517322834648
21
-4.8342226377952757
0
LINE
8
BLACK
6
CONTINUOUS
10
5.9071517322834648
20
-4.8342226377952757
11
5.5913937007874015
21
-5.1499806299212594
0
LINE
8
BLACK
6
CONTINUOUS
10
5.5913937007874015
20
-5.1499806299212594
11
5.5913937007874015
21
-5.486511456692913
0
LINE
8
BLACK
6
CONTINUOUS
10
5.5913937007874015
20
-5.486511456692913
11
5.634734842519685
21
-5.5298525984251965
0
LINE
8
BLACK
6
CONTINUOUS
10
5.634734842519685
20
-5.5298525984251965
11
5.6404069685039371
21
-5.5275031496062992
0
LINE
8
BLACK
6
CONTINUOUS
10
5.6404069685039371
20
-5.5275031496062992
11
5.6471363385826772
21
-5.5261646062992122
0
LINE
8
BLACK
6
CONTINUOUS
10
5.6471363385826772
20
-5.5261646062992122
11
5.6539975196850394
21
-5.5261646062992122
0
LINE
8
BLACK
6
CONTINUOUS
10
5.6539975196850394
20
-5.5261646062992122
11
5.6607268897637795
21
-5.5275031496062992
0
LINE
8
BLACK
6
CONTINUOUS
10
5.6607268897637795
20
-5.5275031496062992
11
5.6670658267716538
21
-5.5301288188976381
0
LINE
8
BLACK
6
CONTINUOUS
10
5.6670658267716538
20
-5.5301288188976381
11
5.6727707086614174
21
-5.533940708661417
0
LINE
8
BLACK
6
CONTINUOUS
10
5.6727707086614174
20
-5.533940708661417
11
5.6776222834645669
21
-5.5387922834645664
0
LINE
8
BLACK
6
CONTINUOUS
10
5.6776222834645669
20
-5.5387922834645664
11
5.6814341732283467
21
-5.5444971653543309
0
LINE
8
BLACK
6
CONTINUOUS
10
5.6814341732283467
20
-5.5444971653543309
11
5.6840598425196847
21
-5.5508361023622044
0
LINE
8
BLACK
6
CONTINUOUS
10
5.6840598425196847
20
-5.5508361023622044
11
5.6853983858267716
21
-5.5575654724409445
0
LINE
8
BLACK
6
CONTINUOUS
10
5.6853983858267716
20
-5.5575654724409445
11
5.6853983858267716
21
-5.5644266535433067
0
LINE
8
BLACK
6
CONTINUOUS
10
5.6853983858267716
20
-5.5644266535433067
11
5.6840598425196847
21
-5.5711560236220468
0
LINE
8
BLACK
6
CONTINUOUS
10
5.6840598425196847
20
-5.5711560236220468
11
5.6814341732283467
21
-5.5774949606299211
0
LINE
8
BLACK
6
CONTINUOUS
10
5.6814341732283467
20
-5.5774949606299211
11
5.6776222834645669
21
-5.5831998425196847
0
LINE
8
BLACK
6
CONTINUOUS
10
5.6776222834645669
20
-5.5831998425196847
11
5.6727707086614174
21
-5.5880514173228342
0
LINE
8
BLACK
6
CONTINUOUS
10
5.6727707086614174
20
-5.5880514173228342
11
5.6670658267716538
21
-5.5918633070866139
0
LINE
8
BLACK
6
CONTINUOUS
10
5.6670658267716538
20
-5.5918633070866139
11
5.6607268897637795
21
-5.5944889763779528
0
LINE
8
BLACK
6
CONTINUOUS
10
5.6607268897637795
20
-5.5944889763779528
11
5.6539975196850394
21
-5.5958275196850389
0
LINE
8
BLACK
6
CONTINUOUS
10
5.6539975196850394
20
-5.5958275196850389
11
5.6471363385826772
21
-5.5958275196850389
0
LINE
8
BLACK
6
CONTINUOUS
10
5.6471363385826772
20
-5.5958275196850389
11
5.6404069685039371
21
-5.5944889763779528
0
LINE
8
BLACK
6
CONTINUOUS
10
5.6404069685039371
20
-5.5944889763779528
11
5.6340680314960627
21
-5.5918633070866139
0
LINE
8
BLACK
6
CONTINUOUS
10
5.6340680314960627
20
-5.5918633070866139
11
5.6283631496062991
21
-5.5880514173228342
0
LINE
8
BLACK
6
CONTINUOUS
10
5.6283631496062991
20
-5.5880514173228342
11
5.6235115748031497
21
-5.5831998425196847
0
LINE
8
BLACK
6
CONTINUOUS
10
5.6235115748031497
20
-5.5831998425196847
11
5.6196996850393699
21
-5.5774949606299211
0
LINE
8
BLACK
6
CONTINUOUS
10
5.6196996850393699
20
-5.5774949606299211
11
5.617074015748031
21
-5.5711560236220468
0
LINE
8
BLACK
6
CONTINUOUS
10
5.617074015748031
20
-5.5711560236220468
11
5.615735472440945
21
-5.5644266535433067
0
LINE
8
BLACK
6
CONTINUOUS
10
5.615735472440945
20
-5.5644266535433067
11
5.615735472440945
21
-5.5575654724409445
0
LINE
8
BLACK
6
CONTINUOUS
10
5.615735472440945
20
-5.5575654724409445
11
5.617074015748031
21
-5.5508361023622044
0
LINE
8
BLACK
6
CONTINUOUS
10
5.617074015748031
20
-5.5508361023622044
11
5.6194234645669292
21
-5.5451639763779523
0
LINE
8
BLACK
6
CONTINUOUS
10
5.6194234645669292
20
-5.5451639763779523
11
5.5729112598425194
21
-5.4986517322834647
0
LINE
8
BLACK
6
CONTINUOUS
10
5.5729112598425194
20
-5.4986517322834647
11
5.5715648031496059
21
-5.4970111023622046
0
LINE
8
BLACK
6
CONTINUOUS
10
5.5715648031496059
20
-5.4970111023622046
11
5.5699481889763778
21
-5.4931082677165355
0
LINE
8
BLACK
6
CONTINUOUS
10
5.5699481889763778
20
-5.4931082677165355
11
5.5697401574803145
21
-5.4909960629921262
0
LINE
8
BLACK
6
CONTINUOUS
10
5.5697401574803145
20
-5.4909960629921262
11
5.5697401574803145
21
-5.1454960629921258
0
LINE
8
BLACK
6
CONTINUOUS
10
5.5697401574803145
20
-5.1454960629921258
11
5.5699481889763778
21
-5.1433838582677165
0
LINE
8
BLACK
6
CONTINUOUS
10
5.5699481889763778
20
-5.1433838582677165
11
5.5715648031496059
21
-5.1394810236220474
0
LINE
8
BLACK
6
CONTINUOUS
10
5.5715648031496059
20
-5.1394810236220474
11
5.5729112598425194
21
-5.1378403937007873
0
LINE
8
BLACK
6
CONTINUOUS
10
5.5729112598425194
20
-5.1378403937007873
11
5.8886692913385827
21
-4.8220823228346452
0
LINE
8
BLACK
6
CONTINUOUS
10
5.8886692913385827
20
-4.8220823228346452
11
5.8886692913385827
21
-4.8162586614173231
0
LINE
8
BLACK
6
CONTINUOUS
10
5.8886692913385827
20
-4.8162586614173231
11
5.8888773228346452
21
-4.8141464566929129
0
LINE
8
BLACK
6
CONTINUOUS
10
5.8888773228346452
20
-4.8141464566929129
11
5.8904939370078742
21
-4.8102436220472438
0
LINE
8
BLACK
6
CONTINUOUS
10
5.8904939370078742
20
-4.8102436220472438
11
5.8918403937007868
21
-4.8086029921259845
0
LINE
8
BLACK
6
CONTINUOUS
10
5.8918403937007868
20
-4.8086029921259845
11
5.9097368503937009
21
-4.7907065354330705
0
LINE
8
BLACK
6
CONTINUOUS
10
5.9097368503937009
20
-4.7907065354330705
11
5.9113774803149601
21
-4.7893600787401578
0
LINE
8
BLACK
6
CONTINUOUS
10
5.9113774803149601
20
-4.7893600787401578
11
5.9152803149606301
21
-4.7877434645669288
0
LINE
8
BLACK
6
CONTINUOUS
10
5.9152803149606301
20
-4.7877434645669288
11
5.9173925196850394
21
-4.7875354330708664
0
LINE
8
BLACK
6
CONTINUOUS
10
5.9173925196850394
20
-4.7875354330708664
11
5.9232162204724412
21
-4.7875354330708664
0
LINE
8
BLACK
6
CONTINUOUS
10
5.9232162204724412
20
-4.7875354330708664
11
6.1461653543307087
21
-4.5645862598425193
0
LINE
8
BLACK
6
CONTINUOUS
10
6.1461653543307087
20
-4.5645862598425193
11
6.1461653543307087
21
-4.3539370078740154
0
LINE
8
BLACK
6
CONTINUOUS
10
6.1461653543307087
20
-4.3539370078740154
11
6.1461653543307087
21
-4.2948818897637793
0
LINE
8
BLACK
6
CONTINUOUS
10
6.1461653543307087
20
-4.2948818897637793
11
6.1678188976377948
21
-4.2948818897637793
0
LINE
8
BLACK
6
CONTINUOUS
10
6.1678188976377948
20
-4.2948818897637793
11
6.1678188976377948
21
-4.3244094488188978
0
LINE
8
BLACK
6
CONTINUOUS
10
5.4237993700787399
20
-5.4429656299212601
11
5.4266731889763777
21
-5.4448858661417319
0
LINE
8
BLACK
6
CONTINUOUS
10
5.4266731889763777
20
-5.4448858661417319
11
5.4285934251968504
21
-5.4477596850393697
0
LINE
8
BLACK
6
CONTINUOUS
10
5.4285934251968504
20
-5.4477596850393697
11
5.4287743700787399
21
-5.4486692913385824
0
LINE
8
BLACK
6
CONTINUOUS
10
5.4287743700787399
20
-5.4486692913385824
11
5.471566929133858
21
-5.4486692913385824
0
LINE
8
BLACK
6
CONTINUOUS
10
5.471566929133858
20
-5.4486692913385824
11
5.4736791338582673
21
-5.4488773228346457
0
LINE
8
BLACK
6
CONTINUOUS
10
5.4736791338582673
20
-5.4488773228346457
11
5.474771181102362
21
-5.449329645669291
0
LINE
8
BLACK
6
CONTINUOUS
10
5.474771181102362
20
-5.449329645669291
11
5.4775868110236221
21
-5.4500840944881892
0
LINE
8
BLACK
6
CONTINUOUS
10
5.4775868110236221
20
-5.4500840944881892
11
5.480257007874016
21
-5.4516257480314962
0
LINE
8
BLACK
6
CONTINUOUS
10
5.480257007874016
20
-5.4516257480314962
11
5.4824372440944877
21
-5.4538059842519679
0
LINE
8
BLACK
6
CONTINUOUS
10
5.4824372440944877
20
-5.4538059842519679
11
5.4839788976377948
21
-5.4564761811023619
0
LINE
8
BLACK
6
CONTINUOUS
10
5.4839788976377948
20
-5.4564761811023619
11
5.4847768897637792
21
-5.4594544094488189
0
LINE
8
BLACK
6
CONTINUOUS
10
5.4847768897637792
20
-5.4594544094488189
11
5.4847768897637792
21
-5.462537716535433
0
LINE
8
BLACK
6
CONTINUOUS
10
5.4847768897637792
20
-5.462537716535433
11
5.4839788976377948
21
-5.46551594488189
0
LINE
8
BLACK
6
CONTINUOUS
10
5.4839788976377948
20
-5.46551594488189
11
5.4824372440944877
21
-5.468186141732283
0
LINE
8
BLACK
6
CONTINUOUS
10
5.4824372440944877
20
-5.468186141732283
11
5.480257007874016
21
-5.4703663779527556
0
LINE
8
BLACK
6
CONTINUOUS
10
5.480257007874016
20
-5.4703663779527556
11
5.4775868110236221
21
-5.4719080314960626
0
LINE
8
BLACK
6
CONTINUOUS
10
5.4775868110236221
20
-5.4719080314960626
11
5.4746085826771651
21
-5.4727060236220471
0
LINE
8
BLACK
6
CONTINUOUS
10
5.4746085826771651
20
-5.4727060236220471
11
5.471525275590551
21
-5.4727060236220471
0
LINE
8
BLACK
6
CONTINUOUS
10
5.471525275590551
20
-5.4727060236220471
11
5.468547047244094
21
-5.4719080314960626
0
LINE
8
BLACK
6
CONTINUOUS
10
5.468547047244094
20
-5.4719080314960626
11
5.465876850393701
21
-5.4703663779527556
0
LINE
8
BLACK
6
CONTINUOUS
10
5.465876850393701
20
-5.4703663779527556
11
5.4658333070866139
21
-5.4703228346456694
0
LINE
8
BLACK
6
CONTINUOUS
10
5.4658333070866139
20
-5.4703228346456694
11
5.428977952755905
21
-5.4703228346456694
0
LINE
8
BLACK
6
CONTINUOUS
10
5.428977952755905
20
-5.4703228346456694
11
5.4285934251968504
21
-5.472256062992126
0
LINE
8
BLACK
6
CONTINUOUS
10
5.4285934251968504
20
-5.472256062992126
11
5.4266731889763777
21
-5.4751298818897638
0
LINE
8
BLACK
6
CONTINUOUS
10
5.4266731889763777
20
-5.4751298818897638
11
5.4237993700787399
21
-5.4770501181102365
0
LINE
8
BLACK
6
CONTINUOUS
10
5.4237993700787399
20
-5.4770501181102365
11
5.4204094488188979
21
-5.4777244094488191
0
LINE
8
BLACK
6
CONTINUOUS
10
5.4204094488188979
20
-5.4777244094488191
11
5.4007244094488192
21
-5.4777244094488191
0
LINE
8
BLACK
6
CONTINUOUS
10
5.4007244094488192
20
-5.4777244094488191
11
5.3973344881889762
21
-5.4770501181102365
0
LINE
8
BLACK
6
CONTINUOUS
10
5.3973344881889762
20
-5.4770501181102365
11
5.3944606692913384
21
-5.4751298818897638
0
LINE
8
BLACK
6
CONTINUOUS
10
5.3944606692913384
20
-5.4751298818897638
11
5.3925404330708657
21
-5.472256062992126
0
LINE
8
BLACK
6
CONTINUOUS
10
5.3925404330708657
20
-5.472256062992126
11
5.3918661417322831
21
-5.468866141732283
0
LINE
8
BLACK
6
CONTINUOUS
10
5.3918661417322831
20
-5.468866141732283
11
5.3918661417322831
21
-5.4511496062992126
0
LINE
8
BLACK
6
CONTINUOUS
10
5.3918661417322831
20
-5.4511496062992126
11
5.3925404330708657
21
-5.4477596850393697
0
LINE
8
BLACK
6
CONTINUOUS
10
5.3925404330708657
20
-5.4477596850393697
11
5.3944606692913384
21
-5.4448858661417319
0
LINE
8
BLACK
6
CONTINUOUS
10
5.3944606692913384
20
-5.4448858661417319
11
5.3973344881889762
21
-5.4429656299212601
0
LINE
8
BLACK
6
CONTINUOUS
10
5.3973344881889762
20
-5.4429656299212601
11
5.4007244094488192
21
-5.4422913385826774
0
LINE
8
BLACK
6
CONTINUOUS
10
5.4007244094488192
20
-5.4422913385826774
11
5.4204094488188979
21
-5.4422913385826774
0
LINE
8
BLACK
6
CONTINUOUS
10
5.4204094488188979
20
-5.4422913385826774
11
5.4237993700787399
21
-5.4429656299212601
0
LINE
8
BLACK
6
CONTINUOUS
10
5.4150868110236221
20
-5.3390959055118108
11
5.417757007874016
21
-5.3406375590551178
0
LINE
8
BLACK
6
CONTINUOUS
10
5.417757007874016
20
-5.3406375590551178
11
5.4199372440944877
21
-5.3428177952755904
0
LINE
8
BLACK
6
CONTINUOUS
10
5.4199372440944877
20
-5.3428177952755904
11
5.4214788976377948
21
-5.3454879921259844
0
LINE
8
BLACK
6
CONTINUOUS
10
5.4214788976377948
20
-5.3454879921259844
11
5.4222768897637792
21
-5.3484662204724405
0
LINE
8
BLACK
6
CONTINUOUS
10
5.4222768897637792
20
-5.3484662204724405
11
5.4222768897637792
21
-5.3515495275590546
0
LINE
8
BLACK
6
CONTINUOUS
10
5.4222768897637792
20
-5.3515495275590546
11
5.4214788976377948
21
-5.3545277559055116
0
LINE
8
BLACK
6
CONTINUOUS
10
5.4214788976377948
20
-5.3545277559055116
11
5.4213937007874016
21
-5.3546753149606294
0
LINE
8
BLACK
6
CONTINUOUS
10
5.4213937007874016
20
-5.3546753149606294
11
5.4213937007874016
21
-5.381463464566929
0
LINE
8
BLACK
6
CONTINUOUS
10
5.4213937007874016
20
-5.381463464566929
11
5.4237993700787399
21
-5.3819420078740157
0
LINE
8
BLACK
6
CONTINUOUS
10
5.4237993700787399
20
-5.3819420078740157
11
5.4266731889763777
21
-5.3838622440944883
0
LINE
8
BLACK
6
CONTINUOUS
10
5.4266731889763777
20
-5.3838622440944883
11
5.4285934251968504
21
-5.3867360629921262
0
LINE
8
BLACK
6
CONTINUOUS
10
5.4285934251968504
20
-5.3867360629921262
11
5.4292677165354331
21
-5.3901259842519682
0
LINE
8
BLACK
6
CONTINUOUS
10
5.4292677165354331
20
-5.3901259842519682
11
5.4292677165354331
21
-5.4078425196850395
0
LINE
8
BLACK
6
CONTINUOUS
10
5.4292677165354331
20
-5.4078425196850395
11
5.4285934251968504
21
-5.4112324409448815
0
LINE
8
BLACK
6
CONTINUOUS
10
5.4285934251968504
20
-5.4112324409448815
11
5.4266731889763777
21
-5.4141062598425194
0
LINE
8
BLACK
6
CONTINUOUS
10
5.4266731889763777
20
-5.4141062598425194
11
5.4237993700787399
21
-5.416026496062992
0
LINE
8
BLACK
6
CONTINUOUS
10
5.4237993700787399
20
-5.416026496062992
11
5.4204094488188979
21
-5.4167007874015747
0
LINE
8
BLACK
6
CONTINUOUS
10
5.4204094488188979
20
-5.4167007874015747
11
5.4007244094488192
21
-5.4167007874015747
0
LINE
8
BLACK
6
CONTINUOUS
10
5.4007244094488192
20
-5.4167007874015747
11
5.3973344881889762
21
-5.416026496062992
0
LINE
8
BLACK
6
CONTINUOUS
10
5.3973344881889762
20
-5.416026496062992
11
5.3944606692913384
21
-5.4141062598425194
0
LINE
8
BLACK
6
CONTINUOUS
10
5.3944606692913384
20
-5.4141062598425194
11
5.3925404330708657
21
-5.4112324409448815
0
LINE
8
BLACK
6
CONTINUOUS
10
5.3925404330708657
20
-5.4112324409448815
11
5.3918661417322831
21
-5.4078425196850395
0
LINE
8
BLACK
6
CONTINUOUS
10
5.3918661417322831
20
-5.4078425196850395
11
5.3918661417322831
21
-5.3901259842519682
0
LINE
8
BLACK
6
CONTINUOUS
10
5.3918661417322831
20
-5.3901259842519682
11
5.3925404330708657
21
-5.3867360629921262
0
LINE
8
BLACK
6
CONTINUOUS
10
5.3925404330708657
20
-5.3867360629921262
11
5.3944606692913384
21
-5.3838622440944883
0
LINE
8
BLACK
6
CONTINUOUS
10
5.3944606692913384
20
-5.3838622440944883
11
5.3973344881889762
21
-5.3819420078740157
0
LINE
8
BLACK
6
CONTINUOUS
10
5.3973344881889762
20
-5.3819420078740157
11
5.3997401574803146
21
-5.381463464566929
0
LINE
8
BLACK
6
CONTINUOUS
10
5.3997401574803146
20
-5.381463464566929
11
5.3997401574803146
21
-5.3546753149606294
0
LINE
8
BLACK
6
CONTINUOUS
10
5.3997401574803146
20
-5.3546753149606294
11
5.3996549606299213
21
-5.3545277559055116
0
LINE
8
BLACK
6
CONTINUOUS
10
5.3996549606299213
20
-5.3545277559055116
11
5.3988569685039369
21
-5.3515495275590546
0
LINE
8
BLACK
6
CONTINUOUS
10
5.3988569685039369
20
-5.3515495275590546
11
5.3988569685039369
21
-5.3484662204724405
0
LINE
8
BLACK
6
CONTINUOUS
10
5.3988569685039369
20
-5.3484662204724405
11
5.3996549606299213
21
-5.3454879921259844
0
LINE
8
BLACK
6
CONTINUOUS
10
5.3996549606299213
20
-5.3454879921259844
11
5.4011966141732284
21
-5.3428177952755904
0
LINE
8
BLACK
6
CONTINUOUS
10
5.4011966141732284
20
-5.3428177952755904
11
5.403376850393701
21
-5.3406375590551178
0
LINE
8
BLACK
6
CONTINUOUS
10
5.403376850393701
20
-5.3406375590551178
11
5.406047047244094
21
-5.3390959055118108
0
LINE
8
BLACK
6
CONTINUOUS
10
5.406047047244094
20
-5.3390959055118108
11
5.409025275590551
21
-5.3382979133858264
0
LINE
8
BLACK
6
CONTINUOUS
10
5.409025275590551
20
-5.3382979133858264
11
5.4121085826771651
21
-5.3382979133858264
0
LINE
8
BLACK
6
CONTINUOUS
10
5.4121085826771651
20
-5.3382979133858264
11
5.4150868110236221
21
-5.3390959055118108
0
LINE
8
BLACK
6
CONTINUOUS
10
5.7610719685039369
20
-5.2547394094488187
11
5.7677876771653542
21
-5.2569214960629917
0
LINE
8
BLACK
6
CONTINUOUS
10
5.7677876771653542
20
-5.2569214960629917
11
5.7740793700787396
21
-5.2601272440944884
0
LINE
8
BLACK
6
CONTINUOUS
10
5.7740793700787396
20
-5.2601272440944884
11
5.7797920866141732
21
-5.2642777952755901
0
LINE
8
BLACK
6
CONTINUOUS
10
5.7797920866141732
20
-5.2642777952755901
11
5.7847851968503932
21
-5.269270905511811
0
LINE
8
BLACK
6
CONTINUOUS
10
5.7847851968503932
20
-5.269270905511811
11
5.7889357480314958
21
-5.2749836220472437
0
LINE
8
BLACK
6
CONTINUOUS
10
5.7889357480314958
20
-5.2749836220472437
11
5.7921414960629916
21
-5.28127531496063
0
LINE
8
BLACK
6
CONTINUOUS
10
5.7921414960629916
20
-5.28127531496063
11
5.7943235826771655
21
-5.2879910236220473
0
LINE
8
BLACK
6
CONTINUOUS
10
5.7943235826771655
20
-5.2879910236220473
11
5.7954282283464567
21
-5.294965393700787
0
LINE
8
BLACK
6
CONTINUOUS
10
5.7954282283464567
20
-5.294965393700787
11
5.7954282283464567
21
-5.3020267322834647
0
LINE
8
BLACK
6
CONTINUOUS
10
5.7954282283464567
20
-5.3020267322834647
11
5.7943235826771655
21
-5.3090011023622043
0
LINE
8
BLACK
6
CONTINUOUS
10
5.7943235826771655
20
-5.3090011023622043
11
5.7921414960629916
21
-5.3157168110236217
0
LINE
8
BLACK
6
CONTINUOUS
10
5.7921414960629916
20
-5.3157168110236217
11
5.7889357480314958
21
-5.322008503937008
0
LINE
8
BLACK
6
CONTINUOUS
10
5.7889357480314958
20
-5.322008503937008
11
5.7847851968503932
21
-5.3277212204724407
0
LINE
8
BLACK
6
CONTINUOUS
10
5.7847851968503932
20
-5.3277212204724407
11
5.7797920866141732
21
-5.3327143307086615
0
LINE
8
BLACK
6
CONTINUOUS
10
5.7797920866141732
20
-5.3327143307086615
11
5.7740793700787396
21
-5.3368648818897633
0
LINE
8
BLACK
6
CONTINUOUS
10
5.7740793700787396
20
-5.3368648818897633
11
5.7677876771653542
21
-5.3400706299212599
0
LINE
8
BLACK
6
CONTINUOUS
10
5.7677876771653542
20
-5.3400706299212599
11
5.7610719685039369
21
-5.342252716535433
0
LINE
8
BLACK
6
CONTINUOUS
10
5.7610719685039369
20
-5.342252716535433
11
5.7540975984251963
21
-5.3433573622047241
0
LINE
8
BLACK
6
CONTINUOUS
10
5.7540975984251963
20
-5.3433573622047241
11
5.7470362598425195
21
-5.3433573622047241
0
LINE
8
BLACK
6
CONTINUOUS
10
5.7470362598425195
20
-5.3433573622047241
11
5.740061889763779
21
-5.342252716535433
0
LINE
8
BLACK
6
CONTINUOUS
10
5.740061889763779
20
-5.342252716535433
11
5.7333461811023625
21
-5.3400706299212599
0
LINE
8
BLACK
6
CONTINUOUS
10
5.7333461811023625
20
-5.3400706299212599
11
5.7270544881889762
21
-5.3368648818897633
0
LINE
8
BLACK
6
CONTINUOUS
10
5.7270544881889762
20
-5.3368648818897633
11
5.7213417716535435
21
-5.3327143307086615
0
LINE
8
BLACK
6
CONTINUOUS
10
5.7213417716535435
20
-5.3327143307086615
11
5.7163486614173227
21
-5.3277212204724407
0
LINE
8
BLACK
6
CONTINUOUS
10
5.7163486614173227
20
-5.3277212204724407
11
5.71219811023622
21
-5.322008503937008
0
LINE
8
BLACK
6
CONTINUOUS
10
5.71219811023622
20
-5.322008503937008
11
5.7089923622047243
21
-5.3157168110236217
0
LINE
8
BLACK
6
CONTINUOUS
10
5.7089923622047243
20
-5.3157168110236217
11
5.7068102755905512
21
-5.3090011023622043
0
LINE
8
BLACK
6
CONTINUOUS
10
5.7068102755905512
20
-5.3090011023622043
11
5.7057056299212601
21
-5.3020267322834647
0
LINE
8
BLACK
6
CONTINUOUS
10
5.7057056299212601
20
-5.3020267322834647
11
5.7057056299212601
21
-5.294965393700787
0
LINE
8
BLACK
6
CONTINUOUS
10
5.7057056299212601
20
-5.294965393700787
11
5.7068102755905512
21
-5.2879910236220473
0
LINE
8
BLACK
6
CONTINUOUS
10
5.7068102755905512
20
-5.2879910236220473
11
5.7089923622047243
21
-5.28127531496063
0
LINE
8
BLACK
6
CONTINUOUS
10
5.7089923622047243
20
-5.28127531496063
11
5.71219811023622
21
-5.2749836220472437
0
LINE
8
BLACK
6
CONTINUOUS
10
5.71219811023622
20
-5.2749836220472437
11
5.7163486614173227
21
-5.269270905511811
0
LINE
8
BLACK
6
CONTINUOUS
10
5.7163486614173227
20
-5.269270905511811
11
5.7213417716535435
21
-5.2642777952755901
0
LINE
8
BLACK
6
CONTINUOUS
10
5.7213417716535435
20
-5.2642777952755901
11
5.7270544881889762
21
-5.2601272440944884
0
LINE
8
BLACK
6
CONTINUOUS
10
5.7270544881889762
20
-5.2601272440944884
11
5.7333461811023625
21
-5.2569214960629917
0
LINE
8
BLACK
6
CONTINUOUS
10
5.7333461811023625
20
-5.2569214960629917
11
5.740061889763779
21
-5.2547394094488187
0
LINE
8
BLACK
6
CONTINUOUS
10
5.740061889763779
20
-5.2547394094488187
11
5.7470362598425195
21
-5.2536347637795275
0
LINE
8
BLACK
6
CONTINUOUS
10
5.7470362598425195
20
-5.2536347637795275
11
5.7540975984251963
21
-5.2536347637795275
0
LINE
8
BLACK
6
CONTINUOUS
10
5.7540975984251963
20
-5.2536347637795275
11
5.7610719685039369
21
-5.2547394094488187
0
LINE
8
BLACK
6
CONTINUOUS
10
6.1857268897637798
20
-5.2275031496062994
11
6.1920658267716533
21
-5.2301288188976374
0
LINE
8
BLACK
6
CONTINUOUS
10
6.1920658267716533
20
-5.2301288188976374
11
6.1977707086614169
21
-5.2339407086614171
0
LINE
8
BLACK
6
CONTINUOUS
10
6.1977707086614169
20
-5.2339407086614171
11
6.2026222834645663
21
-5.2387922834645666
0
LINE
8
BLACK
6
CONTINUOUS
10
6.2026222834645663
20
-5.2387922834645666
11
6.2064341732283461
21
-5.2444971653543302
0
LINE
8
BLACK
6
CONTINUOUS
10
6.2064341732283461
20
-5.2444971653543302
11
6.209059842519685
21
-5.2508361023622045
0
LINE
8
BLACK
6
CONTINUOUS
10
6.209059842519685
20
-5.2508361023622045
11
6.2103983858267719
21
-5.2575654724409446
0
LINE
8
BLACK
6
CONTINUOUS
10
6.2103983858267719
20
-5.2575654724409446
11
6.2103983858267719
21
-5.2644266535433069
0
LINE
8
BLACK
6
CONTINUOUS
10
6.2103983858267719
20
-5.2644266535433069
11
6.209059842519685
21
-5.2711560236220469
0
LINE
8
BLACK
6
CONTINUOUS
10
6.209059842519685
20
-5.2711560236220469
11
6.2064341732283461
21
-5.2774949606299213
0
LINE
8
BLACK
6
CONTINUOUS
10
6.2064341732283461
20
-5.2774949606299213
11
6.2026222834645663
21
-5.2831998425196849
0
LINE
8
BLACK
6
CONTINUOUS
10
6.2026222834645663
20
-5.2831998425196849
11
6.1977707086614169
21
-5.2880514173228343
0
LINE
8
BLACK
6
CONTINUOUS
10
6.1977707086614169
20
-5.2880514173228343
11
6.1920658267716533
21
-5.2918633070866141
0
LINE
8
BLACK
6
CONTINUOUS
10
6.1920658267716533
20
-5.2918633070866141
11
6.1857268897637798
21
-5.294488976377953
0
LINE
8
BLACK
6
CONTINUOUS
10
6.1857268897637798
20
-5.294488976377953
11
6.1789975196850389
21
-5.2958275196850391
0
LINE
8
BLACK
6
CONTINUOUS
10
6.1789975196850389
20
-5.2958275196850391
11
6.1721363385826766
21
-5.2958275196850391
0
LINE
8
BLACK
6
CONTINUOUS
10
6.1721363385826766
20
-5.2958275196850391
11
6.1654069685039365
21
-5.294488976377953
0
LINE
8
BLACK
6
CONTINUOUS
10
6.1654069685039365
20
-5.294488976377953
11
6.1590680314960631
21
-5.2918633070866141
0
LINE
8
BLACK
6
CONTINUOUS
10
6.1590680314960631
20
-5.2918633070866141
11
6.1533631496062995
21
-5.2880514173228343
0
LINE
8
BLACK
6
CONTINUOUS
10
6.1533631496062995
20
-5.2880514173228343
11
6.1485115748031491
21
-5.2831998425196849
0
LINE
8
BLACK
6
CONTINUOUS
10
6.1485115748031491
20
-5.2831998425196849
11
6.1446996850393703
21
-5.2774949606299213
0
LINE
8
BLACK
6
CONTINUOUS
10
6.1446996850393703
20
-5.2774949606299213
11
6.1420740157480314
21
-5.2711560236220469
0
LINE
8
BLACK
6
CONTINUOUS
10
6.1420740157480314
20
-5.2711560236220469
11
6.1407354724409444
21
-5.2644266535433069
0
LINE
8
BLACK
6
CONTINUOUS
10
6.1407354724409444
20
-5.2644266535433069
11
6.1407354724409444
21
-5.2575654724409446
0
LINE
8
BLACK
6
CONTINUOUS
10
6.1407354724409444
20
-5.2575654724409446
11
6.1420740157480314
21
-5.2508361023622045
0
LINE
8
BLACK
6
CONTINUOUS
10
6.1420740157480314
20
-5.2508361023622045
11
6.1446996850393703
21
-5.2444971653543302
0
LINE
8
BLACK
6
CONTINUOUS
10
6.1446996850393703
20
-5.2444971653543302
11
6.1485115748031491
21
-5.2387922834645666
0
LINE
8
BLACK
6
CONTINUOUS
10
6.1485115748031491
20
-5.2387922834645666
11
6.1533631496062995
21
-5.2339407086614171
0
LINE
8
BLACK
6
CONTINUOUS
10
6.1533631496062995
20
-5.2339407086614171
11
6.1590680314960631
21
-5.2301288188976374
0
LINE
8
BLACK
6
CONTINUOUS
10
6.1590680314960631
20
-5.2301288188976374
11
6.1654069685039365
21
-5.2275031496062994
0
LINE
8
BLACK
6
CONTINUOUS
10
6.1654069685039365
20
-5.2275031496062994
11
6.1721363385826766
21
-5.2261646062992124
0
LINE
8
BLACK
6
CONTINUOUS
10
6.1721363385826766
20
-5.2261646062992124
11
6.1789975196850389
21
-5.2261646062992124
0
LINE
8
BLACK
6
CONTINUOUS
10
6.1789975196850389
20
-5.2261646062992124
11
6.1857268897637798
21
-5.2275031496062994
0
LINE
8
BLACK
6
CONTINUOUS
10
6.0418346456692911
20
-4.3244094488188978
11
6.0418346456692911
21
-4.415055118110236
0
LINE
8
BLACK
6
CONTINUOUS
10
6.0418346456692911
20
-4.415055118110236
11
6.0416266141732278
21
-4.4171673228346453
0
LINE
8
BLACK
6
CONTINUOUS
10
6.0416266141732278
20
-4.4171673228346453
11
6.0400099999999997
21
-4.4210701574803153
0
LINE
8
BLACK
6
CONTINUOUS
10
6.0400099999999997
20
-4.4210701574803153
11
6.0386635433070861
21
-4.4227108267716533
0
LINE
8
BLACK
6
CONTINUOUS
10
6.0386635433070861
20
-4.4227108267716533
11
6.0282225984251969
21
-4.4331517322834646
0
LINE
8
BLACK
6
CONTINUOUS
10
6.0282225984251969
20
-4.4331517322834646
11
6.0265819685039368
21
-4.4344981889763782
0
LINE
8
BLACK
6
CONTINUOUS
10
6.0265819685039368
20
-4.4344981889763782
11
6.0226791338582677
21
-4.4361148031496063
0
LINE
8
BLACK
6
CONTINUOUS
10
6.0226791338582677
20
-4.4361148031496063
11
6.0205669291338584
21
-4.4363228346456696
0
LINE
8
BLACK
6
CONTINUOUS
10
6.0205669291338584
20
-4.4363228346456696
11
5.9310514960629916
21
-4.4363228346456696
0
LINE
8
BLACK
6
CONTINUOUS
10
5.9310514960629916
20
-4.4363228346456696
11
5.2062225984251969
21
-5.1611517322834644
0
LINE
8
BLACK
6
CONTINUOUS
10
5.2062225984251969
20
-5.1611517322834644
11
5.2045819685039367
21
-5.1624981889763779
0
LINE
8
BLACK
6
CONTINUOUS
10
5.2045819685039367
20
-5.1624981889763779
11
5.2006791338582676
21
-5.164114803149606
0
LINE
8
BLACK
6
CONTINUOUS
10
5.2006791338582676
20
-5.164114803149606
11
5.1985669291338583
21
-5.1643228346456693
0
LINE
8
BLACK
6
CONTINUOUS
10
5.1985669291338583
20
-5.1643228346456693
11
4.2161296850393697
21
-5.1643228346456693
0
LINE
8
BLACK
6
CONTINUOUS
10
4.2161296850393697
20
-5.1643228346456693
11
4.2140800393700788
21
-5.169271141732283
0
LINE
8
BLACK
6
CONTINUOUS
10
4.2140800393700788
20
-5.169271141732283
11
4.210435393700787
21
-5.1747257480314959
0
LINE
8
BLACK
6
CONTINUOUS
10
4.210435393700787
20
-5.1747257480314959
11
4.2057966141732281
21
-5.1793645275590547
0
LINE
8
BLACK
6
CONTINUOUS
10
4.2057966141732281
20
-5.1793645275590547
11
4.2003420078740152
21
-5.1830091732283465
0
LINE
8
BLACK
6
CONTINUOUS
10
4.2003420078740152
20
-5.1830091732283465
11
4.1942811811023617
21
-5.1855196456692916
0
LINE
8
BLACK
6
CONTINUOUS
10
4.1942811811023617
20
-5.1855196456692916
11
4.1878470472440945
21
-5.1867994881889761
0
LINE
8
BLACK
6
CONTINUOUS
10
4.1878470472440945
20
-5.1867994881889761
11
4.1812868110236217
21
-5.1867994881889761
0
LINE
8
BLACK
6
CONTINUOUS
10
4.1812868110236217
20
-5.1867994881889761
11
4.1748526771653545
21
-5.1855196456692916
0
LINE
8
BLACK
6
CONTINUOUS
10
4.1748526771653545
20
-5.1855196456692916
11
4.1687918503937009
21
-5.1830091732283465
0
LINE
8
BLACK
6
CONTINUOUS
10
4.1687918503937009
20
-5.1830091732283465
11
4.163337244094488
21
-5.1793645275590547
0
LINE
8
BLACK
6
CONTINUOUS
10
4.163337244094488
20
-5.1793645275590547
11
4.1586984645669292
21
-5.1747257480314959
0
LINE
8
BLACK
6
CONTINUOUS
10
4.1586984645669292
20
-5.1747257480314959
11
4.1550538188976374
21
-5.169271141732283
0
LINE
8
BLACK
6
CONTINUOUS
10
4.1550538188976374
20
-5.169271141732283
11
4.1525433464566932
21
-5.1632103149606294
0
LINE
8
BLACK
6
CONTINUOUS
10
4.1525433464566932
20
-5.1632103149606294
11
4.1512635039370078
21
-5.1567761811023622
0
LINE
8
BLACK
6
CONTINUOUS
10
4.1512635039370078
20
-5.1567761811023622
11
4.1512635039370078
21
-5.1502159448818894
0
LINE
8
BLACK
6
CONTINUOUS
10
4.1512635039370078
20
-5.1502159448818894
11
4.1525433464566932
21
-5.1437818110236222
0
LINE
8
BLACK
6
CONTINUOUS
10
4.1525433464566932
20
-5.1437818110236222
11
4.1550538188976374
21
-5.1377209842519687
0
LINE
8
BLACK
6
CONTINUOUS
10
4.1550538188976374
20
-5.1377209842519687
11
4.1586984645669292
21
-5.1322663779527558
0
LINE
8
BLACK
6
CONTINUOUS
10
4.1586984645669292
20
-5.1322663779527558
11
4.163337244094488
21
-5.1276275984251969
0
LINE
8
BLACK
6
CONTINUOUS
10
4.163337244094488
20
-5.1276275984251969
11
4.1687918503937009
21
-5.1239829527559051
0
LINE
8
BLACK
6
CONTINUOUS
10
4.1687918503937009
20
-5.1239829527559051
11
4.1748526771653545
21
-5.1214724803149609
0
LINE
8
BLACK
6
CONTINUOUS
10
4.1748526771653545
20
-5.1214724803149609
11
4.1812868110236217
21
-5.1201926377952756
0
LINE
8
BLACK
6
CONTINUOUS
10
4.1812868110236217
20
-5.1201926377952756
11
4.1878470472440945
21
-5.1201926377952756
0
LINE
8
BLACK
6
CONTINUOUS
10
4.1878470472440945
20
-5.1201926377952756
11
4.1942811811023617
21
-5.1214724803149609
0
LINE
8
BLACK
6
CONTINUOUS
10
4.1942811811023617
20
-5.1214724803149609
11
4.2003420078740152
21
-5.1239829527559051
0
LINE
8
BLACK
6
CONTINUOUS
10
4.2003420078740152
20
-5.1239829527559051
11
4.2057966141732281
21
-5.1276275984251969
0
LINE
8
BLACK
6
CONTINUOUS
10
4.2057966141732281
20
-5.1276275984251969
11
4.210435393700787
21
-5.1322663779527558
0
LINE
8
BLACK
6
CONTINUOUS
10
4.210435393700787
20
-5.1322663779527558
11
4.2140800393700788
21
-5.1377209842519687
0
LINE
8
BLACK
6
CONTINUOUS
10
4.2140800393700788
20
-5.1377209842519687
11
4.2161296850393697
21
-5.1426692913385823
0
LINE
8
BLACK
6
CONTINUOUS
10
4.2161296850393697
20
-5.1426692913385823
11
5.1940823622047239
21
-5.1426692913385823
0
LINE
8
BLACK
6
CONTINUOUS
10
5.1940823622047239
20
-5.1426692913385823
11
5.9189112598425195
21
-4.4178403937007875
0
LINE
8
BLACK
6
CONTINUOUS
10
5.9189112598425195
20
-4.4178403937007875
11
5.9205518897637797
21
-4.416493937007874
0
LINE
8
BLACK
6
CONTINUOUS
10
5.9205518897637797
20
-4.416493937007874
11
5.9208490157480318
21
-4.4163708661417322
0
LINE
8
BLACK
6
CONTINUOUS
10
5.9208490157480318
20
-4.4163708661417322
11
5.9244547244094488
21
-4.4148773228346458
0
LINE
8
BLACK
6
CONTINUOUS
10
5.9244547244094488
20
-4.4148773228346458
11
5.9265669291338581
21
-4.4146692913385825
0
LINE
8
BLACK
6
CONTINUOUS
10
5.9265669291338581
20
-4.4146692913385825
11
6.0160823622047239
21
-4.4146692913385825
0
LINE
8
BLACK
6
CONTINUOUS
10
6.0160823622047239
20
-4.4146692913385825
11
6.0201811023622049
21
-4.4105705118110237
0
LINE
8
BLACK
6
CONTINUOUS
10
6.0201811023622049
20
-4.4105705118110237
11
6.0201811023622049
21
-4.3539370078740154
0
LINE
8
BLACK
6
CONTINUOUS
10
6.0201811023622049
20
-4.3539370078740154
11
6.0201811023622049
21
-4.2948818897637793
0
LINE
8
BLACK
6
CONTINUOUS
10
6.0201811023622049
20
-4.2948818897637793
11
6.0418346456692911
21
-4.2948818897637793
0
LINE
8
BLACK
6
CONTINUOUS
10
6.0418346456692911
20
-4.2948818897637793
11
6.0418346456692911
21
-4.3244094488188978
0
LINE
8
BLACK
6
CONTINUOUS
10
5.9345671259842518
20
-4.8180014173228347
11
5.9372373228346458
21
-4.8195430708661418
0
LINE
8
BLACK
6
CONTINUOUS
10
5.9372373228346458
20
-4.8195430708661418
11
5.9394175590551184
21
-4.8217233070866143
0
LINE
8
BLACK
6
CONTINUOUS
10
5.9394175590551184
20
-4.8217233070866143
11
5.9409592125984254
21
-4.8243935039370074
0
LINE
8
BLACK
6
CONTINUOUS
10
5.9409592125984254
20
-4.8243935039370074
11
5.9417572047244089
21
-4.8273717322834644
0
LINE
8
BLACK
6
CONTINUOUS
10
5.9417572047244089
20
-4.8273717322834644
11
5.9417572047244089
21
-4.8304550393700785
0
LINE
8
BLACK
6
CONTINUOUS
10
5.9417572047244089
20
-4.8304550393700785
11
5.9409592125984254
21
-4.8334332677165355
0
LINE
8
BLACK
6
CONTINUOUS
10
5.9409592125984254
20
-4.8334332677165355
11
5.9403937007874017
21
-4.8344127165354331
0
LINE
8
BLACK
6
CONTINUOUS
10
5.9403937007874017
20
-4.8344127165354331
11
5.9403937007874017
21
-4.8758825984251963
0
LINE
8
BLACK
6
CONTINUOUS
10
5.9403937007874017
20
-4.8758825984251963
11
5.940454212598425
21
-4.8758946456692911
0
LINE
8
BLACK
6
CONTINUOUS
10
5.940454212598425
20
-4.8758946456692911
11
5.9430087007874013
21
-4.8776015354330706
0
LINE
8
BLACK
6
CONTINUOUS
10
5.9430087007874013
20
-4.8776015354330706
11
5.9447155905511808
21
-4.8801560236220469
0
LINE
8
BLACK
6
CONTINUOUS
10
5.9447155905511808
20
-4.8801560236220469
11
5.9453149606299212
21
-4.8831692913385822
0
LINE
8
BLACK
6
CONTINUOUS
10
5.9453149606299212
20
-4.8831692913385822
11
5.9453149606299212
21
-4.9048228346456693
0
LINE
8
BLACK
6
CONTINUOUS
10
5.9453149606299212
20
-4.9048228346456693
11
5.9447155905511808
21
-4.9078361023622046
0
LINE
8
BLACK
6
CONTINUOUS
10
5.9447155905511808
20
-4.9078361023622046
11
5.9430087007874013
21
-4.9103905905511809
0
LINE
8
BLACK
6
CONTINUOUS
10
5.9430087007874013
20
-4.9103905905511809
11
5.940454212598425
21
-4.9120974803149604
0
LINE
8
BLACK
6
CONTINUOUS
10
5.940454212598425
20
-4.9120974803149604
11
5.9403937007874017
21
-4.9121094881889764
0
LINE
8
BLACK
6
CONTINUOUS
10
5.9403937007874017
20
-4.9121094881889764
11
5.9403937007874017
21
-5.029436181102362
0
LINE
8
BLACK
6
CONTINUOUS
10
5.9403937007874017
20
-5.029436181102362
11
5.9420658267716533
21
-5.0301288188976381
0
LINE
8
BLACK
6
CONTINUOUS
10
5.9420658267716533
20
-5.0301288188976381
11
5.9477707086614169
21
-5.033940708661417
0
LINE
8
BLACK
6
CONTINUOUS
10
5.9477707086614169
20
-5.033940708661417
11
5.9526222834645672
21
-5.0387922834645664
0
LINE
8
BLACK
6
CONTINUOUS
10
5.9526222834645672
20
-5.0387922834645664
11
5.9564341732283461
21
-5.0444971653543309
0
LINE
8
BLACK
6
CONTINUOUS
10
5.9564341732283461
20
-5.0444971653543309
11
5.959059842519685
21
-5.0508361023622044
0
LINE
8
BLACK
6
CONTINUOUS
10
5.959059842519685
20
-5.0508361023622044
11
5.9603983858267719
21
-5.0575654724409445
0
LINE
8
BLACK
6
CONTINUOUS
10
5.9603983858267719
20
-5.0575654724409445
11
5.9603983858267719
21
-5.0644266535433067
0
LINE
8
BLACK
6
CONTINUOUS
10
5.9603983858267719
20
-5.0644266535433067
11
5.959059842519685
21
-5.0711560236220468
0
LINE
8
BLACK
6
CONTINUOUS
10
5.959059842519685
20
-5.0711560236220468
11
5.9564341732283461
21
-5.0774949606299211
0
LINE
8
BLACK
6
CONTINUOUS
10
5.9564341732283461
20
-5.0774949606299211
11
5.9526222834645672
21
-5.0831998425196847
0
LINE
8
BLACK
6
CONTINUOUS
10
5.9526222834645672
20
-5.0831998425196847
11
5.9477707086614169
21
-5.0880514173228342
0
LINE
8
BLACK
6
CONTINUOUS
10
5.9477707086614169
20
-5.0880514173228342
11
5.9420658267716533
21
-5.0918633070866139
0
LINE
8
BLACK
6
CONTINUOUS
10
5.9420658267716533
20
-5.0918633070866139
11
5.9357268897637798
21
-5.0944889763779528
0
LINE
8
BLACK
6
CONTINUOUS
10
5.9357268897637798
20
-5.0944889763779528
11
5.9289975196850389
21
-5.0958275196850389
0
LINE
8
BLACK
6
CONTINUOUS
10
5.9289975196850389
20
-5.0958275196850389
11
5.9221363385826766
21
-5.0958275196850389
0
LINE
8
BLACK
6
CONTINUOUS
10
5.9221363385826766
20
-5.0958275196850389
11
5.9154069685039365
21
-5.0944889763779528
0
LINE
8
BLACK
6
CONTINUOUS
10
5.9154069685039365
20
-5.0944889763779528
11
5.9090680314960631
21
-5.0918633070866139
0
LINE
8
BLACK
6
CONTINUOUS
10
5.9090680314960631
20
-5.0918633070866139
11
5.9033631496062995
21
-5.0880514173228342
0
LINE
8
BLACK
6
CONTINUOUS
10
5.9033631496062995
20
-5.0880514173228342
11
5.8985115748031491
21
-5.0831998425196847
0
LINE
8
BLACK
6
CONTINUOUS
10
5.8985115748031491
20
-5.0831998425196847
11
5.8946996850393703
21
-5.0774949606299211
0
LINE
8
BLACK
6
CONTINUOUS
10
5.8946996850393703
20
-5.0774949606299211
11
5.8920740157480314
21
-5.0711560236220468
0
LINE
8
BLACK
6
CONTINUOUS
10
5.8920740157480314
20
-5.0711560236220468
11
5.8907354724409444
21
-5.0644266535433067
0
LINE
8
BLACK
6
CONTINUOUS
10
5.8907354724409444
20
-5.0644266535433067
11
5.8907354724409444
21
-5.0575654724409445
0
LINE
8
BLACK
6
CONTINUOUS
10
5.8907354724409444
20
-5.0575654724409445
11
5.8920740157480314
21
-5.0508361023622044
0
LINE
8
BLACK
6
CONTINUOUS
10
5.8920740157480314
20
-5.0508361023622044
11
5.8946996850393703
21
-5.0444971653543309
0
LINE
8
BLACK
6
CONTINUOUS
10
5.8946996850393703
20
-5.0444971653543309
11
5.8985115748031491
21
-5.0387922834645664
0
LINE
8
BLACK
6
CONTINUOUS
10
5.8985115748031491
20
-5.0387922834645664
11
5.9033631496062995
21
-5.033940708661417
0
LINE
8
BLACK
6
CONTINUOUS
10
5.9033631496062995
20
-5.033940708661417
11
5.9090680314960631
21
-5.0301288188976381
0
LINE
8
BLACK
6
CONTINUOUS
10
5.9090680314960631
20
-5.0301288188976381
11
5.9154069685039365
21
-5.0275031496062992
0
LINE
8
BLACK
6
CONTINUOUS
10
5.9154069685039365
20
-5.0275031496062992
11
5.9187401574803147
21
-5.0268401181102362
0
LINE
8
BLACK
6
CONTINUOUS
10
5.9187401574803147
20
-5.0268401181102362
11
5.9187401574803147
21
-4.9121094881889764
0
LINE
8
BLACK
6
CONTINUOUS
10
5.9187401574803147
20
-4.9121094881889764
11
5.9186796456692914
21
-4.9120974803149604
0
LINE
8
BLACK
6
CONTINUOUS
10
5.9186796456692914
20
-4.9120974803149604
11
5.9161251574803151
21
-4.9103905905511809
0
LINE
8
BLACK
6
CONTINUOUS
10
5.9161251574803151
20
-4.9103905905511809
11
5.9144182677165356
21
-4.9078361023622046
0
LINE
8
BLACK
6
CONTINUOUS
10
5.9144182677165356
20
-4.9078361023622046
11
5.9138188976377952
21
-4.9048228346456693
0
LINE
8
BLACK
6
CONTINUOUS
10
5.9138188976377952
20
-4.9048228346456693
11
5.9138188976377952
21
-4.8831692913385822
0
LINE
8
BLACK
6
CONTINUOUS
10
5.9138188976377952
20
-4.8831692913385822
11
5.9144182677165356
21
-4.8801560236220469
0
LINE
8
BLACK
6
CONTINUOUS
10
5.9144182677165356
20
-4.8801560236220469
11
5.9161251574803151
21
-4.8776015354330706
0
LINE
8
BLACK
6
CONTINUOUS
10
5.9161251574803151
20
-4.8776015354330706
11
5.9186796456692914
21
-4.8758946456692911
0
LINE
8
BLACK
6
CONTINUOUS
10
5.9186796456692914
20
-4.8758946456692911
11
5.9187401574803147
21
-4.8758825984251963
0
LINE
8
BLACK
6
CONTINUOUS
10
5.9187401574803147
20
-4.8758825984251963
11
5.9187401574803147
21
-4.8319586220472441
0
LINE
8
BLACK
6
CONTINUOUS
10
5.9187401574803147
20
-4.8319586220472441
11
5.9183372834645667
21
-4.8304550393700785
0
LINE
8
BLACK
6
CONTINUOUS
10
5.9183372834645667
20
-4.8304550393700785
11
5.9183372834645667
21
-4.8273717322834644
0
LINE
8
BLACK
6
CONTINUOUS
10
5.9183372834645667
20
-4.8273717322834644
11
5.9191352755905511
21
-4.8243935039370074
0
LINE
8
BLACK
6
CONTINUOUS
10
5.9191352755905511
20
-4.8243935039370074
11
5.9206769291338581
21
-4.8217233070866143
0
LINE
8
BLACK
6
CONTINUOUS
10
5.9206769291338581
20
-4.8217233070866143
11
5.9228571653543307
21
-4.8195430708661418
0
LINE
8
BLACK
6
CONTINUOUS
10
5.9228571653543307
20
-4.8195430708661418
11
5.9255273622047246
21
-4.8180014173228347
0
LINE
8
BLACK
6
CONTINUOUS
10
5.9255273622047246
20
-4.8180014173228347
11
5.9285055905511808
21
-4.8172034251968503
0
LINE
8
BLACK
6
CONTINUOUS
10
5.9285055905511808
20
-4.8172034251968503
11
5.9315888976377948
21
-4.8172034251968503
0
LINE
8
BLACK
6
CONTINUOUS
10
5.9315888976377948
20
-4.8172034251968503
11
5.9345671259842518
21
-4.8180014173228347
0
LINE
8
BLACK
6
CONTINUOUS
10
6.1857268897637798
20
-5.0275031496062992
11
6.1920658267716533
21
-5.0301288188976381
0
LINE
8
BLACK
6
CONTINUOUS
10
6.1920658267716533
20
-5.0301288188976381
11
6.1977707086614169
21
-5.033940708661417
0
LINE
8
BLACK
6
CONTINUOUS
10
6.1977707086614169
20
-5.033940708661417
11
6.2026222834645663
21
-5.0387922834645664
0
LINE
8
BLACK
6
CONTINUOUS
10
6.2026222834645663
20
-5.0387922834645664
11
6.2064341732283461
21
-5.0444971653543309
0
LINE
8
BLACK
6
CONTINUOUS
10
6.2064341732283461
20
-5.0444971653543309
11
6.209059842519685
21
-5.0508361023622044
0
LINE
8
BLACK
6
CONTINUOUS
10
6.209059842519685
20
-5.0508361023622044
11
6.2103983858267719
21
-5.0575654724409445
0
LINE
8
BLACK
6
CONTINUOUS
10
6.2103983858267719
20
-5.0575654724409445
11
6.2103983858267719
21
-5.0644266535433067
0
LINE
8
BLACK
6
CONTINUOUS
10
6.2103983858267719
20
-5.0644266535433067
11
6.209059842519685
21
-5.0711560236220468
0
LINE
8
BLACK
6
CONTINUOUS
10
6.209059842519685
20
-5.0711560236220468
11
6.2064341732283461
21
-5.0774949606299211
0
LINE
8
BLACK
6
CONTINUOUS
10
6.2064341732283461
20
-5.0774949606299211
11
6.2026222834645663
21
-5.0831998425196847
0
LINE
8
BLACK
6
CONTINUOUS
10
6.2026222834645663
20
-5.0831998425196847
11
6.1977707086614169
21
-5.0880514173228342
0
LINE
8
BLACK
6
CONTINUOUS
10
6.1977707086614169
20
-5.0880514173228342
11
6.1920658267716533
21
-5.0918633070866139
0
LINE
8
BLACK
6
CONTINUOUS
10
6.1920658267716533
20
-5.0918633070866139
11
6.1857268897637798
21
-5.0944889763779528
0
LINE
8
BLACK
6
CONTINUOUS
10
6.1857268897637798
20
-5.0944889763779528
11
6.1789975196850389
21
-5.0958275196850389
0
LINE
8
BLACK
6
CONTINUOUS
10
6.1789975196850389
20
-5.0958275196850389
11
6.1721363385826766
21
-5.0958275196850389
0
LINE
8
BLACK
6
CONTINUOUS
10
6.1721363385826766
20
-5.0958275196850389
11
6.1654069685039365
21
-5.0944889763779528
0
LINE
8
BLACK
6
CONTINUOUS
10
6.1654069685039365
20
-5.0944889763779528
11
6.1590680314960631
21
-5.0918633070866139
0
LINE
8
BLACK
6
CONTINUOUS
10
6.1590680314960631
20
-5.0918633070866139
11
6.1533631496062995
21
-5.0880514173228342
0
LINE
8
BLACK
6
CONTINUOUS
10
6.1533631496062995
20
-5.0880514173228342
11
6.1485115748031491
21
-5.0831998425196847
0
LINE
8
BLACK
6
CONTINUOUS
10
6.1485115748031491
20
-5.0831998425196847
11
6.1446996850393703
21
-5.0774949606299211
0
LINE
8
BLACK
6
CONTINUOUS
10
6.1446996850393703
20
-5.0774949606299211
11
6.1420740157480314
21
-5.0711560236220468
0
LINE
8
BLACK
6
CONTINUOUS
10
6.1420740157480314
20
-5.0711560236220468
11
6.1407354724409444
21
-5.0644266535433067
0
LINE
8
BLACK
6
CONTINUOUS
10
6.1407354724409444
20
-5.0644266535433067
11
6.1407354724409444
21
-5.0575654724409445
0
LINE
8
BLACK
6
CONTINUOUS
10
6.1407354724409444
20
-5.0575654724409445
11
6.1420740157480314
21
-5.0508361023622044
0
LINE
8
BLACK
6
CONTINUOUS
10
6.1420740157480314
20
-5.0508361023622044
11
6.1446996850393703
21
-5.0444971653543309
0
LINE
8
BLACK
6
CONTINUOUS
10
6.1446996850393703
20
-5.0444971653543309
11
6.1485115748031491
21
-5.0387922834645664
0
LINE
8
BLACK
6
CONTINUOUS
10
6.1485115748031491
20
-5.0387922834645664
11
6.1533631496062995
21
-5.033940708661417
0
LINE
8
BLACK
6
CONTINUOUS
10
6.1533631496062995
20
-5.033940708661417
11
6.1590680314960631
21
-5.0301288188976381
0
LINE
8
BLACK
6
CONTINUOUS
10
6.1590680314960631
20
-5.0301288188976381
11
6.1654069685039365
21
-5.0275031496062992
0
LINE
8
BLACK
6
CONTINUOUS
10
6.1654069685039365
20
-5.0275031496062992
11
6.1721363385826766
21
-5.0261646062992122
0
LINE
8
BLACK
6
CONTINUOUS
10
6.1721363385826766
20
-5.0261646062992122
11
6.1789975196850389
21
-5.0261646062992122
0
LINE
8
BLACK
6
CONTINUOUS
10
6.1789975196850389
20
-5.0261646062992122
11
6.1857268897637798
21
-5.0275031496062992
0
LINE
8
BLACK
6
CONTINUOUS
10
6.0103385826771651
20
-4.3244094488188978
11
6.0103385826771651
21
-4.3755905511811024
0
LINE
8
BLACK
6
CONTINUOUS
10
6.0103385826771651
20
-4.3755905511811024
11
6.0101305511811018
21
-4.3777027559055117
0
LINE
8
BLACK
6
CONTINUOUS
10
6.0101305511811018
20
-4.3777027559055117
11
6.0085139370078737
21
-4.3816055905511808
0
LINE
8
BLACK
6
CONTINUOUS
10
6.0085139370078737
20
-4.3816055905511808
11
6.0071674803149602
21
-4.3832462598425197
0
LINE
8
BLACK
6
CONTINUOUS
10
6.0071674803149602
20
-4.3832462598425197
11
5.993261968503937
21
-4.3971517322834641
0
LINE
8
BLACK
6
CONTINUOUS
10
5.993261968503937
20
-4.3971517322834641
11
5.9916213385826769
21
-4.3984981889763777
0
LINE
8
BLACK
6
CONTINUOUS
10
5.9916213385826769
20
-4.3984981889763777
11
5.9877185039370078
21
-4.4001148031496058
0
LINE
8
BLACK
6
CONTINUOUS
10
5.9877185039370078
20
-4.4001148031496058
11
5.9856062992125985
21
-4.4003228346456691
0
LINE
8
BLACK
6
CONTINUOUS
10
5.9856062992125985
20
-4.4003228346456691
11
5.7990515354330707
21
-4.4003228346456691
0
LINE
8
BLACK
6
CONTINUOUS
10
5.7990515354330707
20
-4.4003228346456691
11
5.7953937007874012
21
-4.4039806299212598
0
LINE
8
BLACK
6
CONTINUOUS
10
5.7953937007874012
20
-4.4039806299212598
11
5.7953937007874012
21
-4.4714960629921263
0
LINE
8
BLACK
6
CONTINUOUS
10
5.7953937007874012
20
-4.4714960629921263
11
5.7951856692913388
21
-4.4736082283464569
0
LINE
8
BLACK
6
CONTINUOUS
10
5.7951856692913388
20
-4.4736082283464569
11
5.7935690944881886
21
-4.4775111023622047
0
LINE
8
BLACK
6
CONTINUOUS
10
5.7935690944881886
20
-4.4775111023622047
11
5.792222637795275
21
-4.4791517322834649
0
LINE
8
BLACK
6
CONTINUOUS
10
5.792222637795275
20
-4.4791517322834649
11
5.5602225984251969
21
-4.7111517322834642
0
LINE
8
BLACK
6
CONTINUOUS
10
5.5602225984251969
20
-4.7111517322834642
11
5.5585819685039368
21
-4.7124981889763777
0
LINE
8
BLACK
6
CONTINUOUS
10
5.5585819685039368
20
-4.7124981889763777
11
5.5546791338582677
21
-4.7141148031496058
0
LINE
8
BLACK
6
CONTINUOUS
10
5.5546791338582677
20
-4.7141148031496058
11
5.5525669291338584
21
-4.7143228346456691
0
LINE
8
BLACK
6
CONTINUOUS
10
5.5525669291338584
20
-4.7143228346456691
11
5.2730515354330709
21
-4.7143228346456691
0
LINE
8
BLACK
6
CONTINUOUS
10
5.2730515354330709
20
-4.7143228346456691
11
4.9262225984251966
21
-5.0611517322834647
0
LINE
8
BLACK
6
CONTINUOUS
10
4.9262225984251966
20
-5.0611517322834647
11
4.9245819685039365
21
-5.0624981889763783
0
LINE
8
BLACK
6
CONTINUOUS
10
4.9245819685039365
20
-5.0624981889763783
11
4.9206791338582674
21
-5.0641148031496064
0
LINE
8
BLACK
6
CONTINUOUS
10
4.9206791338582674
20
-5.0641148031496064
11
4.9185669291338581
21
-5.0643228346456688
0
LINE
8
BLACK
6
CONTINUOUS
10
4.9185669291338581
20
-5.0643228346456688
11
4.2161296850393697
21
-5.0643228346456688
0
LINE
8
BLACK
6
CONTINUOUS
10
4.2161296850393697
20
-5.0643228346456688
11
4.2140800393700788
21
-5.0692711417322833
0
LINE
8
BLACK
6
CONTINUOUS
10
4.2140800393700788
20
-5.0692711417322833
11
4.210435393700787
21
-5.0747257480314962
0
LINE
8
BLACK
6
CONTINUOUS
10
4.210435393700787
20
-5.0747257480314962
11
4.2057966141732281
21
-5.0793645275590551
0
LINE
8
BLACK
6
CONTINUOUS
10
4.2057966141732281
20
-5.0793645275590551
11
4.2003420078740152
21
-5.083009173228346
0
LINE
8
BLACK
6
CONTINUOUS
10
4.2003420078740152
20
-5.083009173228346
11
4.1942811811023617
21
-5.085519645669291
0
LINE
8
BLACK
6
CONTINUOUS
10
4.1942811811023617
20
-5.085519645669291
11
4.1878470472440945
21
-5.0867994881889764
0
LINE
8
BLACK
6
CONTINUOUS
10
4.1878470472440945
20
-5.0867994881889764
11
4.1812868110236217
21
-5.0867994881889764
0
LINE
8
BLACK
6
CONTINUOUS
10
4.1812868110236217
20
-5.0867994881889764
11
4.1748526771653545
21
-5.085519645669291
0
LINE
8
BLACK
6
CONTINUOUS
10
4.1748526771653545
20
-5.085519645669291
11
4.1687918503937009
21
-5.083009173228346
0
LINE
8
BLACK
6
CONTINUOUS
10
4.1687918503937009
20
-5.083009173228346
11
4.163337244094488
21
-5.0793645275590551
0
LINE
8
BLACK
6
CONTINUOUS
10
4.163337244094488
20
-5.0793645275590551
11
4.1586984645669292
21
-5.0747257480314962
0
LINE
8
BLACK
6
CONTINUOUS
10
4.1586984645669292
20
-5.0747257480314962
11
4.1550538188976374
21
-5.0692711417322833
0
LINE
8
BLACK
6
CONTINUOUS
10
4.1550538188976374
20
-5.0692711417322833
11
4.1525433464566932
21
-5.0632103149606298
0
LINE
8
BLACK
6
CONTINUOUS
10
4.1525433464566932
20
-5.0632103149606298
11
4.1512635039370078
21
-5.0567761811023617
0
LINE
8
BLACK
6
CONTINUOUS
10
4.1512635039370078
20
-5.0567761811023617
11
4.1512635039370078
21
-5.0502159448818897
0
LINE
8
BLACK
6
CONTINUOUS
10
4.1512635039370078
20
-5.0502159448818897
11
4.1525433464566932
21
-5.0437818110236217
0
LINE
8
BLACK
6
CONTINUOUS
10
4.1525433464566932
20
-5.0437818110236217
11
4.1550538188976374
21
-5.0377209842519681
0
LINE
8
BLACK
6
CONTINUOUS
10
4.1550538188976374
20
-5.0377209842519681
11
4.1586984645669292
21
-5.0322663779527561
0
LINE
8
BLACK
6
CONTINUOUS
10
4.1586984645669292
20
-5.0322663779527561
11
4.163337244094488
21
-5.0276275984251964
0
LINE
8
BLACK
6
CONTINUOUS
10
4.163337244094488
20
-5.0276275984251964
11
4.1687918503937009
21
-5.0239829527559055
0
LINE
8
BLACK
6
CONTINUOUS
10
4.1687918503937009
20
-5.0239829527559055
11
4.1748526771653545
21
-5.0214724803149604
0
LINE
8
BLACK
6
CONTINUOUS
10
4.1748526771653545
20
-5.0214724803149604
11
4.1812868110236217
21
-5.0201926377952759
0
LINE
8
BLACK
6
CONTINUOUS
10
4.1812868110236217
20
-5.0201926377952759
11
4.1878470472440945
21
-5.0201926377952759
0
LINE
8
BLACK
6
CONTINUOUS
10
4.1878470472440945
20
-5.0201926377952759
11
4.1942811811023617
21
-5.0214724803149604
0
LINE
8
BLACK
6
CONTINUOUS
10
4.1942811811023617
20
-5.0214724803149604
11
4.2003420078740152
21
-5.0239829527559055
0
LINE
8
BLACK
6
CONTINUOUS
10
4.2003420078740152
20
-5.0239829527559055
11
4.2057966141732281
21
-5.0276275984251964
0
LINE
8
BLACK
6
CONTINUOUS
10
4.2057966141732281
20
-5.0276275984251964
11
4.210435393700787
21
-5.0322663779527561
0
LINE
8
BLACK
6
CONTINUOUS
10
4.210435393700787
20
-5.0322663779527561
11
4.2140800393700788
21
-5.0377209842519681
0
LINE
8
BLACK
6
CONTINUOUS
10
4.2140800393700788
20
-5.0377209842519681
11
4.2161296850393697
21
-5.0426692913385827
0
LINE
8
BLACK
6
CONTINUOUS
10
4.2161296850393697
20
-5.0426692913385827
11
4.9140823622047245
21
-5.0426692913385827
0
LINE
8
BLACK
6
CONTINUOUS
10
4.9140823622047245
20
-5.0426692913385827
11
5.2609112598425192
21
-4.6958403543307083
0
LINE
8
BLACK
6
CONTINUOUS
10
5.2609112598425192
20
-4.6958403543307083
11
5.2625519291338581
21
-4.6944938976377948
0
LINE
8
BLACK
6
CONTINUOUS
10
5.2625519291338581
20
-4.6944938976377948
11
5.2649972834645666
21
-4.6934810236220468
0
LINE
8
BLACK
6
CONTINUOUS
10
5.2649972834645666
20
-4.6934810236220468
11
5.2664547244094484
21
-4.6928773228346454
0
LINE
8
BLACK
6
CONTINUOUS
10
5.2664547244094484
20
-4.6928773228346454
11
5.2685669291338577
21
-4.6926692913385821
0
LINE
8
BLACK
6
CONTINUOUS
10
5.2685669291338577
20
-4.6926692913385821
11
5.5480823622047239
21
-4.6926692913385821
0
LINE
8
BLACK
6
CONTINUOUS
10
5.5480823622047239
20
-4.6926692913385821
11
5.7737401574803151
21
-4.4670114566929131
0
LINE
8
BLACK
6
CONTINUOUS
10
5.7737401574803151
20
-4.4670114566929131
11
5.7737401574803151
21
-4.3994960629921263
0
LINE
8
BLACK
6
CONTINUOUS
10
5.7737401574803151
20
-4.3994960629921263
11
5.7739481889763775
21
-4.3973838582677161
0
LINE
8
BLACK
6
CONTINUOUS
10
5.7739481889763775
20
-4.3973838582677161
11
5.7755648031496065
21
-4.393481023622047
0
LINE
8
BLACK
6
CONTINUOUS
10
5.7755648031496065
20
-4.393481023622047
11
5.7769112598425192
21
-4.3918403937007877
0
LINE
8
BLACK
6
CONTINUOUS
10
5.7769112598425192
20
-4.3918403937007877
11
5.7869112204724411
21
-4.381840393700787
0
LINE
8
BLACK
6
CONTINUOUS
10
5.7869112204724411
20
-4.381840393700787
11
5.7885518897637791
21
-4.3804939370078735
0
LINE
8
BLACK
6
CONTINUOUS
10
5.7885518897637791
20
-4.3804939370078735
11
5.7924547244094491
21
-4.3788773228346454
0
LINE
8
BLACK
6
CONTINUOUS
10
5.7924547244094491
20
-4.3788773228346454
11
5.7945669291338584
21
-4.378669291338583
0
LINE
8
BLACK
6
CONTINUOUS
10
5.7945669291338584
20
-4.378669291338583
11
5.981121732283464
21
-4.378669291338583
0
LINE
8
BLACK
6
CONTINUOUS
10
5.981121732283464
20
-4.378669291338583
11
5.988685039370079
21
-4.3711059448818901
0
LINE
8
BLACK
6
CONTINUOUS
10
5.988685039370079
20
-4.3711059448818901
11
5.988685039370079
21
-4.3539370078740154
0
LINE
8
BLACK
6
CONTINUOUS
10
5.988685039370079
20
-4.3539370078740154
11
5.988685039370079
21
-4.2948818897637793
0
LINE
8
BLACK
6
CONTINUOUS
10
5.988685039370079
20
-4.2948818897637793
11
6.0103385826771651
21
-4.2948818897637793
0
LINE
8
BLACK
6
CONTINUOUS
10
6.0103385826771651
20
-4.2948818897637793
11
6.0103385826771651
21
-4.3244094488188978
0
LINE
8
BLACK
6
CONTINUOUS
10
5.7880868110236223
20
-4.3095840944881889
11
5.7907570078740154
21
-4.311125748031496
0
LINE
8
BLACK
6
CONTINUOUS
10
5.7907570078740154
20
-4.311125748031496
11
5.792937244094488
21
-4.3133059842519685
0
LINE
8
BLACK
6
CONTINUOUS
10
5.792937244094488
20
-4.3133059842519685
11
5.794478897637795
21
-4.3159761811023625
0
LINE
8
BLACK
6
CONTINUOUS
10
5.794478897637795
20
-4.3159761811023625
11
5.7952768897637794
21
-4.3189544094488186
0
LINE
8
BLACK
6
CONTINUOUS
10
5.7952768897637794
20
-4.3189544094488186
11
5.7952768897637794
21
-4.3220377165354327
0
LINE
8
BLACK
6
CONTINUOUS
10
5.7952768897637794
20
-4.3220377165354327
11
5.794478897637795
21
-4.3250159448818897
0
LINE
8
BLACK
6
CONTINUOUS
10
5.794478897637795
20
-4.3250159448818897
11
5.792937244094488
21
-4.3276861417322836
0
LINE
8
BLACK
6
CONTINUOUS
10
5.792937244094488
20
-4.3276861417322836
11
5.7907570078740154
21
-4.3298663779527562
0
LINE
8
BLACK
6
CONTINUOUS
10
5.7907570078740154
20
-4.3298663779527562
11
5.7880868110236223
21
-4.3314080314960632
0
LINE
8
BLACK
6
CONTINUOUS
10
5.7880868110236223
20
-4.3314080314960632
11
5.7879221653543302
21
-4.331452125984252
0
LINE
8
BLACK
6
CONTINUOUS
10
5.7879221653543302
20
-4.331452125984252
11
5.4602225984251964
21
-4.6591517322834646
0
LINE
8
BLACK
6
CONTINUOUS
10
5.4602225984251964
20
-4.6591517322834646
11
5.4585819685039372
21
-4.6604981889763781
0
LINE
8
BLACK
6
CONTINUOUS
10
5.4585819685039372
20
-4.6604981889763781
11
5.4546791338582672
21
-4.6621148031496062
0
LINE
8
BLACK
6
CONTINUOUS
10
5.4546791338582672
20
-4.6621148031496062
11
5.4525669291338579
21
-4.6623228346456695
0
LINE
8
BLACK
6
CONTINUOUS
10
5.4525669291338579
20
-4.6623228346456695
11
5.1650515354330704
21
-4.6623228346456695
0
LINE
8
BLACK
6
CONTINUOUS
10
5.1650515354330704
20
-4.6623228346456695
11
4.906222598425197
21
-4.9211517322834641
0
LINE
8
BLACK
6
CONTINUOUS
10
4.906222598425197
20
-4.9211517322834641
11
4.9045819685039369
21
-4.9224981889763777
0
LINE
8
BLACK
6
CONTINUOUS
10
4.9045819685039369
20
-4.9224981889763777
11
4.9006791338582678
21
-4.9241148031496058
0
LINE
8
BLACK
6
CONTINUOUS
10
4.9006791338582678
20
-4.9241148031496058
11
4.8985669291338585
21
-4.9243228346456691
0
LINE
8
BLACK
6
CONTINUOUS
10
4.8985669291338585
20
-4.9243228346456691
11
4.2290514960629917
21
-4.9243228346456691
0
LINE
8
BLACK
6
CONTINUOUS
10
4.2290514960629917
20
-4.9243228346456691
11
4.2145408267716533
21
-4.9388334645669287
0
LINE
8
BLACK
6
CONTINUOUS
10
4.2145408267716533
20
-4.9388334645669287
11
4.2165905118110238
21
-4.943781811023622
0
LINE
8
BLACK
6
CONTINUOUS
10
4.2165905118110238
20
-4.943781811023622
11
4.2178703543307083
21
-4.9502159448818892
0
LINE
8
BLACK
6
CONTINUOUS
10
4.2178703543307083
20
-4.9502159448818892
11
4.2178703543307083
21
-4.9567761811023621
0
LINE
8
BLACK
6
CONTINUOUS
10
4.2178703543307083
20
-4.9567761811023621
11
4.2165905118110238
21
-4.9632103149606301
0
LINE
8
BLACK
6
CONTINUOUS
10
4.2165905118110238
20
-4.9632103149606301
11
4.2140800393700788
21
-4.9692711417322837
0
LINE
8
BLACK
6
CONTINUOUS
10
4.2140800393700788
20
-4.9692711417322837
11
4.210435393700787
21
-4.9747257480314957
0
LINE
8
BLACK
6
CONTINUOUS
10
4.210435393700787
20
-4.9747257480314957
11
4.2057966141732281
21
-4.9793645275590546
0
LINE
8
BLACK
6
CONTINUOUS
10
4.2057966141732281
20
-4.9793645275590546
11
4.2003420078740152
21
-4.9830091732283464
0
LINE
8
BLACK
6
CONTINUOUS
10
4.2003420078740152
20
-4.9830091732283464
11
4.1942811811023617
21
-4.9855196456692914
0
LINE
8
BLACK
6
CONTINUOUS
10
4.1942811811023617
20
-4.9855196456692914
11
4.1878470472440945
21
-4.9867994881889759
0
LINE
8
BLACK
6
CONTINUOUS
10
4.1878470472440945
20
-4.9867994881889759
11
4.1812868110236217
21
-4.9867994881889759
0
LINE
8
BLACK
6
CONTINUOUS
10
4.1812868110236217
20
-4.9867994881889759
11
4.1748526771653545
21
-4.9855196456692914
0
LINE
8
BLACK
6
CONTINUOUS
10
4.1748526771653545
20
-4.9855196456692914
11
4.1687918503937009
21
-4.9830091732283464
0
LINE
8
BLACK
6
CONTINUOUS
10
4.1687918503937009
20
-4.9830091732283464
11
4.163337244094488
21
-4.9793645275590546
0
LINE
8
BLACK
6
CONTINUOUS
10
4.163337244094488
20
-4.9793645275590546
11
4.1586984645669292
21
-4.9747257480314957
0
LINE
8
BLACK
6
CONTINUOUS
10
4.1586984645669292
20
-4.9747257480314957
11
4.1550538188976374
21
-4.9692711417322837
0
LINE
8
BLACK
6
CONTINUOUS
10
4.1550538188976374
20
-4.9692711417322837
11
4.1525433464566932
21
-4.9632103149606301
0
LINE
8
BLACK
6
CONTINUOUS
10
4.1525433464566932
20
-4.9632103149606301
11
4.1512635039370078
21
-4.9567761811023621
0
LINE
8
BLACK
6
CONTINUOUS
10
4.1512635039370078
20
-4.9567761811023621
11
4.1512635039370078
21
-4.9502159448818892
0
LINE
8
BLACK
6
CONTINUOUS
10
4.1512635039370078
20
-4.9502159448818892
11
4.1525433464566932
21
-4.943781811023622
0
LINE
8
BLACK
6
CONTINUOUS
10
4.1525433464566932
20
-4.943781811023622
11
4.1550538188976374
21
-4.9377209842519685
0
LINE
8
BLACK
6
CONTINUOUS
10
4.1550538188976374
20
-4.9377209842519685
11
4.1586984645669292
21
-4.9322663779527556
0
LINE
8
BLACK
6
CONTINUOUS
10
4.1586984645669292
20
-4.9322663779527556
11
4.163337244094488
21
-4.9276275984251967
0
LINE
8
BLACK
6
CONTINUOUS
10
4.163337244094488
20
-4.9276275984251967
11
4.1687918503937009
21
-4.9239829527559058
0
LINE
8
BLACK
6
CONTINUOUS
10
4.1687918503937009
20
-4.9239829527559058
11
4.1748526771653545
21
-4.9214724803149608
0
LINE
8
BLACK
6
CONTINUOUS
10
4.1748526771653545
20
-4.9214724803149608
11
4.1812868110236217
21
-4.9201926377952754
0
LINE
8
BLACK
6
CONTINUOUS
10
4.1812868110236217
20
-4.9201926377952754
11
4.1878470472440945
21
-4.9201926377952754
0
LINE
8
BLACK
6
CONTINUOUS
10
4.1878470472440945
20
-4.9201926377952754
11
4.1942811811023617
21
-4.9214724803149608
0
LINE
8
BLACK
6
CONTINUOUS
10
4.1942811811023617
20
-4.9214724803149608
11
4.1992294881889762
21
-4.9235221259842517
0
LINE
8
BLACK
6
CONTINUOUS
10
4.1992294881889762
20
-4.9235221259842517
11
4.2169112598425196
21
-4.9058403937007871
0
LINE
8
BLACK
6
CONTINUOUS
10
4.2169112598425196
20
-4.9058403937007871
11
4.2185518897637797
21
-4.9044939370078735
0
LINE
8
BLACK
6
CONTINUOUS
10
4.2185518897637797
20
-4.9044939370078735
11
4.2224547244094488
21
-4.9028773228346454
0
LINE
8
BLACK
6
CONTINUOUS
10
4.2224547244094488
20
-4.9028773228346454
11
4.2245669291338581
21
-4.902669291338583
0
LINE
8
BLACK
6
CONTINUOUS
10
4.2245669291338581
20
-4.902669291338583
11
4.894082362204724
21
-4.902669291338583
0
LINE
8
BLACK
6
CONTINUOUS
10
4.894082362204724
20
-4.902669291338583
11
5.1529112204724408
21
-4.6438403937007875
0
LINE
8
BLACK
6
CONTINUOUS
10
5.1529112204724408
20
-4.6438403937007875
11
5.1545518897637796
21
-4.6424939370078739
0
LINE
8
BLACK
6
CONTINUOUS
10
5.1545518897637796
20
-4.6424939370078739
11
5.1584547244094487
21
-4.6408773228346458
0
LINE
8
BLACK
6
CONTINUOUS
10
5.1584547244094487
20
-4.6408773228346458
11
5.1605669291338581
21
-4.6406692913385825
0
LINE
8
BLACK
6
CONTINUOUS
10
5.1605669291338581
20
-4.6406692913385825
11
5.4480823622047243
21
-4.6406692913385825
0
LINE
8
BLACK
6
CONTINUOUS
10
5.4480823622047243
20
-4.6406692913385825
11
5.7726108267716532
21
-4.3161407874015749
0
LINE
8
BLACK
6
CONTINUOUS
10
5.7726108267716532
20
-4.3161407874015749
11
5.7726549606299216
21
-4.3159761811023625
0
LINE
8
BLACK
6
CONTINUOUS
10
5.7726549606299216
20
-4.3159761811023625
11
5.7741966141732286
21
-4.3133059842519685
0
LINE
8
BLACK
6
CONTINUOUS
10
5.7741966141732286
20
-4.3133059842519685
11
5.7763768503937003
21
-4.311125748031496
0
LINE
8
BLACK
6
CONTINUOUS
10
5.7763768503937003
20
-4.311125748031496
11
5.7790470472440942
21
-4.3095840944881889
0
LINE
8
BLACK
6
CONTINUOUS
10
5.7790470472440942
20
-4.3095840944881889
11
5.7820252755905512
21
-4.3087861023622045
0
LINE
8
BLACK
6
CONTINUOUS
10
5.7820252755905512
20
-4.3087861023622045
11
5.7851085826771653
21
-4.3087861023622045
0
LINE
8
BLACK
6
CONTINUOUS
10
5.7851085826771653
20
-4.3087861023622045
11
5.7880868110236223
21
-4.3095840944881889
0
LINE
8
BLACK
6
CONTINUOUS
10
6.2308110236220475
20
-4.3244094488188978
11
6.2308110236220475
21
-4.3864288188976381
0
LINE
8
BLACK
6
CONTINUOUS
10
6.2308110236220475
20
-4.3864288188976381
11
6.2470514960629924
21
-4.402669291338583
0
LINE
8
BLACK
6
CONTINUOUS
10
6.2470514960629924
20
-4.402669291338583
11
6.3005579527559057
21
-4.402669291338583
0
LINE
8
BLACK
6
CONTINUOUS
10
6.3005579527559057
20
-4.402669291338583
11
6.304252992125984
21
-4.3989742519685038
0
LINE
8
BLACK
6
CONTINUOUS
10
6.304252992125984
20
-4.3989742519685038
11
6.3058936220472441
21
-4.3976277952755902
0
LINE
8
BLACK
6
CONTINUOUS
10
6.3058936220472441
20
-4.3976277952755902
11
6.3061753543307084
21
-4.3975111023622047
0
LINE
8
BLACK
6
CONTINUOUS
10
6.3061753543307084
20
-4.3975111023622047
11
6.3097964566929132
21
-4.3960111811023621
0
LINE
8
BLACK
6
CONTINUOUS
10
6.3097964566929132
20
-4.3960111811023621
11
6.3119086614173225
21
-4.3958031496062988
0
LINE
8
BLACK
6
CONTINUOUS
10
6.3119086614173225
20
-4.3958031496062988
11
6.335587401574803
21
-4.3958031496062988
0
LINE
8
BLACK
6
CONTINUOUS
10
6.335587401574803
20
-4.3958031496062988
11
6.3376996062992124
21
-4.3960111811023621
0
LINE
8
BLACK
6
CONTINUOUS
10
6.3376996062992124
20
-4.3960111811023621
11
6.3416024409448815
21
-4.3976277952755902
0
LINE
8
BLACK
6
CONTINUOUS
10
6.3416024409448815
20
-4.3976277952755902
11
6.3432430708661416
21
-4.3989742519685038
0
LINE
8
BLACK
6
CONTINUOUS
10
6.3432430708661416
20
-4.3989742519685038
11
6.3849381496062989
21
-4.4406692913385823
0
LINE
8
BLACK
6
CONTINUOUS
10
6.3849381496062989
20
-4.4406692913385823
11
7.1399763779527561
21
-4.4406692913385823
0
LINE
8
BLACK
6
CONTINUOUS
10
7.1399763779527561
20
-4.4406692913385823
11
7.1420885826771654
21
-4.4408773228346456
0
LINE
8
BLACK
6
CONTINUOUS
10
7.1420885826771654
20
-4.4408773228346456
11
7.1459914173228345
21
-4.4424939370078738
0
LINE
8
BLACK
6
CONTINUOUS
10
7.1459914173228345
20
-4.4424939370078738
11
7.1476320472440946
21
-4.4438403937007873
0
LINE
8
BLACK
6
CONTINUOUS
10
7.1476320472440946
20
-4.4438403937007873
11
7.6104137007874018
21
-4.9066220472440945
0
LINE
8
BLACK
6
CONTINUOUS
10
7.6104137007874018
20
-4.9066220472440945
11
7.6620314960629923
21
-4.9066220472440945
0
LINE
8
BLACK
6
CONTINUOUS
10
7.6620314960629923
20
-4.9066220472440945
11
7.6620314960629923
21
-4.9735511811023621
0
LINE
8
BLACK
6
CONTINUOUS
10
7.6620314960629923
20
-4.9735511811023621
11
7.5951023622047247
21
-4.9735511811023621
0
LINE
8
BLACK
6
CONTINUOUS
10
7.5951023622047247
20
-4.9735511811023621
11
7.5951023622047247
21
-4.9219333858267715
0
LINE
8
BLACK
6
CONTINUOUS
10
7.5951023622047247
20
-4.9219333858267715
11
7.1354918110236216
21
-4.4623228346456694
0
LINE
8
BLACK
6
CONTINUOUS
10
7.1354918110236216
20
-4.4623228346456694
11
6.3804535433070866
21
-4.4623228346456694
0
LINE
8
BLACK
6
CONTINUOUS
10
6.3804535433070866
20
-4.4623228346456694
11
6.3783413385826773
21
-4.4621148031496061
0
LINE
8
BLACK
6
CONTINUOUS
10
6.3783413385826773
20
-4.4621148031496061
11
6.3744385039370082
21
-4.460498188976378
0
LINE
8
BLACK
6
CONTINUOUS
10
6.3744385039370082
20
-4.460498188976378
11
6.372797874015748
21
-4.4591517716535432
0
LINE
8
BLACK
6
CONTINUOUS
10
6.372797874015748
20
-4.4591517716535432
11
6.3311028346456695
21
-4.4174566929133858
0
LINE
8
BLACK
6
CONTINUOUS
10
6.3311028346456695
20
-4.4174566929133858
11
6.3163932283464561
21
-4.4174566929133858
0
LINE
8
BLACK
6
CONTINUOUS
10
6.3163932283464561
20
-4.4174566929133858
11
6.3126981889763778
21
-4.4211517322834641
0
LINE
8
BLACK
6
CONTINUOUS
10
6.3126981889763778
20
-4.4211517322834641
11
6.3110575590551177
21
-4.4224981889763777
0
LINE
8
BLACK
6
CONTINUOUS
10
6.3110575590551177
20
-4.4224981889763777
11
6.3071547244094486
21
-4.4241148031496058
0
LINE
8
BLACK
6
CONTINUOUS
10
6.3071547244094486
20
-4.4241148031496058
11
6.3050425196850393
21
-4.4243228346456691
0
LINE
8
BLACK
6
CONTINUOUS
10
6.3050425196850393
20
-4.4243228346456691
11
6.2425669291338579
21
-4.4243228346456691
0
LINE
8
BLACK
6
CONTINUOUS
10
6.2425669291338579
20
-4.4243228346456691
11
6.2404547244094486
21
-4.4241148031496058
0
LINE
8
BLACK
6
CONTINUOUS
10
6.2404547244094486
20
-4.4241148031496058
11
6.2365518897637795
21
-4.4224981889763777
0
LINE
8
BLACK
6
CONTINUOUS
10
6.2365518897637795
20
-4.4224981889763777
11
6.2349112598425194
21
-4.4211517322834641
0
LINE
8
BLACK
6
CONTINUOUS
10
6.2349112598425194
20
-4.4211517322834641
11
6.2123285826771655
21
-4.3985690551181102
0
LINE
8
BLACK
6
CONTINUOUS
10
6.2123285826771655
20
-4.3985690551181102
11
6.2109821259842519
21
-4.3969284251968501
0
LINE
8
BLACK
6
CONTINUOUS
10
6.2109821259842519
20
-4.3969284251968501
11
6.2093655118110238
21
-4.393025590551181
0
LINE
8
BLACK
6
CONTINUOUS
10
6.2093655118110238
20
-4.393025590551181
11
6.2091574803149605
21
-4.3909133858267717
0
LINE
8
BLACK
6
CONTINUOUS
10
6.2091574803149605
20
-4.3909133858267717
11
6.2091574803149605
21
-4.3539370078740154
0
LINE
8
BLACK
6
CONTINUOUS
10
6.2091574803149605
20
-4.3539370078740154
11
6.2091574803149605
21
-4.2948818897637793
0
LINE
8
BLACK
6
CONTINUOUS
10
6.2091574803149605
20
-4.2948818897637793
11
6.2308110236220475
21
-4.2948818897637793
0
LINE
8
BLACK
6
CONTINUOUS
10
6.2308110236220475
20
-4.2948818897637793
11
6.2308110236220475
21
-4.3244094488188978
0
LINE
8
BLACK
6
CONTINUOUS
10
4.1942811811023617
20
-4.8214724803149602
11
4.2003420078740152
21
-4.8239829527559053
0
LINE
8
BLACK
6
CONTINUOUS
10
4.2003420078740152
20
-4.8239829527559053
11
4.2057966141732281
21
-4.8276275984251971
0
LINE
8
BLACK
6
CONTINUOUS
10
4.2057966141732281
20
-4.8276275984251971
11
4.210435393700787
21
-4.8322663779527559
0
LINE
8
BLACK
6
CONTINUOUS
10
4.210435393700787
20
-4.8322663779527559
11
4.2140800393700788
21
-4.8377209842519688
0
LINE
8
BLACK
6
CONTINUOUS
10
4.2140800393700788
20
-4.8377209842519688
11
4.2165905118110238
21
-4.8437818110236224
0
LINE
8
BLACK
6
CONTINUOUS
10
4.2165905118110238
20
-4.8437818110236224
11
4.2178703543307083
21
-4.8502159448818896
0
LINE
8
BLACK
6
CONTINUOUS
10
4.2178703543307083
20
-4.8502159448818896
11
4.2178703543307083
21
-4.8567761811023624
0
LINE
8
BLACK
6
CONTINUOUS
10
4.2178703543307083
20
-4.8567761811023624
11
4.2165905118110238
21
-4.8632103149606296
0
LINE
8
BLACK
6
CONTINUOUS
10
4.2165905118110238
20
-4.8632103149606296
11
4.2140800393700788
21
-4.8692711417322831
0
LINE
8
BLACK
6
CONTINUOUS
10
4.2140800393700788
20
-4.8692711417322831
11
4.210435393700787
21
-4.8747257480314961
0
LINE
8
BLACK
6
CONTINUOUS
10
4.210435393700787
20
-4.8747257480314961
11
4.2057966141732281
21
-4.8793645275590549
0
LINE
8
BLACK
6
CONTINUOUS
10
4.2057966141732281
20
-4.8793645275590549
11
4.2003420078740152
21
-4.8830091732283467
0
LINE
8
BLACK
6
CONTINUOUS
10
4.2003420078740152
20
-4.8830091732283467
11
4.1942811811023617
21
-4.8855196456692909
0
LINE
8
BLACK
6
CONTINUOUS
10
4.1942811811023617
20
-4.8855196456692909
11
4.1878470472440945
21
-4.8867994881889762
0
LINE
8
BLACK
6
CONTINUOUS
10
4.1878470472440945
20
-4.8867994881889762
11
4.1812868110236217
21
-4.8867994881889762
0
LINE
8
BLACK
6
CONTINUOUS
10
4.1812868110236217
20
-4.8867994881889762
11
4.1748526771653545
21
-4.8855196456692909
0
LINE
8
BLACK
6
CONTINUOUS
10
4.1748526771653545
20
-4.8855196456692909
11
4.1687918503937009
21
-4.8830091732283467
0
LINE
8
BLACK
6
CONTINUOUS
10
4.1687918503937009
20
-4.8830091732283467
11
4.163337244094488
21
-4.8793645275590549
0
LINE
8
BLACK
6
CONTINUOUS
10
4.163337244094488
20
-4.8793645275590549
11
4.1586984645669292
21
-4.8747257480314961
0
LINE
8
BLACK
6
CONTINUOUS
10
4.1586984645669292
20
-4.8747257480314961
11
4.1550538188976374
21
-4.8692711417322831
0
LINE
8
BLACK
6
CONTINUOUS
10
4.1550538188976374
20
-4.8692711417322831
11
4.1525433464566932
21
-4.8632103149606296
0
LINE
8
BLACK
6
CONTINUOUS
10
4.1525433464566932
20
-4.8632103149606296
11
4.1512635039370078
21
-4.8567761811023624
0
LINE
8
BLACK
6
CONTINUOUS
10
4.1512635039370078
20
-4.8567761811023624
11
4.1512635039370078
21
-4.8502159448818896
0
LINE
8
BLACK
6
CONTINUOUS
10
4.1512635039370078
20
-4.8502159448818896
11
4.1525433464566932
21
-4.8437818110236224
0
LINE
8
BLACK
6
CONTINUOUS
10
4.1525433464566932
20
-4.8437818110236224
11
4.1550538188976374
21
-4.8377209842519688
0
LINE
8
BLACK
6
CONTINUOUS
10
4.1550538188976374
20
-4.8377209842519688
11
4.1586984645669292
21
-4.8322663779527559
0
LINE
8
BLACK
6
CONTINUOUS
10
4.1586984645669292
20
-4.8322663779527559
11
4.163337244094488
21
-4.8276275984251971
0
LINE
8
BLACK
6
CONTINUOUS
10
4.163337244094488
20
-4.8276275984251971
11
4.1687918503937009
21
-4.8239829527559053
0
LINE
8
BLACK
6
CONTINUOUS
10
4.1687918503937009
20
-4.8239829527559053
11
4.1748526771653545
21
-4.8214724803149602
0
LINE
8
BLACK
6
CONTINUOUS
10
4.1748526771653545
20
-4.8214724803149602
11
4.1812868110236217
21
-4.8201926377952757
0
LINE
8
BLACK
6
CONTINUOUS
10
4.1812868110236217
20
-4.8201926377952757
11
4.1878470472440945
21
-4.8201926377952757
0
LINE
8
BLACK
6
CONTINUOUS
10
4.1878470472440945
20
-4.8201926377952757
11
4.1942811811023617
21
-4.8214724803149602
0
LINE
8
BLACK
6
CONTINUOUS
10
6.2623070866141735
20
-4.3244094488188978
11
6.2623070866141735
21
-4.3599248818897633
0
LINE
8
BLACK
6
CONTINUOUS
10
6.2623070866141735
20
-4.3599248818897633
11
6.2705869291338585
21
-4.3682047244094484
0
LINE
8
BLACK
6
CONTINUOUS
10
6.2705869291338585
20
-4.3682047244094484
11
6.3470190551181105
21
-4.3682047244094484
0
LINE
8
BLACK
6
CONTINUOUS
10
6.3470190551181105
20
-4.3682047244094484
11
6.3491312598425198
21
-4.3684127559055117
0
LINE
8
BLACK
6
CONTINUOUS
10
6.3491312598425198
20
-4.3684127559055117
11
6.3530340944881889
21
-4.3700293700787398
0
LINE
8
BLACK
6
CONTINUOUS
10
6.3530340944881889
20
-4.3700293700787398
11
6.354674724409449
21
-4.3713758267716534
0
LINE
8
BLACK
6
CONTINUOUS
10
6.354674724409449
20
-4.3713758267716534
11
6.3739682283464569
21
-4.3906692913385825
0
LINE
8
BLACK
6
CONTINUOUS
10
6.3739682283464569
20
-4.3906692913385825
11
7.1899763779527559
21
-4.3906692913385825
0
LINE
8
BLACK
6
CONTINUOUS
10
7.1899763779527559
20
-4.3906692913385825
11
7.1920885826771652
21
-4.3908773228346458
0
LINE
8
BLACK
6
CONTINUOUS
10
7.1920885826771652
20
-4.3908773228346458
11
7.1959914173228343
21
-4.3924939370078739
0
LINE
8
BLACK
6
CONTINUOUS
10
7.1959914173228343
20
-4.3924939370078739
11
7.1976320472440944
21
-4.3938403937007875
0
LINE
8
BLACK
6
CONTINUOUS
10
7.1976320472440944
20
-4.3938403937007875
11
7.6139043307086611
21
-4.8101126771653542
0
LINE
8
BLACK
6
CONTINUOUS
10
7.6139043307086611
20
-4.8101126771653542
11
7.6188526771653544
21
-4.8080630314960633
0
LINE
8
BLACK
6
CONTINUOUS
10
7.6188526771653544
20
-4.8080630314960633
11
7.6252868110236216
21
-4.8067831889763779
0
LINE
8
BLACK
6
CONTINUOUS
10
7.6252868110236216
20
-4.8067831889763779
11
7.6318470472440945
21
-4.8067831889763779
0
LINE
8
BLACK
6
CONTINUOUS
10
7.6318470472440945
20
-4.8067831889763779
11
7.6382811811023616
21
-4.8080630314960633
0
LINE
8
BLACK
6
CONTINUOUS
10
7.6382811811023616
20
-4.8080630314960633
11
7.6443420078740152
21
-4.8105735039370074
0
LINE
8
BLACK
6
CONTINUOUS
10
7.6443420078740152
20
-4.8105735039370074
11
7.6497966141732281
21
-4.8142181496062992
0
LINE
8
BLACK
6
CONTINUOUS
10
7.6497966141732281
20
-4.8142181496062992
11
7.654435393700787
21
-4.8188569291338581
0
LINE
8
BLACK
6
CONTINUOUS
10
7.654435393700787
20
-4.8188569291338581
11
7.6580800393700788
21
-4.824311535433071
0
LINE
8
BLACK
6
CONTINUOUS
10
7.6580800393700788
20
-4.824311535433071
11
7.6605905118110238
21
-4.8303723622047245
0
LINE
8
BLACK
6
CONTINUOUS
10
7.6605905118110238
20
-4.8303723622047245
11
7.6618703543307083
21
-4.8368064960629917
0
LINE
8
BLACK
6
CONTINUOUS
10
7.6618703543307083
20
-4.8368064960629917
11
7.6618703543307083
21
-4.8433667322834646
0
LINE
8
BLACK
6
CONTINUOUS
10
7.6618703543307083
20
-4.8433667322834646
11
7.6605905118110238
21
-4.8498008661417318
0
LINE
8
BLACK
6
CONTINUOUS
10
7.6605905118110238
20
-4.8498008661417318
11
7.6580800393700788
21
-4.8558616929133853
0
LINE
8
BLACK
6
CONTINUOUS
10
7.6580800393700788
20
-4.8558616929133853
11
7.654435393700787
21
-4.8613162992125982
0
LINE
8
BLACK
6
CONTINUOUS
10
7.654435393700787
20
-4.8613162992125982
11
7.6497966141732281
21
-4.8659550787401571
0
LINE
8
BLACK
6
CONTINUOUS
10
7.6497966141732281
20
-4.8659550787401571
11
7.6443420078740152
21
-4.8695997244094489
0
LINE
8
BLACK
6
CONTINUOUS
10
7.6443420078740152
20
-4.8695997244094489
11
7.6382811811023616
21
-4.8721101968503939
0
LINE
8
BLACK
6
CONTINUOUS
10
7.6382811811023616
20
-4.8721101968503939
11
7.6318470472440945
21
-4.8733900393700784
0
LINE
8
BLACK
6
CONTINUOUS
10
7.6318470472440945
20
-4.8733900393700784
11
7.6252868110236216
21
-4.8733900393700784
0
LINE
8
BLACK
6
CONTINUOUS
10
7.6252868110236216
20
-4.8733900393700784
11
7.6188526771653544
21
-4.8721101968503939
0
LINE
8
BLACK
6
CONTINUOUS
10
7.6188526771653544
20
-4.8721101968503939
11
7.6127918503937009
21
-4.8695997244094489
0
LINE
8
BLACK
6
CONTINUOUS
10
7.6127918503937009
20
-4.8695997244094489
11
7.607337244094488
21
-4.8659550787401571
0
LINE
8
BLACK
6
CONTINUOUS
10
7.607337244094488
20
-4.8659550787401571
11
7.6026984645669291
21
-4.8613162992125982
0
LINE
8
BLACK
6
CONTINUOUS
10
7.6026984645669291
20
-4.8613162992125982
11
7.5990538188976373
21
-4.8558616929133853
0
LINE
8
BLACK
6
CONTINUOUS
10
7.5990538188976373
20
-4.8558616929133853
11
7.5965433464566932
21
-4.8498008661417318
0
LINE
8
BLACK
6
CONTINUOUS
10
7.5965433464566932
20
-4.8498008661417318
11
7.5952635039370078
21
-4.8433667322834646
0
LINE
8
BLACK
6
CONTINUOUS
10
7.5952635039370078
20
-4.8433667322834646
11
7.5952635039370078
21
-4.8368064960629917
0
LINE
8
BLACK
6
CONTINUOUS
10
7.5952635039370078
20
-4.8368064960629917
11
7.5965433464566932
21
-4.8303723622047245
0
LINE
8
BLACK
6
CONTINUOUS
10
7.5965433464566932
20
-4.8303723622047245
11
7.598592992125984
21
-4.8254240157480313
0
LINE
8
BLACK
6
CONTINUOUS
10
7.598592992125984
20
-4.8254240157480313
11
7.1854918110236214
21
-4.4123228346456695
0
LINE
8
BLACK
6
CONTINUOUS
10
7.1854918110236214
20
-4.4123228346456695
11
6.3694836220472437
21
-4.4123228346456695
0
LINE
8
BLACK
6
CONTINUOUS
10
6.3694836220472437
20
-4.4123228346456695
11
6.3673714173228344
21
-4.4121148031496062
0
LINE
8
BLACK
6
CONTINUOUS
10
6.3673714173228344
20
-4.4121148031496062
11
6.3634685826771653
21
-4.4104981889763781
0
LINE
8
BLACK
6
CONTINUOUS
10
6.3634685826771653
20
-4.4104981889763781
11
6.3618279133858264
21
-4.4091517322834646
0
LINE
8
BLACK
6
CONTINUOUS
10
6.3618279133858264
20
-4.4091517322834646
11
6.342534488188976
21
-4.3898582677165354
0
LINE
8
BLACK
6
CONTINUOUS
10
6.342534488188976
20
-4.3898582677165354
11
6.2661023622047241
21
-4.3898582677165354
0
LINE
8
BLACK
6
CONTINUOUS
10
6.2661023622047241
20
-4.3898582677165354
11
6.2639901574803147
21
-4.3896502362204721
0
LINE
8
BLACK
6
CONTINUOUS
10
6.2639901574803147
20
-4.3896502362204721
11
6.2600873228346456
21
-4.388033622047244
0
LINE
8
BLACK
6
CONTINUOUS
10
6.2600873228346456
20
-4.388033622047244
11
6.2584466929133855
21
-4.3866871653543305
0
LINE
8
BLACK
6
CONTINUOUS
10
6.2584466929133855
20
-4.3866871653543305
11
6.2438246456692914
21
-4.3720651181102363
0
LINE
8
BLACK
6
CONTINUOUS
10
6.2438246456692914
20
-4.3720651181102363
11
6.2424781889763779
21
-4.3704244881889762
0
LINE
8
BLACK
6
CONTINUOUS
10
6.2424781889763779
20
-4.3704244881889762
11
6.2408615748031497
21
-4.3665216535433071
0
LINE
8
BLACK
6
CONTINUOUS
10
6.2408615748031497
20
-4.3665216535433071
11
6.2406535433070864
21
-4.3644094488188978
0
LINE
8
BLACK
6
CONTINUOUS
10
6.2406535433070864
20
-4.3644094488188978
11
6.2406535433070864
21
-4.3539370078740154
0
LINE
8
BLACK
6
CONTINUOUS
10
6.2406535433070864
20
-4.3539370078740154
11
6.2406535433070864
21
-4.2948818897637793
0
LINE
8
BLACK
6
CONTINUOUS
10
6.2406535433070864
20
-4.2948818897637793
11
6.2623070866141735
21
-4.2948818897637793
0
LINE
8
BLACK
6
CONTINUOUS
10
6.2623070866141735
20
-4.2948818897637793
11
6.2623070866141735
21
-4.3244094488188978
0
LINE
8
BLACK
6
CONTINUOUS
10
7.1540314960629923
20
-4.84896062992126
11
7.0871023622047247
21
-4.84896062992126
0
LINE
8
BLACK
6
CONTINUOUS
10
7.0871023622047247
20
-4.84896062992126
11
7.0871023622047247
21
-4.7820314960629924
0
LINE
8
BLACK
6
CONTINUOUS
10
7.0871023622047247
20
-4.7820314960629924
11
7.1540314960629923
21
-4.7820314960629924
0
LINE
8
BLACK
6
CONTINUOUS
10
7.1540314960629923
20
-4.7820314960629924
11
7.1540314960629923
21
-4.84896062992126
0
LINE
8
BLACK
6
CONTINUOUS
10
6.1670868110236219
20
-4.6745840944881891
11
6.1697570078740158
21
-4.6761257480314962
0
LINE
8
BLACK
6
CONTINUOUS
10
6.1697570078740158
20
-4.6761257480314962
11
6.1719372440944884
21
-4.6783059842519688
0
LINE
8
BLACK
6
CONTINUOUS
10
6.1719372440944884
20
-4.6783059842519688
11
6.1734788976377954
21
-4.6809761811023618
0
LINE
8
BLACK
6
CONTINUOUS
10
6.1734788976377954
20
-4.6809761811023618
11
6.1735229921259842
21
-4.6811407874015751
0
LINE
8
BLACK
6
CONTINUOUS
10
6.1735229921259842
20
-4.6811407874015751
11
6.1842225984251966
21
-4.6918403543307088
0
LINE
8
BLACK
6
CONTINUOUS
10
6.1842225984251966
20
-4.6918403543307088
11
6.1855690551181102
21
-4.6934810236220468
0
LINE
8
BLACK
6
CONTINUOUS
10
6.1855690551181102
20
-4.6934810236220468
11
6.1871856692913383
21
-4.6973838582677168
0
LINE
8
BLACK
6
CONTINUOUS
10
6.1871856692913383
20
-4.6973838582677168
11
6.1873937007874016
21
-4.6994960629921261
0
LINE
8
BLACK
6
CONTINUOUS
10
6.1873937007874016
20
-4.6994960629921261
11
6.1873937007874016
21
-4.7510114566929129
0
LINE
8
BLACK
6
CONTINUOUS
10
6.1873937007874016
20
-4.7510114566929129
11
6.2410515354330709
21
-4.8046692913385822
0
LINE
8
BLACK
6
CONTINUOUS
10
6.2410515354330709
20
-4.8046692913385822
11
6.6890041732283461
21
-4.8046692913385822
0
LINE
8
BLACK
6
CONTINUOUS
10
6.6890041732283461
20
-4.8046692913385822
11
6.6910538188976378
21
-4.7997209842519686
0
LINE
8
BLACK
6
CONTINUOUS
10
6.6910538188976378
20
-4.7997209842519686
11
6.6946984645669287
21
-4.7942663779527557
0
LINE
8
BLACK
6
CONTINUOUS
10
6.6946984645669287
20
-4.7942663779527557
11
6.6993372440944876
21
-4.7896275984251968
0
LINE
8
BLACK
6
CONTINUOUS
10
6.6993372440944876
20
-4.7896275984251968
11
6.7047918503937005
21
-4.785982952755905
0
LINE
8
BLACK
6
CONTINUOUS
10
6.7047918503937005
20
-4.785982952755905
11
6.7108526771653541
21
-4.7834724803149609
0
LINE
8
BLACK
6
CONTINUOUS
10
6.7108526771653541
20
-4.7834724803149609
11
6.7172868110236221
21
-4.7821926377952755
0
LINE
8
BLACK
6
CONTINUOUS
10
6.7172868110236221
20
-4.7821926377952755
11
6.7238470472440941
21
-4.7821926377952755
0
LINE
8
BLACK
6
CONTINUOUS
10
6.7238470472440941
20
-4.7821926377952755
11
6.7302811811023622
21
-4.7834724803149609
0
LINE
8
BLACK
6
CONTINUOUS
10
6.7302811811023622
20
-4.7834724803149609
11
6.7363420078740157
21
-4.785982952755905
0
LINE
8
BLACK
6
CONTINUOUS
10
6.7363420078740157
20
-4.785982952755905
11
6.7417966141732286
21
-4.7896275984251968
0
LINE
8
BLACK
6
CONTINUOUS
10
6.7417966141732286
20
-4.7896275984251968
11
6.7464353937007875
21
-4.7942663779527557
0
LINE
8
BLACK
6
CONTINUOUS
10
6.7464353937007875
20
-4.7942663779527557
11
6.7500800393700784
21
-4.7997209842519686
0
LINE
8
BLACK
6
CONTINUOUS
10
6.7500800393700784
20
-4.7997209842519686
11
6.7525905118110234
21
-4.8057818110236221
0
LINE
8
BLACK
6
CONTINUOUS
10
6.7525905118110234
20
-4.8057818110236221
11
6.7538703543307088
21
-4.8122159448818893
0
LINE
8
BLACK
6
CONTINUOUS
10
6.7538703543307088
20
-4.8122159448818893
11
6.7538703543307088
21
-4.8187761811023622
0
LINE
8
BLACK
6
CONTINUOUS
10
6.7538703543307088
20
-4.8187761811023622
11
6.7525905118110234
21
-4.8252103149606302
0
LINE
8
BLACK
6
CONTINUOUS
10
6.7525905118110234
20
-4.8252103149606302
11
6.7500800393700784
21
-4.8312711417322838
0
LINE
8
BLACK
6
CONTINUOUS
10
6.7500800393700784
20
-4.8312711417322838
11
6.7464353937007875
21
-4.8367257480314958
0
LINE
8
BLACK
6
CONTINUOUS
10
6.7464353937007875
20
-4.8367257480314958
11
6.7417966141732286
21
-4.8413645275590547
0
LINE
8
BLACK
6
CONTINUOUS
10
6.7417966141732286
20
-4.8413645275590547
11
6.7363420078740157
21
-4.8450091732283465
0
LINE
8
BLACK
6
CONTINUOUS
10
6.7363420078740157
20
-4.8450091732283465
11
6.7302811811023622
21
-4.8475196456692915
0
LINE
8
BLACK
6
CONTINUOUS
10
6.7302811811023622
20
-4.8475196456692915
11
6.7238470472440941
21
-4.848799488188976
0
LINE
8
BLACK
6
CONTINUOUS
10
6.7238470472440941
20
-4.848799488188976
11
6.7172868110236221
21
-4.848799488188976
0
LINE
8
BLACK
6
CONTINUOUS
10
6.7172868110236221
20
-4.848799488188976
11
6.7108526771653541
21
-4.8475196456692915
0
LINE
8
BLACK
6
CONTINUOUS
10
6.7108526771653541
20
-4.8475196456692915
11
6.7047918503937005
21
-4.8450091732283465
0
LINE
8
BLACK
6
CONTINUOUS
10
6.7047918503937005
20
-4.8450091732283465
11
6.6993372440944876
21
-4.8413645275590547
0
LINE
8
BLACK
6
CONTINUOUS
10
6.6993372440944876
20
-4.8413645275590547
11
6.6946984645669287
21
-4.8367257480314958
0
LINE
8
BLACK
6
CONTINUOUS
10
6.6946984645669287
20
-4.8367257480314958
11
6.6910538188976378
21
-4.8312711417322838
0
LINE
8
BLACK
6
CONTINUOUS
10
6.6910538188976378
20
-4.8312711417322838
11
6.6890041732283461
21
-4.8263228346456692
0
LINE
8
BLACK
6
CONTINUOUS
10
6.6890041732283461
20
-4.8263228346456692
11
6.2365669291338577
21
-4.8263228346456692
0
LINE
8
BLACK
6
CONTINUOUS
10
6.2365669291338577
20
-4.8263228346456692
11
6.2344547244094484
21
-4.8261148031496059
0
LINE
8
BLACK
6
CONTINUOUS
10
6.2344547244094484
20
-4.8261148031496059
11
6.2305518897637793
21
-4.8244981889763778
0
LINE
8
BLACK
6
CONTINUOUS
10
6.2305518897637793
20
-4.8244981889763778
11
6.2289112204724404
21
-4.8231517322834643
0
LINE
8
BLACK
6
CONTINUOUS
10
6.2289112204724404
20
-4.8231517322834643
11
6.1689112598425195
21
-4.7631517322834647
0
LINE
8
BLACK
6
CONTINUOUS
10
6.1689112598425195
20
-4.7631517322834647
11
6.167564803149606
21
-4.7615111023622045
0
LINE
8
BLACK
6
CONTINUOUS
10
6.167564803149606
20
-4.7615111023622045
11
6.1659481889763779
21
-4.7576082677165354
0
LINE
8
BLACK
6
CONTINUOUS
10
6.1659481889763779
20
-4.7576082677165354
11
6.1657401574803146
21
-4.7554960629921261
0
LINE
8
BLACK
6
CONTINUOUS
10
6.1657401574803146
20
-4.7554960629921261
11
6.1657401574803146
21
-4.7039806299212596
0
LINE
8
BLACK
6
CONTINUOUS
10
6.1657401574803146
20
-4.7039806299212596
11
6.1582116535433071
21
-4.6964521259842522
0
LINE
8
BLACK
6
CONTINUOUS
10
6.1582116535433071
20
-4.6964521259842522
11
6.1580470472440947
21
-4.6964080314960626
0
LINE
8
BLACK
6
CONTINUOUS
10
6.1580470472440947
20
-4.6964080314960626
11
6.1553768503937007
21
-4.6948663779527555
0
LINE
8
BLACK
6
CONTINUOUS
10
6.1553768503937007
20
-4.6948663779527555
11
6.1531966141732282
21
-4.6926861417322829
0
LINE
8
BLACK
6
CONTINUOUS
10
6.1531966141732282
20
-4.6926861417322829
11
6.1516549606299211
21
-4.6900159448818899
0
LINE
8
BLACK
6
CONTINUOUS
10
6.1516549606299211
20
-4.6900159448818899
11
6.1508569685039367
21
-4.6870377165354329
0
LINE
8
BLACK
6
CONTINUOUS
10
6.1508569685039367
20
-4.6870377165354329
11
6.1508569685039367
21
-4.6839544094488188
0
LINE
8
BLACK
6
CONTINUOUS
10
6.1508569685039367
20
-4.6839544094488188
11
6.1516549606299211
21
-4.6809761811023618
0
LINE
8
BLACK
6
CONTINUOUS
10
6.1516549606299211
20
-4.6809761811023618
11
6.1531966141732282
21
-4.6783059842519688
0
LINE
8
BLACK
6
CONTINUOUS
10
6.1531966141732282
20
-4.6783059842519688
11
6.1553768503937007
21
-4.6761257480314962
0
LINE
8
BLACK
6
CONTINUOUS
10
6.1553768503937007
20
-4.6761257480314962
11
6.1580470472440947
21
-4.6745840944881891
0
LINE
8
BLACK
6
CONTINUOUS
10
6.1580470472440947
20
-4.6745840944881891
11
6.1610252755905508
21
-4.6737861023622047
0
LINE
8
BLACK
6
CONTINUOUS
10
6.1610252755905508
20
-4.6737861023622047
11
6.1641085826771649
21
-4.6737861023622047
0
LINE
8
BLACK
6
CONTINUOUS
10
6.1641085826771649
20
-4.6737861023622047
11
6.1670868110236219
21
-4.6745840944881891
0
LINE
8
BLACK
6
CONTINUOUS
10
6.1930868110236217
20
-4.6225840944881886
11
6.1932343700787404
21
-4.6226692913385827
0
LINE
8
BLACK
6
CONTINUOUS
10
6.1932343700787404
20
-4.6226692913385827
11
6.6385669291338578
21
-4.6226692913385827
0
LINE
8
BLACK
6
CONTINUOUS
10
6.6385669291338578
20
-4.6226692913385827
11
6.6406791338582671
21
-4.6228773228346451
0
LINE
8
BLACK
6
CONTINUOUS
10
6.6406791338582671
20
-4.6228773228346451
11
6.6445819685039371
21
-4.6244939370078741
0
LINE
8
BLACK
6
CONTINUOUS
10
6.6445819685039371
20
-4.6244939370078741
11
6.6462225984251964
21
-4.6258403937007877
0
LINE
8
BLACK
6
CONTINUOUS
10
6.6462225984251964
20
-4.6258403937007877
11
6.8059043700787401
21
-4.7855221259842518
0
LINE
8
BLACK
6
CONTINUOUS
10
6.8059043700787401
20
-4.7855221259842518
11
6.8108526771653546
21
-4.7834724803149609
0
LINE
8
BLACK
6
CONTINUOUS
10
6.8108526771653546
20
-4.7834724803149609
11
6.8172868110236218
21
-4.7821926377952755
0
LINE
8
BLACK
6
CONTINUOUS
10
6.8172868110236218
20
-4.7821926377952755
11
6.8238470472440946
21
-4.7821926377952755
0
LINE
8
BLACK
6
CONTINUOUS
10
6.8238470472440946
20
-4.7821926377952755
11
6.8302811811023618
21
-4.7834724803149609
0
LINE
8
BLACK
6
CONTINUOUS
10
6.8302811811023618
20
-4.7834724803149609
11
6.8363420078740154
21
-4.785982952755905
0
LINE
8
BLACK
6
CONTINUOUS
10
6.8363420078740154
20
-4.785982952755905
11
6.8417966141732283
21
-4.7896275984251968
0
LINE
8
BLACK
6
CONTINUOUS
10
6.8417966141732283
20
-4.7896275984251968
11
6.8464353937007871
21
-4.7942663779527557
0
LINE
8
BLACK
6
CONTINUOUS
10
6.8464353937007871
20
-4.7942663779527557
11
6.8500800393700789
21
-4.7997209842519686
0
LINE
8
BLACK
6
CONTINUOUS
10
6.8500800393700789
20
-4.7997209842519686
11
6.8525905118110231
21
-4.8057818110236221
0
LINE
8
BLACK
6
CONTINUOUS
10
6.8525905118110231
20
-4.8057818110236221
11
6.8538703543307085
21
-4.8122159448818893
0
LINE
8
BLACK
6
CONTINUOUS
10
6.8538703543307085
20
-4.8122159448818893
11
6.8538703543307085
21
-4.8187761811023622
0
LINE
8
BLACK
6
CONTINUOUS
10
6.8538703543307085
20
-4.8187761811023622
11
6.8525905118110231
21
-4.8252103149606302
0
LINE
8
BLACK
6
CONTINUOUS
10
6.8525905118110231
20
-4.8252103149606302
11
6.8500800393700789
21
-4.8312711417322838
0
LINE
8
BLACK
6
CONTINUOUS
10
6.8500800393700789
20
-4.8312711417322838
11
6.8464353937007871
21
-4.8367257480314958
0
LINE
8
BLACK
6
CONTINUOUS
10
6.8464353937007871
20
-4.8367257480314958
11
6.8417966141732283
21
-4.8413645275590547
0
LINE
8
BLACK
6
CONTINUOUS
10
6.8417966141732283
20
-4.8413645275590547
11
6.8363420078740154
21
-4.8450091732283465
0
LINE
8
BLACK
6
CONTINUOUS
10
6.8363420078740154
20
-4.8450091732283465
11
6.8302811811023618
21
-4.8475196456692915
0
LINE
8
BLACK
6
CONTINUOUS
10
6.8302811811023618
20
-4.8475196456692915
11
6.8238470472440946
21
-4.848799488188976
0
LINE
8
BLACK
6
CONTINUOUS
10
6.8238470472440946
20
-4.848799488188976
11
6.8172868110236218
21
-4.848799488188976
0
LINE
8
BLACK
6
CONTINUOUS
10
6.8172868110236218
20
-4.848799488188976
11
6.8108526771653546
21
-4.8475196456692915
0
LINE
8
BLACK
6
CONTINUOUS
10
6.8108526771653546
20
-4.8475196456692915
11
6.804791850393701
21
-4.8450091732283465
0
LINE
8
BLACK
6
CONTINUOUS
10
6.804791850393701
20
-4.8450091732283465
11
6.7993372440944881
21
-4.8413645275590547
0
LINE
8
BLACK
6
CONTINUOUS
10
6.7993372440944881
20
-4.8413645275590547
11
6.7946984645669293
21
-4.8367257480314958
0
LINE
8
BLACK
6
CONTINUOUS
10
6.7946984645669293
20
-4.8367257480314958
11
6.7910538188976375
21
-4.8312711417322838
0
LINE
8
BLACK
6
CONTINUOUS
10
6.7910538188976375
20
-4.8312711417322838
11
6.7885433464566924
21
-4.8252103149606302
0
LINE
8
BLACK
6
CONTINUOUS
10
6.7885433464566924
20
-4.8252103149606302
11
6.7872635039370079
21
-4.8187761811023622
0
LINE
8
BLACK
6
CONTINUOUS
10
6.7872635039370079
20
-4.8187761811023622
11
6.7872635039370079
21
-4.8122159448818893
0
LINE
8
BLACK
6
CONTINUOUS
10
6.7872635039370079
20
-4.8122159448818893
11
6.7885433464566924
21
-4.8057818110236221
0
LINE
8
BLACK
6
CONTINUOUS
10
6.7885433464566924
20
-4.8057818110236221
11
6.7905929921259842
21
-4.8008335039370076
0
LINE
8
BLACK
6
CONTINUOUS
10
6.7905929921259842
20
-4.8008335039370076
11
6.6340823622047242
21
-4.6443228346456689
0
LINE
8
BLACK
6
CONTINUOUS
10
6.6340823622047242
20
-4.6443228346456689
11
6.1932343700787404
21
-4.6443228346456689
0
LINE
8
BLACK
6
CONTINUOUS
10
6.1932343700787404
20
-4.6443228346456689
11
6.1930868110236217
21
-4.644408031496063
0
LINE
8
BLACK
6
CONTINUOUS
10
6.1930868110236217
20
-4.644408031496063
11
6.1901085826771656
21
-4.6452060236220474
0
LINE
8
BLACK
6
CONTINUOUS
10
6.1901085826771656
20
-4.6452060236220474
11
6.1870252755905506
21
-4.6452060236220474
0
LINE
8
BLACK
6
CONTINUOUS
10
6.1870252755905506
20
-4.6452060236220474
11
6.1840470472440945
21
-4.644408031496063
0
LINE
8
BLACK
6
CONTINUOUS
10
6.1840470472440945
20
-4.644408031496063
11
6.1813768503937006
21
-4.6428663779527559
0
LINE
8
BLACK
6
CONTINUOUS
10
6.1813768503937006
20
-4.6428663779527559
11
6.179196614173228
21
-4.6406861417322833
0
LINE
8
BLACK
6
CONTINUOUS
10
6.179196614173228
20
-4.6406861417322833
11
6.1776549606299209
21
-4.6380159448818894
0
LINE
8
BLACK
6
CONTINUOUS
10
6.1776549606299209
20
-4.6380159448818894
11
6.1768569685039365
21
-4.6350377165354333
0
LINE
8
BLACK
6
CONTINUOUS
10
6.1768569685039365
20
-4.6350377165354333
11
6.1768569685039365
21
-4.6319544094488192
0
LINE
8
BLACK
6
CONTINUOUS
10
6.1768569685039365
20
-4.6319544094488192
11
6.1776549606299209
21
-4.6289761811023622
0
LINE
8
BLACK
6
CONTINUOUS
10
6.1776549606299209
20
-4.6289761811023622
11
6.179196614173228
21
-4.6263059842519683
0
LINE
8
BLACK
6
CONTINUOUS
10
6.179196614173228
20
-4.6263059842519683
11
6.1813768503937006
21
-4.6241257480314957
0
LINE
8
BLACK
6
CONTINUOUS
10
6.1813768503937006
20
-4.6241257480314957
11
6.1840470472440945
21
-4.6225840944881886
0
LINE
8
BLACK
6
CONTINUOUS
10
6.1840470472440945
20
-4.6225840944881886
11
6.1870252755905506
21
-4.6217861023622042
0
LINE
8
BLACK
6
CONTINUOUS
10
6.1870252755905506
20
-4.6217861023622042
11
6.1901085826771656
21
-4.6217861023622042
0
LINE
8
BLACK
6
CONTINUOUS
10
6.1901085826771656
20
-4.6217861023622042
11
6.1930868110236217
21
-4.6225840944881886
0
LINE
8
BLACK
6
CONTINUOUS
10
6.9302811811023624
20
-4.7834724803149609
11
6.9363420078740159
21
-4.785982952755905
0
LINE
8
BLACK
6
CONTINUOUS
10
6.9363420078740159
20
-4.785982952755905
11
6.9417966141732279
21
-4.7896275984251968
0
LINE
8
BLACK
6
CONTINUOUS
10
6.9417966141732279
20
-4.7896275984251968
11
6.9464353937007877
21
-4.7942663779527557
0
LINE
8
BLACK
6
CONTINUOUS
10
6.9464353937007877
20
-4.7942663779527557
11
6.9500800393700786
21
-4.7997209842519686
0
LINE
8
BLACK
6
CONTINUOUS
10
6.9500800393700786
20
-4.7997209842519686
11
6.9525905118110236
21
-4.8057818110236221
0
LINE
8
BLACK
6
CONTINUOUS
10
6.9525905118110236
20
-4.8057818110236221
11
6.9538703543307081
21
-4.8122159448818893
0
LINE
8
BLACK
6
CONTINUOUS
10
6.9538703543307081
20
-4.8122159448818893
11
6.9538703543307081
21
-4.8187761811023622
0
LINE
8
BLACK
6
CONTINUOUS
10
6.9538703543307081
20
-4.8187761811023622
11
6.9525905118110236
21
-4.8252103149606302
0
LINE
8
BLACK
6
CONTINUOUS
10
6.9525905118110236
20
-4.8252103149606302
11
6.9500800393700786
21
-4.8312711417322838
0
LINE
8
BLACK
6
CONTINUOUS
10
6.9500800393700786
20
-4.8312711417322838
11
6.9464353937007877
21
-4.8367257480314958
0
LINE
8
BLACK
6
CONTINUOUS
10
6.9464353937007877
20
-4.8367257480314958
11
6.9417966141732279
21
-4.8413645275590547
0
LINE
8
BLACK
6
CONTINUOUS
10
6.9417966141732279
20
-4.8413645275590547
11
6.9363420078740159
21
-4.8450091732283465
0
LINE
8
BLACK
6
CONTINUOUS
10
6.9363420078740159
20
-4.8450091732283465
11
6.9302811811023624
21
-4.8475196456692915
0
LINE
8
BLACK
6
CONTINUOUS
10
6.9302811811023624
20
-4.8475196456692915
11
6.9238470472440943
21
-4.848799488188976
0
LINE
8
BLACK
6
CONTINUOUS
10
6.9238470472440943
20
-4.848799488188976
11
6.9172868110236223
21
-4.848799488188976
0
LINE
8
BLACK
6
CONTINUOUS
10
6.9172868110236223
20
-4.848799488188976
11
6.9108526771653542
21
-4.8475196456692915
0
LINE
8
BLACK
6
CONTINUOUS
10
6.9108526771653542
20
-4.8475196456692915
11
6.9047918503937007
21
-4.8450091732283465
0
LINE
8
BLACK
6
CONTINUOUS
10
6.9047918503937007
20
-4.8450091732283465
11
6.8993372440944878
21
-4.8413645275590547
0
LINE
8
BLACK
6
CONTINUOUS
10
6.8993372440944878
20
-4.8413645275590547
11
6.8946984645669289
21
-4.8367257480314958
0
LINE
8
BLACK
6
CONTINUOUS
10
6.8946984645669289
20
-4.8367257480314958
11
6.891053818897638
21
-4.8312711417322838
0
LINE
8
BLACK
6
CONTINUOUS
10
6.891053818897638
20
-4.8312711417322838
11
6.888543346456693
21
-4.8252103149606302
0
LINE
8
BLACK
6
CONTINUOUS
10
6.888543346456693
20
-4.8252103149606302
11
6.8872635039370076
21
-4.8187761811023622
0
LINE
8
BLACK
6
CONTINUOUS
10
6.8872635039370076
20
-4.8187761811023622
11
6.8872635039370076
21
-4.8122159448818893
0
LINE
8
BLACK
6
CONTINUOUS
10
6.8872635039370076
20
-4.8122159448818893
11
6.888543346456693
21
-4.8057818110236221
0
LINE
8
BLACK
6
CONTINUOUS
10
6.888543346456693
20
-4.8057818110236221
11
6.891053818897638
21
-4.7997209842519686
0
LINE
8
BLACK
6
CONTINUOUS
10
6.891053818897638
20
-4.7997209842519686
11
6.8946984645669289
21
-4.7942663779527557
0
LINE
8
BLACK
6
CONTINUOUS
10
6.8946984645669289
20
-4.7942663779527557
11
6.8993372440944878
21
-4.7896275984251968
0
LINE
8
BLACK
6
CONTINUOUS
10
6.8993372440944878
20
-4.7896275984251968
11
6.9047918503937007
21
-4.785982952755905
0
LINE
8
BLACK
6
CONTINUOUS
10
6.9047918503937007
20
-4.785982952755905
11
6.9108526771653542
21
-4.7834724803149609
0
LINE
8
BLACK
6
CONTINUOUS
10
6.9108526771653542
20
-4.7834724803149609
11
6.9172868110236223
21
-4.7821926377952755
0
LINE
8
BLACK
6
CONTINUOUS
10
6.9172868110236223
20
-4.7821926377952755
11
6.9238470472440943
21
-4.7821926377952755
0
LINE
8
BLACK
6
CONTINUOUS
10
6.9238470472440943
20
-4.7821926377952755
11
6.9302811811023624
21
-4.7834724803149609
0
LINE
8
BLACK
6
CONTINUOUS
10
7.030281181102362
20
-4.7834724803149609
11
7.0363420078740155
21
-4.785982952755905
0
LINE
8
BLACK
6
CONTINUOUS
10
7.0363420078740155
20
-4.785982952755905
11
7.0417966141732284
21
-4.7896275984251968
0
LINE
8
BLACK
6
CONTINUOUS
10
7.0417966141732284
20
-4.7896275984251968
11
7.0464353937007873
21
-4.7942663779527557
0
LINE
8
BLACK
6
CONTINUOUS
10
7.0464353937007873
20
-4.7942663779527557
11
7.0500800393700782
21
-4.7997209842519686
0
LINE
8
BLACK
6
CONTINUOUS
10
7.0500800393700782
20
-4.7997209842519686
11
7.0525905118110233
21
-4.8057818110236221
0
LINE
8
BLACK
6
CONTINUOUS
10
7.0525905118110233
20
-4.8057818110236221
11
7.0538703543307086
21
-4.8122159448818893
0
LINE
8
BLACK
6
CONTINUOUS
10
7.0538703543307086
20
-4.8122159448818893
11
7.0538703543307086
21
-4.8187761811023622
0
LINE
8
BLACK
6
CONTINUOUS
10
7.0538703543307086
20
-4.8187761811023622
11
7.0525905118110233
21
-4.8252103149606302
0
LINE
8
BLACK
6
CONTINUOUS
10
7.0525905118110233
20
-4.8252103149606302
11
7.0500800393700782
21
-4.8312711417322838
0
LINE
8
BLACK
6
CONTINUOUS
10
7.0500800393700782
20
-4.8312711417322838
11
7.0464353937007873
21
-4.8367257480314958
0
LINE
8
BLACK
6
CONTINUOUS
10
7.0464353937007873
20
-4.8367257480314958
11
7.0417966141732284
21
-4.8413645275590547
0
LINE
8
BLACK
6
CONTINUOUS
10
7.0417966141732284
20
-4.8413645275590547
11
7.0363420078740155
21
-4.8450091732283465
0
LINE
8
BLACK
6
CONTINUOUS
10
7.0363420078740155
20
-4.8450091732283465
11
7.030281181102362
21
-4.8475196456692915
0
LINE
8
BLACK
6
CONTINUOUS
10
7.030281181102362
20
-4.8475196456692915
11
7.0238470472440939
21
-4.848799488188976
0
LINE
8
BLACK
6
CONTINUOUS
10
7.0238470472440939
20
-4.848799488188976
11
7.017286811023622
21
-4.848799488188976
0
LINE
8
BLACK
6
CONTINUOUS
10
7.017286811023622
20
-4.848799488188976
11
7.0108526771653539
21
-4.8475196456692915
0
LINE
8
BLACK
6
CONTINUOUS
10
7.0108526771653539
20
-4.8475196456692915
11
7.0047918503937003
21
-4.8450091732283465
0
LINE
8
BLACK
6
CONTINUOUS
10
7.0047918503937003
20
-4.8450091732283465
11
6.9993372440944883
21
-4.8413645275590547
0
LINE
8
BLACK
6
CONTINUOUS
10
6.9993372440944883
20
-4.8413645275590547
11
6.9946984645669286
21
-4.8367257480314958
0
LINE
8
BLACK
6
CONTINUOUS
10
6.9946984645669286
20
-4.8367257480314958
11
6.9910538188976377
21
-4.8312711417322838
0
LINE
8
BLACK
6
CONTINUOUS
10
6.9910538188976377
20
-4.8312711417322838
11
6.9885433464566926
21
-4.8252103149606302
0
LINE
8
BLACK
6
CONTINUOUS
10
6.9885433464566926
20
-4.8252103149606302
11
6.9872635039370081
21
-4.8187761811023622
0
LINE
8
BLACK
6
CONTINUOUS
10
6.9872635039370081
20
-4.8187761811023622
11
6.9872635039370081
21
-4.8122159448818893
0
LINE
8
BLACK
6
CONTINUOUS
10
6.9872635039370081
20
-4.8122159448818893
11
6.9885433464566926
21
-4.8057818110236221
0
LINE
8
BLACK
6
CONTINUOUS
10
6.9885433464566926
20
-4.8057818110236221
11
6.9910538188976377
21
-4.7997209842519686
0
LINE
8
BLACK
6
CONTINUOUS
10
6.9910538188976377
20
-4.7997209842519686
11
6.9946984645669286
21
-4.7942663779527557
0
LINE
8
BLACK
6
CONTINUOUS
10
6.9946984645669286
20
-4.7942663779527557
11
6.9993372440944883
21
-4.7896275984251968
0
LINE
8
BLACK
6
CONTINUOUS
10
6.9993372440944883
20
-4.7896275984251968
11
7.0047918503937003
21
-4.785982952755905
0
LINE
8
BLACK
6
CONTINUOUS
10
7.0047918503937003
20
-4.785982952755905
11
7.0108526771653539
21
-4.7834724803149609
0
LINE
8
BLACK
6
CONTINUOUS
10
7.0108526771653539
20
-4.7834724803149609
11
7.017286811023622
21
-4.7821926377952755
0
LINE
8
BLACK
6
CONTINUOUS
10
7.017286811023622
20
-4.7821926377952755
11
7.0238470472440939
21
-4.7821926377952755
0
LINE
8
BLACK
6
CONTINUOUS
10
7.0238470472440939
20
-4.7821926377952755
11
7.030281181102362
21
-4.7834724803149609
0
LINE
8
BLACK
6
CONTINUOUS
10
4.2180314960629923
20
-4.7869606299212597
11
4.1511023622047247
21
-4.7869606299212597
0
LINE
8
BLACK
6
CONTINUOUS
10
4.1511023622047247
20
-4.7869606299212597
11
4.1511023622047247
21
-4.7200314960629921
0
LINE
8
BLACK
6
CONTINUOUS
10
4.1511023622047247
20
-4.7200314960629921
11
4.2180314960629923
21
-4.7200314960629921
0
LINE
8
BLACK
6
CONTINUOUS
10
4.2180314960629923
20
-4.7200314960629921
11
4.2180314960629923
21
-4.7869606299212597
0
LINE
8
BLACK
6
CONTINUOUS
10
6.347937007874016
20
-4.2466535433070867
11
6.3585511811023618
21
-4.2466535433070867
0
LINE
8
BLACK
6
CONTINUOUS
10
6.3585511811023618
20
-4.2466535433070867
11
6.3606633858267712
21
-4.2468615748031491
0
LINE
8
BLACK
6
CONTINUOUS
10
6.3606633858267712
20
-4.2468615748031491
11
6.3645662204724411
21
-4.2484781889763781
0
LINE
8
BLACK
6
CONTINUOUS
10
6.3645662204724411
20
-4.2484781889763781
11
6.3662068503937004
21
-4.2498246456692916
0
LINE
8
BLACK
6
CONTINUOUS
10
6.3662068503937004
20
-4.2498246456692916
11
6.4290515354330706
21
-4.3126692913385822
0
LINE
8
BLACK
6
CONTINUOUS
10
6.4290515354330706
20
-4.3126692913385822
11
7.2405669291338581
21
-4.3126692913385822
0
LINE
8
BLACK
6
CONTINUOUS
10
7.2405669291338581
20
-4.3126692913385822
11
7.2426791338582674
21
-4.3128773228346455
0
LINE
8
BLACK
6
CONTINUOUS
10
7.2426791338582674
20
-4.3128773228346455
11
7.2465819685039365
21
-4.3144939370078736
0
LINE
8
BLACK
6
CONTINUOUS
10
7.2465819685039365
20
-4.3144939370078736
11
7.2482225984251967
21
-4.3158403937007872
0
LINE
8
BLACK
6
CONTINUOUS
10
7.2482225984251967
20
-4.3158403937007872
11
7.5322225984251965
21
-4.599840393700787
0
LINE
8
BLACK
6
CONTINUOUS
10
7.5322225984251965
20
-4.599840393700787
11
7.53356905511811
21
-4.6014810236220471
0
LINE
8
BLACK
6
CONTINUOUS
10
7.53356905511811
20
-4.6014810236220471
11
7.5351856692913382
21
-4.6053838582677162
0
LINE
8
BLACK
6
CONTINUOUS
10
7.5351856692913382
20
-4.6053838582677162
11
7.5353937007874014
21
-4.6074960629921256
0
LINE
8
BLACK
6
CONTINUOUS
10
7.5353937007874014
20
-4.6074960629921256
11
7.5353937007874014
21
-4.627496062992126
0
LINE
8
BLACK
6
CONTINUOUS
10
7.5353937007874014
20
-4.627496062992126
11
7.5353937007874014
21
-4.6316020078740152
0
LINE
8
BLACK
6
CONTINUOUS
10
7.5353937007874014
20
-4.6316020078740152
11
7.6139043307086611
21
-4.7101126771653545
0
LINE
8
BLACK
6
CONTINUOUS
10
7.6139043307086611
20
-4.7101126771653545
11
7.6188526771653544
21
-4.7080630314960628
0
LINE
8
BLACK
6
CONTINUOUS
10
7.6188526771653544
20
-4.7080630314960628
11
7.6252868110236216
21
-4.7067831889763783
0
LINE
8
BLACK
6
CONTINUOUS
10
7.6252868110236216
20
-4.7067831889763783
11
7.6318470472440945
21
-4.7067831889763783
0
LINE
8
BLACK
6
CONTINUOUS
10
7.6318470472440945
20
-4.7067831889763783
11
7.6382811811023616
21
-4.7080630314960628
0
LINE
8
BLACK
6
CONTINUOUS
10
7.6382811811023616
20
-4.7080630314960628
11
7.6443420078740152
21
-4.7105735039370078
0
LINE
8
BLACK
6
CONTINUOUS
10
7.6443420078740152
20
-4.7105735039370078
11
7.6497966141732281
21
-4.7142181496062987
0
LINE
8
BLACK
6
CONTINUOUS
10
7.6497966141732281
20
-4.7142181496062987
11
7.654435393700787
21
-4.7188569291338585
0
LINE
8
BLACK
6
CONTINUOUS
10
7.654435393700787
20
-4.7188569291338585
11
7.6580800393700788
21
-4.7243115354330705
0
LINE
8
BLACK
6
CONTINUOUS
10
7.6580800393700788
20
-4.7243115354330705
11
7.6605905118110238
21
-4.730372362204724
0
LINE
8
BLACK
6
CONTINUOUS
10
7.6605905118110238
20
-4.730372362204724
11
7.6618703543307083
21
-4.7368064960629921
0
LINE
8
BLACK
6
CONTINUOUS
10
7.6618703543307083
20
-4.7368064960629921
11
7.6618703543307083
21
-4.7433667322834641
0
LINE
8
BLACK
6
CONTINUOUS
10
7.6618703543307083
20
-4.7433667322834641
11
7.6605905118110238
21
-4.7498008661417321
0
LINE
8
BLACK
6
CONTINUOUS
10
7.6605905118110238
20
-4.7498008661417321
11
7.6580800393700788
21
-4.7558616929133857
0
LINE
8
BLACK
6
CONTINUOUS
10
7.6580800393700788
20
-4.7558616929133857
11
7.654435393700787
21
-4.7613162992125986
0
LINE
8
BLACK
6
CONTINUOUS
10
7.654435393700787
20
-4.7613162992125986
11
7.6497966141732281
21
-4.7659550787401574
0
LINE
8
BLACK
6
CONTINUOUS
10
7.6497966141732281
20
-4.7659550787401574
11
7.6443420078740152
21
-4.7695997244094483
0
LINE
8
BLACK
6
CONTINUOUS
10
7.6443420078740152
20
-4.7695997244094483
11
7.6382811811023616
21
-4.7721101968503934
0
LINE
8
BLACK
6
CONTINUOUS
10
7.6382811811023616
20
-4.7721101968503934
11
7.6318470472440945
21
-4.7733900393700788
0
LINE
8
BLACK
6
CONTINUOUS
10
7.6318470472440945
20
-4.7733900393700788
11
7.6252868110236216
21
-4.7733900393700788
0
LINE
8
BLACK
6
CONTINUOUS
10
7.6252868110236216
20
-4.7733900393700788
11
7.6188526771653544
21
-4.7721101968503934
0
LINE
8
BLACK
6
CONTINUOUS
10
7.6188526771653544
20
-4.7721101968503934
11
7.6127918503937009
21
-4.7695997244094483
0
LINE
8
BLACK
6
CONTINUOUS
10
7.6127918503937009
20
-4.7695997244094483
11
7.607337244094488
21
-4.7659550787401574
0
LINE
8
BLACK
6
CONTINUOUS
10
7.607337244094488
20
-4.7659550787401574
11
7.6026984645669291
21
-4.7613162992125986
0
LINE
8
BLACK
6
CONTINUOUS
10
7.6026984645669291
20
-4.7613162992125986
11
7.5990538188976373
21
-4.7558616929133857
0
LINE
8
BLACK
6
CONTINUOUS
10
7.5990538188976373
20
-4.7558616929133857
11
7.5965433464566932
21
-4.7498008661417321
0
LINE
8
BLACK
6
CONTINUOUS
10
7.5965433464566932
20
-4.7498008661417321
11
7.5952635039370078
21
-4.7433667322834641
0
LINE
8
BLACK
6
CONTINUOUS
10
7.5952635039370078
20
-4.7433667322834641
11
7.5952635039370078
21
-4.7368064960629921
0
LINE
8
BLACK
6
CONTINUOUS
10
7.5952635039370078
20
-4.7368064960629921
11
7.5965433464566932
21
-4.730372362204724
0
LINE
8
BLACK
6
CONTINUOUS
10
7.5965433464566932
20
-4.730372362204724
11
7.598592992125984
21
-4.7254240157480316
0
LINE
8
BLACK
6
CONTINUOUS
10
7.598592992125984
20
-4.7254240157480316
11
7.5169112598425194
21
-4.643742283464567
0
LINE
8
BLACK
6
CONTINUOUS
10
7.5169112598425194
20
-4.643742283464567
11
7.5155648031496058
21
-4.6421016535433068
0
LINE
8
BLACK
6
CONTINUOUS
10
7.5155648031496058
20
-4.6421016535433068
11
7.5139481889763777
21
-4.6381988188976377
0
LINE
8
BLACK
6
CONTINUOUS
10
7.5139481889763777
20
-4.6381988188976377
11
7.5137401574803144
21
-4.6360866141732284
0
LINE
8
BLACK
6
CONTINUOUS
10
7.5137401574803144
20
-4.6360866141732284
11
7.5137401574803144
21
-4.627496062992126
0
LINE
8
BLACK
6
CONTINUOUS
10
7.5137401574803144
20
-4.627496062992126
11
7.5137401574803144
21
-4.61198062992126
0
LINE
8
BLACK
6
CONTINUOUS
10
7.5137401574803144
20
-4.61198062992126
11
7.2360823622047246
21
-4.3343228346456693
0
LINE
8
BLACK
6
CONTINUOUS
10
7.2360823622047246
20
-4.3343228346456693
11
6.4245669291338583
21
-4.3343228346456693
0
LINE
8
BLACK
6
CONTINUOUS
10
6.4245669291338583
20
-4.3343228346456693
11
6.422454724409449
21
-4.334114803149606
0
LINE
8
BLACK
6
CONTINUOUS
10
6.422454724409449
20
-4.334114803149606
11
6.418551889763779
21
-4.3324981889763778
0
LINE
8
BLACK
6
CONTINUOUS
10
6.418551889763779
20
-4.3324981889763778
11
6.416911220472441
21
-4.3311517322834643
0
LINE
8
BLACK
6
CONTINUOUS
10
6.416911220472441
20
-4.3311517322834643
11
6.3540666141732283
21
-4.2683070866141728
0
LINE
8
BLACK
6
CONTINUOUS
10
6.3540666141732283
20
-4.2683070866141728
11
6.3184094488188975
21
-4.2683070866141728
0
LINE
8
BLACK
6
CONTINUOUS
10
6.3184094488188975
20
-4.2683070866141728
11
6.288881889763779
21
-4.2683070866141728
0
LINE
8
BLACK
6
CONTINUOUS
10
6.288881889763779
20
-4.2683070866141728
11
6.288881889763779
21
-4.2466535433070867
0
LINE
8
BLACK
6
CONTINUOUS
10
6.288881889763779
20
-4.2466535433070867
11
6.347937007874016
21
-4.2466535433070867
0
LINE
8
BLACK
6
CONTINUOUS
10
6.347937007874016
20
-4.2151574803149607
11
6.4870551181102361
21
-4.2151574803149607
0
LINE
8
BLACK
6
CONTINUOUS
10
6.4870551181102361
20
-4.2151574803149607
11
6.4891673228346454
21
-4.2153655118110231
0
LINE
8
BLACK
6
CONTINUOUS
10
6.4891673228346454
20
-4.2153655118110231
11
6.4930701574803145
21
-4.2169821259842521
0
LINE
8
BLACK
6
CONTINUOUS
10
6.4930701574803145
20
-4.2169821259842521
11
6.4947107874015746
21
-4.2183285826771648
0
LINE
8
BLACK
6
CONTINUOUS
10
6.4947107874015746
20
-4.2183285826771648
11
6.5370514960629924
21
-4.2606692913385826
0
LINE
8
BLACK
6
CONTINUOUS
10
6.5370514960629924
20
-4.2606692913385826
11
7.2599763779527553
21
-4.2606692913385826
0
LINE
8
BLACK
6
CONTINUOUS
10
7.2599763779527553
20
-4.2606692913385826
11
7.2620885826771655
21
-4.2608773228346459
0
LINE
8
BLACK
6
CONTINUOUS
10
7.2620885826771655
20
-4.2608773228346459
11
7.2659914173228346
21
-4.262493937007874
0
LINE
8
BLACK
6
CONTINUOUS
10
7.2659914173228346
20
-4.262493937007874
11
7.2676320472440947
21
-4.2638403937007876
0
LINE
8
BLACK
6
CONTINUOUS
10
7.2676320472440947
20
-4.2638403937007876
11
7.6139043700787399
21
-4.610112677165354
0
LINE
8
BLACK
6
CONTINUOUS
10
7.6139043700787399
20
-4.610112677165354
11
7.6188526771653544
21
-4.6080630314960631
0
LINE
8
BLACK
6
CONTINUOUS
10
7.6188526771653544
20
-4.6080630314960631
11
7.6252868110236216
21
-4.6067831889763777
0
LINE
8
BLACK
6
CONTINUOUS
10
7.6252868110236216
20
-4.6067831889763777
11
7.6318470472440945
21
-4.6067831889763777
0
LINE
8
BLACK
6
CONTINUOUS
10
7.6318470472440945
20
-4.6067831889763777
11
7.6382811811023616
21
-4.6080630314960631
0
LINE
8
BLACK
6
CONTINUOUS
10
7.6382811811023616
20
-4.6080630314960631
11
7.6443420078740152
21
-4.6105735039370082
0
LINE
8
BLACK
6
CONTINUOUS
10
7.6443420078740152
20
-4.6105735039370082
11
7.6497966141732281
21
-4.6142181496062991
0
LINE
8
BLACK
6
CONTINUOUS
10
7.6497966141732281
20
-4.6142181496062991
11
7.654435393700787
21
-4.6188569291338579
0
LINE
8
BLACK
6
CONTINUOUS
10
7.654435393700787
20
-4.6188569291338579
11
7.6580800393700788
21
-4.6243115354330708
0
LINE
8
BLACK
6
CONTINUOUS
10
7.6580800393700788
20
-4.6243115354330708
11
7.6605905118110238
21
-4.6303723622047244
0
LINE
8
BLACK
6
CONTINUOUS
10
7.6605905118110238
20
-4.6303723622047244
11
7.6618703543307083
21
-4.6368064960629924
0
LINE
8
BLACK
6
CONTINUOUS
10
7.6618703543307083
20
-4.6368064960629924
11
7.6618703543307083
21
-4.6433667322834644
0
LINE
8
BLACK
6
CONTINUOUS
10
7.6618703543307083
20
-4.6433667322834644
11
7.6605905118110238
21
-4.6498008661417325
0
LINE
8
BLACK
6
CONTINUOUS
10
7.6605905118110238
20
-4.6498008661417325
11
7.6580800393700788
21
-4.655861692913386
0
LINE
8
BLACK
6
CONTINUOUS
10
7.6580800393700788
20
-4.655861692913386
11
7.654435393700787
21
-4.661316299212598
0
LINE
8
BLACK
6
CONTINUOUS
10
7.654435393700787
20
-4.661316299212598
11
7.6497966141732281
21
-4.6659550787401578
0
LINE
8
BLACK
6
CONTINUOUS
10
7.6497966141732281
20
-4.6659550787401578
11
7.6443420078740152
21
-4.6695997244094487
0
LINE
8
BLACK
6
CONTINUOUS
10
7.6443420078740152
20
-4.6695997244094487
11
7.6382811811023616
21
-4.6721101968503937
0
LINE
8
BLACK
6
CONTINUOUS
10
7.6382811811023616
20
-4.6721101968503937
11
7.6318470472440945
21
-4.6733900393700782
0
LINE
8
BLACK
6
CONTINUOUS
10
7.6318470472440945
20
-4.6733900393700782
11
7.6252868110236216
21
-4.6733900393700782
0
LINE
8
BLACK
6
CONTINUOUS
10
7.6252868110236216
20
-4.6733900393700782
11
7.6188526771653544
21
-4.6721101968503937
0
LINE
8
BLACK
6
CONTINUOUS
10
7.6188526771653544
20
-4.6721101968503937
11
7.6127918503937009
21
-4.6695997244094487
0
LINE
8
BLACK
6
CONTINUOUS
10
7.6127918503937009
20
-4.6695997244094487
11
7.607337244094488
21
-4.6659550787401578
0
LINE
8
BLACK
6
CONTINUOUS
10
7.607337244094488
20
-4.6659550787401578
11
7.6026984645669291
21
-4.661316299212598
0
LINE
8
BLACK
6
CONTINUOUS
10
7.6026984645669291
20
-4.661316299212598
11
7.5990538188976373
21
-4.655861692913386
0
LINE
8
BLACK
6
CONTINUOUS
10
7.5990538188976373
20
-4.655861692913386
11
7.5965433464566932
21
-4.6498008661417325
0
LINE
8
BLACK
6
CONTINUOUS
10
7.5965433464566932
20
-4.6498008661417325
11
7.5952635039370078
21
-4.6433667322834644
0
LINE
8
BLACK
6
CONTINUOUS
10
7.5952635039370078
20
-4.6433667322834644
11
7.5952635039370078
21
-4.6368064960629924
0
LINE
8
BLACK
6
CONTINUOUS
10
7.5952635039370078
20
-4.6368064960629924
11
7.5965433464566932
21
-4.6303723622047244
0
LINE
8
BLACK
6
CONTINUOUS
10
7.5965433464566932
20
-4.6303723622047244
11
7.598592992125984
21
-4.6254240551181098
0
LINE
8
BLACK
6
CONTINUOUS
10
7.598592992125984
20
-4.6254240551181098
11
7.2554918110236217
21
-4.2823228346456688
0
LINE
8
BLACK
6
CONTINUOUS
10
7.2554918110236217
20
-4.2823228346456688
11
6.5325669291338579
21
-4.2823228346456688
0
LINE
8
BLACK
6
CONTINUOUS
10
6.5325669291338579
20
-4.2823228346456688
11
6.5304547244094486
21
-4.2821148031496064
0
LINE
8
BLACK
6
CONTINUOUS
10
6.5304547244094486
20
-4.2821148031496064
11
6.5265518897637795
21
-4.2804981889763782
0
LINE
8
BLACK
6
CONTINUOUS
10
6.5265518897637795
20
-4.2804981889763782
11
6.5249112598425194
21
-4.2791517322834647
0
LINE
8
BLACK
6
CONTINUOUS
10
6.5249112598425194
20
-4.2791517322834647
11
6.4825705511811025
21
-4.2368110236220469
0
LINE
8
BLACK
6
CONTINUOUS
10
6.4825705511811025
20
-4.2368110236220469
11
6.3184094488188975
21
-4.2368110236220469
0
LINE
8
BLACK
6
CONTINUOUS
10
6.3184094488188975
20
-4.2368110236220469
11
6.288881889763779
21
-4.2368110236220469
0
LINE
8
BLACK
6
CONTINUOUS
10
6.288881889763779
20
-4.2368110236220469
11
6.288881889763779
21
-4.2151574803149607
0
LINE
8
BLACK
6
CONTINUOUS
10
6.288881889763779
20
-4.2151574803149607
11
6.347937007874016
21
-4.2151574803149607
0
LINE
8
BLACK
6
CONTINUOUS
10
4.1942811811023617
20
-4.5740551574803145
11
4.2003420078740152
21
-4.5765656299212596
0
LINE
8
BLACK
6
CONTINUOUS
10
4.2003420078740152
20
-4.5765656299212596
11
4.2057966141732281
21
-4.5802102755905514
0
LINE
8
BLACK
6
CONTINUOUS
10
4.2057966141732281
20
-4.5802102755905514
11
4.210435393700787
21
-4.5848490551181103
0
LINE
8
BLACK
6
CONTINUOUS
10
4.210435393700787
20
-4.5848490551181103
11
4.2140800393700788
21
-4.5903036614173232
0
LINE
8
BLACK
6
CONTINUOUS
10
4.2140800393700788
20
-4.5903036614173232
11
4.2165905118110238
21
-4.5963644881889767
0
LINE
8
BLACK
6
CONTINUOUS
10
4.2165905118110238
20
-4.5963644881889767
11
4.2178703543307083
21
-4.6027986220472439
0
LINE
8
BLACK
6
CONTINUOUS
10
4.2178703543307083
20
-4.6027986220472439
11
4.2178703543307083
21
-4.6093588582677167
0
LINE
8
BLACK
6
CONTINUOUS
10
4.2178703543307083
20
-4.6093588582677167
11
4.2165905118110238
21
-4.6157929921259839
0
LINE
8
BLACK
6
CONTINUOUS
10
4.2165905118110238
20
-4.6157929921259839
11
4.2140800393700788
21
-4.6218538188976375
0
LINE
8
BLACK
6
CONTINUOUS
10
4.2140800393700788
20
-4.6218538188976375
11
4.210435393700787
21
-4.6273084251968504
0
LINE
8
BLACK
6
CONTINUOUS
10
4.210435393700787
20
-4.6273084251968504
11
4.2057966141732281
21
-4.6319472047244092
0
LINE
8
BLACK
6
CONTINUOUS
10
4.2057966141732281
20
-4.6319472047244092
11
4.2003420078740152
21
-4.635591850393701
0
LINE
8
BLACK
6
CONTINUOUS
10
4.2003420078740152
20
-4.635591850393701
11
4.1942811811023617
21
-4.6381023228346452
0
LINE
8
BLACK
6
CONTINUOUS
10
4.1942811811023617
20
-4.6381023228346452
11
4.1878470472440945
21
-4.6393821653543306
0
LINE
8
BLACK
6
CONTINUOUS
10
4.1878470472440945
20
-4.6393821653543306
11
4.1812868110236217
21
-4.6393821653543306
0
LINE
8
BLACK
6
CONTINUOUS
10
4.1812868110236217
20
-4.6393821653543306
11
4.1748526771653545
21
-4.6381023228346452
0
LINE
8
BLACK
6
CONTINUOUS
10
4.1748526771653545
20
-4.6381023228346452
11
4.1687918503937009
21
-4.635591850393701
0
LINE
8
BLACK
6
CONTINUOUS
10
4.1687918503937009
20
-4.635591850393701
11
4.163337244094488
21
-4.6319472047244092
0
LINE
8
BLACK
6
CONTINUOUS
10
4.163337244094488
20
-4.6319472047244092
11
4.1586984645669292
21
-4.6273084251968504
0
LINE
8
BLACK
6
CONTINUOUS
10
4.1586984645669292
20
-4.6273084251968504
11
4.1550538188976374
21
-4.6218538188976375
0
LINE
8
BLACK
6
CONTINUOUS
10
4.1550538188976374
20
-4.6218538188976375
11
4.1525433464566932
21
-4.6157929921259839
0
LINE
8
BLACK
6
CONTINUOUS
10
4.1525433464566932
20
-4.6157929921259839
11
4.1512635039370078
21
-4.6093588582677167
0
LINE
8
BLACK
6
CONTINUOUS
10
4.1512635039370078
20
-4.6093588582677167
11
4.1512635039370078
21
-4.6027986220472439
0
LINE
8
BLACK
6
CONTINUOUS
10
4.1512635039370078
20
-4.6027986220472439
11
4.1525433464566932
21
-4.5963644881889767
0
LINE
8
BLACK
6
CONTINUOUS
10
4.1525433464566932
20
-4.5963644881889767
11
4.1550538188976374
21
-4.5903036614173232
0
LINE
8
BLACK
6
CONTINUOUS
10
4.1550538188976374
20
-4.5903036614173232
11
4.1586984645669292
21
-4.5848490551181103
0
LINE
8
BLACK
6
CONTINUOUS
10
4.1586984645669292
20
-4.5848490551181103
11
4.163337244094488
21
-4.5802102755905514
0
LINE
8
BLACK
6
CONTINUOUS
10
4.163337244094488
20
-4.5802102755905514
11
4.1687918503937009
21
-4.5765656299212596
0
LINE
8
BLACK
6
CONTINUOUS
10
4.1687918503937009
20
-4.5765656299212596
11
4.1748526771653545
21
-4.5740551574803145
0
LINE
8
BLACK
6
CONTINUOUS
10
4.1748526771653545
20
-4.5740551574803145
11
4.1812868110236217
21
-4.5727753149606301
0
LINE
8
BLACK
6
CONTINUOUS
10
4.1812868110236217
20
-4.5727753149606301
11
4.1878470472440945
21
-4.5727753149606301
0
LINE
8
BLACK
6
CONTINUOUS
10
4.1878470472440945
20
-4.5727753149606301
11
4.1942811811023617
21
-4.5740551574803145
0
LINE
8
BLACK
6
CONTINUOUS
10
4.1942811811023617
20
-4.4740551574803149
11
4.2003420078740152
21
-4.4765656299212599
0
LINE
8
BLACK
6
CONTINUOUS
10
4.2003420078740152
20
-4.4765656299212599
11
4.2057966141732281
21
-4.4802102755905509
0
LINE
8
BLACK
6
CONTINUOUS
10
4.2057966141732281
20
-4.4802102755905509
11
4.210435393700787
21
-4.4848490551181097
0
LINE
8
BLACK
6
CONTINUOUS
10
4.210435393700787
20
-4.4848490551181097
11
4.2140800393700788
21
-4.4903036614173226
0
LINE
8
BLACK
6
CONTINUOUS
10
4.2140800393700788
20
-4.4903036614173226
11
4.2165905118110238
21
-4.4963644881889762
0
LINE
8
BLACK
6
CONTINUOUS
10
4.2165905118110238
20
-4.4963644881889762
11
4.2178703543307083
21
-4.5027986220472442
0
LINE
8
BLACK
6
CONTINUOUS
10
4.2178703543307083
20
-4.5027986220472442
11
4.2178703543307083
21
-4.5093588582677162
0
LINE
8
BLACK
6
CONTINUOUS
10
4.2178703543307083
20
-4.5093588582677162
11
4.2165905118110238
21
-4.5157929921259843
0
LINE
8
BLACK
6
CONTINUOUS
10
4.2165905118110238
20
-4.5157929921259843
11
4.2140800393700788
21
-4.5218538188976378
0
LINE
8
BLACK
6
CONTINUOUS
10
4.2140800393700788
20
-4.5218538188976378
11
4.210435393700787
21
-4.5273084251968507
0
LINE
8
BLACK
6
CONTINUOUS
10
4.210435393700787
20
-4.5273084251968507
11
4.2057966141732281
21
-4.5319472047244096
0
LINE
8
BLACK
6
CONTINUOUS
10
4.2057966141732281
20
-4.5319472047244096
11
4.2003420078740152
21
-4.5355918503937005
0
LINE
8
BLACK
6
CONTINUOUS
10
4.2003420078740152
20
-4.5355918503937005
11
4.1942811811023617
21
-4.5381023228346455
0
LINE
8
BLACK
6
CONTINUOUS
10
4.1942811811023617
20
-4.5381023228346455
11
4.1878470472440945
21
-4.5393821653543309
0
LINE
8
BLACK
6
CONTINUOUS
10
4.1878470472440945
20
-4.5393821653543309
11
4.1812868110236217
21
-4.5393821653543309
0
LINE
8
BLACK
6
CONTINUOUS
10
4.1812868110236217
20
-4.5393821653543309
11
4.1748526771653545
21
-4.5381023228346455
0
LINE
8
BLACK
6
CONTINUOUS
10
4.1748526771653545
20
-4.5381023228346455
11
4.1687918503937009
21
-4.5355918503937005
0
LINE
8
BLACK
6
CONTINUOUS
10
4.1687918503937009
20
-4.5355918503937005
11
4.163337244094488
21
-4.5319472047244096
0
LINE
8
BLACK
6
CONTINUOUS
10
4.163337244094488
20
-4.5319472047244096
11
4.1586984645669292
21
-4.5273084251968507
0
LINE
8
BLACK
6
CONTINUOUS
10
4.1586984645669292
20
-4.5273084251968507
11
4.1550538188976374
21
-4.5218538188976378
0
LINE
8
BLACK
6
CONTINUOUS
10
4.1550538188976374
20
-4.5218538188976378
11
4.1525433464566932
21
-4.5157929921259843
0
LINE
8
BLACK
6
CONTINUOUS
10
4.1525433464566932
20
-4.5157929921259843
11
4.1512635039370078
21
-4.5093588582677162
0
LINE
8
BLACK
6
CONTINUOUS
10
4.1512635039370078
20
-4.5093588582677162
11
4.1512635039370078
21
-4.5027986220472442
0
LINE
8
BLACK
6
CONTINUOUS
10
4.1512635039370078
20
-4.5027986220472442
11
4.1525433464566932
21
-4.4963644881889762
0
LINE
8
BLACK
6
CONTINUOUS
10
4.1525433464566932
20
-4.4963644881889762
11
4.1550538188976374
21
-4.4903036614173226
0
LINE
8
BLACK
6
CONTINUOUS
10
4.1550538188976374
20
-4.4903036614173226
11
4.1586984645669292
21
-4.4848490551181097
0
LINE
8
BLACK
6
CONTINUOUS
10
4.1586984645669292
20
-4.4848490551181097
11
4.163337244094488
21
-4.4802102755905509
0
LINE
8
BLACK
6
CONTINUOUS
10
4.163337244094488
20
-4.4802102755905509
11
4.1687918503937009
21
-4.4765656299212599
0
LINE
8
BLACK
6
CONTINUOUS
10
4.1687918503937009
20
-4.4765656299212599
11
4.1748526771653545
21
-4.4740551574803149
0
LINE
8
BLACK
6
CONTINUOUS
10
4.1748526771653545
20
-4.4740551574803149
11
4.1812868110236217
21
-4.4727753149606295
0
LINE
8
BLACK
6
CONTINUOUS
10
4.1812868110236217
20
-4.4727753149606295
11
4.1878470472440945
21
-4.4727753149606295
0
LINE
8
BLACK
6
CONTINUOUS
10
4.1878470472440945
20
-4.4727753149606295
11
4.1942811811023617
21
-4.4740551574803149
0
LINE
8
BLACK
6
CONTINUOUS
10
6.347937007874016
20
-4.1836614173228348
11
7.3335590551181102
21
-4.1836614173228348
0
LINE
8
BLACK
6
CONTINUOUS
10
7.3335590551181102
20
-4.1836614173228348
11
7.3356712598425196
21
-4.1838694488188972
0
LINE
8
BLACK
6
CONTINUOUS
10
7.3356712598425196
20
-4.1838694488188972
11
7.3395740944881886
21
-4.1854860629921262
0
LINE
8
BLACK
6
CONTINUOUS
10
7.3395740944881886
20
-4.1854860629921262
11
7.3412147244094488
21
-4.1868325196850389
0
LINE
8
BLACK
6
CONTINUOUS
10
7.3412147244094488
20
-4.1868325196850389
11
7.6124137007874015
21
-4.4580314960629916
0
LINE
8
BLACK
6
CONTINUOUS
10
7.6124137007874015
20
-4.4580314960629916
11
7.6640314960629921
21
-4.4580314960629916
0
LINE
8
BLACK
6
CONTINUOUS
10
7.6640314960629921
20
-4.4580314960629916
11
7.6640314960629921
21
-4.5249606299212601
0
LINE
8
BLACK
6
CONTINUOUS
10
7.6640314960629921
20
-4.5249606299212601
11
7.5971023622047245
21
-4.5249606299212601
0
LINE
8
BLACK
6
CONTINUOUS
10
7.5971023622047245
20
-4.5249606299212601
11
7.5971023622047245
21
-4.4733428346456696
0
LINE
8
BLACK
6
CONTINUOUS
10
7.5971023622047245
20
-4.4733428346456696
11
7.3290744881889758
21
-4.2053149606299209
0
LINE
8
BLACK
6
CONTINUOUS
10
7.3290744881889758
20
-4.2053149606299209
11
6.3184094488188975
21
-4.2053149606299209
0
LINE
8
BLACK
6
CONTINUOUS
10
6.3184094488188975
20
-4.2053149606299209
11
6.288881889763779
21
-4.2053149606299209
0
LINE
8
BLACK
6
CONTINUOUS
10
6.288881889763779
20
-4.2053149606299209
11
6.288881889763779
21
-4.1836614173228348
0
LINE
8
BLACK
6
CONTINUOUS
10
6.288881889763779
20
-4.1836614173228348
11
6.347937007874016
21
-4.1836614173228348
0
LINE
8
BLACK
6
CONTINUOUS
10
6.073330708661417
20
-4.3244094488188978
11
6.073330708661417
21
-4.4253729921259843
0
LINE
8
BLACK
6
CONTINUOUS
10
6.073330708661417
20
-4.4253729921259843
11
6.0731226771653546
21
-4.4274851968503937
0
LINE
8
BLACK
6
CONTINUOUS
10
6.0731226771653546
20
-4.4274851968503937
11
6.0715060629921256
21
-4.4313880314960628
0
LINE
8
BLACK
6
CONTINUOUS
10
6.0715060629921256
20
-4.4313880314960628
11
6.070159606299212
21
-4.4330286614173229
0
LINE
8
BLACK
6
CONTINUOUS
10
6.070159606299212
20
-4.4330286614173229
11
6.0220365354330712
21
-4.4811517322834646
0
LINE
8
BLACK
6
CONTINUOUS
10
6.0220365354330712
20
-4.4811517322834646
11
6.020395905511811
21
-4.4824981889763782
0
LINE
8
BLACK
6
CONTINUOUS
10
6.020395905511811
20
-4.4824981889763782
11
6.0164930708661419
21
-4.4841148031496063
0
LINE
8
BLACK
6
CONTINUOUS
10
6.0164930708661419
20
-4.4841148031496063
11
6.0143808661417317
21
-4.4843228346456696
0
LINE
8
BLACK
6
CONTINUOUS
10
6.0143808661417317
20
-4.4843228346456696
11
6.0112343700787401
21
-4.4843228346456696
0
LINE
8
BLACK
6
CONTINUOUS
10
6.0112343700787401
20
-4.4843228346456696
11
6.0110868110236222
21
-4.4844080314960628
0
LINE
8
BLACK
6
CONTINUOUS
10
6.0110868110236222
20
-4.4844080314960628
11
6.0081085826771652
21
-4.4852060236220472
0
LINE
8
BLACK
6
CONTINUOUS
10
6.0081085826771652
20
-4.4852060236220472
11
6.0050252755905511
21
-4.4852060236220472
0
LINE
8
BLACK
6
CONTINUOUS
10
6.0050252755905511
20
-4.4852060236220472
11
6.0020470472440941
21
-4.4844080314960628
0
LINE
8
BLACK
6
CONTINUOUS
10
6.0020470472440941
20
-4.4844080314960628
11
5.9993768503937011
21
-4.4828663779527558
0
LINE
8
BLACK
6
CONTINUOUS
10
5.9993768503937011
20
-4.4828663779527558
11
5.9971966141732285
21
-4.4806861417322832
0
LINE
8
BLACK
6
CONTINUOUS
10
5.9971966141732285
20
-4.4806861417322832
11
5.9956549606299214
21
-4.4780159448818893
0
LINE
8
BLACK
6
CONTINUOUS
10
5.9956549606299214
20
-4.4780159448818893
11
5.994856968503937
21
-4.4750377165354331
0
LINE
8
BLACK
6
CONTINUOUS
10
5.994856968503937
20
-4.4750377165354331
11
5.994856968503937
21
-4.4719544094488191
0
LINE
8
BLACK
6
CONTINUOUS
10
5.994856968503937
20
-4.4719544094488191
11
5.9956549606299214
21
-4.4689761811023621
0
LINE
8
BLACK
6
CONTINUOUS
10
5.9956549606299214
20
-4.4689761811023621
11
5.9971966141732285
21
-4.4663059842519681
0
LINE
8
BLACK
6
CONTINUOUS
10
5.9971966141732285
20
-4.4663059842519681
11
5.9993768503937011
21
-4.4641257480314955
0
LINE
8
BLACK
6
CONTINUOUS
10
5.9993768503937011
20
-4.4641257480314955
11
6.0020470472440941
21
-4.4625840944881885
0
LINE
8
BLACK
6
CONTINUOUS
10
6.0020470472440941
20
-4.4625840944881885
11
6.0050252755905511
21
-4.461786102362205
0
LINE
8
BLACK
6
CONTINUOUS
10
6.0050252755905511
20
-4.461786102362205
11
6.0081085826771652
21
-4.461786102362205
0
LINE
8
BLACK
6
CONTINUOUS
10
6.0081085826771652
20
-4.461786102362205
11
6.0102150393700784
21
-4.4623505118110236
0
LINE
8
BLACK
6
CONTINUOUS
10
6.0102150393700784
20
-4.4623505118110236
11
6.0516771653543309
21
-4.4208884251968499
0
LINE
8
BLACK
6
CONTINUOUS
10
6.0516771653543309
20
-4.4208884251968499
11
6.0516771653543309
21
-4.3539370078740154
0
LINE
8
BLACK
6
CONTINUOUS
10
6.0516771653543309
20
-4.3539370078740154
11
6.0516771653543309
21
-4.2948818897637793
0
LINE
8
BLACK
6
CONTINUOUS
10
6.0516771653543309
20
-4.2948818897637793
11
6.073330708661417
21
-4.2948818897637793
0
LINE
8
BLACK
6
CONTINUOUS
10
6.073330708661417
20
-4.2948818897637793
11
6.073330708661417
21
-4.3244094488188978
0
LINE
8
BLACK
6
CONTINUOUS
10
6.1048267716535429
20
-4.3244094488188978
11
6.1048267716535429
21
-4.4608285826771654
0
LINE
8
BLACK
6
CONTINUOUS
10
6.1048267716535429
20
-4.4608285826771654
11
6.104911968503937
21
-4.460976181102362
0
LINE
8
BLACK
6
CONTINUOUS
10
6.104911968503937
20
-4.460976181102362
11
6.1057099606299214
21
-4.463954409448819
0
LINE
8
BLACK
6
CONTINUOUS
10
6.1057099606299214
20
-4.463954409448819
11
6.1057099606299214
21
-4.4670377165354331
0
LINE
8
BLACK
6
CONTINUOUS
10
6.1057099606299214
20
-4.4670377165354331
11
6.104911968503937
21
-4.4700159448818892
0
LINE
8
BLACK
6
CONTINUOUS
10
6.104911968503937
20
-4.4700159448818892
11
6.10337031496063
21
-4.4726861417322832
0
LINE
8
BLACK
6
CONTINUOUS
10
6.10337031496063
20
-4.4726861417322832
11
6.1011900787401574
21
-4.4748663779527558
0
LINE
8
BLACK
6
CONTINUOUS
10
6.1011900787401574
20
-4.4748663779527558
11
6.0985198818897635
21
-4.4764080314960628
0
LINE
8
BLACK
6
CONTINUOUS
10
6.0985198818897635
20
-4.4764080314960628
11
6.0955416535433073
21
-4.4772060236220472
0
LINE
8
BLACK
6
CONTINUOUS
10
6.0955416535433073
20
-4.4772060236220472
11
6.0924583464566924
21
-4.4772060236220472
0
LINE
8
BLACK
6
CONTINUOUS
10
6.0924583464566924
20
-4.4772060236220472
11
6.0894801181102363
21
-4.4764080314960628
0
LINE
8
BLACK
6
CONTINUOUS
10
6.0894801181102363
20
-4.4764080314960628
11
6.0868099212598423
21
-4.4748663779527558
0
LINE
8
BLACK
6
CONTINUOUS
10
6.0868099212598423
20
-4.4748663779527558
11
6.0846296850393697
21
-4.4726861417322832
0
LINE
8
BLACK
6
CONTINUOUS
10
6.0846296850393697
20
-4.4726861417322832
11
6.0830880314960627
21
-4.4700159448818892
0
LINE
8
BLACK
6
CONTINUOUS
10
6.0830880314960627
20
-4.4700159448818892
11
6.0822900393700783
21
-4.4670377165354331
0
LINE
8
BLACK
6
CONTINUOUS
10
6.0822900393700783
20
-4.4670377165354331
11
6.0822900393700783
21
-4.463954409448819
0
LINE
8
BLACK
6
CONTINUOUS
10
6.0822900393700783
20
-4.463954409448819
11
6.0830880314960627
21
-4.460976181102362
0
LINE
8
BLACK
6
CONTINUOUS
10
6.0830880314960627
20
-4.460976181102362
11
6.0831732283464568
21
-4.4608285826771654
0
LINE
8
BLACK
6
CONTINUOUS
10
6.0831732283464568
20
-4.4608285826771654
11
6.0831732283464568
21
-4.3539370078740154
0
LINE
8
BLACK
6
CONTINUOUS
10
6.0831732283464568
20
-4.3539370078740154
11
6.0831732283464568
21
-4.2948818897637793
0
LINE
8
BLACK
6
CONTINUOUS
10
6.0831732283464568
20
-4.2948818897637793
11
6.1048267716535429
21
-4.2948818897637793
0
LINE
8
BLACK
6
CONTINUOUS
10
6.1048267716535429
20
-4.2948818897637793
11
6.1048267716535429
21
-4.3244094488188978
0
LINE
8
BLACK
6
CONTINUOUS
10
4.1942811811023617
20
-4.3740551574803153
11
4.2003420078740152
21
-4.3765656299212594
0
LINE
8
BLACK
6
CONTINUOUS
10
4.2003420078740152
20
-4.3765656299212594
11
4.2057966141732281
21
-4.3802102755905512
0
LINE
8
BLACK
6
CONTINUOUS
10
4.2057966141732281
20
-4.3802102755905512
11
4.210435393700787
21
-4.3848490551181101
0
LINE
8
BLACK
6
CONTINUOUS
10
4.210435393700787
20
-4.3848490551181101
11
4.2140800393700788
21
-4.390303661417323
0
LINE
8
BLACK
6
CONTINUOUS
10
4.2140800393700788
20
-4.390303661417323
11
4.2165905118110238
21
-4.3963644881889765
0
LINE
8
BLACK
6
CONTINUOUS
10
4.2165905118110238
20
-4.3963644881889765
11
4.2178703543307083
21
-4.4027986220472437
0
LINE
8
BLACK
6
CONTINUOUS
10
4.2178703543307083
20
-4.4027986220472437
11
4.2178703543307083
21
-4.4093588582677166
0
LINE
8
BLACK
6
CONTINUOUS
10
4.2178703543307083
20
-4.4093588582677166
11
4.2165905118110238
21
-4.4157929921259838
0
LINE
8
BLACK
6
CONTINUOUS
10
4.2165905118110238
20
-4.4157929921259838
11
4.2140800393700788
21
-4.4218538188976373
0
LINE
8
BLACK
6
CONTINUOUS
10
4.2140800393700788
20
-4.4218538188976373
11
4.210435393700787
21
-4.4273084251968502
0
LINE
8
BLACK
6
CONTINUOUS
10
4.210435393700787
20
-4.4273084251968502
11
4.2057966141732281
21
-4.4319472047244091
0
LINE
8
BLACK
6
CONTINUOUS
10
4.2057966141732281
20
-4.4319472047244091
11
4.2003420078740152
21
-4.4355918503937009
0
LINE
8
BLACK
6
CONTINUOUS
10
4.2003420078740152
20
-4.4355918503937009
11
4.1942811811023617
21
-4.4381023228346459
0
LINE
8
BLACK
6
CONTINUOUS
10
4.1942811811023617
20
-4.4381023228346459
11
4.1878470472440945
21
-4.4393821653543304
0
LINE
8
BLACK
6
CONTINUOUS
10
4.1878470472440945
20
-4.4393821653543304
11
4.1812868110236217
21
-4.4393821653543304
0
LINE
8
BLACK
6
CONTINUOUS
10
4.1812868110236217
20
-4.4393821653543304
11
4.1748526771653545
21
-4.4381023228346459
0
LINE
8
BLACK
6
CONTINUOUS
10
4.1748526771653545
20
-4.4381023228346459
11
4.1687918503937009
21
-4.4355918503937009
0
LINE
8
BLACK
6
CONTINUOUS
10
4.1687918503937009
20
-4.4355918503937009
11
4.163337244094488
21
-4.4319472047244091
0
LINE
8
BLACK
6
CONTINUOUS
10
4.163337244094488
20
-4.4319472047244091
11
4.1586984645669292
21
-4.4273084251968502
0
LINE
8
BLACK
6
CONTINUOUS
10
4.1586984645669292
20
-4.4273084251968502
11
4.1550538188976374
21
-4.4218538188976373
0
LINE
8
BLACK
6
CONTINUOUS
10
4.1550538188976374
20
-4.4218538188976373
11
4.1525433464566932
21
-4.4157929921259838
0
LINE
8
BLACK
6
CONTINUOUS
10
4.1525433464566932
20
-4.4157929921259838
11
4.1512635039370078
21
-4.4093588582677166
0
LINE
8
BLACK
6
CONTINUOUS
10
4.1512635039370078
20
-4.4093588582677166
11
4.1512635039370078
21
-4.4027986220472437
0
LINE
8
BLACK
6
CONTINUOUS
10
4.1512635039370078
20
-4.4027986220472437
11
4.1525433464566932
21
-4.3963644881889765
0
LINE
8
BLACK
6
CONTINUOUS
10
4.1525433464566932
20
-4.3963644881889765
11
4.1550538188976374
21
-4.390303661417323
0
LINE
8
BLACK
6
CONTINUOUS
10
4.1550538188976374
20
-4.390303661417323
11
4.1586984645669292
21
-4.3848490551181101
0
LINE
8
BLACK
6
CONTINUOUS
10
4.1586984645669292
20
-4.3848490551181101
11
4.163337244094488
21
-4.3802102755905512
0
LINE
8
BLACK
6
CONTINUOUS
10
4.163337244094488
20
-4.3802102755905512
11
4.1687918503937009
21
-4.3765656299212594
0
LINE
8
BLACK
6
CONTINUOUS
10
4.1687918503937009
20
-4.3765656299212594
11
4.1748526771653545
21
-4.3740551574803153
0
LINE
8
BLACK
6
CONTINUOUS
10
4.1748526771653545
20
-4.3740551574803153
11
4.1812868110236217
21
-4.3727753149606299
0
LINE
8
BLACK
6
CONTINUOUS
10
4.1812868110236217
20
-4.3727753149606299
11
4.1878470472440945
21
-4.3727753149606299
0
LINE
8
BLACK
6
CONTINUOUS
10
4.1878470472440945
20
-4.3727753149606299
11
4.1942811811023617
21
-4.3740551574803153
0
LINE
8
BLACK
6
CONTINUOUS
10
6.347937007874016
20
-4.1521653543307089
11
7.402062992125984
21
-4.1521653543307089
0
LINE
8
BLACK
6
CONTINUOUS
10
7.402062992125984
20
-4.1521653543307089
11
7.4041751968503933
21
-4.1523733858267713
0
LINE
8
BLACK
6
CONTINUOUS
10
7.4041751968503933
20
-4.1523733858267713
11
7.4080780314960633
21
-4.1539900000000003
0
LINE
8
BLACK
6
CONTINUOUS
10
7.4080780314960633
20
-4.1539900000000003
11
7.4097186614173225
21
-4.155336456692913
0
LINE
8
BLACK
6
CONTINUOUS
10
7.4097186614173225
20
-4.155336456692913
11
7.6159043700787397
21
-4.3615221259842523
0
LINE
8
BLACK
6
CONTINUOUS
10
7.6159043700787397
20
-4.3615221259842523
11
7.6208526771653542
21
-4.3594724803149605
0
LINE
8
BLACK
6
CONTINUOUS
10
7.6208526771653542
20
-4.3594724803149605
11
7.6272868110236223
21
-4.3581926377952751
0
LINE
8
BLACK
6
CONTINUOUS
10
7.6272868110236223
20
-4.3581926377952751
11
7.6338470472440942
21
-4.3581926377952751
0
LINE
8
BLACK
6
CONTINUOUS
10
7.6338470472440942
20
-4.3581926377952751
11
7.6402811811023623
21
-4.3594724803149605
0
LINE
8
BLACK
6
CONTINUOUS
10
7.6402811811023623
20
-4.3594724803149605
11
7.6463420078740159
21
-4.3619829527559055
0
LINE
8
BLACK
6
CONTINUOUS
10
7.6463420078740159
20
-4.3619829527559055
11
7.6517966141732279
21
-4.3656275984251964
0
LINE
8
BLACK
6
CONTINUOUS
10
7.6517966141732279
20
-4.3656275984251964
11
7.6564353937007876
21
-4.3702663779527562
0
LINE
8
BLACK
6
CONTINUOUS
10
7.6564353937007876
20
-4.3702663779527562
11
7.6600800393700785
21
-4.3757209842519682
0
LINE
8
BLACK
6
CONTINUOUS
10
7.6600800393700785
20
-4.3757209842519682
11
7.6625905118110236
21
-4.3817818110236217
0
LINE
8
BLACK
6
CONTINUOUS
10
7.6625905118110236
20
-4.3817818110236217
11
7.6638703543307081
21
-4.3882159448818898
0
LINE
8
BLACK
6
CONTINUOUS
10
7.6638703543307081
20
-4.3882159448818898
11
7.6638703543307081
21
-4.3947761811023618
0
LINE
8
BLACK
6
CONTINUOUS
10
7.6638703543307081
20
-4.3947761811023618
11
7.6625905118110236
21
-4.4012103149606299
0
LINE
8
BLACK
6
CONTINUOUS
10
7.6625905118110236
20
-4.4012103149606299
11
7.6600800393700785
21
-4.4072711417322834
0
LINE
8
BLACK
6
CONTINUOUS
10
7.6600800393700785
20
-4.4072711417322834
11
7.6564353937007876
21
-4.4127257480314963
0
LINE
8
BLACK
6
CONTINUOUS
10
7.6564353937007876
20
-4.4127257480314963
11
7.6517966141732279
21
-4.4173645275590552
0
LINE
8
BLACK
6
CONTINUOUS
10
7.6517966141732279
20
-4.4173645275590552
11
7.6463420078740159
21
-4.4210091732283461
0
LINE
8
BLACK
6
CONTINUOUS
10
7.6463420078740159
20
-4.4210091732283461
11
7.6402811811023623
21
-4.4235196456692911
0
LINE
8
BLACK
6
CONTINUOUS
10
7.6402811811023623
20
-4.4235196456692911
11
7.6338470472440942
21
-4.4247994881889765
0
LINE
8
BLACK
6
CONTINUOUS
10
7.6338470472440942
20
-4.4247994881889765
11
7.6272868110236223
21
-4.4247994881889765
0
LINE
8
BLACK
6
CONTINUOUS
10
7.6272868110236223
20
-4.4247994881889765
11
7.6208526771653542
21
-4.4235196456692911
0
LINE
8
BLACK
6
CONTINUOUS
10
7.6208526771653542
20
-4.4235196456692911
11
7.6147918503937007
21
-4.4210091732283461
0
LINE
8
BLACK
6
CONTINUOUS
10
7.6147918503937007
20
-4.4210091732283461
11
7.6093372440944878
21
-4.4173645275590552
0
LINE
8
BLACK
6
CONTINUOUS
10
7.6093372440944878
20
-4.4173645275590552
11
7.6046984645669289
21
-4.4127257480314963
0
LINE
8
BLACK
6
CONTINUOUS
10
7.6046984645669289
20
-4.4127257480314963
11
7.601053818897638
21
-4.4072711417322834
0
LINE
8
BLACK
6
CONTINUOUS
10
7.601053818897638
20
-4.4072711417322834
11
7.5985433464566929
21
-4.4012103149606299
0
LINE
8
BLACK
6
CONTINUOUS
10
7.5985433464566929
20
-4.4012103149606299
11
7.5972635039370076
21
-4.3947761811023618
0
LINE
8
BLACK
6
CONTINUOUS
10
7.5972635039370076
20
-4.3947761811023618
11
7.5972635039370076
21
-4.3882159448818898
0
LINE
8
BLACK
6
CONTINUOUS
10
7.5972635039370076
20
-4.3882159448818898
11
7.5985433464566929
21
-4.3817818110236217
0
LINE
8
BLACK
6
CONTINUOUS
10
7.5985433464566929
20
-4.3817818110236217
11
7.6005929921259838
21
-4.3768335039370081
0
LINE
8
BLACK
6
CONTINUOUS
10
7.6005929921259838
20
-4.3768335039370081
11
7.3975784251968504
21
-4.173818897637795
0
LINE
8
BLACK
6
CONTINUOUS
10
7.3975784251968504
20
-4.173818897637795
11
6.3184094488188975
21
-4.173818897637795
0
LINE
8
BLACK
6
CONTINUOUS
10
6.3184094488188975
20
-4.173818897637795
11
6.288881889763779
21
-4.173818897637795
0
LINE
8
BLACK
6
CONTINUOUS
10
6.288881889763779
20
-4.173818897637795
11
6.288881889763779
21
-4.1521653543307089
0
LINE
8
BLACK
6
CONTINUOUS
10
6.288881889763779
20
-4.1521653543307089
11
6.347937007874016
21
-4.1521653543307089
0
LINE
8
BLACK
6
CONTINUOUS
10
5.299910905511811
20
-3.9927411023622046
11
5.3024653937007873
21
-3.9944479921259841
0
LINE
8
BLACK
6
CONTINUOUS
10
5.3024653937007873
20
-3.9944479921259841
11
5.3041722834645668
21
-3.9970024803149604
0
LINE
8
BLACK
6
CONTINUOUS
10
5.3041722834645668
20
-3.9970024803149604
11
5.3041843307086616
21
-3.9970629921259841
0
LINE
8
BLACK
6
CONTINUOUS
10
5.3041843307086616
20
-3.9970629921259841
11
5.3519212598425199
21
-3.9970629921259841
0
LINE
8
BLACK
6
CONTINUOUS
10
5.3519212598425199
20
-3.9970629921259841
11
5.3540334645669292
21
-3.997271023622047
0
LINE
8
BLACK
6
CONTINUOUS
10
5.3540334645669292
20
-3.997271023622047
11
5.3579362992125983
21
-3.9988876377952756
0
LINE
8
BLACK
6
CONTINUOUS
10
5.3579362992125983
20
-3.9988876377952756
11
5.3595769291338584
21
-4.0002340944881887
0
LINE
8
BLACK
6
CONTINUOUS
10
5.3595769291338584
20
-4.0002340944881887
11
5.4174190944881886
21
-4.058076220472441
0
LINE
8
BLACK
6
CONTINUOUS
10
5.4174190944881886
20
-4.058076220472441
11
5.4179292519685038
21
-4.0577353937007876
0
LINE
8
BLACK
6
CONTINUOUS
10
5.4179292519685038
20
-4.0577353937007876
11
5.4250596456692914
21
-4.0547818897637793
0
LINE
8
BLACK
6
CONTINUOUS
10
5.4250596456692914
20
-4.0547818897637793
11
5.4326292519685042
21
-4.0532761811023619
0
LINE
8
BLACK
6
CONTINUOUS
10
5.4326292519685042
20
-4.0532761811023619
11
5.4403471259842515
21
-4.0532761811023619
0
LINE
8
BLACK
6
CONTINUOUS
10
5.4403471259842515
20
-4.0532761811023619
11
5.4479167322834643
21
-4.0547818897637793
0
LINE
8
BLACK
6
CONTINUOUS
10
5.4479167322834643
20
-4.0547818897637793
11
5.4550471259842519
21
-4.0577353937007876
0
LINE
8
BLACK
6
CONTINUOUS
10
5.4550471259842519
20
-4.0577353937007876
11
5.4614642913385829
21
-4.0620232283464563
0
LINE
8
BLACK
6
CONTINUOUS
10
5.4614642913385829
20
-4.0620232283464563
11
5.4669216535433067
21
-4.0674805905511811
0
LINE
8
BLACK
6
CONTINUOUS
10
5.4669216535433067
20
-4.0674805905511811
11
5.4712094881889763
21
-4.0738977559055121
0
LINE
8
BLACK
6
CONTINUOUS
10
5.4712094881889763
20
-4.0738977559055121
11
5.4741629921259838
21
-4.0810281496062988
0
LINE
8
BLACK
6
CONTINUOUS
10
5.4741629921259838
20
-4.0810281496062988
11
5.4756687007874012
21
-4.0885977559055116
0
LINE
8
BLACK
6
CONTINUOUS
10
5.4756687007874012
20
-4.0885977559055116
11
5.4756687007874012
21
-4.0963156299212597
0
LINE
8
BLACK
6
CONTINUOUS
10
5.4756687007874012
20
-4.0963156299212597
11
5.4741629921259838
21
-4.1038852362204725
0
LINE
8
BLACK
6
CONTINUOUS
10
5.4741629921259838
20
-4.1038852362204725
11
5.4712094881889763
21
-4.1110156299212601
0
LINE
8
BLACK
6
CONTINUOUS
10
5.4712094881889763
20
-4.1110156299212601
11
5.4669216535433067
21
-4.1174327952755903
0
LINE
8
BLACK
6
CONTINUOUS
10
5.4669216535433067
20
-4.1174327952755903
11
5.4614642913385829
21
-4.122890157480315
0
LINE
8
BLACK
6
CONTINUOUS
10
5.4614642913385829
20
-4.122890157480315
11
5.4550471259842519
21
-4.1271779921259846
0
LINE
8
BLACK
6
CONTINUOUS
10
5.4550471259842519
20
-4.1271779921259846
11
5.4479167322834643
21
-4.130131496062992
0
LINE
8
BLACK
6
CONTINUOUS
10
5.4479167322834643
20
-4.130131496062992
11
5.4473149606299209
21
-4.1302511811023619
0
LINE
8
BLACK
6
CONTINUOUS
10
5.4473149606299209
20
-4.1302511811023619
11
5.4473149606299209
21
-4.3105676771653538
0
LINE
8
BLACK
6
CONTINUOUS
10
5.4473149606299209
20
-4.3105676771653538
11
5.4479167322834643
21
-4.3106874015748033
0
LINE
8
BLACK
6
CONTINUOUS
10
5.4479167322834643
20
-4.3106874015748033
11
5.4550471259842519
21
-4.3136409055118108
0
LINE
8
BLACK
6
CONTINUOUS
10
5.4550471259842519
20
-4.3136409055118108
11
5.4555572440944884
21
-4.3139817716535429
0
LINE
8
BLACK
6
CONTINUOUS
10
5.4555572440944884
20
-4.3139817716535429
11
5.4941632283464568
21
-4.2753758267716533
0
LINE
8
BLACK
6
CONTINUOUS
10
5.4941632283464568
20
-4.2753758267716533
11
5.495803858267716
21
-4.2740293700787397
0
LINE
8
BLACK
6
CONTINUOUS
10
5.495803858267716
20
-4.2740293700787397
11
5.499706692913386
21
-4.2724127559055116
0
LINE
8
BLACK
6
CONTINUOUS
10
5.499706692913386
20
-4.2724127559055116
11
5.5039311023622046
21
-4.2724127559055116
0
LINE
8
BLACK
6
CONTINUOUS
10
5.5039311023622046
20
-4.2724127559055116
11
5.5078339370078737
21
-4.2740293700787397
0
LINE
8
BLACK
6
CONTINUOUS
10
5.5078339370078737
20
-4.2740293700787397
11
5.5108210236220474
21
-4.2770164566929134
0
LINE
8
BLACK
6
CONTINUOUS
10
5.5108210236220474
20
-4.2770164566929134
11
5.5124376377952755
21
-4.2809192913385825
0
LINE
8
BLACK
6
CONTINUOUS
10
5.5124376377952755
20
-4.2809192913385825
11
5.5124376377952755
21
-4.2851437007874011
0
LINE
8
BLACK
6
CONTINUOUS
10
5.5124376377952755
20
-4.2851437007874011
11
5.5115768897637798
21
-4.287221692913386
0
LINE
8
BLACK
6
CONTINUOUS
10
5.5115768897637798
20
-4.287221692913386
11
5.517914251968504
21
-4.2935590551181102
0
LINE
8
BLACK
6
CONTINUOUS
10
5.517914251968504
20
-4.2935590551181102
11
5.5909964173228346
21
-4.2935590551181102
0
LINE
8
BLACK
6
CONTINUOUS
10
5.5909964173228346
20
-4.2935590551181102
11
5.5916692519685034
21
-4.293280354330709
0
LINE
8
BLACK
6
CONTINUOUS
10
5.5916692519685034
20
-4.293280354330709
11
5.5924373228346456
21
-4.2932047244094491
0
LINE
8
BLACK
6
CONTINUOUS
10
5.5924373228346456
20
-4.2932047244094491
11
5.6348697637795278
21
-4.2932047244094491
0
LINE
8
BLACK
6
CONTINUOUS
10
5.6348697637795278
20
-4.2932047244094491
11
5.635637834645669
21
-4.293280354330709
0
LINE
8
BLACK
6
CONTINUOUS
10
5.635637834645669
20
-4.293280354330709
11
5.6363106692913387
21
-4.2935590551181102
0
LINE
8
BLACK
6
CONTINUOUS
10
5.6363106692913387
20
-4.2935590551181102
11
5.7715837795275586
21
-4.2935590551181102
0
LINE
8
BLACK
6
CONTINUOUS
10
5.7715837795275586
20
-4.2935590551181102
11
5.7729979527559054
21
-4.2929732677165351
0
LINE
8
BLACK
6
CONTINUOUS
10
5.7729979527559054
20
-4.2929732677165351
11
5.7737660236220467
21
-4.2928976377952752
0
LINE
8
BLACK
6
CONTINUOUS
10
5.7737660236220467
20
-4.2928976377952752
11
5.793367834645669
21
-4.2928976377952752
0
LINE
8
BLACK
6
CONTINUOUS
10
5.793367834645669
20
-4.2928976377952752
11
5.7941359055118111
21
-4.2929732677165351
0
LINE
8
BLACK
6
CONTINUOUS
10
5.7941359055118111
20
-4.2929732677165351
11
5.795550078740157
21
-4.2935590551181102
0
LINE
8
BLACK
6
CONTINUOUS
10
5.795550078740157
20
-4.2935590551181102
11
5.9069361417322837
21
-4.2935590551181102
0
LINE
8
BLACK
6
CONTINUOUS
10
5.9069361417322837
20
-4.2935590551181102
11
5.9099055118110231
21
-4.2905896850393699
0
LINE
8
BLACK
6
CONTINUOUS
10
5.9099055118110231
20
-4.2905896850393699
11
5.9099055118110231
21
-4.2857559055118113
0
LINE
8
BLACK
6
CONTINUOUS
10
5.9099055118110231
20
-4.2857559055118113
11
5.9099811417322829
21
-4.2849878346456691
0
LINE
8
BLACK
6
CONTINUOUS
10
5.9099811417322829
20
-4.2849878346456691
11
5.9105690157480311
21
-4.2835686220472438
0
LINE
8
BLACK
6
CONTINUOUS
10
5.9105690157480311
20
-4.2835686220472438
11
5.9110586220472436
21
-4.2829720078740152
0
LINE
8
BLACK
6
CONTINUOUS
10
5.9110586220472436
20
-4.2829720078740152
11
5.9137830708661419
21
-4.2802475984251966
0
LINE
8
BLACK
6
CONTINUOUS
10
5.9137830708661419
20
-4.2802475984251966
11
5.9143796456692916
21
-4.2797579527559053
0
LINE
8
BLACK
6
CONTINUOUS
10
5.9143796456692916
20
-4.2797579527559053
11
5.9157988582677161
21
-4.279170118110236
0
LINE
8
BLACK
6
CONTINUOUS
10
5.9157988582677161
20
-4.279170118110236
11
5.9165669291338583
21
-4.2790944881889761
0
LINE
8
BLACK
6
CONTINUOUS
10
5.9165669291338583
20
-4.2790944881889761
11
6.1166771653543304
21
-4.2790944881889761
0
LINE
8
BLACK
6
CONTINUOUS
10
6.1166771653543304
20
-4.2790944881889761
11
6.1172127559055118
21
-4.279147204724409
0
LINE
8
BLACK
6
CONTINUOUS
10
6.1172127559055118
20
-4.279147204724409
11
6.11823874015748
21
-4.2781212598425196
0
LINE
8
BLACK
6
CONTINUOUS
10
6.11823874015748
20
-4.2781212598425196
11
6.1203675590551176
21
-4.2772394488188974
0
LINE
8
BLACK
6
CONTINUOUS
10
6.1203675590551176
20
-4.2772394488188974
11
6.122671811023622
21
-4.2772394488188974
0
LINE
8
BLACK
6
CONTINUOUS
10
6.122671811023622
20
-4.2772394488188974
11
6.1248006299212596
21
-4.2781212598425196
0
LINE
8
BLACK
6
CONTINUOUS
10
6.1248006299212596
20
-4.2781212598425196
11
6.1264299212598425
21
-4.2797505511811025
0
LINE
8
BLACK
6
CONTINUOUS
10
6.1264299212598425
20
-4.2797505511811025
11
6.1272542125984248
21
-4.2817405511811026
0
LINE
8
BLACK
6
CONTINUOUS
10
6.1272542125984248
20
-4.2817405511811026
11
6.1531706299212594
21
-4.2558241732283459
0
LINE
8
BLACK
6
CONTINUOUS
10
6.1531706299212594
20
-4.2558241732283459
11
6.1540655511811027
21
-4.2550897244094488
0
LINE
8
BLACK
6
CONTINUOUS
10
6.1540655511811027
20
-4.2550897244094488
11
6.1553125590551181
21
-4.2545731889763783
0
LINE
8
BLACK
6
CONTINUOUS
10
6.1553125590551181
20
-4.2545731889763783
11
6.1561943307086615
21
-4.2542079527559054
0
LINE
8
BLACK
6
CONTINUOUS
10
6.1561943307086615
20
-4.2542079527559054
11
6.1573464566929133
21
-4.2540944881889766
0
LINE
8
BLACK
6
CONTINUOUS
10
6.1573464566929133
20
-4.2540944881889766
11
6.1718880314960627
21
-4.2540944881889766
0
LINE
8
BLACK
6
CONTINUOUS
10
6.1718880314960627
20
-4.2540944881889766
11
6.1726296850393698
21
-4.2528099212598427
0
LINE
8
BLACK
6
CONTINUOUS
10
6.1726296850393698
20
-4.2528099212598427
11
6.1748099212598424
21
-4.2506296850393701
0
LINE
8
BLACK
6
CONTINUOUS
10
6.1748099212598424
20
-4.2506296850393701
11
6.1774801181102363
21
-4.2490880314960631
0
LINE
8
BLACK
6
CONTINUOUS
10
6.1774801181102363
20
-4.2490880314960631
11
6.1804583464566925
21
-4.2482900393700787
0
LINE
8
BLACK
6
CONTINUOUS
10
6.1804583464566925
20
-4.2482900393700787
11
6.1835416535433065
21
-4.2482900393700787
0
LINE
8
BLACK
6
CONTINUOUS
10
6.1835416535433065
20
-4.2482900393700787
11
6.1865198818897635
21
-4.2490880314960631
0
LINE
8
BLACK
6
CONTINUOUS
10
6.1865198818897635
20
-4.2490880314960631
11
6.1891900787401575
21
-4.2506296850393701
0
LINE
8
BLACK
6
CONTINUOUS
10
6.1891900787401575
20
-4.2506296850393701
11
6.1913703149606301
21
-4.2528099212598427
0
LINE
8
BLACK
6
CONTINUOUS
10
6.1913703149606301
20
-4.2528099212598427
11
6.1929119685039371
21
-4.2554801181102357
0
LINE
8
BLACK
6
CONTINUOUS
10
6.1929119685039371
20
-4.2554801181102357
11
6.1937099606299215
21
-4.2584583464566927
0
LINE
8
BLACK
6
CONTINUOUS
10
6.1937099606299215
20
-4.2584583464566927
11
6.1937099606299215
21
-4.2615416535433068
0
LINE
8
BLACK
6
CONTINUOUS
10
6.1937099606299215
20
-4.2615416535433068
11
6.1929119685039371
21
-4.2645198818897638
0
LINE
8
BLACK
6
CONTINUOUS
10
6.1929119685039371
20
-4.2645198818897638
11
6.1913703149606301
21
-4.2671900787401578
0
LINE
8
BLACK
6
CONTINUOUS
10
6.1913703149606301
20
-4.2671900787401578
11
6.1891900787401575
21
-4.2693703149606295
0
LINE
8
BLACK
6
CONTINUOUS
10
6.1891900787401575
20
-4.2693703149606295
11
6.1865198818897635
21
-4.2709119685039365
0
LINE
8
BLACK
6
CONTINUOUS
10
6.1865198818897635
20
-4.2709119685039365
11
6.1835416535433065
21
-4.2717099606299209
0
LINE
8
BLACK
6
CONTINUOUS
10
6.1835416535433065
20
-4.2717099606299209
11
6.1804583464566925
21
-4.2717099606299209
0
LINE
8
BLACK
6
CONTINUOUS
10
6.1804583464566925
20
-4.2717099606299209
11
6.1774801181102363
21
-4.2709119685039365
0
LINE
8
BLACK
6
CONTINUOUS
10
6.1774801181102363
20
-4.2709119685039365
11
6.1748099212598424
21
-4.2693703149606295
0
LINE
8
BLACK
6
CONTINUOUS
10
6.1748099212598424
20
-4.2693703149606295
11
6.1726296850393698
21
-4.2671900787401578
0
LINE
8
BLACK
6
CONTINUOUS
10
6.1726296850393698
20
-4.2671900787401578
11
6.1718880314960627
21
-4.2659055118110238
0
LINE
8
BLACK
6
CONTINUOUS
10
6.1718880314960627
20
-4.2659055118110238
11
6.1597925984251969
21
-4.2659055118110238
0
LINE
8
BLACK
6
CONTINUOUS
10
6.1597925984251969
20
-4.2659055118110238
11
6.1314015748031494
21
-4.2942965354330704
0
LINE
8
BLACK
6
CONTINUOUS
10
6.1314015748031494
20
-4.2942965354330704
11
6.1314015748031494
21
-4.2948818897637793
0
LINE
8
BLACK
6
CONTINUOUS
10
6.1314015748031494
20
-4.2948818897637793
11
6.1363228346456689
21
-4.2948818897637793
0
LINE
8
BLACK
6
CONTINUOUS
10
6.1363228346456689
20
-4.2948818897637793
11
6.1363228346456689
21
-4.3539370078740154
0
LINE
8
BLACK
6
CONTINUOUS
10
6.1363228346456689
20
-4.3539370078740154
11
6.1146692913385827
21
-4.3539370078740154
0
LINE
8
BLACK
6
CONTINUOUS
10
6.1146692913385827
20
-4.3539370078740154
11
6.1146692913385827
21
-4.2948818897637793
0
LINE
8
BLACK
6
CONTINUOUS
10
6.1146692913385827
20
-4.2948818897637793
11
6.1156141732283462
21
-4.2948818897637793
0
LINE
8
BLACK
6
CONTINUOUS
10
6.1156141732283462
20
-4.2948818897637793
11
6.1156141732283462
21
-4.2869685039370076
0
LINE
8
BLACK
6
CONTINUOUS
10
6.1156141732283462
20
-4.2869685039370076
11
5.9181976771653542
21
-4.2869685039370076
0
LINE
8
BLACK
6
CONTINUOUS
10
5.9181976771653542
20
-4.2869685039370076
11
5.9177795275590546
21
-4.2873866535433072
0
LINE
8
BLACK
6
CONTINUOUS
10
5.9177795275590546
20
-4.2873866535433072
11
5.9177795275590546
21
-4.2922204724409445
0
LINE
8
BLACK
6
CONTINUOUS
10
5.9177795275590546
20
-4.2922204724409445
11
5.9177038976377956
21
-4.2929885433070867
0
LINE
8
BLACK
6
CONTINUOUS
10
5.9177038976377956
20
-4.2929885433070867
11
5.9171160629921262
21
-4.294407755905512
0
LINE
8
BLACK
6
CONTINUOUS
10
5.9171160629921262
20
-4.294407755905512
11
5.9166264173228349
21
-4.2950043307086609
0
LINE
8
BLACK
6
CONTINUOUS
10
5.9166264173228349
20
-4.2950043307086609
11
5.9113508267716535
21
-4.3002799606299211
0
LINE
8
BLACK
6
CONTINUOUS
10
5.9113508267716535
20
-4.3002799606299211
11
5.9107542125984249
21
-4.3007695669291337
0
LINE
8
BLACK
6
CONTINUOUS
10
5.9107542125984249
20
-4.3007695669291337
11
5.9093349999999996
21
-4.3013574409448818
0
LINE
8
BLACK
6
CONTINUOUS
10
5.9093349999999996
20
-4.3013574409448818
11
5.9085669291338583
21
-4.3014330708661417
0
LINE
8
BLACK
6
CONTINUOUS
10
5.9085669291338583
20
-4.3014330708661417
11
5.7940292519685039
21
-4.3014330708661417
0
LINE
8
BLACK
6
CONTINUOUS
10
5.7940292519685039
20
-4.3014330708661417
11
5.7932611811023618
21
-4.3013574409448818
0
LINE
8
BLACK
6
CONTINUOUS
10
5.7932611811023618
20
-4.3013574409448818
11
5.7918470078740159
21
-4.3007716535433067
0
LINE
8
BLACK
6
CONTINUOUS
10
5.7918470078740159
20
-4.3007716535433067
11
5.7752868503937007
21
-4.3007716535433067
0
LINE
8
BLACK
6
CONTINUOUS
10
5.7752868503937007
20
-4.3007716535433067
11
5.7738726771653539
21
-4.3013574409448818
0
LINE
8
BLACK
6
CONTINUOUS
10
5.7738726771653539
20
-4.3013574409448818
11
5.7731046062992126
21
-4.3014330708661417
0
LINE
8
BLACK
6
CONTINUOUS
10
5.7731046062992126
20
-4.3014330708661417
11
5.6352240944881888
21
-4.3014330708661417
0
LINE
8
BLACK
6
CONTINUOUS
10
5.6352240944881888
20
-4.3014330708661417
11
5.6344560236220467
21
-4.3013574409448818
0
LINE
8
BLACK
6
CONTINUOUS
10
5.6344560236220467
20
-4.3013574409448818
11
5.6337831889763779
21
-4.3010787401574806
0
LINE
8
BLACK
6
CONTINUOUS
10
5.6337831889763779
20
-4.3010787401574806
11
5.5935238976377955
21
-4.3010787401574806
0
LINE
8
BLACK
6
CONTINUOUS
10
5.5935238976377955
20
-4.3010787401574806
11
5.5928510629921258
21
-4.3013574409448818
0
LINE
8
BLACK
6
CONTINUOUS
10
5.5928510629921258
20
-4.3013574409448818
11
5.5920829921259845
21
-4.3014330708661417
0
LINE
8
BLACK
6
CONTINUOUS
10
5.5920829921259845
20
-4.3014330708661417
11
5.5162834645669294
21
-4.3014330708661417
0
LINE
8
BLACK
6
CONTINUOUS
10
5.5162834645669294
20
-4.3014330708661417
11
5.5155153937007872
21
-4.3013574409448818
0
LINE
8
BLACK
6
CONTINUOUS
10
5.5155153937007872
20
-4.3013574409448818
11
5.5140961811023619
21
-4.3007695669291337
0
LINE
8
BLACK
6
CONTINUOUS
10
5.5140961811023619
20
-4.3007695669291337
11
5.5134995669291333
21
-4.3002799606299211
0
LINE
8
BLACK
6
CONTINUOUS
10
5.5134995669291333
20
-4.3002799606299211
11
5.5066906692913387
21
-4.2934710629921256
0
LINE
8
BLACK
6
CONTINUOUS
10
5.5066906692913387
20
-4.2934710629921256
11
5.4708685826771655
21
-4.32929311023622
0
LINE
8
BLACK
6
CONTINUOUS
10
5.4708685826771655
20
-4.32929311023622
11
5.4712094881889763
21
-4.3298032677165352
0
LINE
8
BLACK
6
CONTINUOUS
10
5.4712094881889763
20
-4.3298032677165352
11
5.4741629921259838
21
-4.3369336614173228
0
LINE
8
BLACK
6
CONTINUOUS
10
5.4741629921259838
20
-4.3369336614173228
11
5.4756687007874012
21
-4.3445032677165356
0
LINE
8
BLACK
6
CONTINUOUS
10
5.4756687007874012
20
-4.3445032677165356
11
5.4756687007874012
21
-4.3522211417322838
0
LINE
8
BLACK
6
CONTINUOUS
10
5.4756687007874012
20
-4.3522211417322838
11
5.4741629921259838
21
-4.3597907480314957
0
LINE
8
BLACK
6
CONTINUOUS
10
5.4741629921259838
20
-4.3597907480314957
11
5.4712094881889763
21
-4.3669211417322833
0
LINE
8
BLACK
6
CONTINUOUS
10
5.4712094881889763
20
-4.3669211417322833
11
5.4669216535433067
21
-4.3733383070866143
0
LINE
8
BLACK
6
CONTINUOUS
10
5.4669216535433067
20
-4.3733383070866143
11
5.4614642913385829
21
-4.3787956692913381
0
LINE
8
BLACK
6
CONTINUOUS
10
5.4614642913385829
20
-4.3787956692913381
11
5.4550471259842519
21
-4.3830835039370077
0
LINE
8
BLACK
6
CONTINUOUS
10
5.4550471259842519
20
-4.3830835039370077
11
5.4479167322834643
21
-4.3860370078740161
0
LINE
8
BLACK
6
CONTINUOUS
10
5.4479167322834643
20
-4.3860370078740161
11
5.4403471259842515
21
-4.3875427165354326
0
LINE
8
BLACK
6
CONTINUOUS
10
5.4403471259842515
20
-4.3875427165354326
11
5.4326292519685042
21
-4.3875427165354326
0
LINE
8
BLACK
6
CONTINUOUS
10
5.4326292519685042
20
-4.3875427165354326
11
5.4250596456692914
21
-4.3860370078740161
0
LINE
8
BLACK
6
CONTINUOUS
10
5.4250596456692914
20
-4.3860370078740161
11
5.4179292519685038
21
-4.3830835039370077
0
LINE
8
BLACK
6
CONTINUOUS
10
5.4179292519685038
20
-4.3830835039370077
11
5.4115120866141728
21
-4.3787956692913381
0
LINE
8
BLACK
6
CONTINUOUS
10
5.4115120866141728
20
-4.3787956692913381
11
5.406054724409449
21
-4.3733383070866143
0
LINE
8
BLACK
6
CONTINUOUS
10
5.406054724409449
20
-4.3733383070866143
11
5.4017668897637794
21
-4.3669211417322833
0
LINE
8
BLACK
6
CONTINUOUS
10
5.4017668897637794
20
-4.3669211417322833
11
5.3988133858267719
21
-4.3597907480314957
0
LINE
8
BLACK
6
CONTINUOUS
10
5.3988133858267719
20
-4.3597907480314957
11
5.3973076771653545
21
-4.3522211417322838
0
LINE
8
BLACK
6
CONTINUOUS
10
5.3973076771653545
20
-4.3522211417322838
11
5.3973076771653545
21
-4.3445032677165356
0
LINE
8
BLACK
6
CONTINUOUS
10
5.3973076771653545
20
-4.3445032677165356
11
5.3988133858267719
21
-4.3369336614173228
0
LINE
8
BLACK
6
CONTINUOUS
10
5.3988133858267719
20
-4.3369336614173228
11
5.4017668897637794
21
-4.3298032677165352
0
LINE
8
BLACK
6
CONTINUOUS
10
5.4017668897637794
20
-4.3298032677165352
11
5.406054724409449
21
-4.3233861023622042
0
LINE
8
BLACK
6
CONTINUOUS
10
5.406054724409449
20
-4.3233861023622042
11
5.4115120866141728
21
-4.3179287401574804
0
LINE
8
BLACK
6
CONTINUOUS
10
5.4115120866141728
20
-4.3179287401574804
11
5.4179292519685038
21
-4.3136409055118108
0
LINE
8
BLACK
6
CONTINUOUS
10
5.4179292519685038
20
-4.3136409055118108
11
5.4250596456692914
21
-4.3106874015748033
0
LINE
8
BLACK
6
CONTINUOUS
10
5.4250596456692914
20
-4.3106874015748033
11
5.4256614173228348
21
-4.3105676771653538
0
LINE
8
BLACK
6
CONTINUOUS
10
5.4256614173228348
20
-4.3105676771653538
11
5.4256614173228348
21
-4.1302511811023619
0
LINE
8
BLACK
6
CONTINUOUS
10
5.4256614173228348
20
-4.1302511811023619
11
5.4250596456692914
21
-4.130131496062992
0
LINE
8
BLACK
6
CONTINUOUS
10
5.4250596456692914
20
-4.130131496062992
11
5.4179292519685038
21
-4.1271779921259846
0
LINE
8
BLACK
6
CONTINUOUS
10
5.4179292519685038
20
-4.1271779921259846
11
5.4115120866141728
21
-4.122890157480315
0
LINE
8
BLACK
6
CONTINUOUS
10
5.4115120866141728
20
-4.122890157480315
11
5.406054724409449
21
-4.1174327952755903
0
LINE
8
BLACK
6
CONTINUOUS
10
5.406054724409449
20
-4.1174327952755903
11
5.4017668897637794
21
-4.1110156299212601
0
LINE
8
BLACK
6
CONTINUOUS
10
5.4017668897637794
20
-4.1110156299212601
11
5.3988133858267719
21
-4.1038852362204725
0
LINE
8
BLACK
6
CONTINUOUS
10
5.3988133858267719
20
-4.1038852362204725
11
5.3973076771653545
21
-4.0963156299212597
0
LINE
8
BLACK
6
CONTINUOUS
10
5.3973076771653545
20
-4.0963156299212597
11
5.3973076771653545
21
-4.0885977559055116
0
LINE
8
BLACK
6
CONTINUOUS
10
5.3973076771653545
20
-4.0885977559055116
11
5.3988133858267719
21
-4.0810281496062988
0
LINE
8
BLACK
6
CONTINUOUS
10
5.3988133858267719
20
-4.0810281496062988
11
5.4017668897637794
21
-4.0738977559055121
0
LINE
8
BLACK
6
CONTINUOUS
10
5.4017668897637794
20
-4.0738977559055121
11
5.4021077165354328
21
-4.0733875984251968
0
LINE
8
BLACK
6
CONTINUOUS
10
5.4021077165354328
20
-4.0733875984251968
11
5.3474366929133854
21
-4.0187165354330707
0
LINE
8
BLACK
6
CONTINUOUS
10
5.3474366929133854
20
-4.0187165354330707
11
5.3041843307086616
21
-4.0187165354330707
0
LINE
8
BLACK
6
CONTINUOUS
10
5.3041843307086616
20
-4.0187165354330707
11
5.3041722834645668
21
-4.018777047244094
0
LINE
8
BLACK
6
CONTINUOUS
10
5.3041722834645668
20
-4.018777047244094
11
5.3024653937007873
21
-4.0213315354330712
0
LINE
8
BLACK
6
CONTINUOUS
10
5.3024653937007873
20
-4.0213315354330712
11
5.299910905511811
21
-4.0230384251968507
0
LINE
8
BLACK
6
CONTINUOUS
10
5.299910905511811
20
-4.0230384251968507
11
5.2968976377952757
21
-4.0236377952755902
0
LINE
8
BLACK
6
CONTINUOUS
10
5.2968976377952757
20
-4.0236377952755902
11
5.2752440944881887
21
-4.0236377952755902
0
LINE
8
BLACK
6
CONTINUOUS
10
5.2752440944881887
20
-4.0236377952755902
11
5.2722308267716533
21
-4.0230384251968507
0
LINE
8
BLACK
6
CONTINUOUS
10
5.2722308267716533
20
-4.0230384251968507
11
5.269676338582677
21
-4.0213315354330712
0
LINE
8
BLACK
6
CONTINUOUS
10
5.269676338582677
20
-4.0213315354330712
11
5.2679694488188975
21
-4.018777047244094
0
LINE
8
BLACK
6
CONTINUOUS
10
5.2679694488188975
20
-4.018777047244094
11
5.2673700787401572
21
-4.0157637795275587
0
LINE
8
BLACK
6
CONTINUOUS
10
5.2673700787401572
20
-4.0157637795275587
11
5.2673700787401572
21
-4.0000157480314957
0
LINE
8
BLACK
6
CONTINUOUS
10
5.2673700787401572
20
-4.0000157480314957
11
5.2679694488188975
21
-3.9970024803149604
0
LINE
8
BLACK
6
CONTINUOUS
10
5.2679694488188975
20
-3.9970024803149604
11
5.269676338582677
21
-3.9944479921259841
0
LINE
8
BLACK
6
CONTINUOUS
10
5.269676338582677
20
-3.9944479921259841
11
5.2722308267716533
21
-3.9927411023622046
0
LINE
8
BLACK
6
CONTINUOUS
10
5.2722308267716533
20
-3.9927411023622046
11
5.2752440944881887
21
-3.9921417322834647
0
LINE
8
BLACK
6
CONTINUOUS
10
5.2752440944881887
20
-3.9921417322834647
11
5.2968976377952757
21
-3.9921417322834647
0
LINE
8
BLACK
6
CONTINUOUS
10
5.2968976377952757
20
-3.9921417322834647
11
5.299910905511811
21
-3.9927411023622046
0
LINE
8
BLACK
6
CONTINUOUS
10
5.6250820866141735
20
-4.3106874015748033
11
5.6322124803149602
21
-4.3136409055118108
0
LINE
8
BLACK
6
CONTINUOUS
10
5.6322124803149602
20
-4.3136409055118108
11
5.6386296456692913
21
-4.3179287401574804
0
LINE
8
BLACK
6
CONTINUOUS
10
5.6386296456692913
20
-4.3179287401574804
11
5.644087007874016
21
-4.3233861023622042
0
LINE
8
BLACK
6
CONTINUOUS
10
5.644087007874016
20
-4.3233861023622042
11
5.6483748425196847
21
-4.3298032677165352
0
LINE
8
BLACK
6
CONTINUOUS
10
5.6483748425196847
20
-4.3298032677165352
11
5.651328346456693
21
-4.3369336614173228
0
LINE
8
BLACK
6
CONTINUOUS
10
5.651328346456693
20
-4.3369336614173228
11
5.6528340551181104
21
-4.3445032677165356
0
LINE
8
BLACK
6
CONTINUOUS
10
5.6528340551181104
20
-4.3445032677165356
11
5.6528340551181104
21
-4.3522211417322838
0
LINE
8
BLACK
6
CONTINUOUS
10
5.6528340551181104
20
-4.3522211417322838
11
5.651328346456693
21
-4.3597907480314957
0
LINE
8
BLACK
6
CONTINUOUS
10
5.651328346456693
20
-4.3597907480314957
11
5.6483748425196847
21
-4.3669211417322833
0
LINE
8
BLACK
6
CONTINUOUS
10
5.6483748425196847
20
-4.3669211417322833
11
5.644087007874016
21
-4.3733383070866143
0
LINE
8
BLACK
6
CONTINUOUS
10
5.644087007874016
20
-4.3733383070866143
11
5.6386296456692913
21
-4.3787956692913381
0
LINE
8
BLACK
6
CONTINUOUS
10
5.6386296456692913
20
-4.3787956692913381
11
5.6322124803149602
21
-4.3830835039370077
0
LINE
8
BLACK
6
CONTINUOUS
10
5.6322124803149602
20
-4.3830835039370077
11
5.6250820866141735
21
-4.3860370078740161
0
LINE
8
BLACK
6
CONTINUOUS
10
5.6250820866141735
20
-4.3860370078740161
11
5.6175124803149608
21
-4.3875427165354326
0
LINE
8
BLACK
6
CONTINUOUS
10
5.6175124803149608
20
-4.3875427165354326
11
5.6097946062992126
21
-4.3875427165354326
0
LINE
8
BLACK
6
CONTINUOUS
10
5.6097946062992126
20
-4.3875427165354326
11
5.6022249999999998
21
-4.3860370078740161
0
LINE
8
BLACK
6
CONTINUOUS
10
5.6022249999999998
20
-4.3860370078740161
11
5.5950946062992122
21
-4.3830835039370077
0
LINE
8
BLACK
6
CONTINUOUS
10
5.5950946062992122
20
-4.3830835039370077
11
5.5886774409448821
21
-4.3787956692913381
0
LINE
8
BLACK
6
CONTINUOUS
10
5.5886774409448821
20
-4.3787956692913381
11
5.5832200787401574
21
-4.3733383070866143
0
LINE
8
BLACK
6
CONTINUOUS
10
5.5832200787401574
20
-4.3733383070866143
11
5.5789322440944877
21
-4.3669211417322833
0
LINE
8
BLACK
6
CONTINUOUS
10
5.5789322440944877
20
-4.3669211417322833
11
5.5759787401574803
21
-4.3597907480314957
0
LINE
8
BLACK
6
CONTINUOUS
10
5.5759787401574803
20
-4.3597907480314957
11
5.5744730314960629
21
-4.3522211417322838
0
LINE
8
BLACK
6
CONTINUOUS
10
5.5744730314960629
20
-4.3522211417322838
11
5.5744730314960629
21
-4.3445032677165356
0
LINE
8
BLACK
6
CONTINUOUS
10
5.5744730314960629
20
-4.3445032677165356
11
5.5759787401574803
21
-4.3369336614173228
0
LINE
8
BLACK
6
CONTINUOUS
10
5.5759787401574803
20
-4.3369336614173228
11
5.5789322440944877
21
-4.3298032677165352
0
LINE
8
BLACK
6
CONTINUOUS
10
5.5789322440944877
20
-4.3298032677165352
11
5.5832200787401574
21
-4.3233861023622042
0
LINE
8
BLACK
6
CONTINUOUS
10
5.5832200787401574
20
-4.3233861023622042
11
5.5886774409448821
21
-4.3179287401574804
0
LINE
8
BLACK
6
CONTINUOUS
10
5.5886774409448821
20
-4.3179287401574804
11
5.5950946062992122
21
-4.3136409055118108
0
LINE
8
BLACK
6
CONTINUOUS
10
5.5950946062992122
20
-4.3136409055118108
11
5.6022249999999998
21
-4.3106874015748033
0
LINE
8
BLACK
6
CONTINUOUS
10
5.6022249999999998
20
-4.3106874015748033
11
5.6097946062992126
21
-4.3091816929133859
0
LINE
8
BLACK
6
CONTINUOUS
10
5.6097946062992126
20
-4.3091816929133859
11
5.6175124803149608
21
-4.3091816929133859
0
LINE
8
BLACK
6
CONTINUOUS
10
5.6175124803149608
20
-4.3091816929133859
11
5.6250820866141735
21
-4.3106874015748033
0
LINE
8
BLACK
6
CONTINUOUS
10
6.1993149606299207
20
-4.3244094488188978
11
6.1993149606299207
21
-4.370692204724409
0
LINE
8
BLACK
6
CONTINUOUS
10
6.1993149606299207
20
-4.370692204724409
11
6.1994788976377952
21
-4.3709761811023622
0
LINE
8
BLACK
6
CONTINUOUS
10
6.1994788976377952
20
-4.3709761811023622
11
6.2002768897637797
21
-4.3739544094488192
0
LINE
8
BLACK
6
CONTINUOUS
10
6.2002768897637797
20
-4.3739544094488192
11
6.2002768897637797
21
-4.3770377165354333
0
LINE
8
BLACK
6
CONTINUOUS
10
6.2002768897637797
20
-4.3770377165354333
11
6.1994788976377952
21
-4.3800159448818894
0
LINE
8
BLACK
6
CONTINUOUS
10
6.1994788976377952
20
-4.3800159448818894
11
6.1979372440944882
21
-4.3826861417322833
0
LINE
8
BLACK
6
CONTINUOUS
10
6.1979372440944882
20
-4.3826861417322833
11
6.1957570078740156
21
-4.3848663779527559
0
LINE
8
BLACK
6
CONTINUOUS
10
6.1957570078740156
20
-4.3848663779527559
11
6.1930868110236217
21
-4.386408031496063
0
LINE
8
BLACK
6
CONTINUOUS
10
6.1930868110236217
20
-4.386408031496063
11
6.1901085826771656
21
-4.3872060236220474
0
LINE
8
BLACK
6
CONTINUOUS
10
6.1901085826771656
20
-4.3872060236220474
11
6.1870252755905506
21
-4.3872060236220474
0
LINE
8
BLACK
6
CONTINUOUS
10
6.1870252755905506
20
-4.3872060236220474
11
6.1840470472440945
21
-4.386408031496063
0
LINE
8
BLACK
6
CONTINUOUS
10
6.1840470472440945
20
-4.386408031496063
11
6.1813768503937006
21
-4.3848663779527559
0
LINE
8
BLACK
6
CONTINUOUS
10
6.1813768503937006
20
-4.3848663779527559
11
6.179196614173228
21
-4.3826861417322833
0
LINE
8
BLACK
6
CONTINUOUS
10
6.179196614173228
20
-4.3826861417322833
11
6.1776549606299209
21
-4.3800159448818894
0
LINE
8
BLACK
6
CONTINUOUS
10
6.1776549606299209
20
-4.3800159448818894
11
6.1768569685039365
21
-4.3770377165354333
0
LINE
8
BLACK
6
CONTINUOUS
10
6.1768569685039365
20
-4.3770377165354333
11
6.1768569685039365
21
-4.3739544094488192
0
LINE
8
BLACK
6
CONTINUOUS
10
6.1768569685039365
20
-4.3739544094488192
11
6.1776549606299209
21
-4.3709761811023622
0
LINE
8
BLACK
6
CONTINUOUS
10
6.1776549606299209
20
-4.3709761811023622
11
6.1776614173228346
21
-4.3709649606299212
0
LINE
8
BLACK
6
CONTINUOUS
10
6.1776614173228346
20
-4.3709649606299212
11
6.1776614173228346
21
-4.3539370078740154
0
LINE
8
BLACK
6
CONTINUOUS
10
6.1776614173228346
20
-4.3539370078740154
11
6.1776614173228346
21
-4.2948818897637793
0
LINE
8
BLACK
6
CONTINUOUS
10
6.1776614173228346
20
-4.2948818897637793
11
6.1993149606299207
21
-4.2948818897637793
0
LINE
8
BLACK
6
CONTINUOUS
10
6.1993149606299207
20
-4.2948818897637793
11
6.1993149606299207
21
-4.3244094488188978
0
LINE
8
BLACK
6
CONTINUOUS
10
6.3285198818897639
20
-4.3070880314960629
11
6.3286674409448818
21
-4.307173228346457
0
LINE
8
BLACK
6
CONTINUOUS
10
6.3286674409448818
20
-4.307173228346457
11
6.3499999999999996
21
-4.307173228346457
0
LINE
8
BLACK
6
CONTINUOUS
10
6.3499999999999996
20
-4.307173228346457
11
6.352112204724409
21
-4.3073812598425194
0
LINE
8
BLACK
6
CONTINUOUS
10
6.352112204724409
20
-4.3073812598425194
11
6.3560150393700789
21
-4.3089978740157475
0
LINE
8
BLACK
6
CONTINUOUS
10
6.3560150393700789
20
-4.3089978740157475
11
6.3576556692913382
21
-4.3103443307086611
0
LINE
8
BLACK
6
CONTINUOUS
10
6.3576556692913382
20
-4.3103443307086611
11
6.4004845669291335
21
-4.3531732283464564
0
LINE
8
BLACK
6
CONTINUOUS
10
6.4004845669291335
20
-4.3531732283464564
11
6.6273325590551178
21
-4.3531732283464564
0
LINE
8
BLACK
6
CONTINUOUS
10
6.6273325590551178
20
-4.3531732283464564
11
6.6274801181102356
21
-4.3530880314960632
0
LINE
8
BLACK
6
CONTINUOUS
10
6.6274801181102356
20
-4.3530880314960632
11
6.6304583464566926
21
-4.3522900393700787
0
LINE
8
BLACK
6
CONTINUOUS
10
6.6304583464566926
20
-4.3522900393700787
11
6.6335416535433067
21
-4.3522900393700787
0
LINE
8
BLACK
6
CONTINUOUS
10
6.6335416535433067
20
-4.3522900393700787
11
6.6365198818897637
21
-4.3530880314960632
0
LINE
8
BLACK
6
CONTINUOUS
10
6.6365198818897637
20
-4.3530880314960632
11
6.6391900787401577
21
-4.3546296850393702
0
LINE
8
BLACK
6
CONTINUOUS
10
6.6391900787401577
20
-4.3546296850393702
11
6.6413703149606294
21
-4.3568099212598428
0
LINE
8
BLACK
6
CONTINUOUS
10
6.6413703149606294
20
-4.3568099212598428
11
6.6429119685039373
21
-4.3594801181102358
0
LINE
8
BLACK
6
CONTINUOUS
10
6.6429119685039373
20
-4.3594801181102358
11
6.6437099606299208
21
-4.3624583464566928
0
LINE
8
BLACK
6
CONTINUOUS
10
6.6437099606299208
20
-4.3624583464566928
11
6.6437099606299208
21
-4.3655416535433069
0
LINE
8
BLACK
6
CONTINUOUS
10
6.6437099606299208
20
-4.3655416535433069
11
6.6429119685039373
21
-4.3685198818897639
0
LINE
8
BLACK
6
CONTINUOUS
10
6.6429119685039373
20
-4.3685198818897639
11
6.6413703149606294
21
-4.371190078740157
0
LINE
8
BLACK
6
CONTINUOUS
10
6.6413703149606294
20
-4.371190078740157
11
6.6391900787401577
21
-4.3733703149606296
0
LINE
8
BLACK
6
CONTINUOUS
10
6.6391900787401577
20
-4.3733703149606296
11
6.6365198818897637
21
-4.3749119685039366
0
LINE
8
BLACK
6
CONTINUOUS
10
6.6365198818897637
20
-4.3749119685039366
11
6.6335416535433067
21
-4.375709960629921
0
LINE
8
BLACK
6
CONTINUOUS
10
6.6335416535433067
20
-4.375709960629921
11
6.6304583464566926
21
-4.375709960629921
0
LINE
8
BLACK
6
CONTINUOUS
10
6.6304583464566926
20
-4.375709960629921
11
6.6274801181102356
21
-4.3749119685039366
0
LINE
8
BLACK
6
CONTINUOUS
10
6.6274801181102356
20
-4.3749119685039366
11
6.6273325590551178
21
-4.3748267716535434
0
LINE
8
BLACK
6
CONTINUOUS
10
6.6273325590551178
20
-4.3748267716535434
11
6.3959999999999999
21
-4.3748267716535434
0
LINE
8
BLACK
6
CONTINUOUS
10
6.3959999999999999
20
-4.3748267716535434
11
6.3938877952755906
21
-4.3746187401574801
0
LINE
8
BLACK
6
CONTINUOUS
10
6.3938877952755906
20
-4.3746187401574801
11
6.3899849606299215
21
-4.373002125984252
0
LINE
8
BLACK
6
CONTINUOUS
10
6.3899849606299215
20
-4.373002125984252
11
6.3883443307086614
21
-4.3716556692913384
0
LINE
8
BLACK
6
CONTINUOUS
10
6.3883443307086614
20
-4.3716556692913384
11
6.3455154330708661
21
-4.3288267716535431
0
LINE
8
BLACK
6
CONTINUOUS
10
6.3455154330708661
20
-4.3288267716535431
11
6.3286674409448818
21
-4.3288267716535431
0
LINE
8
BLACK
6
CONTINUOUS
10
6.3286674409448818
20
-4.3288267716535431
11
6.3285198818897639
21
-4.3289119685039372
0
LINE
8
BLACK
6
CONTINUOUS
10
6.3285198818897639
20
-4.3289119685039372
11
6.3255416535433069
21
-4.3297099606299208
0
LINE
8
BLACK
6
CONTINUOUS
10
6.3255416535433069
20
-4.3297099606299208
11
6.3224583464566928
21
-4.3297099606299208
0
LINE
8
BLACK
6
CONTINUOUS
10
6.3224583464566928
20
-4.3297099606299208
11
6.3194801181102358
21
-4.3289119685039372
0
LINE
8
BLACK
6
CONTINUOUS
10
6.3194801181102358
20
-4.3289119685039372
11
6.3168099212598428
21
-4.3273703149606302
0
LINE
8
BLACK
6
CONTINUOUS
10
6.3168099212598428
20
-4.3273703149606302
11
6.3146296850393702
21
-4.3251900787401576
0
LINE
8
BLACK
6
CONTINUOUS
10
6.3146296850393702
20
-4.3251900787401576
11
6.3130880314960631
21
-4.3225198818897637
0
LINE
8
BLACK
6
CONTINUOUS
10
6.3130880314960631
20
-4.3225198818897637
11
6.3122900393700787
21
-4.3195416535433067
0
LINE
8
BLACK
6
CONTINUOUS
10
6.3122900393700787
20
-4.3195416535433067
11
6.3122900393700787
21
-4.3164583464566926
0
LINE
8
BLACK
6
CONTINUOUS
10
6.3122900393700787
20
-4.3164583464566926
11
6.3130880314960631
21
-4.3134801181102365
0
LINE
8
BLACK
6
CONTINUOUS
10
6.3130880314960631
20
-4.3134801181102365
11
6.3146296850393702
21
-4.3108099212598425
0
LINE
8
BLACK
6
CONTINUOUS
10
6.3146296850393702
20
-4.3108099212598425
11
6.3168099212598428
21
-4.3086296850393699
0
LINE
8
BLACK
6
CONTINUOUS
10
6.3168099212598428
20
-4.3086296850393699
11
6.3194801181102358
21
-4.3070880314960629
0
LINE
8
BLACK
6
CONTINUOUS
10
6.3194801181102358
20
-4.3070880314960629
11
6.3224583464566928
21
-4.3062900393700785
0
LINE
8
BLACK
6
CONTINUOUS
10
6.3224583464566928
20
-4.3062900393700785
11
6.3255416535433069
21
-4.3062900393700785
0
LINE
8
BLACK
6
CONTINUOUS
10
6.3255416535433069
20
-4.3062900393700785
11
6.3285198818897639
21
-4.3070880314960629
0
LINE
8
BLACK
6
CONTINUOUS
10
5.9473464566929133
20
-4.3539370078740154
11
5.9256929133858263
21
-4.3539370078740154
0
LINE
8
BLACK
6
CONTINUOUS
10
5.9256929133858263
20
-4.3539370078740154
11
5.9256929133858263
21
-4.2948818897637793
0
LINE
8
BLACK
6
CONTINUOUS
10
5.9256929133858263
20
-4.2948818897637793
11
5.9473464566929133
21
-4.2948818897637793
0
LINE
8
BLACK
6
CONTINUOUS
10
5.9473464566929133
20
-4.2948818897637793
11
5.9473464566929133
21
-4.3539370078740154
0
LINE
8
BLACK
6
CONTINUOUS
10
5.9788425196850392
20
-4.3539370078740154
11
5.9571889763779522
21
-4.3539370078740154
0
LINE
8
BLACK
6
CONTINUOUS
10
5.9571889763779522
20
-4.3539370078740154
11
5.9571889763779522
21
-4.2948818897637793
0
LINE
8
BLACK
6
CONTINUOUS
10
5.9571889763779522
20
-4.2948818897637793
11
5.9788425196850392
21
-4.2948818897637793
0
LINE
8
BLACK
6
CONTINUOUS
10
5.9788425196850392
20
-4.2948818897637793
11
5.9788425196850392
21
-4.3539370078740154
0
LINE
8
BLACK
6
CONTINUOUS
10
5.2259057086614176
20
-3.8928045669291338
11
5.2285759055118106
21
-3.8943462204724408
0
LINE
8
BLACK
6
CONTINUOUS
10
5.2285759055118106
20
-3.8943462204724408
11
5.2307561417322832
21
-3.8965264566929134
0
LINE
8
BLACK
6
CONTINUOUS
10
5.2307561417322832
20
-3.8965264566929134
11
5.2322977952755902
21
-3.8991966535433069
0
LINE
8
BLACK
6
CONTINUOUS
10
5.2322977952755902
20
-3.8991966535433069
11
5.2330957874015747
21
-3.9021748818897635
0
LINE
8
BLACK
6
CONTINUOUS
10
5.2330957874015747
20
-3.9021748818897635
11
5.2330957874015747
21
-3.905258188976378
0
LINE
8
BLACK
6
CONTINUOUS
10
5.2330957874015747
20
-3.905258188976378
11
5.2322977952755902
21
-3.9082364173228346
0
LINE
8
BLACK
6
CONTINUOUS
10
5.2322977952755902
20
-3.9082364173228346
11
5.2307561417322832
21
-3.910906614173228
0
LINE
8
BLACK
6
CONTINUOUS
10
5.2307561417322832
20
-3.910906614173228
11
5.2285759055118106
21
-3.9130868503937006
0
LINE
8
BLACK
6
CONTINUOUS
10
5.2285759055118106
20
-3.9130868503937006
11
5.2259057086614176
21
-3.9146285039370077
0
LINE
8
BLACK
6
CONTINUOUS
10
5.2259057086614176
20
-3.9146285039370077
11
5.2229274803149606
21
-3.9154264960629921
0
LINE
8
BLACK
6
CONTINUOUS
10
5.2229274803149606
20
-3.9154264960629921
11
5.2198441732283465
21
-3.9154264960629921
0
LINE
8
BLACK
6
CONTINUOUS
10
5.2198441732283465
20
-3.9154264960629921
11
5.2168659448818895
21
-3.9146285039370077
0
LINE
8
BLACK
6
CONTINUOUS
10
5.2168659448818895
20
-3.9146285039370077
11
5.2167183858267716
21
-3.914543307086614
0
LINE
8
BLACK
6
CONTINUOUS
10
5.2167183858267716
20
-3.914543307086614
11
4.9136656692913387
21
-3.914543307086614
0
LINE
8
BLACK
6
CONTINUOUS
10
4.9136656692913387
20
-3.914543307086614
11
4.5144745669291337
21
-4.313734409448819
0
LINE
8
BLACK
6
CONTINUOUS
10
4.5144745669291337
20
-4.313734409448819
11
4.5128339370078736
21
-4.3150808661417326
0
LINE
8
BLACK
6
CONTINUOUS
10
4.5128339370078736
20
-4.3150808661417326
11
4.5089311023622045
21
-4.3166974803149607
0
LINE
8
BLACK
6
CONTINUOUS
10
4.5089311023622045
20
-4.3166974803149607
11
4.5068188976377952
21
-4.3169055118110231
0
LINE
8
BLACK
6
CONTINUOUS
10
4.5068188976377952
20
-4.3169055118110231
11
4.2161296850393697
21
-4.3169055118110231
0
LINE
8
BLACK
6
CONTINUOUS
10
4.2161296850393697
20
-4.3169055118110231
11
4.2140800393700788
21
-4.3218538188976376
0
LINE
8
BLACK
6
CONTINUOUS
10
4.2140800393700788
20
-4.3218538188976376
11
4.210435393700787
21
-4.3273084251968505
0
LINE
8
BLACK
6
CONTINUOUS
10
4.210435393700787
20
-4.3273084251968505
11
4.2057966141732281
21
-4.3319472047244094
0
LINE
8
BLACK
6
CONTINUOUS
10
4.2057966141732281
20
-4.3319472047244094
11
4.2003420078740152
21
-4.3355918503937003
0
LINE
8
BLACK
6
CONTINUOUS
10
4.2003420078740152
20
-4.3355918503937003
11
4.1942811811023617
21
-4.3381023228346454
0
LINE
8
BLACK
6
CONTINUOUS
10
4.1942811811023617
20
-4.3381023228346454
11
4.1878470472440945
21
-4.3393821653543307
0
LINE
8
BLACK
6
CONTINUOUS
10
4.1878470472440945
20
-4.3393821653543307
11
4.1812868110236217
21
-4.3393821653543307
0
LINE
8
BLACK
6
CONTINUOUS
10
4.1812868110236217
20
-4.3393821653543307
11
4.1748526771653545
21
-4.3381023228346454
0
LINE
8
BLACK
6
CONTINUOUS
10
4.1748526771653545
20
-4.3381023228346454
11
4.1687918503937009
21
-4.3355918503937003
0
LINE
8
BLACK
6
CONTINUOUS
10
4.1687918503937009
20
-4.3355918503937003
11
4.163337244094488
21
-4.3319472047244094
0
LINE
8
BLACK
6
CONTINUOUS
10
4.163337244094488
20
-4.3319472047244094
11
4.1586984645669292
21
-4.3273084251968505
0
LINE
8
BLACK
6
CONTINUOUS
10
4.1586984645669292
20
-4.3273084251968505
11
4.1550538188976374
21
-4.3218538188976376
0
LINE
8
BLACK
6
CONTINUOUS
10
4.1550538188976374
20
-4.3218538188976376
11
4.1525433464566932
21
-4.3157929921259841
0
LINE
8
BLACK
6
CONTINUOUS
10
4.1525433464566932
20
-4.3157929921259841
11
4.1512635039370078
21
-4.309358858267716
0
LINE
8
BLACK
6
CONTINUOUS
10
4.1512635039370078
20
-4.309358858267716
11
4.1512635039370078
21
-4.3027986220472441
0
LINE
8
BLACK
6
CONTINUOUS
10
4.1512635039370078
20
-4.3027986220472441
11
4.1525433464566932
21
-4.296364488188976
0
LINE
8
BLACK
6
CONTINUOUS
10
4.1525433464566932
20
-4.296364488188976
11
4.1550538188976374
21
-4.2903036614173224
0
LINE
8
BLACK
6
CONTINUOUS
10
4.1550538188976374
20
-4.2903036614173224
11
4.1586984645669292
21
-4.2848490551181104
0
LINE
8
BLACK
6
CONTINUOUS
10
4.1586984645669292
20
-4.2848490551181104
11
4.163337244094488
21
-4.2802102755905507
0
LINE
8
BLACK
6
CONTINUOUS
10
4.163337244094488
20
-4.2802102755905507
11
4.1687918503937009
21
-4.2765656299212598
0
LINE
8
BLACK
6
CONTINUOUS
10
4.1687918503937009
20
-4.2765656299212598
11
4.1748526771653545
21
-4.2740551574803147
0
LINE
8
BLACK
6
CONTINUOUS
10
4.1748526771653545
20
-4.2740551574803147
11
4.1812868110236217
21
-4.2727753149606302
0
LINE
8
BLACK
6
CONTINUOUS
10
4.1812868110236217
20
-4.2727753149606302
11
4.1878470472440945
21
-4.2727753149606302
0
LINE
8
BLACK
6
CONTINUOUS
10
4.1878470472440945
20
-4.2727753149606302
11
4.1942811811023617
21
-4.2740551574803147
0
LINE
8
BLACK
6
CONTINUOUS
10
4.1942811811023617
20
-4.2740551574803147
11
4.2003420078740152
21
-4.2765656299212598
0
LINE
8
BLACK
6
CONTINUOUS
10
4.2003420078740152
20
-4.2765656299212598
11
4.2057966141732281
21
-4.2802102755905507
0
LINE
8
BLACK
6
CONTINUOUS
10
4.2057966141732281
20
-4.2802102755905507
11
4.210435393700787
21
-4.2848490551181104
0
LINE
8
BLACK
6
CONTINUOUS
10
4.210435393700787
20
-4.2848490551181104
11
4.2140800393700788
21
-4.2903036614173224
0
LINE
8
BLACK
6
CONTINUOUS
10
4.2140800393700788
20
-4.2903036614173224
11
4.2161296850393697
21
-4.295251968503937
0
LINE
8
BLACK
6
CONTINUOUS
10
4.2161296850393697
20
-4.295251968503937
11
4.5023343307086616
21
-4.295251968503937
0
LINE
8
BLACK
6
CONTINUOUS
10
4.5023343307086616
20
-4.295251968503937
11
4.9023128346456692
21
-3.8952734645669289
0
LINE
8
BLACK
6
CONTINUOUS
10
4.9023128346456692
20
-3.8952734645669289
11
4.9039534645669294
21
-3.8939270078740158
0
LINE
8
BLACK
6
CONTINUOUS
10
4.9039534645669294
20
-3.8939270078740158
11
4.9078562992125985
21
-3.8923103937007872
0
LINE
8
BLACK
6
CONTINUOUS
10
4.9078562992125985
20
-3.8923103937007872
11
4.9120807086614171
21
-3.8923103937007872
0
LINE
8
BLACK
6
CONTINUOUS
10
4.9120807086614171
20
-3.8923103937007872
11
4.9134794094488186
21
-3.8928897637795274
0
LINE
8
BLACK
6
CONTINUOUS
10
4.9134794094488186
20
-3.8928897637795274
11
5.2167183858267716
21
-3.8928897637795274
0
LINE
8
BLACK
6
CONTINUOUS
10
5.2167183858267716
20
-3.8928897637795274
11
5.2168659448818895
21
-3.8928045669291338
0
LINE
8
BLACK
6
CONTINUOUS
10
5.2168659448818895
20
-3.8928045669291338
11
5.2198441732283465
21
-3.8920065748031494
0
LINE
8
BLACK
6
CONTINUOUS
10
5.2198441732283465
20
-3.8920065748031494
11
5.2229274803149606
21
-3.8920065748031494
0
LINE
8
BLACK
6
CONTINUOUS
10
5.2229274803149606
20
-3.8920065748031494
11
5.2259057086614176
21
-3.8928045669291338
0
LINE
8
BLACK
6
CONTINUOUS
10
6.347937007874016
20
-4.120669291338583
11
7.4705669291338577
21
-4.120669291338583
0
LINE
8
BLACK
6
CONTINUOUS
10
7.4705669291338577
20
-4.120669291338583
11
7.4726791338582679
21
-4.1208773228346454
0
LINE
8
BLACK
6
CONTINUOUS
10
7.4726791338582679
20
-4.1208773228346454
11
7.476581968503937
21
-4.1224939370078744
0
LINE
8
BLACK
6
CONTINUOUS
10
7.476581968503937
20
-4.1224939370078744
11
7.4782225984251971
21
-4.123840393700787
0
LINE
8
BLACK
6
CONTINUOUS
10
7.4782225984251971
20
-4.123840393700787
11
7.6159043307086609
21
-4.2615221259842517
0
LINE
8
BLACK
6
CONTINUOUS
10
7.6159043307086609
20
-4.2615221259842517
11
7.6208526771653542
21
-4.2594724803149608
0
LINE
8
BLACK
6
CONTINUOUS
10
7.6208526771653542
20
-4.2594724803149608
11
7.6272868110236223
21
-4.2581926377952755
0
LINE
8
BLACK
6
CONTINUOUS
10
7.6272868110236223
20
-4.2581926377952755
11
7.6338470472440942
21
-4.2581926377952755
0
LINE
8
BLACK
6
CONTINUOUS
10
7.6338470472440942
20
-4.2581926377952755
11
7.6402811811023623
21
-4.2594724803149608
0
LINE
8
BLACK
6
CONTINUOUS
10
7.6402811811023623
20
-4.2594724803149608
11
7.6463420078740159
21
-4.261982952755905
0
LINE
8
BLACK
6
CONTINUOUS
10
7.6463420078740159
20
-4.261982952755905
11
7.6517966141732279
21
-4.2656275984251968
0
LINE
8
BLACK
6
CONTINUOUS
10
7.6517966141732279
20
-4.2656275984251968
11
7.6564353937007876
21
-4.2702663779527557
0
LINE
8
BLACK
6
CONTINUOUS
10
7.6564353937007876
20
-4.2702663779527557
11
7.6600800393700785
21
-4.2757209842519686
0
LINE
8
BLACK
6
CONTINUOUS
10
7.6600800393700785
20
-4.2757209842519686
11
7.6625905118110236
21
-4.2817818110236221
0
LINE
8
BLACK
6
CONTINUOUS
10
7.6625905118110236
20
-4.2817818110236221
11
7.6638703543307081
21
-4.2882159448818893
0
LINE
8
BLACK
6
CONTINUOUS
10
7.6638703543307081
20
-4.2882159448818893
11
7.6638703543307081
21
-4.2947761811023621
0
LINE
8
BLACK
6
CONTINUOUS
10
7.6638703543307081
20
-4.2947761811023621
11
7.6625905118110236
21
-4.3012103149606302
0
LINE
8
BLACK
6
CONTINUOUS
10
7.6625905118110236
20
-4.3012103149606302
11
7.6600800393700785
21
-4.3072711417322838
0
LINE
8
BLACK
6
CONTINUOUS
10
7.6600800393700785
20
-4.3072711417322838
11
7.6564353937007876
21
-4.3127257480314958
0
LINE
8
BLACK
6
CONTINUOUS
10
7.6564353937007876
20
-4.3127257480314958
11
7.6517966141732279
21
-4.3173645275590546
0
LINE
8
BLACK
6
CONTINUOUS
10
7.6517966141732279
20
-4.3173645275590546
11
7.6463420078740159
21
-4.3210091732283464
0
LINE
8
BLACK
6
CONTINUOUS
10
7.6463420078740159
20
-4.3210091732283464
11
7.6402811811023623
21
-4.3235196456692915
0
LINE
8
BLACK
6
CONTINUOUS
10
7.6402811811023623
20
-4.3235196456692915
11
7.6338470472440942
21
-4.324799488188976
0
LINE
8
BLACK
6
CONTINUOUS
10
7.6338470472440942
20
-4.324799488188976
11
7.6272868110236223
21
-4.324799488188976
0
LINE
8
BLACK
6
CONTINUOUS
10
7.6272868110236223
20
-4.324799488188976
11
7.6208526771653542
21
-4.3235196456692915
0
LINE
8
BLACK
6
CONTINUOUS
10
7.6208526771653542
20
-4.3235196456692915
11
7.6147918503937007
21
-4.3210091732283464
0
LINE
8
BLACK
6
CONTINUOUS
10
7.6147918503937007
20
-4.3210091732283464
11
7.6093372440944878
21
-4.3173645275590546
0
LINE
8
BLACK
6
CONTINUOUS
10
7.6093372440944878
20
-4.3173645275590546
11
7.6046984645669289
21
-4.3127257480314958
0
LINE
8
BLACK
6
CONTINUOUS
10
7.6046984645669289
20
-4.3127257480314958
11
7.601053818897638
21
-4.3072711417322838
0
LINE
8
BLACK
6
CONTINUOUS
10
7.601053818897638
20
-4.3072711417322838
11
7.5985433464566929
21
-4.3012103149606302
0
LINE
8
BLACK
6
CONTINUOUS
10
7.5985433464566929
20
-4.3012103149606302
11
7.5972635039370076
21
-4.2947761811023621
0
LINE
8
BLACK
6
CONTINUOUS
10
7.5972635039370076
20
-4.2947761811023621
11
7.5972635039370076
21
-4.2882159448818893
0
LINE
8
BLACK
6
CONTINUOUS
10
7.5972635039370076
20
-4.2882159448818893
11
7.5985433464566929
21
-4.2817818110236221
0
LINE
8
BLACK
6
CONTINUOUS
10
7.5985433464566929
20
-4.2817818110236221
11
7.6005929921259838
21
-4.2768334645669288
0
LINE
8
BLACK
6
CONTINUOUS
10
7.6005929921259838
20
-4.2768334645669288
11
7.4660823622047241
21
-4.1423228346456691
0
LINE
8
BLACK
6
CONTINUOUS
10
7.4660823622047241
20
-4.1423228346456691
11
6.326599842519685
21
-4.1423228346456691
0
LINE
8
BLACK
6
CONTINUOUS
10
6.326599842519685
20
-4.1423228346456691
11
6.3264244881889766
21
-4.1424981889763774
0
LINE
8
BLACK
6
CONTINUOUS
10
6.3264244881889766
20
-4.1424981889763774
11
6.3225216535433066
21
-4.1441148031496065
0
LINE
8
BLACK
6
CONTINUOUS
10
6.3225216535433066
20
-4.1441148031496065
11
6.318297244094488
21
-4.1441148031496065
0
LINE
8
BLACK
6
CONTINUOUS
10
6.318297244094488
20
-4.1441148031496065
11
6.3143944094488189
21
-4.1424981889763774
0
LINE
8
BLACK
6
CONTINUOUS
10
6.3143944094488189
20
-4.1424981889763774
11
6.3141807480314958
21
-4.1423228346456691
0
LINE
8
BLACK
6
CONTINUOUS
10
6.3141807480314958
20
-4.1423228346456691
11
6.288881889763779
21
-4.1423228346456691
0
LINE
8
BLACK
6
CONTINUOUS
10
6.288881889763779
20
-4.1423228346456691
11
6.288881889763779
21
-4.120669291338583
0
LINE
8
BLACK
6
CONTINUOUS
10
6.288881889763779
20
-4.120669291338583
11
6.347937007874016
21
-4.120669291338583
0
LINE
8
BLACK
6
CONTINUOUS
10
5.8697185039370074
20
-4.2448773228346459
11
5.8736213385826774
21
-4.246493937007874
0
LINE
8
BLACK
6
CONTINUOUS
10
5.8736213385826774
20
-4.246493937007874
11
5.8738158267716534
21
-4.2466535433070867
0
LINE
8
BLACK
6
CONTINUOUS
10
5.8738158267716534
20
-4.2466535433070867
11
5.8991181102362207
21
-4.2466535433070867
0
LINE
8
BLACK
6
CONTINUOUS
10
5.8991181102362207
20
-4.2466535433070867
11
5.8991181102362207
21
-4.2683070866141728
0
LINE
8
BLACK
6
CONTINUOUS
10
5.8991181102362207
20
-4.2683070866141728
11
5.8400629921259837
21
-4.2683070866141728
0
LINE
8
BLACK
6
CONTINUOUS
10
5.8400629921259837
20
-4.2683070866141728
11
5.8400629921259837
21
-4.2663228346456696
0
LINE
8
BLACK
6
CONTINUOUS
10
5.8400629921259837
20
-4.2663228346456696
11
5.807051496062992
21
-4.2663228346456696
0
LINE
8
BLACK
6
CONTINUOUS
10
5.807051496062992
20
-4.2663228346456696
11
5.8065229921259842
21
-4.2668512992125986
0
LINE
8
BLACK
6
CONTINUOUS
10
5.8065229921259842
20
-4.2668512992125986
11
5.8064788976377955
21
-4.2670159448818898
0
LINE
8
BLACK
6
CONTINUOUS
10
5.8064788976377955
20
-4.2670159448818898
11
5.8049372440944884
21
-4.2696861417322838
0
LINE
8
BLACK
6
CONTINUOUS
10
5.8049372440944884
20
-4.2696861417322838
11
5.8027570078740158
21
-4.2718663779527555
0
LINE
8
BLACK
6
CONTINUOUS
10
5.8027570078740158
20
-4.2718663779527555
11
5.8000868110236219
21
-4.2734080314960625
0
LINE
8
BLACK
6
CONTINUOUS
10
5.8000868110236219
20
-4.2734080314960625
11
5.7971085826771649
21
-4.2742060236220469
0
LINE
8
BLACK
6
CONTINUOUS
10
5.7971085826771649
20
-4.2742060236220469
11
5.7940252755905508
21
-4.2742060236220469
0
LINE
8
BLACK
6
CONTINUOUS
10
5.7940252755905508
20
-4.2742060236220469
11
5.7910470472440947
21
-4.2734080314960625
0
LINE
8
BLACK
6
CONTINUOUS
10
5.7910470472440947
20
-4.2734080314960625
11
5.7883768503937008
21
-4.2718663779527555
0
LINE
8
BLACK
6
CONTINUOUS
10
5.7883768503937008
20
-4.2718663779527555
11
5.7861966141732282
21
-4.2696861417322838
0
LINE
8
BLACK
6
CONTINUOUS
10
5.7861966141732282
20
-4.2696861417322838
11
5.7846549606299211
21
-4.2670159448818898
0
LINE
8
BLACK
6
CONTINUOUS
10
5.7846549606299211
20
-4.2670159448818898
11
5.7838569685039367
21
-4.2640377165354328
0
LINE
8
BLACK
6
CONTINUOUS
10
5.7838569685039367
20
-4.2640377165354328
11
5.7838569685039367
21
-4.2609544094488188
0
LINE
8
BLACK
6
CONTINUOUS
10
5.7838569685039367
20
-4.2609544094488188
11
5.7846549606299211
21
-4.2579761811023618
0
LINE
8
BLACK
6
CONTINUOUS
10
5.7846549606299211
20
-4.2579761811023618
11
5.7861966141732282
21
-4.2553059842519687
0
LINE
8
BLACK
6
CONTINUOUS
10
5.7861966141732282
20
-4.2553059842519687
11
5.7883768503937008
21
-4.2531257480314961
0
LINE
8
BLACK
6
CONTINUOUS
10
5.7883768503937008
20
-4.2531257480314961
11
5.7910470472440947
21
-4.2515840944881891
0
LINE
8
BLACK
6
CONTINUOUS
10
5.7910470472440947
20
-4.2515840944881891
11
5.7912116535433071
21
-4.2515399606299216
0
LINE
8
BLACK
6
CONTINUOUS
10
5.7912116535433071
20
-4.2515399606299216
11
5.7949112598425199
21
-4.2478403937007876
0
LINE
8
BLACK
6
CONTINUOUS
10
5.7949112598425199
20
-4.2478403937007876
11
5.7965518897637791
21
-4.246493937007874
0
LINE
8
BLACK
6
CONTINUOUS
10
5.7965518897637791
20
-4.246493937007874
11
5.8004547244094491
21
-4.2448773228346459
0
LINE
8
BLACK
6
CONTINUOUS
10
5.8004547244094491
20
-4.2448773228346459
11
5.8025669291338584
21
-4.2446692913385826
0
LINE
8
BLACK
6
CONTINUOUS
10
5.8025669291338584
20
-4.2446692913385826
11
5.8676062992125981
21
-4.2446692913385826
0
LINE
8
BLACK
6
CONTINUOUS
10
5.8676062992125981
20
-4.2446692913385826
11
5.8697185039370074
21
-4.2448773228346459
0
LINE
8
BLACK
6
CONTINUOUS
10
4.779086811023622
20
-3.6685840944881889
11
4.7817570078740159
21
-3.6701257480314959
0
LINE
8
BLACK
6
CONTINUOUS
10
4.7817570078740159
20
-3.6701257480314959
11
4.7839372440944885
21
-3.6723059842519685
0
LINE
8
BLACK
6
CONTINUOUS
10
4.7839372440944885
20
-3.6723059842519685
11
4.7854788976377955
21
-3.674976181102362
0
LINE
8
BLACK
6
CONTINUOUS
10
4.7854788976377955
20
-3.674976181102362
11
4.7862768897637791
21
-3.677954409448819
0
LINE
8
BLACK
6
CONTINUOUS
10
4.7862768897637791
20
-3.677954409448819
11
4.7862768897637791
21
-3.6810377165354331
0
LINE
8
BLACK
6
CONTINUOUS
10
4.7862768897637791
20
-3.6810377165354331
11
4.7854788976377955
21
-3.6840159448818897
0
LINE
8
BLACK
6
CONTINUOUS
10
4.7854788976377955
20
-3.6840159448818897
11
4.7839372440944885
21
-3.6866861417322836
0
LINE
8
BLACK
6
CONTINUOUS
10
4.7839372440944885
20
-3.6866861417322836
11
4.7817570078740159
21
-3.6888663779527557
0
LINE
8
BLACK
6
CONTINUOUS
10
4.7817570078740159
20
-3.6888663779527557
11
4.779086811023622
21
-3.6904080314960628
0
LINE
8
BLACK
6
CONTINUOUS
10
4.779086811023622
20
-3.6904080314960628
11
4.776108582677165
21
-3.6912060236220472
0
LINE
8
BLACK
6
CONTINUOUS
10
4.776108582677165
20
-3.6912060236220472
11
4.7730252755905509
21
-3.6912060236220472
0
LINE
8
BLACK
6
CONTINUOUS
10
4.7730252755905509
20
-3.6912060236220472
11
4.7700470472440948
21
-3.6904080314960628
0
LINE
8
BLACK
6
CONTINUOUS
10
4.7700470472440948
20
-3.6904080314960628
11
4.769899488188976
21
-3.6903228346456691
0
LINE
8
BLACK
6
CONTINUOUS
10
4.769899488188976
20
-3.6903228346456691
11
4.7333937007874018
21
-3.6903228346456691
0
LINE
8
BLACK
6
CONTINUOUS
10
4.7333937007874018
20
-3.6903228346456691
11
4.7333937007874018
21
-3.7741889763779528
0
LINE
8
BLACK
6
CONTINUOUS
10
4.7333937007874018
20
-3.7741889763779528
11
4.7331856692913385
21
-3.7763011811023621
0
LINE
8
BLACK
6
CONTINUOUS
10
4.7331856692913385
20
-3.7763011811023621
11
4.7315690551181104
21
-3.7802040157480312
0
LINE
8
BLACK
6
CONTINUOUS
10
4.7315690551181104
20
-3.7802040157480312
11
4.7302225984251969
21
-3.7818446850393701
0
LINE
8
BLACK
6
CONTINUOUS
10
4.7302225984251969
20
-3.7818446850393701
11
4.2967580314960632
21
-4.2153092125984255
0
LINE
8
BLACK
6
CONTINUOUS
10
4.2967580314960632
20
-4.2153092125984255
11
4.2951175984251968
21
-4.2166554724409444
0
LINE
8
BLACK
6
CONTINUOUS
10
4.2951175984251968
20
-4.2166554724409444
11
4.295117401574803
21
-4.2166557086614169
0
LINE
8
BLACK
6
CONTINUOUS
10
4.295117401574803
20
-4.2166557086614169
11
4.2912145669291339
21
-4.2182722834645672
0
LINE
8
BLACK
6
CONTINUOUS
10
4.2912145669291339
20
-4.2182722834645672
11
4.2869901968503932
21
-4.2182722834645672
0
LINE
8
BLACK
6
CONTINUOUS
10
4.2869901968503932
20
-4.2182722834645672
11
4.2869901574803144
21
-4.2182722834645672
0
LINE
8
BLACK
6
CONTINUOUS
10
4.2869901574803144
20
-4.2182722834645672
11
4.2853735826771651
21
-4.2176026377952756
0
LINE
8
BLACK
6
CONTINUOUS
10
4.2853735826771651
20
-4.2176026377952756
11
4.2836904330708663
21
-4.2169055118110235
0
LINE
8
BLACK
6
CONTINUOUS
10
4.2836904330708663
20
-4.2169055118110235
11
4.2161296850393697
21
-4.2169055118110235
0
LINE
8
BLACK
6
CONTINUOUS
10
4.2161296850393697
20
-4.2169055118110235
11
4.2140800393700788
21
-4.221853818897638
0
LINE
8
BLACK
6
CONTINUOUS
10
4.2140800393700788
20
-4.221853818897638
11
4.210435393700787
21
-4.22730842519685
0
LINE
8
BLACK
6
CONTINUOUS
10
4.210435393700787
20
-4.22730842519685
11
4.2057966141732281
21
-4.2319472047244098
0
LINE
8
BLACK
6
CONTINUOUS
10
4.2057966141732281
20
-4.2319472047244098
11
4.2003420078740152
21
-4.2355918503937007
0
LINE
8
BLACK
6
CONTINUOUS
10
4.2003420078740152
20
-4.2355918503937007
11
4.1942811811023617
21
-4.2381023228346457
0
LINE
8
BLACK
6
CONTINUOUS
10
4.1942811811023617
20
-4.2381023228346457
11
4.1878470472440945
21
-4.2393821653543302
0
LINE
8
BLACK
6
CONTINUOUS
10
4.1878470472440945
20
-4.2393821653543302
11
4.1812868110236217
21
-4.2393821653543302
0
LINE
8
BLACK
6
CONTINUOUS
10
4.1812868110236217
20
-4.2393821653543302
11
4.1748526771653545
21
-4.2381023228346457
0
LINE
8
BLACK
6
CONTINUOUS
10
4.1748526771653545
20
-4.2381023228346457
11
4.1687918503937009
21
-4.2355918503937007
0
LINE
8
BLACK
6
CONTINUOUS
10
4.1687918503937009
20
-4.2355918503937007
11
4.163337244094488
21
-4.2319472047244098
0
LINE
8
BLACK
6
CONTINUOUS
10
4.163337244094488
20
-4.2319472047244098
11
4.1586984645669292
21
-4.22730842519685
0
LINE
8
BLACK
6
CONTINUOUS
10
4.1586984645669292
20
-4.22730842519685
11
4.1550538188976374
21
-4.221853818897638
0
LINE
8
BLACK
6
CONTINUOUS
10
4.1550538188976374
20
-4.221853818897638
11
4.1525433464566932
21
-4.2157929921259845
0
LINE
8
BLACK
6
CONTINUOUS
10
4.1525433464566932
20
-4.2157929921259845
11
4.1512635039370078
21
-4.2093588582677164
0
LINE
8
BLACK
6
CONTINUOUS
10
4.1512635039370078
20
-4.2093588582677164
11
4.1512635039370078
21
-4.2027986220472444
0
LINE
8
BLACK
6
CONTINUOUS
10
4.1512635039370078
20
-4.2027986220472444
11
4.1525433464566932
21
-4.1963644881889763
0
LINE
8
BLACK
6
CONTINUOUS
10
4.1525433464566932
20
-4.1963644881889763
11
4.1550538188976374
21
-4.1903036614173228
0
LINE
8
BLACK
6
CONTINUOUS
10
4.1550538188976374
20
-4.1903036614173228
11
4.1586984645669292
21
-4.1848490551181099
0
LINE
8
BLACK
6
CONTINUOUS
10
4.1586984645669292
20
-4.1848490551181099
11
4.163337244094488
21
-4.180210275590551
0
LINE
8
BLACK
6
CONTINUOUS
10
4.163337244094488
20
-4.180210275590551
11
4.1687918503937009
21
-4.1765656299212601
0
LINE
8
BLACK
6
CONTINUOUS
10
4.1687918503937009
20
-4.1765656299212601
11
4.1748526771653545
21
-4.1740551574803151
0
LINE
8
BLACK
6
CONTINUOUS
10
4.1748526771653545
20
-4.1740551574803151
11
4.1812868110236217
21
-4.1727753149606297
0
LINE
8
BLACK
6
CONTINUOUS
10
4.1812868110236217
20
-4.1727753149606297
11
4.1878470472440945
21
-4.1727753149606297
0
LINE
8
BLACK
6
CONTINUOUS
10
4.1878470472440945
20
-4.1727753149606297
11
4.1942811811023617
21
-4.1740551574803151
0
LINE
8
BLACK
6
CONTINUOUS
10
4.1942811811023617
20
-4.1740551574803151
11
4.2003420078740152
21
-4.1765656299212601
0
LINE
8
BLACK
6
CONTINUOUS
10
4.2003420078740152
20
-4.1765656299212601
11
4.2057966141732281
21
-4.180210275590551
0
LINE
8
BLACK
6
CONTINUOUS
10
4.2057966141732281
20
-4.180210275590551
11
4.210435393700787
21
-4.1848490551181099
0
LINE
8
BLACK
6
CONTINUOUS
10
4.210435393700787
20
-4.1848490551181099
11
4.2140800393700788
21
-4.1903036614173228
0
LINE
8
BLACK
6
CONTINUOUS
10
4.2140800393700788
20
-4.1903036614173228
11
4.2161296850393697
21
-4.1952519685039373
0
LINE
8
BLACK
6
CONTINUOUS
10
4.2161296850393697
20
-4.1952519685039373
11
4.2861925984251972
21
-4.1952519685039373
0
LINE
8
BLACK
6
CONTINUOUS
10
4.2861925984251972
20
-4.1952519685039373
11
4.7117401574803148
21
-3.76970437007874
0
LINE
8
BLACK
6
CONTINUOUS
10
4.7117401574803148
20
-3.76970437007874
11
4.7117401574803148
21
-3.6854960629921258
0
LINE
8
BLACK
6
CONTINUOUS
10
4.7117401574803148
20
-3.6854960629921258
11
4.7119481889763781
21
-3.6833838582677165
0
LINE
8
BLACK
6
CONTINUOUS
10
4.7119481889763781
20
-3.6833838582677165
11
4.7135648031496062
21
-3.679481023622047
0
LINE
8
BLACK
6
CONTINUOUS
10
4.7135648031496062
20
-3.679481023622047
11
4.7149112598425198
21
-3.6778403937007873
0
LINE
8
BLACK
6
CONTINUOUS
10
4.7149112598425198
20
-3.6778403937007873
11
4.7209112598425191
21
-3.6718403937007875
0
LINE
8
BLACK
6
CONTINUOUS
10
4.7209112598425191
20
-3.6718403937007875
11
4.7225518897637793
21
-3.670493937007874
0
LINE
8
BLACK
6
CONTINUOUS
10
4.7225518897637793
20
-3.670493937007874
11
4.7264547244094484
21
-3.6688773228346454
0
LINE
8
BLACK
6
CONTINUOUS
10
4.7264547244094484
20
-3.6688773228346454
11
4.7285669291338586
21
-3.6686692913385825
0
LINE
8
BLACK
6
CONTINUOUS
10
4.7285669291338586
20
-3.6686692913385825
11
4.769899488188976
21
-3.6686692913385825
0
LINE
8
BLACK
6
CONTINUOUS
10
4.769899488188976
20
-3.6686692913385825
11
4.7700470472440948
21
-3.6685840944881889
0
LINE
8
BLACK
6
CONTINUOUS
10
4.7700470472440948
20
-3.6685840944881889
11
4.7730252755905509
21
-3.6677861023622045
0
LINE
8
BLACK
6
CONTINUOUS
10
4.7730252755905509
20
-3.6677861023622045
11
4.776108582677165
21
-3.6677861023622045
0
LINE
8
BLACK
6
CONTINUOUS
10
4.776108582677165
20
-3.6677861023622045
11
4.779086811023622
21
-3.6685840944881889
0
LINE
8
BLACK
6
CONTINUOUS
10
5.5110868110236222
20
-4.2150722834645666
11
5.5112343700787401
21
-4.2151574803149607
0
LINE
8
BLACK
6
CONTINUOUS
10
5.5112343700787401
20
-4.2151574803149607
11
5.8695905511811022
21
-4.2151574803149607
0
LINE
8
BLACK
6
CONTINUOUS
10
5.8695905511811022
20
-4.2151574803149607
11
5.8991181102362207
21
-4.2151574803149607
0
LINE
8
BLACK
6
CONTINUOUS
10
5.8991181102362207
20
-4.2151574803149607
11
5.8991181102362207
21
-4.2368110236220469
0
LINE
8
BLACK
6
CONTINUOUS
10
5.8991181102362207
20
-4.2368110236220469
11
5.8400629921259837
21
-4.2368110236220469
0
LINE
8
BLACK
6
CONTINUOUS
10
5.8400629921259837
20
-4.2368110236220469
11
5.5112343700787401
21
-4.2368110236220469
0
LINE
8
BLACK
6
CONTINUOUS
10
5.5112343700787401
20
-4.2368110236220469
11
5.5110868110236222
21
-4.236896220472441
0
LINE
8
BLACK
6
CONTINUOUS
10
5.5110868110236222
20
-4.236896220472441
11
5.5081085826771652
21
-4.2376942125984254
0
LINE
8
BLACK
6
CONTINUOUS
10
5.5081085826771652
20
-4.2376942125984254
11
5.5050252755905511
21
-4.2376942125984254
0
LINE
8
BLACK
6
CONTINUOUS
10
5.5050252755905511
20
-4.2376942125984254
11
5.5020470472440941
21
-4.236896220472441
0
LINE
8
BLACK
6
CONTINUOUS
10
5.5020470472440941
20
-4.236896220472441
11
5.4993768503937011
21
-4.2353545669291339
0
LINE
8
BLACK
6
CONTINUOUS
10
5.4993768503937011
20
-4.2353545669291339
11
5.4971966141732285
21
-4.2331743307086613
0
LINE
8
BLACK
6
CONTINUOUS
10
5.4971966141732285
20
-4.2331743307086613
11
5.4971536614173226
21
-4.2330999606299216
0
LINE
8
BLACK
6
CONTINUOUS
10
5.4971536614173226
20
-4.2330999606299216
11
5.4960529921259837
21
-4.2319992913385827
0
LINE
8
BLACK
6
CONTINUOUS
10
5.4960529921259837
20
-4.2319992913385827
11
5.4944363779527556
21
-4.2280964566929136
0
LINE
8
BLACK
6
CONTINUOUS
10
5.4944363779527556
20
-4.2280964566929136
11
5.4944363779527556
21
-4.223872047244094
0
LINE
8
BLACK
6
CONTINUOUS
10
5.4944363779527556
20
-4.223872047244094
11
5.4960529921259837
21
-4.2199692125984249
0
LINE
8
BLACK
6
CONTINUOUS
10
5.4960529921259837
20
-4.2199692125984249
11
5.4971536614173226
21
-4.2188685039370082
0
LINE
8
BLACK
6
CONTINUOUS
10
5.4971536614173226
20
-4.2188685039370082
11
5.4971966141732285
21
-4.2187941732283463
0
LINE
8
BLACK
6
CONTINUOUS
10
5.4971966141732285
20
-4.2187941732283463
11
5.4993768503937011
21
-4.2166139370078737
0
LINE
8
BLACK
6
CONTINUOUS
10
5.4993768503937011
20
-4.2166139370078737
11
5.5020470472440941
21
-4.2150722834645666
0
LINE
8
BLACK
6
CONTINUOUS
10
5.5020470472440941
20
-4.2150722834645666
11
5.5050252755905511
21
-4.2142742913385822
0
LINE
8
BLACK
6
CONTINUOUS
10
5.5050252755905511
20
-4.2142742913385822
11
5.5081085826771652
21
-4.2142742913385822
0
LINE
8
BLACK
6
CONTINUOUS
10
5.5081085826771652
20
-4.2142742913385822
11
5.5110868110236222
21
-4.2150722834645666
0
LINE
8
BLACK
6
CONTINUOUS
10
5.5100946850393697
20
-4.1835762204724407
11
5.5102422440944885
21
-4.1836614173228348
0
LINE
8
BLACK
6
CONTINUOUS
10
5.5102422440944885
20
-4.1836614173228348
11
5.8695905511811022
21
-4.1836614173228348
0
LINE
8
BLACK
6
CONTINUOUS
10
5.8695905511811022
20
-4.1836614173228348
11
5.8991181102362207
21
-4.1836614173228348
0
LINE
8
BLACK
6
CONTINUOUS
10
5.8991181102362207
20
-4.1836614173228348
11
5.8991181102362207
21
-4.2053149606299209
0
LINE
8
BLACK
6
CONTINUOUS
10
5.8991181102362207
20
-4.2053149606299209
11
5.8400629921259837
21
-4.2053149606299209
0
LINE
8
BLACK
6
CONTINUOUS
10
5.8400629921259837
20
-4.2053149606299209
11
5.5102422440944885
21
-4.2053149606299209
0
LINE
8
BLACK
6
CONTINUOUS
10
5.5102422440944885
20
-4.2053149606299209
11
5.5100946850393697
21
-4.205400157480315
0
LINE
8
BLACK
6
CONTINUOUS
10
5.5100946850393697
20
-4.205400157480315
11
5.5071164566929136
21
-4.2061981496062995
0
LINE
8
BLACK
6
CONTINUOUS
10
5.5071164566929136
20
-4.2061981496062995
11
5.5040331496062995
21
-4.2061981496062995
0
LINE
8
BLACK
6
CONTINUOUS
10
5.5040331496062995
20
-4.2061981496062995
11
5.5010549212598425
21
-4.205400157480315
0
LINE
8
BLACK
6
CONTINUOUS
10
5.5010549212598425
20
-4.205400157480315
11
5.4983847244094486
21
-4.203858503937008
0
LINE
8
BLACK
6
CONTINUOUS
10
5.4983847244094486
20
-4.203858503937008
11
5.496204488188976
21
-4.2016782677165354
0
LINE
8
BLACK
6
CONTINUOUS
10
5.496204488188976
20
-4.2016782677165354
11
5.494662834645669
21
-4.1990080708661415
0
LINE
8
BLACK
6
CONTINUOUS
10
5.494662834645669
20
-4.1990080708661415
11
5.4938648425196845
21
-4.1960298425196854
0
LINE
8
BLACK
6
CONTINUOUS
10
5.4938648425196845
20
-4.1960298425196854
11
5.4938648425196845
21
-4.1929465354330704
0
LINE
8
BLACK
6
CONTINUOUS
10
5.4938648425196845
20
-4.1929465354330704
11
5.494662834645669
21
-4.1899683070866143
0
LINE
8
BLACK
6
CONTINUOUS
10
5.494662834645669
20
-4.1899683070866143
11
5.496204488188976
21
-4.1872981102362203
0
LINE
8
BLACK
6
CONTINUOUS
10
5.496204488188976
20
-4.1872981102362203
11
5.4983847244094486
21
-4.1851178740157478
0
LINE
8
BLACK
6
CONTINUOUS
10
5.4983847244094486
20
-4.1851178740157478
11
5.5010549212598425
21
-4.1835762204724407
0
LINE
8
BLACK
6
CONTINUOUS
10
5.5010549212598425
20
-4.1835762204724407
11
5.5040331496062995
21
-4.1827782283464563
0
LINE
8
BLACK
6
CONTINUOUS
10
5.5040331496062995
20
-4.1827782283464563
11
5.5071164566929136
21
-4.1827782283464563
0
LINE
8
BLACK
6
CONTINUOUS
10
5.5071164566929136
20
-4.1827782283464563
11
5.5100946850393697
21
-4.1835762204724407
0
LINE
8
BLACK
6
CONTINUOUS
10
6.347937007874016
20
-4.0261811023622043
11
6.6700787401574804
21
-4.0261811023622043
0
LINE
8
BLACK
6
CONTINUOUS
10
6.6700787401574804
20
-4.0261811023622043
11
6.6721909448818897
21
-4.0263891338582676
0
LINE
8
BLACK
6
CONTINUOUS
10
6.6721909448818897
20
-4.0263891338582676
11
6.6760937795275588
21
-4.0280057480314957
0
LINE
8
BLACK
6
CONTINUOUS
10
6.6760937795275588
20
-4.0280057480314957
11
6.6777344094488189
21
-4.0293522047244092
0
LINE
8
BLACK
6
CONTINUOUS
10
6.6777344094488189
20
-4.0293522047244092
11
6.7021538582677165
21
-4.0537716535433068
0
LINE
8
BLACK
6
CONTINUOUS
10
6.7021538582677165
20
-4.0537716535433068
11
7.4996692913385825
21
-4.0537716535433068
0
LINE
8
BLACK
6
CONTINUOUS
10
7.4996692913385825
20
-4.0537716535433068
11
7.5017814960629918
21
-4.0539796850393701
0
LINE
8
BLACK
6
CONTINUOUS
10
7.5017814960629918
20
-4.0539796850393701
11
7.5056843307086609
21
-4.0555962992125982
0
LINE
8
BLACK
6
CONTINUOUS
10
7.5056843307086609
20
-4.0555962992125982
11
7.5073249606299211
21
-4.0569427559055118
0
LINE
8
BLACK
6
CONTINUOUS
10
7.5073249606299211
20
-4.0569427559055118
11
7.583838937007874
21
-4.133456692913386
0
LINE
8
BLACK
6
CONTINUOUS
10
7.583838937007874
20
-4.133456692913386
11
7.5971023622047245
21
-4.133456692913386
0
LINE
8
BLACK
6
CONTINUOUS
10
7.5971023622047245
20
-4.133456692913386
11
7.5971023622047245
21
-4.1108188976377953
0
LINE
8
BLACK
6
CONTINUOUS
10
7.5971023622047245
20
-4.1108188976377953
11
7.6640314960629921
21
-4.1108188976377953
0
LINE
8
BLACK
6
CONTINUOUS
10
7.6640314960629921
20
-4.1108188976377953
11
7.6640314960629921
21
-4.1777480314960629
0
LINE
8
BLACK
6
CONTINUOUS
10
7.6640314960629921
20
-4.1777480314960629
11
7.5971023622047245
21
-4.1777480314960629
0
LINE
8
BLACK
6
CONTINUOUS
10
7.5971023622047245
20
-4.1777480314960629
11
7.5971023622047245
21
-4.1551102362204722
0
LINE
8
BLACK
6
CONTINUOUS
10
7.5971023622047245
20
-4.1551102362204722
11
7.5793543307086608
21
-4.1551102362204722
0
LINE
8
BLACK
6
CONTINUOUS
10
7.5793543307086608
20
-4.1551102362204722
11
7.5772421259842515
21
-4.1549022047244097
0
LINE
8
BLACK
6
CONTINUOUS
10
7.5772421259842515
20
-4.1549022047244097
11
7.5733392913385824
21
-4.1532855905511807
0
LINE
8
BLACK
6
CONTINUOUS
10
7.5733392913385824
20
-4.1532855905511807
11
7.5716986220472435
21
-4.1519391338582672
0
LINE
8
BLACK
6
CONTINUOUS
10
7.5716986220472435
20
-4.1519391338582672
11
7.4951847244094489
21
-4.0754251968503938
0
LINE
8
BLACK
6
CONTINUOUS
10
7.4951847244094489
20
-4.0754251968503938
11
6.6976692913385829
21
-4.0754251968503938
0
LINE
8
BLACK
6
CONTINUOUS
10
6.6976692913385829
20
-4.0754251968503938
11
6.6955570866141727
21
-4.0752171653543305
0
LINE
8
BLACK
6
CONTINUOUS
10
6.6955570866141727
20
-4.0752171653543305
11
6.6916542519685036
21
-4.0736005511811024
0
LINE
8
BLACK
6
CONTINUOUS
10
6.6916542519685036
20
-4.0736005511811024
11
6.6900136220472444
21
-4.0722540944881889
0
LINE
8
BLACK
6
CONTINUOUS
10
6.6900136220472444
20
-4.0722540944881889
11
6.6655941732283459
21
-4.0478346456692913
0
LINE
8
BLACK
6
CONTINUOUS
10
6.6655941732283459
20
-4.0478346456692913
11
6.3184094488188975
21
-4.0478346456692913
0
LINE
8
BLACK
6
CONTINUOUS
10
6.3184094488188975
20
-4.0478346456692913
11
6.288881889763779
21
-4.0478346456692913
0
LINE
8
BLACK
6
CONTINUOUS
10
6.288881889763779
20
-4.0478346456692913
11
6.288881889763779
21
-4.0261811023622043
0
LINE
8
BLACK
6
CONTINUOUS
10
6.288881889763779
20
-4.0261811023622043
11
6.347937007874016
21
-4.0261811023622043
0
LINE
8
BLACK
6
CONTINUOUS
10
5.7804568897637791
20
-4.1520801574803148
11
5.7806044488188979
21
-4.1521653543307089
0
LINE
8
BLACK
6
CONTINUOUS
10
5.7806044488188979
20
-4.1521653543307089
11
5.8695905511811022
21
-4.1521653543307089
0
LINE
8
BLACK
6
CONTINUOUS
10
5.8695905511811022
20
-4.1521653543307089
11
5.8991181102362207
21
-4.1521653543307089
0
LINE
8
BLACK
6
CONTINUOUS
10
5.8991181102362207
20
-4.1521653543307089
11
5.8991181102362207
21
-4.173818897637795
0
LINE
8
BLACK
6
CONTINUOUS
10
5.8991181102362207
20
-4.173818897637795
11
5.8400629921259837
21
-4.173818897637795
0
LINE
8
BLACK
6
CONTINUOUS
10
5.8400629921259837
20
-4.173818897637795
11
5.7806044488188979
21
-4.173818897637795
0
LINE
8
BLACK
6
CONTINUOUS
10
5.7806044488188979
20
-4.173818897637795
11
5.7804568897637791
21
-4.1739040944881891
0
LINE
8
BLACK
6
CONTINUOUS
10
5.7804568897637791
20
-4.1739040944881891
11
5.777478661417323
21
-4.1747020866141735
0
LINE
8
BLACK
6
CONTINUOUS
10
5.777478661417323
20
-4.1747020866141735
11
5.7743953543307089
21
-4.1747020866141735
0
LINE
8
BLACK
6
CONTINUOUS
10
5.7743953543307089
20
-4.1747020866141735
11
5.7714171259842519
21
-4.1739040944881891
0
LINE
8
BLACK
6
CONTINUOUS
10
5.7714171259842519
20
-4.1739040944881891
11
5.768746929133858
21
-4.1723624409448821
0
LINE
8
BLACK
6
CONTINUOUS
10
5.768746929133858
20
-4.1723624409448821
11
5.7665666929133854
21
-4.1701822047244095
0
LINE
8
BLACK
6
CONTINUOUS
10
5.7665666929133854
20
-4.1701822047244095
11
5.7650250393700784
21
-4.1675120078740155
0
LINE
8
BLACK
6
CONTINUOUS
10
5.7650250393700784
20
-4.1675120078740155
11
5.764227047244094
21
-4.1645337795275585
0
LINE
8
BLACK
6
CONTINUOUS
10
5.764227047244094
20
-4.1645337795275585
11
5.764227047244094
21
-4.1614504724409445
0
LINE
8
BLACK
6
CONTINUOUS
10
5.764227047244094
20
-4.1614504724409445
11
5.7650250393700784
21
-4.1584722440944883
0
LINE
8
BLACK
6
CONTINUOUS
10
5.7650250393700784
20
-4.1584722440944883
11
5.7665666929133854
21
-4.1558020472440944
0
LINE
8
BLACK
6
CONTINUOUS
10
5.7665666929133854
20
-4.1558020472440944
11
5.768746929133858
21
-4.1536218110236218
0
LINE
8
BLACK
6
CONTINUOUS
10
5.768746929133858
20
-4.1536218110236218
11
5.7714171259842519
21
-4.1520801574803148
0
LINE
8
BLACK
6
CONTINUOUS
10
5.7714171259842519
20
-4.1520801574803148
11
5.7743953543307089
21
-4.1512821653543304
0
LINE
8
BLACK
6
CONTINUOUS
10
5.7743953543307089
20
-4.1512821653543304
11
5.777478661417323
21
-4.1512821653543304
0
LINE
8
BLACK
6
CONTINUOUS
10
5.777478661417323
20
-4.1512821653543304
11
5.7804568897637791
21
-4.1520801574803148
0
LINE
8
BLACK
6
CONTINUOUS
10
6.891677283464567
20
-2.5831581889763777
11
6.893593149606299
21
-2.5844383464566927
0
LINE
8
BLACK
6
CONTINUOUS
10
6.893593149606299
20
-2.5844383464566927
11
6.8948733070866144
21
-2.5863542125984251
0
LINE
8
BLACK
6
CONTINUOUS
10
6.8948733070866144
20
-2.5863542125984251
11
6.8953228346456692
21
-2.5886141732283465
0
LINE
8
BLACK
6
CONTINUOUS
10
6.8953228346456692
20
-2.5886141732283465
11
6.8953228346456692
21
-2.6004251968503937
0
LINE
8
BLACK
6
CONTINUOUS
10
6.8953228346456692
20
-2.6004251968503937
11
6.8948733070866144
21
-2.6026851574803147
0
LINE
8
BLACK
6
CONTINUOUS
10
6.8948733070866144
20
-2.6026851574803147
11
6.893593149606299
21
-2.6046010236220472
0
LINE
8
BLACK
6
CONTINUOUS
10
6.893593149606299
20
-2.6046010236220472
11
6.891677283464567
21
-2.6058811811023621
0
LINE
8
BLACK
6
CONTINUOUS
10
6.891677283464567
20
-2.6058811811023621
11
6.8894173228346451
21
-2.6063307086614174
0
LINE
8
BLACK
6
CONTINUOUS
10
6.8894173228346451
20
-2.6063307086614174
11
6.867763779527559
21
-2.6063307086614174
0
LINE
8
BLACK
6
CONTINUOUS
10
6.867763779527559
20
-2.6063307086614174
11
6.867763779527559
21
-2.658452440944882
0
LINE
8
BLACK
6
CONTINUOUS
10
6.867763779527559
20
-2.658452440944882
11
6.8984609448818892
21
-2.6891496062992126
0
LINE
8
BLACK
6
CONTINUOUS
10
6.8984609448818892
20
-2.6891496062992126
11
6.8997784645669293
21
-2.6891496062992126
0
LINE
8
BLACK
6
CONTINUOUS
10
6.8997784645669293
20
-2.6891496062992126
11
6.9002569685039372
21
-2.6867439370078738
0
LINE
8
BLACK
6
CONTINUOUS
10
6.9002569685039372
20
-2.6867439370078738
11
6.902177204724409
21
-2.683870118110236
0
LINE
8
BLACK
6
CONTINUOUS
10
6.902177204724409
20
-2.683870118110236
11
6.9050510236220468
21
-2.6819498818897638
0
LINE
8
BLACK
6
CONTINUOUS
10
6.9050510236220468
20
-2.6819498818897638
11
6.9084409448818898
21
-2.6812755905511811
0
LINE
8
BLACK
6
CONTINUOUS
10
6.9084409448818898
20
-2.6812755905511811
11
6.9261574803149601
21
-2.6812755905511811
0
LINE
8
BLACK
6
CONTINUOUS
10
6.9261574803149601
20
-2.6812755905511811
11
6.9295474015748031
21
-2.6819498818897638
0
LINE
8
BLACK
6
CONTINUOUS
10
6.9295474015748031
20
-2.6819498818897638
11
6.9324212204724409
21
-2.683870118110236
0
LINE
8
BLACK
6
CONTINUOUS
10
6.9324212204724409
20
-2.683870118110236
11
6.9343414566929136
21
-2.6867439370078738
0
LINE
8
BLACK
6
CONTINUOUS
10
6.9343414566929136
20
-2.6867439370078738
11
6.9350157480314962
21
-2.6901338582677163
0
LINE
8
BLACK
6
CONTINUOUS
10
6.9350157480314962
20
-2.6901338582677163
11
6.9350157480314962
21
-2.7023815354330707
0
LINE
8
BLACK
6
CONTINUOUS
10
6.9350157480314962
20
-2.7023815354330707
11
7.0037995669291337
21
-2.7711653543307087
0
LINE
8
BLACK
6
CONTINUOUS
10
7.0037995669291337
20
-2.7711653543307087
11
7.0219201968503935
21
-2.7711653543307087
0
LINE
8
BLACK
6
CONTINUOUS
10
7.0219201968503935
20
-2.7711653543307087
11
7.0223987007874014
21
-2.7687596850393699
0
LINE
8
BLACK
6
CONTINUOUS
10
7.0223987007874014
20
-2.7687596850393699
11
7.024318937007874
21
-2.765885866141732
0
LINE
8
BLACK
6
CONTINUOUS
10
7.024318937007874
20
-2.765885866141732
11
7.0271927559055118
21
-2.7639656299212598
0
LINE
8
BLACK
6
CONTINUOUS
10
7.0271927559055118
20
-2.7639656299212598
11
7.0305826771653539
21
-2.7632913385826772
0
LINE
8
BLACK
6
CONTINUOUS
10
7.0305826771653539
20
-2.7632913385826772
11
7.042830393700787
21
-2.7632913385826772
0
LINE
8
BLACK
6
CONTINUOUS
10
7.042830393700787
20
-2.7632913385826772
11
7.0701553543307085
21
-2.7359663385826769
0
LINE
8
BLACK
6
CONTINUOUS
10
7.0701553543307085
20
-2.7359663385826769
11
7.0717960236220474
21
-2.7346198818897638
0
LINE
8
BLACK
6
CONTINUOUS
10
7.0717960236220474
20
-2.7346198818897638
11
7.074325472440945
21
-2.7335721653543308
0
LINE
8
BLACK
6
CONTINUOUS
10
7.074325472440945
20
-2.7335721653543308
11
7.0756988188976377
21
-2.733003307086614
0
LINE
8
BLACK
6
CONTINUOUS
10
7.0756988188976377
20
-2.733003307086614
11
7.0778110236220471
21
-2.7327952755905511
0
LINE
8
BLACK
6
CONTINUOUS
10
7.0778110236220471
20
-2.7327952755905511
11
7.4439606299212597
21
-2.7327952755905511
0
LINE
8
BLACK
6
CONTINUOUS
10
7.4439606299212597
20
-2.7327952755905511
11
7.446072834645669
21
-2.733003307086614
0
LINE
8
BLACK
6
CONTINUOUS
10
7.446072834645669
20
-2.733003307086614
11
7.4499756692913381
21
-2.7346199212598425
0
LINE
8
BLACK
6
CONTINUOUS
10
7.4499756692913381
20
-2.7346199212598425
11
7.4516162992125983
21
-2.7359663779527557
0
LINE
8
BLACK
6
CONTINUOUS
10
7.4516162992125983
20
-2.7359663779527557
11
7.4592719685039368
21
-2.7436220472440946
0
LINE
8
BLACK
6
CONTINUOUS
10
7.4592719685039368
20
-2.7436220472440946
11
7.5384488188976375
21
-2.7436220472440946
0
LINE
8
BLACK
6
CONTINUOUS
10
7.5384488188976375
20
-2.7436220472440946
11
7.542633188976378
21
-2.7440719291338582
0
LINE
8
BLACK
6
CONTINUOUS
10
7.542633188976378
20
-2.7440719291338582
11
7.5478828346456694
21
-2.746029960629921
0
LINE
8
BLACK
6
CONTINUOUS
10
7.5478828346456694
20
-2.746029960629921
11
7.5523682283464568
21
-2.7493876771653545
0
LINE
8
BLACK
6
CONTINUOUS
10
7.5523682283464568
20
-2.7493876771653545
11
7.5557259448818899
21
-2.7538730708661419
0
LINE
8
BLACK
6
CONTINUOUS
10
7.5557259448818899
20
-2.7538730708661419
11
7.5576839763779526
21
-2.7591227165354328
0
LINE
8
BLACK
6
CONTINUOUS
10
7.5576839763779526
20
-2.7591227165354328
11
7.5581338582677162
21
-2.7633070866141733
0
LINE
8
BLACK
6
CONTINUOUS
10
7.5581338582677162
20
-2.7633070866141733
11
7.5581338582677162
21
-2.8026771653543308
0
LINE
8
BLACK
6
CONTINUOUS
10
7.5581338582677162
20
-2.8026771653543308
11
7.5576839763779526
21
-2.8068615354330708
0
LINE
8
BLACK
6
CONTINUOUS
10
7.5576839763779526
20
-2.8068615354330708
11
7.5557259448818899
21
-2.8121111811023622
0
LINE
8
BLACK
6
CONTINUOUS
10
7.5557259448818899
20
-2.8121111811023622
11
7.5523682283464568
21
-2.8165965748031496
0
LINE
8
BLACK
6
CONTINUOUS
10
7.5523682283464568
20
-2.8165965748031496
11
7.5478828346456694
21
-2.8199542913385827
0
LINE
8
BLACK
6
CONTINUOUS
10
7.5478828346456694
20
-2.8199542913385827
11
7.542633188976378
21
-2.8219123228346454
0
LINE
8
BLACK
6
CONTINUOUS
10
7.542633188976378
20
-2.8219123228346454
11
7.5384488188976375
21
-2.8223622047244095
0
LINE
8
BLACK
6
CONTINUOUS
10
7.5384488188976375
20
-2.8223622047244095
11
7.4941574803149607
21
-2.8223622047244095
0
LINE
8
BLACK
6
CONTINUOUS
10
7.4941574803149607
20
-2.8223622047244095
11
7.4941574803149607
21
-2.9916535433070863
0
LINE
8
BLACK
6
CONTINUOUS
10
7.4941574803149607
20
-2.9916535433070863
11
7.4980944881889764
21
-2.9916535433070863
0
LINE
8
BLACK
6
CONTINUOUS
10
7.4980944881889764
20
-2.9916535433070863
11
7.5023071259842515
21
-2.9922673228346457
0
LINE
8
BLACK
6
CONTINUOUS
10
7.5023071259842515
20
-2.9922673228346457
11
7.5066733858267716
21
-2.9944018503937007
0
LINE
8
BLACK
6
CONTINUOUS
10
7.5066733858267716
20
-2.9944018503937007
11
7.5101099606299213
21
-2.9978384251968504
0
LINE
8
BLACK
6
CONTINUOUS
10
7.5101099606299213
20
-2.9978384251968504
11
7.5122444881889763
21
-3.00220468503937
0
LINE
8
BLACK
6
CONTINUOUS
10
7.5122444881889763
20
-3.00220468503937
11
7.5128582677165356
21
-3.0064173228346456
0
LINE
8
BLACK
6
CONTINUOUS
10
7.5128582677165356
20
-3.0064173228346456
11
7.5128582677165356
21
-3.0556299212598423
0
LINE
8
BLACK
6
CONTINUOUS
10
7.5128582677165356
20
-3.0556299212598423
11
7.5122444881889763
21
-3.0598425590551179
0
LINE
8
BLACK
6
CONTINUOUS
10
7.5122444881889763
20
-3.0598425590551179
11
7.5101099606299213
21
-3.0642088188976375
0
LINE
8
BLACK
6
CONTINUOUS
10
7.5101099606299213
20
-3.0642088188976375
11
7.5066733858267716
21
-3.0676453937007873
0
LINE
8
BLACK
6
CONTINUOUS
10
7.5066733858267716
20
-3.0676453937007873
11
7.5023071259842515
21
-3.0697799212598427
0
LINE
8
BLACK
6
CONTINUOUS
10
7.5023071259842515
20
-3.0697799212598427
11
7.4980944881889764
21
-3.0703937007874016
0
LINE
8
BLACK
6
CONTINUOUS
10
7.4980944881889764
20
-3.0703937007874016
11
7.4685669291338579
21
-3.0703937007874016
0
LINE
8
BLACK
6
CONTINUOUS
10
7.4685669291338579
20
-3.0703937007874016
11
7.4643542913385827
21
-3.0697799212598427
0
LINE
8
BLACK
6
CONTINUOUS
10
7.4643542913385827
20
-3.0697799212598427
11
7.4599880314960627
21
-3.0676453937007873
0
LINE
8
BLACK
6
CONTINUOUS
10
7.4599880314960627
20
-3.0676453937007873
11
7.456551456692913
21
-3.0642088188976375
0
LINE
8
BLACK
6
CONTINUOUS
10
7.456551456692913
20
-3.0642088188976375
11
7.454416929133858
21
-3.0598425590551179
0
LINE
8
BLACK
6
CONTINUOUS
10
7.454416929133858
20
-3.0598425590551179
11
7.4538031496062986
21
-3.0556299212598423
0
LINE
8
BLACK
6
CONTINUOUS
10
7.4538031496062986
20
-3.0556299212598423
11
7.4538031496062986
21
-3.0064173228346456
0
LINE
8
BLACK
6
CONTINUOUS
10
7.4538031496062986
20
-3.0064173228346456
11
7.454416929133858
21
-3.00220468503937
0
LINE
8
BLACK
6
CONTINUOUS
10
7.454416929133858
20
-3.00220468503937
11
7.456551456692913
21
-2.9978384251968504
0
LINE
8
BLACK
6
CONTINUOUS
10
7.456551456692913
20
-2.9978384251968504
11
7.4599880314960627
21
-2.9944018503937007
0
LINE
8
BLACK
6
CONTINUOUS
10
7.4599880314960627
20
-2.9944018503937007
11
7.4643542913385827
21
-2.9922673228346457
0
LINE
8
BLACK
6
CONTINUOUS
10
7.4643542913385827
20
-2.9922673228346457
11
7.4685669291338579
21
-2.9916535433070863
0
LINE
8
BLACK
6
CONTINUOUS
10
7.4685669291338579
20
-2.9916535433070863
11
7.4725039370078736
21
-2.9916535433070863
0
LINE
8
BLACK
6
CONTINUOUS
10
7.4725039370078736
20
-2.9916535433070863
11
7.4725039370078736
21
-2.8223622047244095
0
LINE
8
BLACK
6
CONTINUOUS
10
7.4725039370078736
20
-2.8223622047244095
11
7.4282125984251968
21
-2.8223622047244095
0
LINE
8
BLACK
6
CONTINUOUS
10
7.4282125984251968
20
-2.8223622047244095
11
7.4240282283464563
21
-2.8219123228346454
0
LINE
8
BLACK
6
CONTINUOUS
10
7.4240282283464563
20
-2.8219123228346454
11
7.4187785826771648
21
-2.8199542913385827
0
LINE
8
BLACK
6
CONTINUOUS
10
7.4187785826771648
20
-2.8199542913385827
11
7.4142931889763775
21
-2.8165965748031496
0
LINE
8
BLACK
6
CONTINUOUS
10
7.4142931889763775
20
-2.8165965748031496
11
7.4109354724409444
21
-2.8121111811023622
0
LINE
8
BLACK
6
CONTINUOUS
10
7.4109354724409444
20
-2.8121111811023622
11
7.4089774409448816
21
-2.8068615354330708
0
LINE
8
BLACK
6
CONTINUOUS
10
7.4089774409448816
20
-2.8068615354330708
11
7.4085275590551181
21
-2.8026771653543308
0
LINE
8
BLACK
6
CONTINUOUS
10
7.4085275590551181
20
-2.8026771653543308
11
7.4085275590551181
21
-2.7633070866141733
0
LINE
8
BLACK
6
CONTINUOUS
10
7.4085275590551181
20
-2.7633070866141733
11
7.4089774409448816
21
-2.7591227165354328
0
LINE
8
BLACK
6
CONTINUOUS
10
7.4089774409448816
20
-2.7591227165354328
11
7.4107207086614171
21
-2.7544488188976377
0
LINE
8
BLACK
6
CONTINUOUS
10
7.4107207086614171
20
-2.7544488188976377
11
7.0822956299212594
21
-2.7544488188976377
0
LINE
8
BLACK
6
CONTINUOUS
10
7.0822956299212594
20
-2.7544488188976377
11
7.0571574803149604
21
-2.7795869291338584
0
LINE
8
BLACK
6
CONTINUOUS
10
7.0571574803149604
20
-2.7795869291338584
11
7.0571574803149604
21
-2.7918346456692911
0
LINE
8
BLACK
6
CONTINUOUS
10
7.0571574803149604
20
-2.7918346456692911
11
7.0564831889763777
21
-2.795224566929134
0
LINE
8
BLACK
6
CONTINUOUS
10
7.0564831889763777
20
-2.795224566929134
11
7.0545629527559051
21
-2.7980983858267714
0
LINE
8
BLACK
6
CONTINUOUS
10
7.0545629527559051
20
-2.7980983858267714
11
7.0516891338582672
21
-2.8000186220472441
0
LINE
8
BLACK
6
CONTINUOUS
10
7.0516891338582672
20
-2.8000186220472441
11
7.0482992125984252
21
-2.8006929133858267
0
LINE
8
BLACK
6
CONTINUOUS
10
7.0482992125984252
20
-2.8006929133858267
11
7.0305826771653539
21
-2.8006929133858267
0
LINE
8
BLACK
6
CONTINUOUS
10
7.0305826771653539
20
-2.8006929133858267
11
7.0271927559055118
21
-2.8000186220472441
0
LINE
8
BLACK
6
CONTINUOUS
10
7.0271927559055118
20
-2.8000186220472441
11
7.024318937007874
21
-2.7980983858267714
0
LINE
8
BLACK
6
CONTINUOUS
10
7.024318937007874
20
-2.7980983858267714
11
7.0223987007874014
21
-2.795224566929134
0
LINE
8
BLACK
6
CONTINUOUS
10
7.0223987007874014
20
-2.795224566929134
11
7.0219201968503935
21
-2.7928188976377952
0
LINE
8
BLACK
6
CONTINUOUS
10
7.0219201968503935
20
-2.7928188976377952
11
6.9993149606299214
21
-2.7928188976377952
0
LINE
8
BLACK
6
CONTINUOUS
10
6.9993149606299214
20
-2.7928188976377952
11
6.9972027559055112
21
-2.7926108661417324
0
LINE
8
BLACK
6
CONTINUOUS
10
6.9972027559055112
20
-2.7926108661417324
11
6.9957142125984246
21
-2.7919942913385825
0
LINE
8
BLACK
6
CONTINUOUS
10
6.9957142125984246
20
-2.7919942913385825
11
6.9932999212598421
21
-2.7909942913385826
0
LINE
8
BLACK
6
CONTINUOUS
10
6.9932999212598421
20
-2.7909942913385826
11
6.9916592913385829
21
-2.789647834645669
0
LINE
8
BLACK
6
CONTINUOUS
10
6.9916592913385829
20
-2.789647834645669
11
6.9206886614173229
21
-2.7186771653543307
0
LINE
8
BLACK
6
CONTINUOUS
10
6.9206886614173229
20
-2.7186771653543307
11
6.9084409448818898
21
-2.7186771653543307
0
LINE
8
BLACK
6
CONTINUOUS
10
6.9084409448818898
20
-2.7186771653543307
11
6.9050510236220468
21
-2.718002874015748
0
LINE
8
BLACK
6
CONTINUOUS
10
6.9050510236220468
20
-2.718002874015748
11
6.902177204724409
21
-2.7160826377952754
0
LINE
8
BLACK
6
CONTINUOUS
10
6.902177204724409
20
-2.7160826377952754
11
6.9002569685039372
21
-2.7132088188976375
0
LINE
8
BLACK
6
CONTINUOUS
10
6.9002569685039372
20
-2.7132088188976375
11
6.8997784645669293
21
-2.7108031496062992
0
LINE
8
BLACK
6
CONTINUOUS
10
6.8997784645669293
20
-2.7108031496062992
11
6.8939763779527556
21
-2.7108031496062992
0
LINE
8
BLACK
6
CONTINUOUS
10
6.8939763779527556
20
-2.7108031496062992
11
6.8918641732283463
21
-2.7105951181102363
0
LINE
8
BLACK
6
CONTINUOUS
10
6.8918641732283463
20
-2.7105951181102363
11
6.8879613385826772
21
-2.7089785039370078
0
LINE
8
BLACK
6
CONTINUOUS
10
6.8879613385826772
20
-2.7089785039370078
11
6.8863207086614171
21
-2.7076320472440942
0
LINE
8
BLACK
6
CONTINUOUS
10
6.8863207086614171
20
-2.7076320472440942
11
6.8535154330708661
21
-2.6748267716535432
0
LINE
8
BLACK
6
CONTINUOUS
10
6.8535154330708661
20
-2.6748267716535432
11
6.6899999999999995
21
-2.6748267716535432
0
LINE
8
BLACK
6
CONTINUOUS
10
6.6899999999999995
20
-2.6748267716535432
11
6.6878877952755902
21
-2.6746187401574804
0
LINE
8
BLACK
6
CONTINUOUS
10
6.6878877952755902
20
-2.6746187401574804
11
6.6839849606299211
21
-2.6730021259842518
0
LINE
8
BLACK
6
CONTINUOUS
10
6.6839849606299211
20
-2.6730021259842518
11
6.6823442913385822
21
-2.6716556692913387
0
LINE
8
BLACK
6
CONTINUOUS
10
6.6823442913385822
20
-2.6716556692913387
11
6.6178933858267719
21
-2.6072047244094487
0
LINE
8
BLACK
6
CONTINUOUS
10
6.6178933858267719
20
-2.6072047244094487
11
6.2505160629921255
21
-2.6072047244094487
0
LINE
8
BLACK
6
CONTINUOUS
10
6.2505160629921255
20
-2.6072047244094487
11
6.2822226377952752
21
-2.6389112598425197
0
LINE
8
BLACK
6
CONTINUOUS
10
6.2822226377952752
20
-2.6389112598425197
11
6.28356905511811
21
-2.6405518897637794
0
LINE
8
BLACK
6
CONTINUOUS
10
6.28356905511811
20
-2.6405518897637794
11
6.2851856692913382
21
-2.644454724409449
0
LINE
8
BLACK
6
CONTINUOUS
10
6.2851856692913382
20
-2.644454724409449
11
6.2853937007874014
21
-2.6465669291338583
0
LINE
8
BLACK
6
CONTINUOUS
10
6.2853937007874014
20
-2.6465669291338583
11
6.2853937007874014
21
-3.6864996456692913
0
LINE
8
BLACK
6
CONTINUOUS
10
6.2853937007874014
20
-3.6864996456692913
11
6.3861617716535433
21
-3.7872677165354331
0
LINE
8
BLACK
6
CONTINUOUS
10
6.3861617716535433
20
-3.7872677165354331
11
6.3984094488188976
21
-3.7872677165354331
0
LINE
8
BLACK
6
CONTINUOUS
10
6.3984094488188976
20
-3.7872677165354331
11
6.4017993700787397
21
-3.7879420078740158
0
LINE
8
BLACK
6
CONTINUOUS
10
6.4017993700787397
20
-3.7879420078740158
11
6.4046731889763775
21
-3.789862244094488
0
LINE
8
BLACK
6
CONTINUOUS
10
6.4046731889763775
20
-3.789862244094488
11
6.4065934251968502
21
-3.7927360629921258
0
LINE
8
BLACK
6
CONTINUOUS
10
6.4065934251968502
20
-3.7927360629921258
11
6.4068761417322833
21
-3.7941574803149605
0
LINE
8
BLACK
6
CONTINUOUS
10
6.4068761417322833
20
-3.7941574803149605
11
6.4302577165354329
21
-3.7941574803149605
0
LINE
8
BLACK
6
CONTINUOUS
10
6.4302577165354329
20
-3.7941574803149605
11
6.430540433070866
21
-3.7927360629921258
0
LINE
8
BLACK
6
CONTINUOUS
10
6.430540433070866
20
-3.7927360629921258
11
6.4324606692913386
21
-3.789862244094488
0
LINE
8
BLACK
6
CONTINUOUS
10
6.4324606692913386
20
-3.789862244094488
11
6.4353344881889765
21
-3.7879420078740158
0
LINE
8
BLACK
6
CONTINUOUS
10
6.4353344881889765
20
-3.7879420078740158
11
6.4387244094488185
21
-3.7872677165354331
0
LINE
8
BLACK
6
CONTINUOUS
10
6.4387244094488185
20
-3.7872677165354331
11
6.4584094488188972
21
-3.7872677165354331
0
LINE
8
BLACK
6
CONTINUOUS
10
6.4584094488188972
20
-3.7872677165354331
11
6.4617993700787402
21
-3.7879420078740158
0
LINE
8
BLACK
6
CONTINUOUS
10
6.4617993700787402
20
-3.7879420078740158
11
6.464673188976378
21
-3.789862244094488
0
LINE
8
BLACK
6
CONTINUOUS
10
6.464673188976378
20
-3.789862244094488
11
6.4665934251968507
21
-3.7927360629921258
0
LINE
8
BLACK
6
CONTINUOUS
10
6.4665934251968507
20
-3.7927360629921258
11
6.4668761417322838
21
-3.7941574803149605
0
LINE
8
BLACK
6
CONTINUOUS
10
6.4668761417322838
20
-3.7941574803149605
11
6.4902577165354325
21
-3.7941574803149605
0
LINE
8
BLACK
6
CONTINUOUS
10
6.4902577165354325
20
-3.7941574803149605
11
6.4905404330708656
21
-3.7927360629921258
0
LINE
8
BLACK
6
CONTINUOUS
10
6.4905404330708656
20
-3.7927360629921258
11
6.4924606692913382
21
-3.789862244094488
0
LINE
8
BLACK
6
CONTINUOUS
10
6.4924606692913382
20
-3.789862244094488
11
6.4953344881889761
21
-3.7879420078740158
0
LINE
8
BLACK
6
CONTINUOUS
10
6.4953344881889761
20
-3.7879420078740158
11
6.498724409448819
21
-3.7872677165354331
0
LINE
8
BLACK
6
CONTINUOUS
10
6.498724409448819
20
-3.7872677165354331
11
6.5184094488188977
21
-3.7872677165354331
0
LINE
8
BLACK
6
CONTINUOUS
10
6.5184094488188977
20
-3.7872677165354331
11
6.5217993700787398
21
-3.7879420078740158
0
LINE
8
BLACK
6
CONTINUOUS
10
6.5217993700787398
20
-3.7879420078740158
11
6.5246731889763776
21
-3.789862244094488
0
LINE
8
BLACK
6
CONTINUOUS
10
6.5246731889763776
20
-3.789862244094488
11
6.5265934251968503
21
-3.7927360629921258
0
LINE
8
BLACK
6
CONTINUOUS
10
6.5265934251968503
20
-3.7927360629921258
11
6.5268761417322834
21
-3.7941574803149605
0
LINE
8
BLACK
6
CONTINUOUS
10
6.5268761417322834
20
-3.7941574803149605
11
6.550257716535433
21
-3.7941574803149605
0
LINE
8
BLACK
6
CONTINUOUS
10
6.550257716535433
20
-3.7941574803149605
11
6.5505404330708661
21
-3.7927360629921258
0
LINE
8
BLACK
6
CONTINUOUS
10
6.5505404330708661
20
-3.7927360629921258
11
6.5524606692913387
21
-3.789862244094488
0
LINE
8
BLACK
6
CONTINUOUS
10
6.5524606692913387
20
-3.789862244094488
11
6.5553344881889766
21
-3.7879420078740158
0
LINE
8
BLACK
6
CONTINUOUS
10
6.5553344881889766
20
-3.7879420078740158
11
6.5587244094488186
21
-3.7872677165354331
0
LINE
8
BLACK
6
CONTINUOUS
10
6.5587244094488186
20
-3.7872677165354331
11
6.5784094488188973
21
-3.7872677165354331
0
LINE
8
BLACK
6
CONTINUOUS
10
6.5784094488188973
20
-3.7872677165354331
11
6.5817993700787403
21
-3.7879420078740158
0
LINE
8
BLACK
6
CONTINUOUS
10
6.5817993700787403
20
-3.7879420078740158
11
6.5846731889763781
21
-3.789862244094488
0
LINE
8
BLACK
6
CONTINUOUS
10
6.5846731889763781
20
-3.789862244094488
11
6.5865934251968499
21
-3.7927360629921258
0
LINE
8
BLACK
6
CONTINUOUS
10
6.5865934251968499
20
-3.7927360629921258
11
6.5872677165354325
21
-3.7961259842519683
0
LINE
8
BLACK
6
CONTINUOUS
10
6.5872677165354325
20
-3.7961259842519683
11
6.5872677165354325
21
-3.8138425196850392
0
LINE
8
BLACK
6
CONTINUOUS
10
6.5872677165354325
20
-3.8138425196850392
11
6.5865934251968499
21
-3.8172324409448817
0
LINE
8
BLACK
6
CONTINUOUS
10
6.5865934251968499
20
-3.8172324409448817
11
6.5846731889763781
21
-3.8201062598425195
0
LINE
8
BLACK
6
CONTINUOUS
10
6.5846731889763781
20
-3.8201062598425195
11
6.5817993700787403
21
-3.8220264960629922
0
LINE
8
BLACK
6
CONTINUOUS
10
6.5817993700787403
20
-3.8220264960629922
11
6.5784094488188973
21
-3.8227007874015748
0
LINE
8
BLACK
6
CONTINUOUS
10
6.5784094488188973
20
-3.8227007874015748
11
6.5587244094488186
21
-3.8227007874015748
0
LINE
8
BLACK
6
CONTINUOUS
10
6.5587244094488186
20
-3.8227007874015748
11
6.5553344881889766
21
-3.8220264960629922
0
LINE
8
BLACK
6
CONTINUOUS
10
6.5553344881889766
20
-3.8220264960629922
11
6.5524606692913387
21
-3.8201062598425195
0
LINE
8
BLACK
6
CONTINUOUS
10
6.5524606692913387
20
-3.8201062598425195
11
6.5505404330708661
21
-3.8172324409448817
0
LINE
8
BLACK
6
CONTINUOUS
10
6.5505404330708661
20
-3.8172324409448817
11
6.550257716535433
21
-3.815811023622047
0
LINE
8
BLACK
6
CONTINUOUS
10
6.550257716535433
20
-3.815811023622047
11
6.5268761417322834
21
-3.815811023622047
0
LINE
8
BLACK
6
CONTINUOUS
10
6.5268761417322834
20
-3.815811023622047
11
6.5265934251968503
21
-3.8172324409448817
0
LINE
8
BLACK
6
CONTINUOUS
10
6.5265934251968503
20
-3.8172324409448817
11
6.5246731889763776
21
-3.8201062598425195
0
LINE
8
BLACK
6
CONTINUOUS
10
6.5246731889763776
20
-3.8201062598425195
11
6.5217993700787398
21
-3.8220264960629922
0
LINE
8
BLACK
6
CONTINUOUS
10
6.5217993700787398
20
-3.8220264960629922
11
6.5184094488188977
21
-3.8227007874015748
0
LINE
8
BLACK
6
CONTINUOUS
10
6.5184094488188977
20
-3.8227007874015748
11
6.498724409448819
21
-3.8227007874015748
0
LINE
8
BLACK
6
CONTINUOUS
10
6.498724409448819
20
-3.8227007874015748
11
6.4953344881889761
21
-3.8220264960629922
0
LINE
8
BLACK
6
CONTINUOUS
10
6.4953344881889761
20
-3.8220264960629922
11
6.4924606692913382
21
-3.8201062598425195
0
LINE
8
BLACK
6
CONTINUOUS
10
6.4924606692913382
20
-3.8201062598425195
11
6.4905404330708656
21
-3.8172324409448817
0
LINE
8
BLACK
6
CONTINUOUS
10
6.4905404330708656
20
-3.8172324409448817
11
6.4902577165354325
21
-3.815811023622047
0
LINE
8
BLACK
6
CONTINUOUS
10
6.4902577165354325
20
-3.815811023622047
11
6.4668761417322838
21
-3.815811023622047
0
LINE
8
BLACK
6
CONTINUOUS
10
6.4668761417322838
20
-3.815811023622047
11
6.4665934251968507
21
-3.8172324409448817
0
LINE
8
BLACK
6
CONTINUOUS
10
6.4665934251968507
20
-3.8172324409448817
11
6.464673188976378
21
-3.8201062598425195
0
LINE
8
BLACK
6
CONTINUOUS
10
6.464673188976378
20
-3.8201062598425195
11
6.4617993700787402
21
-3.8220264960629922
0
LINE
8
BLACK
6
CONTINUOUS
10
6.4617993700787402
20
-3.8220264960629922
11
6.4584094488188972
21
-3.8227007874015748
0
LINE
8
BLACK
6
CONTINUOUS
10
6.4584094488188972
20
-3.8227007874015748
11
6.4387244094488185
21
-3.8227007874015748
0
LINE
8
BLACK
6
CONTINUOUS
10
6.4387244094488185
20
-3.8227007874015748
11
6.4353344881889765
21
-3.8220264960629922
0
LINE
8
BLACK
6
CONTINUOUS
10
6.4353344881889765
20
-3.8220264960629922
11
6.4324606692913386
21
-3.8201062598425195
0
LINE
8
BLACK
6
CONTINUOUS
10
6.4324606692913386
20
-3.8201062598425195
11
6.430540433070866
21
-3.8172324409448817
0
LINE
8
BLACK
6
CONTINUOUS
10
6.430540433070866
20
-3.8172324409448817
11
6.4302577165354329
21
-3.815811023622047
0
LINE
8
BLACK
6
CONTINUOUS
10
6.4302577165354329
20
-3.815811023622047
11
6.4068761417322833
21
-3.815811023622047
0
LINE
8
BLACK
6
CONTINUOUS
10
6.4068761417322833
20
-3.815811023622047
11
6.4065934251968502
21
-3.8172324409448817
0
LINE
8
BLACK
6
CONTINUOUS
10
6.4065934251968502
20
-3.8172324409448817
11
6.4046731889763775
21
-3.8201062598425195
0
LINE
8
BLACK
6
CONTINUOUS
10
6.4046731889763775
20
-3.8201062598425195
11
6.4017993700787397
21
-3.8220264960629922
0
LINE
8
BLACK
6
CONTINUOUS
10
6.4017993700787397
20
-3.8220264960629922
11
6.3984094488188976
21
-3.8227007874015748
0
LINE
8
BLACK
6
CONTINUOUS
10
6.3984094488188976
20
-3.8227007874015748
11
6.3894846062992121
21
-3.8227007874015748
0
LINE
8
BLACK
6
CONTINUOUS
10
6.3894846062992121
20
-3.8227007874015748
11
6.174964881889764
21
-4.0372204724409446
0
LINE
8
BLACK
6
CONTINUOUS
10
6.174964881889764
20
-4.0372204724409446
11
6.2269176377952755
21
-4.089173228346457
0
LINE
8
BLACK
6
CONTINUOUS
10
6.2269176377952755
20
-4.089173228346457
11
6.3184094488188975
21
-4.089173228346457
0
LINE
8
BLACK
6
CONTINUOUS
10
6.3184094488188975
20
-4.089173228346457
11
6.347937007874016
21
-4.089173228346457
0
LINE
8
BLACK
6
CONTINUOUS
10
6.347937007874016
20
-4.089173228346457
11
6.601332559055118
21
-4.089173228346457
0
LINE
8
BLACK
6
CONTINUOUS
10
6.601332559055118
20
-4.089173228346457
11
6.6014801181102358
21
-4.0890880314960629
0
LINE
8
BLACK
6
CONTINUOUS
10
6.6014801181102358
20
-4.0890880314960629
11
6.6044583464566928
21
-4.0882900393700785
0
LINE
8
BLACK
6
CONTINUOUS
10
6.6044583464566928
20
-4.0882900393700785
11
6.6075416535433069
21
-4.0882900393700785
0
LINE
8
BLACK
6
CONTINUOUS
10
6.6075416535433069
20
-4.0882900393700785
11
6.6105198818897639
21
-4.0890880314960629
0
LINE
8
BLACK
6
CONTINUOUS
10
6.6105198818897639
20
-4.0890880314960629
11
6.613190078740157
21
-4.09062968503937
0
LINE
8
BLACK
6
CONTINUOUS
10
6.613190078740157
20
-4.09062968503937
11
6.6153703149606295
21
-4.0928099212598426
0
LINE
8
BLACK
6
CONTINUOUS
10
6.6153703149606295
20
-4.0928099212598426
11
6.6169119685039366
21
-4.0954801181102365
0
LINE
8
BLACK
6
CONTINUOUS
10
6.6169119685039366
20
-4.0954801181102365
11
6.617709960629921
21
-4.0984583464566926
0
LINE
8
BLACK
6
CONTINUOUS
10
6.617709960629921
20
-4.0984583464566926
11
6.617709960629921
21
-4.1015416535433067
0
LINE
8
BLACK
6
CONTINUOUS
10
6.617709960629921
20
-4.1015416535433067
11
6.6169119685039366
21
-4.1045198818897637
0
LINE
8
BLACK
6
CONTINUOUS
10
6.6169119685039366
20
-4.1045198818897637
11
6.6153703149606295
21
-4.1071900787401576
0
LINE
8
BLACK
6
CONTINUOUS
10
6.6153703149606295
20
-4.1071900787401576
11
6.613190078740157
21
-4.1093703149606302
0
LINE
8
BLACK
6
CONTINUOUS
10
6.613190078740157
20
-4.1093703149606302
11
6.6105198818897639
21
-4.1109119685039373
0
LINE
8
BLACK
6
CONTINUOUS
10
6.6105198818897639
20
-4.1109119685039373
11
6.6075416535433069
21
-4.1117099606299208
0
LINE
8
BLACK
6
CONTINUOUS
10
6.6075416535433069
20
-4.1117099606299208
11
6.6044583464566928
21
-4.1117099606299208
0
LINE
8
BLACK
6
CONTINUOUS
10
6.6044583464566928
20
-4.1117099606299208
11
6.6014801181102358
21
-4.1109119685039373
0
LINE
8
BLACK
6
CONTINUOUS
10
6.6014801181102358
20
-4.1109119685039373
11
6.601332559055118
21
-4.1108267716535432
0
LINE
8
BLACK
6
CONTINUOUS
10
6.601332559055118
20
-4.1108267716535432
11
6.3184094488188975
21
-4.1108267716535432
0
LINE
8
BLACK
6
CONTINUOUS
10
6.3184094488188975
20
-4.1108267716535432
11
6.288881889763779
21
-4.1108267716535432
0
LINE
8
BLACK
6
CONTINUOUS
10
6.288881889763779
20
-4.1108267716535432
11
6.2224330708661419
21
-4.1108267716535432
0
LINE
8
BLACK
6
CONTINUOUS
10
6.2224330708661419
20
-4.1108267716535432
11
6.2203208661417317
21
-4.1106187401574799
0
LINE
8
BLACK
6
CONTINUOUS
10
6.2203208661417317
20
-4.1106187401574799
11
6.2164180314960626
21
-4.1090021259842517
0
LINE
8
BLACK
6
CONTINUOUS
10
6.2164180314960626
20
-4.1090021259842517
11
6.2147774015748034
21
-4.1076556692913382
0
LINE
8
BLACK
6
CONTINUOUS
10
6.2147774015748034
20
-4.1076556692913382
11
6.159653543307086
21
-4.0525318110236217
0
LINE
8
BLACK
6
CONTINUOUS
10
6.159653543307086
20
-4.0525318110236217
11
6.1342341338582678
21
-4.0779512204724409
0
LINE
8
BLACK
6
CONTINUOUS
10
6.1342341338582678
20
-4.0779512204724409
11
6.1342341338582678
21
-4.1024094488188974
0
LINE
8
BLACK
6
CONTINUOUS
10
6.1342341338582678
20
-4.1024094488188974
11
6.1340261023622045
21
-4.1045216535433067
0
LINE
8
BLACK
6
CONTINUOUS
10
6.1340261023622045
20
-4.1045216535433067
11
6.1324094881889764
21
-4.1084244881889767
0
LINE
8
BLACK
6
CONTINUOUS
10
6.1324094881889764
20
-4.1084244881889767
11
6.1310630314960628
21
-4.1100651181102359
0
LINE
8
BLACK
6
CONTINUOUS
10
6.1310630314960628
20
-4.1100651181102359
11
6.1019764173228346
21
-4.1391517322834641
0
LINE
8
BLACK
6
CONTINUOUS
10
6.1019764173228346
20
-4.1391517322834641
11
6.1003357874015744
21
-4.1404981889763777
0
LINE
8
BLACK
6
CONTINUOUS
10
6.1003357874015744
20
-4.1404981889763777
11
6.0964329527559054
21
-4.1421148031496058
0
LINE
8
BLACK
6
CONTINUOUS
10
6.0964329527559054
20
-4.1421148031496058
11
6.094320748031496
21
-4.1423228346456691
0
LINE
8
BLACK
6
CONTINUOUS
10
6.094320748031496
20
-4.1423228346456691
11
5.8695905511811022
21
-4.1423228346456691
0
LINE
8
BLACK
6
CONTINUOUS
10
5.8695905511811022
20
-4.1423228346456691
11
5.8400629921259837
21
-4.1423228346456691
0
LINE
8
BLACK
6
CONTINUOUS
10
5.8400629921259837
20
-4.1423228346456691
11
5.7070515354330711
21
-4.1423228346456691
0
LINE
8
BLACK
6
CONTINUOUS
10
5.7070515354330711
20
-4.1423228346456691
11
5.6893092125984248
21
-4.1600651181102357
0
LINE
8
BLACK
6
CONTINUOUS
10
5.6893092125984248
20
-4.1600651181102357
11
5.6876685826771656
21
-4.1614115748031493
0
LINE
8
BLACK
6
CONTINUOUS
10
5.6876685826771656
20
-4.1614115748031493
11
5.6837657480314956
21
-4.1630281889763783
0
LINE
8
BLACK
6
CONTINUOUS
10
5.6837657480314956
20
-4.1630281889763783
11
5.6816535433070863
21
-4.1632362204724407
0
LINE
8
BLACK
6
CONTINUOUS
10
5.6816535433070863
20
-4.1632362204724407
11
5.5476535433070868
21
-4.1632362204724407
0
LINE
8
BLACK
6
CONTINUOUS
10
5.5476535433070868
20
-4.1632362204724407
11
5.5455413385826766
21
-4.1630281889763783
0
LINE
8
BLACK
6
CONTINUOUS
10
5.5455413385826766
20
-4.1630281889763783
11
5.5416385039370075
21
-4.1614115748031493
0
LINE
8
BLACK
6
CONTINUOUS
10
5.5416385039370075
20
-4.1614115748031493
11
5.5399978740157483
21
-4.1600651181102357
0
LINE
8
BLACK
6
CONTINUOUS
10
5.5399978740157483
20
-4.1600651181102357
11
5.4979978740157476
21
-4.1180651181102359
0
LINE
8
BLACK
6
CONTINUOUS
10
5.4979978740157476
20
-4.1180651181102359
11
5.4966514173228349
21
-4.1164244881889767
0
LINE
8
BLACK
6
CONTINUOUS
10
5.4966514173228349
20
-4.1164244881889767
11
5.4950348031496059
21
-4.1125216535433067
0
LINE
8
BLACK
6
CONTINUOUS
10
5.4950348031496059
20
-4.1125216535433067
11
5.4948267716535435
21
-4.1104094488188974
0
LINE
8
BLACK
6
CONTINUOUS
10
5.4948267716535435
20
-4.1104094488188974
11
5.4948267716535435
21
-4.0408940157480311
0
LINE
8
BLACK
6
CONTINUOUS
10
5.4948267716535435
20
-4.0408940157480311
11
5.4726492913385822
21
-4.0187165354330707
0
LINE
8
BLACK
6
CONTINUOUS
10
5.4726492913385822
20
-4.0187165354330707
11
5.454184330708661
21
-4.0187165354330707
0
LINE
8
BLACK
6
CONTINUOUS
10
5.454184330708661
20
-4.0187165354330707
11
5.4541722834645672
21
-4.018777047244094
0
LINE
8
BLACK
6
CONTINUOUS
10
5.4541722834645672
20
-4.018777047244094
11
5.4524653937007876
21
-4.0213315354330712
0
LINE
8
BLACK
6
CONTINUOUS
10
5.4524653937007876
20
-4.0213315354330712
11
5.4499109055118113
21
-4.0230384251968507
0
LINE
8
BLACK
6
CONTINUOUS
10
5.4499109055118113
20
-4.0230384251968507
11
5.4468976377952751
21
-4.0236377952755902
0
LINE
8
BLACK
6
CONTINUOUS
10
5.4468976377952751
20
-4.0236377952755902
11
5.425244094488189
21
-4.0236377952755902
0
LINE
8
BLACK
6
CONTINUOUS
10
5.425244094488189
20
-4.0236377952755902
11
5.4222308267716537
21
-4.0230384251968507
0
LINE
8
BLACK
6
CONTINUOUS
10
5.4222308267716537
20
-4.0230384251968507
11
5.4196763385826774
21
-4.0213315354330712
0
LINE
8
BLACK
6
CONTINUOUS
10
5.4196763385826774
20
-4.0213315354330712
11
5.4179694488188979
21
-4.018777047244094
0
LINE
8
BLACK
6
CONTINUOUS
10
5.4179694488188979
20
-4.018777047244094
11
5.4173700787401575
21
-4.0157637795275587
0
LINE
8
BLACK
6
CONTINUOUS
10
5.4173700787401575
20
-4.0157637795275587
11
5.4173700787401575
21
-4.0000157480314957
0
LINE
8
BLACK
6
CONTINUOUS
10
5.4173700787401575
20
-4.0000157480314957
11
5.4179694488188979
21
-3.9970024803149604
0
LINE
8
BLACK
6
CONTINUOUS
10
5.4179694488188979
20
-3.9970024803149604
11
5.4196763385826774
21
-3.9944479921259841
0
LINE
8
BLACK
6
CONTINUOUS
10
5.4196763385826774
20
-3.9944479921259841
11
5.4222308267716537
21
-3.9927411023622046
0
LINE
8
BLACK
6
CONTINUOUS
10
5.4222308267716537
20
-3.9927411023622046
11
5.425244094488189
21
-3.9921417322834647
0
LINE
8
BLACK
6
CONTINUOUS
10
5.425244094488189
20
-3.9921417322834647
11
5.4468976377952751
21
-3.9921417322834647
0
LINE
8
BLACK
6
CONTINUOUS
10
5.4468976377952751
20
-3.9921417322834647
11
5.4499109055118113
21
-3.9927411023622046
0
LINE
8
BLACK
6
CONTINUOUS
10
5.4499109055118113
20
-3.9927411023622046
11
5.4524653937007876
21
-3.9944479921259841
0
LINE
8
BLACK
6
CONTINUOUS
10
5.4524653937007876
20
-3.9944479921259841
11
5.4541722834645672
21
-3.9970024803149604
0
LINE
8
BLACK
6
CONTINUOUS
10
5.4541722834645672
20
-3.9970024803149604
11
5.454184330708661
21
-3.9970629921259841
0
LINE
8
BLACK
6
CONTINUOUS
10
5.454184330708661
20
-3.9970629921259841
11
5.4771338582677167
21
-3.9970629921259841
0
LINE
8
BLACK
6
CONTINUOUS
10
5.4771338582677167
20
-3.9970629921259841
11
5.479246062992126
21
-3.997271023622047
0
LINE
8
BLACK
6
CONTINUOUS
10
5.479246062992126
20
-3.997271023622047
11
5.4831488976377951
21
-3.9988876377952756
0
LINE
8
BLACK
6
CONTINUOUS
10
5.4831488976377951
20
-3.9988876377952756
11
5.4847895275590552
21
-4.0002340944881887
0
LINE
8
BLACK
6
CONTINUOUS
10
5.4847895275590552
20
-4.0002340944881887
11
5.5133092125984247
21
-4.0287537401574802
0
LINE
8
BLACK
6
CONTINUOUS
10
5.5133092125984247
20
-4.0287537401574802
11
5.5146556692913382
21
-4.0303944094488191
0
LINE
8
BLACK
6
CONTINUOUS
10
5.5146556692913382
20
-4.0303944094488191
11
5.5162722834645672
21
-4.0342972440944882
0
LINE
8
BLACK
6
CONTINUOUS
10
5.5162722834645672
20
-4.0342972440944882
11
5.5164803149606296
21
-4.0364094488188975
0
LINE
8
BLACK
6
CONTINUOUS
10
5.5164803149606296
20
-4.0364094488188975
11
5.5164803149606296
21
-4.1059248818897638
0
LINE
8
BLACK
6
CONTINUOUS
10
5.5164803149606296
20
-4.1059248818897638
11
5.5521381102362204
21
-4.1415826771653546
0
LINE
8
BLACK
6
CONTINUOUS
10
5.5521381102362204
20
-4.1415826771653546
11
5.6771689763779527
21
-4.1415826771653546
0
LINE
8
BLACK
6
CONTINUOUS
10
5.6771689763779527
20
-4.1415826771653546
11
5.6949112204724406
21
-4.123840393700787
0
LINE
8
BLACK
6
CONTINUOUS
10
5.6949112204724406
20
-4.123840393700787
11
5.6965518897637795
21
-4.1224939370078744
0
LINE
8
BLACK
6
CONTINUOUS
10
5.6965518897637795
20
-4.1224939370078744
11
5.7004547244094486
21
-4.1208773228346454
0
LINE
8
BLACK
6
CONTINUOUS
10
5.7004547244094486
20
-4.1208773228346454
11
5.7025669291338579
21
-4.120669291338583
0
LINE
8
BLACK
6
CONTINUOUS
10
5.7025669291338579
20
-4.120669291338583
11
5.8695905511811022
21
-4.120669291338583
0
LINE
8
BLACK
6
CONTINUOUS
10
5.8695905511811022
20
-4.120669291338583
11
5.8991181102362207
21
-4.120669291338583
0
LINE
8
BLACK
6
CONTINUOUS
10
5.8991181102362207
20
-4.120669291338583
11
6.0898361811023625
21
-4.120669291338583
0
LINE
8
BLACK
6
CONTINUOUS
10
6.0898361811023625
20
-4.120669291338583
11
6.1125805905511807
21
-4.0979248818897638
0
LINE
8
BLACK
6
CONTINUOUS
10
6.1125805905511807
20
-4.0979248818897638
11
6.1125805905511807
21
-4.0734666535433073
0
LINE
8
BLACK
6
CONTINUOUS
10
6.1125805905511807
20
-4.0734666535433073
11
6.112788622047244
21
-4.071354448818898
0
LINE
8
BLACK
6
CONTINUOUS
10
6.112788622047244
20
-4.071354448818898
11
6.1144052362204722
21
-4.067451614173228
0
LINE
8
BLACK
6
CONTINUOUS
10
6.1144052362204722
20
-4.067451614173228
11
6.1157516929133857
21
-4.0658109842519687
0
LINE
8
BLACK
6
CONTINUOUS
10
6.1157516929133857
20
-4.0658109842519687
11
6.1519978740157475
21
-4.0295648031496061
0
LINE
8
BLACK
6
CONTINUOUS
10
6.1519978740157475
20
-4.0295648031496061
11
6.3698661417322837
21
-3.811696496062992
0
LINE
8
BLACK
6
CONTINUOUS
10
6.3698661417322837
20
-3.811696496062992
11
6.3698661417322837
21
-3.8015948031496061
0
LINE
8
BLACK
6
CONTINUOUS
10
6.3698661417322837
20
-3.8015948031496061
11
6.2669112598425194
21
-3.6986399212598426
0
LINE
8
BLACK
6
CONTINUOUS
10
6.2669112598425194
20
-3.6986399212598426
11
6.2655648031496058
21
-3.6969992913385825
0
LINE
8
BLACK
6
CONTINUOUS
10
6.2655648031496058
20
-3.6969992913385825
11
6.2639481889763777
21
-3.6930964566929134
0
LINE
8
BLACK
6
CONTINUOUS
10
6.2639481889763777
20
-3.6930964566929134
11
6.2637401574803144
21
-3.6909842519685037
0
LINE
8
BLACK
6
CONTINUOUS
10
6.2637401574803144
20
-3.6909842519685037
11
6.2637401574803144
21
-2.6510514960629923
0
LINE
8
BLACK
6
CONTINUOUS
10
6.2637401574803144
20
-2.6510514960629923
11
6.223644724409449
21
-2.610956062992126
0
LINE
8
BLACK
6
CONTINUOUS
10
6.223644724409449
20
-2.610956062992126
11
6.2234801181102357
21
-2.6109119685039368
0
LINE
8
BLACK
6
CONTINUOUS
10
6.2234801181102357
20
-2.6109119685039368
11
6.2232916535433072
21
-2.6108031496062991
0
LINE
8
BLACK
6
CONTINUOUS
10
6.2232916535433072
20
-2.6108031496062991
11
6.190680393700787
21
-2.6108031496062991
0
LINE
8
BLACK
6
CONTINUOUS
10
6.190680393700787
20
-2.6108031496062991
11
6.1906683464566932
21
-2.6108636614173228
0
LINE
8
BLACK
6
CONTINUOUS
10
6.1906683464566932
20
-2.6108636614173228
11
6.1889614566929136
21
-2.6134181496062991
0
LINE
8
BLACK
6
CONTINUOUS
10
6.1889614566929136
20
-2.6134181496062991
11
6.1864069685039365
21
-2.6151250393700787
0
LINE
8
BLACK
6
CONTINUOUS
10
6.1864069685039365
20
-2.6151250393700787
11
6.1833937007874011
21
-2.615724409448819
0
LINE
8
BLACK
6
CONTINUOUS
10
6.1833937007874011
20
-2.615724409448819
11
6.161740157480315
21
-2.615724409448819
0
LINE
8
BLACK
6
CONTINUOUS
10
6.161740157480315
20
-2.615724409448819
11
6.1587268897637797
21
-2.6151250393700787
0
LINE
8
BLACK
6
CONTINUOUS
10
6.1587268897637797
20
-2.6151250393700787
11
6.1561724015748034
21
-2.6134181496062991
0
LINE
8
BLACK
6
CONTINUOUS
10
6.1561724015748034
20
-2.6134181496062991
11
6.1544655118110239
21
-2.6108636614173228
0
LINE
8
BLACK
6
CONTINUOUS
10
6.1544655118110239
20
-2.6108636614173228
11
6.1538661417322835
21
-2.6078503937007875
0
LINE
8
BLACK
6
CONTINUOUS
10
6.1538661417322835
20
-2.6078503937007875
11
6.1538661417322835
21
-2.5921023622047246
0
LINE
8
BLACK
6
CONTINUOUS
10
6.1538661417322835
20
-2.5921023622047246
11
6.1544655118110239
21
-2.5890890944881888
0
LINE
8
BLACK
6
CONTINUOUS
10
6.1544655118110239
20
-2.5890890944881888
11
6.1561724015748034
21
-2.5865346062992125
0
LINE
8
BLACK
6
CONTINUOUS
10
6.1561724015748034
20
-2.5865346062992125
11
6.1587268897637797
21
-2.584827716535433
0
LINE
8
BLACK
6
CONTINUOUS
10
6.1587268897637797
20
-2.584827716535433
11
6.161740157480315
21
-2.5842283464566926
0
LINE
8
BLACK
6
CONTINUOUS
10
6.161740157480315
20
-2.5842283464566926
11
6.1833937007874011
21
-2.5842283464566926
0
LINE
8
BLACK
6
CONTINUOUS
10
6.1833937007874011
20
-2.5842283464566926
11
6.1864069685039365
21
-2.584827716535433
0
LINE
8
BLACK
6
CONTINUOUS
10
6.1864069685039365
20
-2.584827716535433
11
6.1889614566929136
21
-2.5865346062992125
0
LINE
8
BLACK
6
CONTINUOUS
10
6.1889614566929136
20
-2.5865346062992125
11
6.1906683464566932
21
-2.5890890944881888
0
LINE
8
BLACK
6
CONTINUOUS
10
6.1906683464566932
20
-2.5890890944881888
11
6.190680393700787
21
-2.5891496062992125
0
LINE
8
BLACK
6
CONTINUOUS
10
6.190680393700787
20
-2.5891496062992125
11
6.2233734645669294
21
-2.5891496062992125
0
LINE
8
BLACK
6
CONTINUOUS
10
6.2233734645669294
20
-2.5891496062992125
11
6.2234801181102357
21
-2.5890880314960629
0
LINE
8
BLACK
6
CONTINUOUS
10
6.2234801181102357
20
-2.5890880314960629
11
6.2236446850393703
21
-2.5890438976377954
0
LINE
8
BLACK
6
CONTINUOUS
10
6.2236446850393703
20
-2.5890438976377954
11
6.2239663779527561
21
-2.5887222440944879
0
LINE
8
BLACK
6
CONTINUOUS
10
6.2239663779527561
20
-2.5887222440944879
11
6.2256070472440941
21
-2.5873757874015748
0
LINE
8
BLACK
6
CONTINUOUS
10
6.2256070472440941
20
-2.5873757874015748
11
6.2280733858267716
21
-2.5863542125984251
0
LINE
8
BLACK
6
CONTINUOUS
10
6.2280733858267716
20
-2.5863542125984251
11
6.2295098425196853
21
-2.585759212598425
0
LINE
8
BLACK
6
CONTINUOUS
10
6.2295098425196853
20
-2.585759212598425
11
6.2316220472440946
21
-2.5855511811023622
0
LINE
8
BLACK
6
CONTINUOUS
10
6.2316220472440946
20
-2.5855511811023622
11
6.6223779527559055
21
-2.5855511811023622
0
LINE
8
BLACK
6
CONTINUOUS
10
6.6223779527559055
20
-2.5855511811023622
11
6.6244901574803148
21
-2.585759212598425
0
LINE
8
BLACK
6
CONTINUOUS
10
6.6244901574803148
20
-2.585759212598425
11
6.6283929921259839
21
-2.5873758267716536
0
LINE
8
BLACK
6
CONTINUOUS
10
6.6283929921259839
20
-2.5873758267716536
11
6.630033622047244
21
-2.5887222834645667
0
LINE
8
BLACK
6
CONTINUOUS
10
6.630033622047244
20
-2.5887222834645667
11
6.6944846062992127
21
-2.6531732283464566
0
LINE
8
BLACK
6
CONTINUOUS
10
6.6944846062992127
20
-2.6531732283464566
11
6.846110236220472
21
-2.6531732283464566
0
LINE
8
BLACK
6
CONTINUOUS
10
6.846110236220472
20
-2.6531732283464566
11
6.846110236220472
21
-2.6063307086614174
0
LINE
8
BLACK
6
CONTINUOUS
10
6.846110236220472
20
-2.6063307086614174
11
6.8244566929133859
21
-2.6063307086614174
0
LINE
8
BLACK
6
CONTINUOUS
10
6.8244566929133859
20
-2.6063307086614174
11
6.822196732283464
21
-2.6058811811023621
0
LINE
8
BLACK
6
CONTINUOUS
10
6.822196732283464
20
-2.6058811811023621
11
6.820280866141732
21
-2.6046010236220472
0
LINE
8
BLACK
6
CONTINUOUS
10
6.820280866141732
20
-2.6046010236220472
11
6.8190007086614175
21
-2.6026851574803147
0
LINE
8
BLACK
6
CONTINUOUS
10
6.8190007086614175
20
-2.6026851574803147
11
6.8185511811023618
21
-2.6004251968503937
0
LINE
8
BLACK
6
CONTINUOUS
10
6.8185511811023618
20
-2.6004251968503937
11
6.8185511811023618
21
-2.5886141732283465
0
LINE
8
BLACK
6
CONTINUOUS
10
6.8185511811023618
20
-2.5886141732283465
11
6.8190007086614175
21
-2.5863542125984251
0
LINE
8
BLACK
6
CONTINUOUS
10
6.8190007086614175
20
-2.5863542125984251
11
6.820280866141732
21
-2.5844383464566927
0
LINE
8
BLACK
6
CONTINUOUS
10
6.820280866141732
20
-2.5844383464566927
11
6.822196732283464
21
-2.5831581889763777
0
LINE
8
BLACK
6
CONTINUOUS
10
6.822196732283464
20
-2.5831581889763777
11
6.8244566929133859
21
-2.5827086614173229
0
LINE
8
BLACK
6
CONTINUOUS
10
6.8244566929133859
20
-2.5827086614173229
11
6.8894173228346451
21
-2.5827086614173229
0
LINE
8
BLACK
6
CONTINUOUS
10
6.8894173228346451
20
-2.5827086614173229
11
6.891677283464567
21
-2.5831581889763777
0
LINE
8
BLACK
6
CONTINUOUS
10
4.6520868110236222
20
-3.7065840944881887
11
4.6547570078740153
21
-3.7081257480314962
0
LINE
8
BLACK
6
CONTINUOUS
10
4.6547570078740153
20
-3.7081257480314962
11
4.6569372440944878
21
-3.7103059842519683
0
LINE
8
BLACK
6
CONTINUOUS
10
4.6569372440944878
20
-3.7103059842519683
11
4.6584788976377949
21
-3.7129761811023623
0
LINE
8
BLACK
6
CONTINUOUS
10
4.6584788976377949
20
-3.7129761811023623
11
4.6592768897637793
21
-3.7159544094488188
0
LINE
8
BLACK
6
CONTINUOUS
10
4.6592768897637793
20
-3.7159544094488188
11
4.6592768897637793
21
-3.7190377165354329
0
LINE
8
BLACK
6
CONTINUOUS
10
4.6592768897637793
20
-3.7190377165354329
11
4.6584788976377949
21
-3.7220159448818895
0
LINE
8
BLACK
6
CONTINUOUS
10
4.6584788976377949
20
-3.7220159448818895
11
4.6569372440944878
21
-3.7246861417322834
0
LINE
8
BLACK
6
CONTINUOUS
10
4.6569372440944878
20
-3.7246861417322834
11
4.6547570078740153
21
-3.726866377952756
0
LINE
8
BLACK
6
CONTINUOUS
10
4.6547570078740153
20
-3.726866377952756
11
4.6520868110236222
21
-3.728408031496063
0
LINE
8
BLACK
6
CONTINUOUS
10
4.6520868110236222
20
-3.728408031496063
11
4.651922165354331
21
-3.7284521259842518
0
LINE
8
BLACK
6
CONTINUOUS
10
4.651922165354331
20
-3.7284521259842518
11
4.2666399212598423
21
-4.1137344094488189
0
LINE
8
BLACK
6
CONTINUOUS
10
4.2666399212598423
20
-4.1137344094488189
11
4.264999291338583
21
-4.1150808661417324
0
LINE
8
BLACK
6
CONTINUOUS
10
4.264999291338583
20
-4.1150808661417324
11
4.261096456692913
21
-4.1166974803149605
0
LINE
8
BLACK
6
CONTINUOUS
10
4.261096456692913
20
-4.1166974803149605
11
4.2589842519685037
21
-4.1169055118110238
0
LINE
8
BLACK
6
CONTINUOUS
10
4.2589842519685037
20
-4.1169055118110238
11
4.2180314960629923
21
-4.1169055118110238
0
LINE
8
BLACK
6
CONTINUOUS
10
4.2180314960629923
20
-4.1169055118110238
11
4.2180314960629923
21
-4.1395433070866137
0
LINE
8
BLACK
6
CONTINUOUS
10
4.2180314960629923
20
-4.1395433070866137
11
4.1511023622047247
21
-4.1395433070866137
0
LINE
8
BLACK
6
CONTINUOUS
10
4.1511023622047247
20
-4.1395433070866137
11
4.1511023622047247
21
-4.0726141732283461
0
LINE
8
BLACK
6
CONTINUOUS
10
4.1511023622047247
20
-4.0726141732283461
11
4.2180314960629923
21
-4.0726141732283461
0
LINE
8
BLACK
6
CONTINUOUS
10
4.2180314960629923
20
-4.0726141732283461
11
4.2180314960629923
21
-4.0952519685039368
0
LINE
8
BLACK
6
CONTINUOUS
10
4.2180314960629923
20
-4.0952519685039368
11
4.2544996850393701
21
-4.0952519685039368
0
LINE
8
BLACK
6
CONTINUOUS
10
4.2544996850393701
20
-4.0952519685039368
11
4.636610826771653
21
-3.7131407874015747
0
LINE
8
BLACK
6
CONTINUOUS
10
4.636610826771653
20
-3.7131407874015747
11
4.6366549606299214
21
-3.7129761811023623
0
LINE
8
BLACK
6
CONTINUOUS
10
4.6366549606299214
20
-3.7129761811023623
11
4.6381966141732285
21
-3.7103059842519683
0
LINE
8
BLACK
6
CONTINUOUS
10
4.6381966141732285
20
-3.7103059842519683
11
4.6403768503937011
21
-3.7081257480314962
0
LINE
8
BLACK
6
CONTINUOUS
10
4.6403768503937011
20
-3.7081257480314962
11
4.6430470472440941
21
-3.7065840944881887
0
LINE
8
BLACK
6
CONTINUOUS
10
4.6430470472440941
20
-3.7065840944881887
11
4.6460252755905511
21
-3.7057861023622047
0
LINE
8
BLACK
6
CONTINUOUS
10
4.6460252755905511
20
-3.7057861023622047
11
4.6491085826771652
21
-3.7057861023622047
0
LINE
8
BLACK
6
CONTINUOUS
10
4.6491085826771652
20
-3.7057861023622047
11
4.6520868110236222
21
-3.7065840944881887
0
LINE
8
BLACK
6
CONTINUOUS
10
5.6273033070866143
20
-3.9868790157480314
11
5.6301771259842521
21
-3.988799251968504
0
LINE
8
BLACK
6
CONTINUOUS
10
5.6301771259842521
20
-3.988799251968504
11
5.6320973622047239
21
-3.9916730708661414
0
LINE
8
BLACK
6
CONTINUOUS
10
5.6320973622047239
20
-3.9916730708661414
11
5.6327716535433066
21
-3.9950629921259844
0
LINE
8
BLACK
6
CONTINUOUS
10
5.6327716535433066
20
-3.9950629921259844
11
5.6327716535433066
21
-4.0127795275590552
0
LINE
8
BLACK
6
CONTINUOUS
10
5.6327716535433066
20
-4.0127795275590552
11
5.6320973622047239
21
-4.0161694488188973
0
LINE
8
BLACK
6
CONTINUOUS
10
5.6320973622047239
20
-4.0161694488188973
11
5.6301771259842521
21
-4.0190432677165351
0
LINE
8
BLACK
6
CONTINUOUS
10
5.6301771259842521
20
-4.0190432677165351
11
5.6273033070866143
21
-4.0209635039370077
0
LINE
8
BLACK
6
CONTINUOUS
10
5.6273033070866143
20
-4.0209635039370077
11
5.6248976377952751
21
-4.0214420078740156
0
LINE
8
BLACK
6
CONTINUOUS
10
5.6248976377952751
20
-4.0214420078740156
11
5.6248976377952751
21
-4.0547451968503934
0
LINE
8
BLACK
6
CONTINUOUS
10
5.6248976377952751
20
-4.0547451968503934
11
5.6250820866141735
21
-4.0547818897637793
0
LINE
8
BLACK
6
CONTINUOUS
10
5.6250820866141735
20
-4.0547818897637793
11
5.6322124803149602
21
-4.0577353937007876
0
LINE
8
BLACK
6
CONTINUOUS
10
5.6322124803149602
20
-4.0577353937007876
11
5.6386296456692913
21
-4.0620232283464563
0
LINE
8
BLACK
6
CONTINUOUS
10
5.6386296456692913
20
-4.0620232283464563
11
5.644087007874016
21
-4.0674805905511811
0
LINE
8
BLACK
6
CONTINUOUS
10
5.644087007874016
20
-4.0674805905511811
11
5.6483748425196847
21
-4.0738977559055121
0
LINE
8
BLACK
6
CONTINUOUS
10
5.6483748425196847
20
-4.0738977559055121
11
5.651328346456693
21
-4.0810281496062988
0
LINE
8
BLACK
6
CONTINUOUS
10
5.651328346456693
20
-4.0810281496062988
11
5.6526697244094484
21
-4.0877716535433066
0
LINE
8
BLACK
6
CONTINUOUS
10
5.6526697244094484
20
-4.0877716535433066
11
5.8166614173228348
21
-4.0877716535433066
0
LINE
8
BLACK
6
CONTINUOUS
10
5.8166614173228348
20
-4.0877716535433066
11
5.8187736220472441
21
-4.0879796850393699
0
LINE
8
BLACK
6
CONTINUOUS
10
5.8187736220472441
20
-4.0879796850393699
11
5.8195228740157479
21
-4.0882900393700785
0
LINE
8
BLACK
6
CONTINUOUS
10
5.8195228740157479
20
-4.0882900393700785
11
5.8196046456692914
21
-4.0882900393700785
0
LINE
8
BLACK
6
CONTINUOUS
10
5.8196046456692914
20
-4.0882900393700785
11
5.8225828740157475
21
-4.0890880314960629
0
LINE
8
BLACK
6
CONTINUOUS
10
5.8225828740157475
20
-4.0890880314960629
11
5.8227304330708662
21
-4.089173228346457
0
LINE
8
BLACK
6
CONTINUOUS
10
5.8227304330708662
20
-4.089173228346457
11
5.8695905511811022
21
-4.089173228346457
0
LINE
8
BLACK
6
CONTINUOUS
10
5.8695905511811022
20
-4.089173228346457
11
5.8991181102362207
21
-4.089173228346457
0
LINE
8
BLACK
6
CONTINUOUS
10
5.8991181102362207
20
-4.089173228346457
11
5.8991181102362207
21
-4.1108267716535432
0
LINE
8
BLACK
6
CONTINUOUS
10
5.8991181102362207
20
-4.1108267716535432
11
5.8400629921259837
21
-4.1108267716535432
0
LINE
8
BLACK
6
CONTINUOUS
10
5.8400629921259837
20
-4.1108267716535432
11
5.8227304330708662
21
-4.1108267716535432
0
LINE
8
BLACK
6
CONTINUOUS
10
5.8227304330708662
20
-4.1108267716535432
11
5.8225828740157475
21
-4.1109119685039373
0
LINE
8
BLACK
6
CONTINUOUS
10
5.8225828740157475
20
-4.1109119685039373
11
5.8196046456692914
21
-4.1117099606299208
0
LINE
8
BLACK
6
CONTINUOUS
10
5.8196046456692914
20
-4.1117099606299208
11
5.8165213385826773
21
-4.1117099606299208
0
LINE
8
BLACK
6
CONTINUOUS
10
5.8165213385826773
20
-4.1117099606299208
11
5.8135431102362203
21
-4.1109119685039373
0
LINE
8
BLACK
6
CONTINUOUS
10
5.8135431102362203
20
-4.1109119685039373
11
5.8109679527559051
21
-4.1094251968503936
0
LINE
8
BLACK
6
CONTINUOUS
10
5.8109679527559051
20
-4.1094251968503936
11
5.6490336220472441
21
-4.1094251968503936
0
LINE
8
BLACK
6
CONTINUOUS
10
5.6490336220472441
20
-4.1094251968503936
11
5.6483748425196847
21
-4.1110156299212601
0
LINE
8
BLACK
6
CONTINUOUS
10
5.6483748425196847
20
-4.1110156299212601
11
5.644087007874016
21
-4.1174327952755903
0
LINE
8
BLACK
6
CONTINUOUS
10
5.644087007874016
20
-4.1174327952755903
11
5.6386296456692913
21
-4.122890157480315
0
LINE
8
BLACK
6
CONTINUOUS
10
5.6386296456692913
20
-4.122890157480315
11
5.6322124803149602
21
-4.1271779921259846
0
LINE
8
BLACK
6
CONTINUOUS
10
5.6322124803149602
20
-4.1271779921259846
11
5.6250820866141735
21
-4.130131496062992
0
LINE
8
BLACK
6
CONTINUOUS
10
5.6250820866141735
20
-4.130131496062992
11
5.6175124803149608
21
-4.1316372047244094
0
LINE
8
BLACK
6
CONTINUOUS
10
5.6175124803149608
20
-4.1316372047244094
11
5.6097946062992126
21
-4.1316372047244094
0
LINE
8
BLACK
6
CONTINUOUS
10
5.6097946062992126
20
-4.1316372047244094
11
5.6022249999999998
21
-4.130131496062992
0
LINE
8
BLACK
6
CONTINUOUS
10
5.6022249999999998
20
-4.130131496062992
11
5.5950946062992122
21
-4.1271779921259846
0
LINE
8
BLACK
6
CONTINUOUS
10
5.5950946062992122
20
-4.1271779921259846
11
5.5886774409448821
21
-4.122890157480315
0
LINE
8
BLACK
6
CONTINUOUS
10
5.5886774409448821
20
-4.122890157480315
11
5.5832200787401574
21
-4.1174327952755903
0
LINE
8
BLACK
6
CONTINUOUS
10
5.5832200787401574
20
-4.1174327952755903
11
5.5789322440944877
21
-4.1110156299212601
0
LINE
8
BLACK
6
CONTINUOUS
10
5.5789322440944877
20
-4.1110156299212601
11
5.5759787401574803
21
-4.1038852362204725
0
LINE
8
BLACK
6
CONTINUOUS
10
5.5759787401574803
20
-4.1038852362204725
11
5.5744730314960629
21
-4.0963156299212597
0
LINE
8
BLACK
6
CONTINUOUS
10
5.5744730314960629
20
-4.0963156299212597
11
5.5744730314960629
21
-4.0885977559055116
0
LINE
8
BLACK
6
CONTINUOUS
10
5.5744730314960629
20
-4.0885977559055116
11
5.5759787401574803
21
-4.0810281496062988
0
LINE
8
BLACK
6
CONTINUOUS
10
5.5759787401574803
20
-4.0810281496062988
11
5.5789322440944877
21
-4.0738977559055121
0
LINE
8
BLACK
6
CONTINUOUS
10
5.5789322440944877
20
-4.0738977559055121
11
5.5832200787401574
21
-4.0674805905511811
0
LINE
8
BLACK
6
CONTINUOUS
10
5.5832200787401574
20
-4.0674805905511811
11
5.5886774409448821
21
-4.0620232283464563
0
LINE
8
BLACK
6
CONTINUOUS
10
5.5886774409448821
20
-4.0620232283464563
11
5.5950946062992122
21
-4.0577353937007876
0
LINE
8
BLACK
6
CONTINUOUS
10
5.5950946062992122
20
-4.0577353937007876
11
5.6022249999999998
21
-4.0547818897637793
0
LINE
8
BLACK
6
CONTINUOUS
10
5.6022249999999998
20
-4.0547818897637793
11
5.6032440944881889
21
-4.0545791732283467
0
LINE
8
BLACK
6
CONTINUOUS
10
5.6032440944881889
20
-4.0545791732283467
11
5.6032440944881889
21
-4.0214420078740156
0
LINE
8
BLACK
6
CONTINUOUS
10
5.6032440944881889
20
-4.0214420078740156
11
5.6008384251968506
21
-4.0209635039370077
0
LINE
8
BLACK
6
CONTINUOUS
10
5.6008384251968506
20
-4.0209635039370077
11
5.5979646062992128
21
-4.0190432677165351
0
LINE
8
BLACK
6
CONTINUOUS
10
5.5979646062992128
20
-4.0190432677165351
11
5.5960443700787401
21
-4.0161694488188973
0
LINE
8
BLACK
6
CONTINUOUS
10
5.5960443700787401
20
-4.0161694488188973
11
5.5953700787401575
21
-4.0127795275590552
0
LINE
8
BLACK
6
CONTINUOUS
10
5.5953700787401575
20
-4.0127795275590552
11
5.5953700787401575
21
-3.9950629921259844
0
LINE
8
BLACK
6
CONTINUOUS
10
5.5953700787401575
20
-3.9950629921259844
11
5.5960443700787401
21
-3.9916730708661414
0
LINE
8
BLACK
6
CONTINUOUS
10
5.5960443700787401
20
-3.9916730708661414
11
5.5979646062992128
21
-3.988799251968504
0
LINE
8
BLACK
6
CONTINUOUS
10
5.5979646062992128
20
-3.988799251968504
11
5.6008384251968506
21
-3.9868790157480314
0
LINE
8
BLACK
6
CONTINUOUS
10
5.6008384251968506
20
-3.9868790157480314
11
5.6042283464566927
21
-3.9862047244094487
0
LINE
8
BLACK
6
CONTINUOUS
10
5.6042283464566927
20
-3.9862047244094487
11
5.6239133858267714
21
-3.9862047244094487
0
LINE
8
BLACK
6
CONTINUOUS
10
5.6239133858267714
20
-3.9862047244094487
11
5.6273033070866143
21
-3.9868790157480314
0
LINE
8
BLACK
6
CONTINUOUS
10
6.3700789370078743
20
-4.057591968503937
11
6.3727491338582674
21
-4.059133622047244
0
LINE
8
BLACK
6
CONTINUOUS
10
6.3727491338582674
20
-4.059133622047244
11
6.3749293700787399
21
-4.0613138582677166
0
LINE
8
BLACK
6
CONTINUOUS
10
6.3749293700787399
20
-4.0613138582677166
11
6.376471023622047
21
-4.0639840551181106
0
LINE
8
BLACK
6
CONTINUOUS
10
6.376471023622047
20
-4.0639840551181106
11
6.3772690157480314
21
-4.0669622834645667
0
LINE
8
BLACK
6
CONTINUOUS
10
6.3772690157480314
20
-4.0669622834645667
11
6.3772690157480314
21
-4.0700455905511808
0
LINE
8
BLACK
6
CONTINUOUS
10
6.3772690157480314
20
-4.0700455905511808
11
6.376471023622047
21
-4.0730238188976378
0
LINE
8
BLACK
6
CONTINUOUS
10
6.376471023622047
20
-4.0730238188976378
11
6.3749293700787399
21
-4.0756940157480317
0
LINE
8
BLACK
6
CONTINUOUS
10
6.3749293700787399
20
-4.0756940157480317
11
6.3727491338582674
21
-4.0778742519685043
0
LINE
8
BLACK
6
CONTINUOUS
10
6.3727491338582674
20
-4.0778742519685043
11
6.3700789370078743
21
-4.0794159055118113
0
LINE
8
BLACK
6
CONTINUOUS
10
6.3700789370078743
20
-4.0794159055118113
11
6.3671007086614173
21
-4.0802138976377949
0
LINE
8
BLACK
6
CONTINUOUS
10
6.3671007086614173
20
-4.0802138976377949
11
6.3640174015748032
21
-4.0802138976377949
0
LINE
8
BLACK
6
CONTINUOUS
10
6.3640174015748032
20
-4.0802138976377949
11
6.3610391732283462
21
-4.0794159055118113
0
LINE
8
BLACK
6
CONTINUOUS
10
6.3610391732283462
20
-4.0794159055118113
11
6.3608916141732283
21
-4.0793307086614172
0
LINE
8
BLACK
6
CONTINUOUS
10
6.3608916141732283
20
-4.0793307086614172
11
6.3184094488188975
21
-4.0793307086614172
0
LINE
8
BLACK
6
CONTINUOUS
10
6.3184094488188975
20
-4.0793307086614172
11
6.288881889763779
21
-4.0793307086614172
0
LINE
8
BLACK
6
CONTINUOUS
10
6.288881889763779
20
-4.0793307086614172
11
6.288881889763779
21
-4.0576771653543302
0
LINE
8
BLACK
6
CONTINUOUS
10
6.288881889763779
20
-4.0576771653543302
11
6.347937007874016
21
-4.0576771653543302
0
LINE
8
BLACK
6
CONTINUOUS
10
6.347937007874016
20
-4.0576771653543302
11
6.3608916141732283
21
-4.0576771653543302
0
LINE
8
BLACK
6
CONTINUOUS
10
6.3608916141732283
20
-4.0576771653543302
11
6.3610391732283462
21
-4.057591968503937
0
LINE
8
BLACK
6
CONTINUOUS
10
6.3610391732283462
20
-4.057591968503937
11
6.3640174015748032
21
-4.0567939763779526
0
LINE
8
BLACK
6
CONTINUOUS
10
6.3640174015748032
20
-4.0567939763779526
11
6.3671007086614173
21
-4.0567939763779526
0
LINE
8
BLACK
6
CONTINUOUS
10
6.3671007086614173
20
-4.0567939763779526
11
6.3700789370078743
21
-4.057591968503937
0
LINE
8
BLACK
6
CONTINUOUS
10
4.8044069685039368
20
-2.6378985826771655
11
4.8069614566929131
21
-2.639605472440945
0
LINE
8
BLACK
6
CONTINUOUS
10
4.8069614566929131
20
-2.639605472440945
11
4.8086683464566926
21
-2.6421599606299213
0
LINE
8
BLACK
6
CONTINUOUS
10
4.8086683464566926
20
-2.6421599606299213
11
4.8092677165354329
21
-2.6451732283464566
0
LINE
8
BLACK
6
CONTINUOUS
10
4.8092677165354329
20
-2.6451732283464566
11
4.8092677165354329
21
-2.6668267716535432
0
LINE
8
BLACK
6
CONTINUOUS
10
4.8092677165354329
20
-2.6668267716535432
11
4.8086683464566926
21
-2.6698400393700785
0
LINE
8
BLACK
6
CONTINUOUS
10
4.8086683464566926
20
-2.6698400393700785
11
4.8069614566929131
21
-2.6723945275590553
0
LINE
8
BLACK
6
CONTINUOUS
10
4.8069614566929131
20
-2.6723945275590553
11
4.8044069685039368
21
-2.6741014173228348
0
LINE
8
BLACK
6
CONTINUOUS
10
4.8044069685039368
20
-2.6741014173228348
11
4.8043464566929135
21
-2.6741134251968504
0
LINE
8
BLACK
6
CONTINUOUS
10
4.8043464566929135
20
-2.6741134251968504
11
4.8043464566929135
21
-2.725543307086614
0
LINE
8
BLACK
6
CONTINUOUS
10
4.8043464566929135
20
-2.725543307086614
11
4.8041384251968502
21
-2.7276555118110237
0
LINE
8
BLACK
6
CONTINUOUS
10
4.8041384251968502
20
-2.7276555118110237
11
4.803683503937008
21
-2.7287537795275592
0
LINE
8
BLACK
6
CONTINUOUS
10
4.803683503937008
20
-2.7287537795275592
11
4.8025218110236221
21
-2.7315583464566928
0
LINE
8
BLACK
6
CONTINUOUS
10
4.8025218110236221
20
-2.7315583464566928
11
4.8011753937007873
21
-2.7331989763779525
0
LINE
8
BLACK
6
CONTINUOUS
10
4.8011753937007873
20
-2.7331989763779525
11
4.744663307086614
21
-2.7897109842519683
0
LINE
8
BLACK
6
CONTINUOUS
10
4.744663307086614
20
-2.7897109842519683
11
4.7452062598425195
21
-2.7910218110236218
0
LINE
8
BLACK
6
CONTINUOUS
10
4.7452062598425195
20
-2.7910218110236218
11
4.7461909842519683
21
-2.7959723228346456
0
LINE
8
BLACK
6
CONTINUOUS
10
4.7461909842519683
20
-2.7959723228346456
11
4.7461909842519683
21
-2.8010198031496061
0
LINE
8
BLACK
6
CONTINUOUS
10
4.7461909842519683
20
-2.8010198031496061
11
4.7452062598425195
21
-2.8059703149606299
0
LINE
8
BLACK
6
CONTINUOUS
10
4.7452062598425195
20
-2.8059703149606299
11
4.7432746850393697
21
-2.8106335826771653
0
LINE
8
BLACK
6
CONTINUOUS
10
4.7432746850393697
20
-2.8106335826771653
11
4.7404704330708665
21
-2.814830433070866
0
LINE
8
BLACK
6
CONTINUOUS
10
4.7404704330708665
20
-2.814830433070866
11
4.7369012992125983
21
-2.8183995669291337
0
LINE
8
BLACK
6
CONTINUOUS
10
4.7369012992125983
20
-2.8183995669291337
11
4.7327044488188976
21
-2.8212038188976378
0
LINE
8
BLACK
6
CONTINUOUS
10
4.7327044488188976
20
-2.8212038188976378
11
4.7313937007874012
21
-2.8217467322834646
0
LINE
8
BLACK
6
CONTINUOUS
10
4.7313937007874012
20
-2.8217467322834646
11
4.7313937007874012
21
-2.9850272047244095
0
LINE
8
BLACK
6
CONTINUOUS
10
4.7313937007874012
20
-2.9850272047244095
11
5.8040436614173228
21
-4.0576771653543302
0
LINE
8
BLACK
6
CONTINUOUS
10
5.8040436614173228
20
-4.0576771653543302
11
5.8695905511811022
21
-4.0576771653543302
0
LINE
8
BLACK
6
CONTINUOUS
10
5.8695905511811022
20
-4.0576771653543302
11
5.8991181102362207
21
-4.0576771653543302
0
LINE
8
BLACK
6
CONTINUOUS
10
5.8991181102362207
20
-4.0576771653543302
11
5.8991181102362207
21
-4.0793307086614172
0
LINE
8
BLACK
6
CONTINUOUS
10
5.8991181102362207
20
-4.0793307086614172
11
5.8400629921259837
21
-4.0793307086614172
0
LINE
8
BLACK
6
CONTINUOUS
10
5.8400629921259837
20
-4.0793307086614172
11
5.7995590551181104
21
-4.0793307086614172
0
LINE
8
BLACK
6
CONTINUOUS
10
5.7995590551181104
20
-4.0793307086614172
11
5.7974468503937002
21
-4.0791226771653539
0
LINE
8
BLACK
6
CONTINUOUS
10
5.7974468503937002
20
-4.0791226771653539
11
5.7958302755905509
21
-4.0784530314960632
0
LINE
8
BLACK
6
CONTINUOUS
10
5.7958302755905509
20
-4.0784530314960632
11
5.7935440551181099
21
-4.0775061023622046
0
LINE
8
BLACK
6
CONTINUOUS
10
5.7935440551181099
20
-4.0775061023622046
11
5.7919033858267719
21
-4.076159645669291
0
LINE
8
BLACK
6
CONTINUOUS
10
5.7919033858267719
20
-4.076159645669291
11
4.71291125984252
21
-2.9971674803149604
0
LINE
8
BLACK
6
CONTINUOUS
10
4.71291125984252
20
-2.9971674803149604
11
4.7115648031496065
21
-2.9955268503937007
0
LINE
8
BLACK
6
CONTINUOUS
10
4.7115648031496065
20
-2.9955268503937007
11
4.7099481889763775
21
-2.9916240157480316
0
LINE
8
BLACK
6
CONTINUOUS
10
4.7099481889763775
20
-2.9916240157480316
11
4.709740157480315
21
-2.9895118110236218
0
LINE
8
BLACK
6
CONTINUOUS
10
4.709740157480315
20
-2.9895118110236218
11
4.709740157480315
21
-2.8217467322834646
0
LINE
8
BLACK
6
CONTINUOUS
10
4.709740157480315
20
-2.8217467322834646
11
4.7084294094488186
21
-2.8212038188976378
0
LINE
8
BLACK
6
CONTINUOUS
10
4.7084294094488186
20
-2.8212038188976378
11
4.7042325590551179
21
-2.8183995669291337
0
LINE
8
BLACK
6
CONTINUOUS
10
4.7042325590551179
20
-2.8183995669291337
11
4.7006634251968507
21
-2.814830433070866
0
LINE
8
BLACK
6
CONTINUOUS
10
4.7006634251968507
20
-2.814830433070866
11
4.6978591732283466
21
-2.8106335826771653
0
LINE
8
BLACK
6
CONTINUOUS
10
4.6978591732283466
20
-2.8106335826771653
11
4.6959275984251967
21
-2.8059703149606299
0
LINE
8
BLACK
6
CONTINUOUS
10
4.6959275984251967
20
-2.8059703149606299
11
4.6949428740157479
21
-2.8010198031496061
0
LINE
8
BLACK
6
CONTINUOUS
10
4.6949428740157479
20
-2.8010198031496061
11
4.6949428740157479
21
-2.7959723228346456
0
LINE
8
BLACK
6
CONTINUOUS
10
4.6949428740157479
20
-2.7959723228346456
11
4.6959275984251967
21
-2.7910218110236218
0
LINE
8
BLACK
6
CONTINUOUS
10
4.6959275984251967
20
-2.7910218110236218
11
4.6978591732283466
21
-2.7863585433070868
0
LINE
8
BLACK
6
CONTINUOUS
10
4.6978591732283466
20
-2.7863585433070868
11
4.7006634251968507
21
-2.7821616929133857
0
LINE
8
BLACK
6
CONTINUOUS
10
4.7006634251968507
20
-2.7821616929133857
11
4.7042325590551179
21
-2.7785925590551179
0
LINE
8
BLACK
6
CONTINUOUS
10
4.7042325590551179
20
-2.7785925590551179
11
4.7084294094488186
21
-2.7757883070866143
0
LINE
8
BLACK
6
CONTINUOUS
10
4.7084294094488186
20
-2.7757883070866143
11
4.7130926771653545
21
-2.7738567322834644
0
LINE
8
BLACK
6
CONTINUOUS
10
4.7130926771653545
20
-2.7738567322834644
11
4.7180431889763774
21
-2.7728720078740157
0
LINE
8
BLACK
6
CONTINUOUS
10
4.7180431889763774
20
-2.7728720078740157
11
4.7230906692913388
21
-2.7728720078740157
0
LINE
8
BLACK
6
CONTINUOUS
10
4.7230906692913388
20
-2.7728720078740157
11
4.7280411811023617
21
-2.7738567322834644
0
LINE
8
BLACK
6
CONTINUOUS
10
4.7280411811023617
20
-2.7738567322834644
11
4.7293519685039369
21
-2.7743996456692912
0
LINE
8
BLACK
6
CONTINUOUS
10
4.7293519685039369
20
-2.7743996456692912
11
4.7826929133858265
21
-2.7210587007874016
0
LINE
8
BLACK
6
CONTINUOUS
10
4.7826929133858265
20
-2.7210587007874016
11
4.7826929133858265
21
-2.6741134251968504
0
LINE
8
BLACK
6
CONTINUOUS
10
4.7826929133858265
20
-2.6741134251968504
11
4.7826324015748032
21
-2.6741014173228348
0
LINE
8
BLACK
6
CONTINUOUS
10
4.7826324015748032
20
-2.6741014173228348
11
4.7800779133858269
21
-2.6723945275590553
0
LINE
8
BLACK
6
CONTINUOUS
10
4.7800779133858269
20
-2.6723945275590553
11
4.7783710236220474
21
-2.6698400393700785
0
LINE
8
BLACK
6
CONTINUOUS
10
4.7783710236220474
20
-2.6698400393700785
11
4.777771653543307
21
-2.6668267716535432
0
LINE
8
BLACK
6
CONTINUOUS
10
4.777771653543307
20
-2.6668267716535432
11
4.777771653543307
21
-2.6451732283464566
0
LINE
8
BLACK
6
CONTINUOUS
10
4.777771653543307
20
-2.6451732283464566
11
4.7783710236220474
21
-2.6421599606299213
0
LINE
8
BLACK
6
CONTINUOUS
10
4.7783710236220474
20
-2.6421599606299213
11
4.7800779133858269
21
-2.639605472440945
0
LINE
8
BLACK
6
CONTINUOUS
10
4.7800779133858269
20
-2.639605472440945
11
4.7826324015748032
21
-2.6378985826771655
0
LINE
8
BLACK
6
CONTINUOUS
10
4.7826324015748032
20
-2.6378985826771655
11
4.7856456692913385
21
-2.6372992125984251
0
LINE
8
BLACK
6
CONTINUOUS
10
4.7856456692913385
20
-2.6372992125984251
11
4.8013937007874015
21
-2.6372992125984251
0
LINE
8
BLACK
6
CONTINUOUS
10
4.8013937007874015
20
-2.6372992125984251
11
4.8044069685039368
21
-2.6378985826771655
0
LINE
8
BLACK
6
CONTINUOUS
10
6.347937007874016
20
-3.9946850393700788
11
7.5990787401574797
21
-3.9946850393700788
0
LINE
8
BLACK
6
CONTINUOUS
10
7.5990787401574797
20
-3.9946850393700788
11
7.60119094488189
21
-3.9948930708661416
0
LINE
8
BLACK
6
CONTINUOUS
10
7.60119094488189
20
-3.9948930708661416
11
7.6050937795275591
21
-3.9965096850393702
0
LINE
8
BLACK
6
CONTINUOUS
10
7.6050937795275591
20
-3.9965096850393702
11
7.6067344094488183
21
-3.9978561417322833
0
LINE
8
BLACK
6
CONTINUOUS
10
7.6067344094488183
20
-3.9978561417322833
11
7.621090748031496
21
-4.0122124803149601
0
LINE
8
BLACK
6
CONTINUOUS
10
7.621090748031496
20
-4.0122124803149601
11
7.6272868110236223
21
-4.0109800393700787
0
LINE
8
BLACK
6
CONTINUOUS
10
7.6272868110236223
20
-4.0109800393700787
11
7.6338470472440942
21
-4.0109800393700787
0
LINE
8
BLACK
6
CONTINUOUS
10
7.6338470472440942
20
-4.0109800393700787
11
7.6402811811023623
21
-4.0122598818897641
0
LINE
8
BLACK
6
CONTINUOUS
10
7.6402811811023623
20
-4.0122598818897641
11
7.6463420078740159
21
-4.0147703543307083
0
LINE
8
BLACK
6
CONTINUOUS
10
7.6463420078740159
20
-4.0147703543307083
11
7.6517966141732279
21
-4.0184150000000001
0
LINE
8
BLACK
6
CONTINUOUS
10
7.6517966141732279
20
-4.0184150000000001
11
7.6564353937007876
21
-4.0230537795275589
0
LINE
8
BLACK
6
CONTINUOUS
10
7.6564353937007876
20
-4.0230537795275589
11
7.6600800393700785
21
-4.0285083858267718
0
LINE
8
BLACK
6
CONTINUOUS
10
7.6600800393700785
20
-4.0285083858267718
11
7.6625905118110236
21
-4.0345692125984254
0
LINE
8
BLACK
6
CONTINUOUS
10
7.6625905118110236
20
-4.0345692125984254
11
7.6638703543307081
21
-4.0410033464566926
0
LINE
8
BLACK
6
CONTINUOUS
10
7.6638703543307081
20
-4.0410033464566926
11
7.6638703543307081
21
-4.0475635826771654
0
LINE
8
BLACK
6
CONTINUOUS
10
7.6638703543307081
20
-4.0475635826771654
11
7.6625905118110236
21
-4.0539977165354326
0
LINE
8
BLACK
6
CONTINUOUS
10
7.6625905118110236
20
-4.0539977165354326
11
7.6600800393700785
21
-4.0600585433070862
0
LINE
8
BLACK
6
CONTINUOUS
10
7.6600800393700785
20
-4.0600585433070862
11
7.6564353937007876
21
-4.0655131496062991
0
LINE
8
BLACK
6
CONTINUOUS
10
7.6564353937007876
20
-4.0655131496062991
11
7.6517966141732279
21
-4.0701519291338579
0
LINE
8
BLACK
6
CONTINUOUS
10
7.6517966141732279
20
-4.0701519291338579
11
7.6463420078740159
21
-4.0737965748031497
0
LINE
8
BLACK
6
CONTINUOUS
10
7.6463420078740159
20
-4.0737965748031497
11
7.6402811811023623
21
-4.0763070472440948
0
LINE
8
BLACK
6
CONTINUOUS
10
7.6402811811023623
20
-4.0763070472440948
11
7.6338470472440942
21
-4.0775868897637793
0
LINE
8
BLACK
6
CONTINUOUS
10
7.6338470472440942
20
-4.0775868897637793
11
7.6272868110236223
21
-4.0775868897637793
0
LINE
8
BLACK
6
CONTINUOUS
10
7.6272868110236223
20
-4.0775868897637793
11
7.6208526771653542
21
-4.0763070472440948
0
LINE
8
BLACK
6
CONTINUOUS
10
7.6208526771653542
20
-4.0763070472440948
11
7.6147918503937007
21
-4.0737965748031497
0
LINE
8
BLACK
6
CONTINUOUS
10
7.6147918503937007
20
-4.0737965748031497
11
7.6093372440944878
21
-4.0701519291338579
0
LINE
8
BLACK
6
CONTINUOUS
10
7.6093372440944878
20
-4.0701519291338579
11
7.6046984645669289
21
-4.0655131496062991
0
LINE
8
BLACK
6
CONTINUOUS
10
7.6046984645669289
20
-4.0655131496062991
11
7.601053818897638
21
-4.0600585433070862
0
LINE
8
BLACK
6
CONTINUOUS
10
7.601053818897638
20
-4.0600585433070862
11
7.5985433464566929
21
-4.0539977165354326
0
LINE
8
BLACK
6
CONTINUOUS
10
7.5985433464566929
20
-4.0539977165354326
11
7.5972635039370076
21
-4.0475635826771654
0
LINE
8
BLACK
6
CONTINUOUS
10
7.5972635039370076
20
-4.0475635826771654
11
7.5972635039370076
21
-4.0410033464566926
0
LINE
8
BLACK
6
CONTINUOUS
10
7.5972635039370076
20
-4.0410033464566926
11
7.5985433464566929
21
-4.0345692125984254
0
LINE
8
BLACK
6
CONTINUOUS
10
7.5985433464566929
20
-4.0345692125984254
11
7.601053818897638
21
-4.0285083858267718
0
LINE
8
BLACK
6
CONTINUOUS
10
7.601053818897638
20
-4.0285083858267718
11
7.6033409842519681
21
-4.0250853937007873
0
LINE
8
BLACK
6
CONTINUOUS
10
7.6033409842519681
20
-4.0250853937007873
11
7.5945941732283462
21
-4.0163385826771654
0
LINE
8
BLACK
6
CONTINUOUS
10
7.5945941732283462
20
-4.0163385826771654
11
6.3184094488188975
21
-4.0163385826771654
0
LINE
8
BLACK
6
CONTINUOUS
10
6.3184094488188975
20
-4.0163385826771654
11
6.288881889763779
21
-4.0163385826771654
0
LINE
8
BLACK
6
CONTINUOUS
10
6.288881889763779
20
-4.0163385826771654
11
6.288881889763779
21
-3.9946850393700788
0
LINE
8
BLACK
6
CONTINUOUS
10
6.288881889763779
20
-3.9946850393700788
11
6.347937007874016
21
-3.9946850393700788
0
LINE
8
BLACK
6
CONTINUOUS
10
4.8280411811023622
20
-2.7738567322834644
11
4.8327044488188973
21
-2.7757883070866143
0
LINE
8
BLACK
6
CONTINUOUS
10
4.8327044488188973
20
-2.7757883070866143
11
4.8369012992125979
21
-2.7785925590551179
0
LINE
8
BLACK
6
CONTINUOUS
10
4.8369012992125979
20
-2.7785925590551179
11
4.8404704330708661
21
-2.7821616929133857
0
LINE
8
BLACK
6
CONTINUOUS
10
4.8404704330708661
20
-2.7821616929133857
11
4.8432746850393702
21
-2.7863585433070868
0
LINE
8
BLACK
6
CONTINUOUS
10
4.8432746850393702
20
-2.7863585433070868
11
4.8452062598425192
21
-2.7910218110236218
0
LINE
8
BLACK
6
CONTINUOUS
10
4.8452062598425192
20
-2.7910218110236218
11
4.8461909842519688
21
-2.7959723228346456
0
LINE
8
BLACK
6
CONTINUOUS
10
4.8461909842519688
20
-2.7959723228346456
11
4.8461909842519688
21
-2.8010198031496061
0
LINE
8
BLACK
6
CONTINUOUS
10
4.8461909842519688
20
-2.8010198031496061
11
4.8452062598425192
21
-2.8059703149606299
0
LINE
8
BLACK
6
CONTINUOUS
10
4.8452062598425192
20
-2.8059703149606299
11
4.8432746850393702
21
-2.8106335826771653
0
LINE
8
BLACK
6
CONTINUOUS
10
4.8432746850393702
20
-2.8106335826771653
11
4.8404704330708661
21
-2.814830433070866
0
LINE
8
BLACK
6
CONTINUOUS
10
4.8404704330708661
20
-2.814830433070866
11
4.8369012992125979
21
-2.8183995669291337
0
LINE
8
BLACK
6
CONTINUOUS
10
4.8369012992125979
20
-2.8183995669291337
11
4.8327044488188973
21
-2.8212038188976378
0
LINE
8
BLACK
6
CONTINUOUS
10
4.8327044488188973
20
-2.8212038188976378
11
4.8313937007874017
21
-2.8217467322834646
0
LINE
8
BLACK
6
CONTINUOUS
10
4.8313937007874017
20
-2.8217467322834646
11
4.8313937007874017
21
-3.0161295669291337
0
LINE
8
BLACK
6
CONTINUOUS
10
4.8313937007874017
20
-3.0161295669291337
11
4.9102183070866143
21
-2.9373049606299211
0
LINE
8
BLACK
6
CONTINUOUS
10
4.9102183070866143
20
-2.9373049606299211
11
4.9118589763779523
21
-2.935958503937008
0
LINE
8
BLACK
6
CONTINUOUS
10
4.9118589763779523
20
-2.935958503937008
11
4.9157618110236223
21
-2.9343418897637794
0
LINE
8
BLACK
6
CONTINUOUS
10
4.9157618110236223
20
-2.9343418897637794
11
4.9178740157480316
21
-2.9341338582677166
0
LINE
8
BLACK
6
CONTINUOUS
10
4.9178740157480316
20
-2.9341338582677166
11
5.1118865354330705
21
-2.9341338582677166
0
LINE
8
BLACK
6
CONTINUOUS
10
5.1118865354330705
20
-2.9341338582677166
11
5.1118985826771652
21
-2.9340733464566928
0
LINE
8
BLACK
6
CONTINUOUS
10
5.1118985826771652
20
-2.9340733464566928
11
5.1136054724409448
21
-2.9315188582677165
0
LINE
8
BLACK
6
CONTINUOUS
10
5.1136054724409448
20
-2.9315188582677165
11
5.1161599606299211
21
-2.929811968503937
0
LINE
8
BLACK
6
CONTINUOUS
10
5.1161599606299211
20
-2.929811968503937
11
5.1191732283464564
21
-2.9292125984251967
0
LINE
8
BLACK
6
CONTINUOUS
10
5.1191732283464564
20
-2.9292125984251967
11
5.1408267716535434
21
-2.9292125984251967
0
LINE
8
BLACK
6
CONTINUOUS
10
5.1408267716535434
20
-2.9292125984251967
11
5.1438400393700787
21
-2.929811968503937
0
LINE
8
BLACK
6
CONTINUOUS
10
5.1438400393700787
20
-2.929811968503937
11
5.146394527559055
21
-2.9315188582677165
0
LINE
8
BLACK
6
CONTINUOUS
10
5.146394527559055
20
-2.9315188582677165
11
5.1481014173228345
21
-2.9340733464566928
0
LINE
8
BLACK
6
CONTINUOUS
10
5.1481014173228345
20
-2.9340733464566928
11
5.1487007874015749
21
-2.9370866141732281
0
LINE
8
BLACK
6
CONTINUOUS
10
5.1487007874015749
20
-2.9370866141732281
11
5.1487007874015749
21
-2.9528346456692911
0
LINE
8
BLACK
6
CONTINUOUS
10
5.1487007874015749
20
-2.9528346456692911
11
5.1481014173228345
21
-2.9558479133858269
0
LINE
8
BLACK
6
CONTINUOUS
10
5.1481014173228345
20
-2.9558479133858269
11
5.146394527559055
21
-2.9584024015748032
0
LINE
8
BLACK
6
CONTINUOUS
10
5.146394527559055
20
-2.9584024015748032
11
5.1438400393700787
21
-2.9601092913385827
0
LINE
8
BLACK
6
CONTINUOUS
10
5.1438400393700787
20
-2.9601092913385827
11
5.1408267716535434
21
-2.9607086614173226
0
LINE
8
BLACK
6
CONTINUOUS
10
5.1408267716535434
20
-2.9607086614173226
11
5.1191732283464564
21
-2.9607086614173226
0
LINE
8
BLACK
6
CONTINUOUS
10
5.1191732283464564
20
-2.9607086614173226
11
5.1161599606299211
21
-2.9601092913385827
0
LINE
8
BLACK
6
CONTINUOUS
10
5.1161599606299211
20
-2.9601092913385827
11
5.1136054724409448
21
-2.9584024015748032
0
LINE
8
BLACK
6
CONTINUOUS
10
5.1136054724409448
20
-2.9584024015748032
11
5.1118985826771652
21
-2.9558479133858269
0
LINE
8
BLACK
6
CONTINUOUS
10
5.1118985826771652
20
-2.9558479133858269
11
5.1118865354330705
21
-2.9557874015748031
0
LINE
8
BLACK
6
CONTINUOUS
10
5.1118865354330705
20
-2.9557874015748031
11
4.9223586220472439
21
-2.9557874015748031
0
LINE
8
BLACK
6
CONTINUOUS
10
4.9223586220472439
20
-2.9557874015748031
11
4.8358782677165353
21
-3.042267716535433
0
LINE
8
BLACK
6
CONTINUOUS
10
4.8358782677165353
20
-3.042267716535433
11
5.8197916929133857
21
-4.0261811023622043
0
LINE
8
BLACK
6
CONTINUOUS
10
5.8197916929133857
20
-4.0261811023622043
11
5.8695905511811022
21
-4.0261811023622043
0
LINE
8
BLACK
6
CONTINUOUS
10
5.8695905511811022
20
-4.0261811023622043
11
5.8991181102362207
21
-4.0261811023622043
0
LINE
8
BLACK
6
CONTINUOUS
10
5.8991181102362207
20
-4.0261811023622043
11
5.8991181102362207
21
-4.0478346456692913
0
LINE
8
BLACK
6
CONTINUOUS
10
5.8991181102362207
20
-4.0478346456692913
11
5.8400629921259837
21
-4.0478346456692913
0
LINE
8
BLACK
6
CONTINUOUS
10
5.8400629921259837
20
-4.0478346456692913
11
5.8153070866141734
21
-4.0478346456692913
0
LINE
8
BLACK
6
CONTINUOUS
10
5.8153070866141734
20
-4.0478346456692913
11
5.8131948818897641
21
-4.047626614173228
0
LINE
8
BLACK
6
CONTINUOUS
10
5.8131948818897641
20
-4.047626614173228
11
5.8115783070866138
21
-4.0469569685039373
0
LINE
8
BLACK
6
CONTINUOUS
10
5.8115783070866138
20
-4.0469569685039373
11
5.8092920866141728
21
-4.0460100393700786
0
LINE
8
BLACK
6
CONTINUOUS
10
5.8092920866141728
20
-4.0460100393700786
11
5.8076514173228349
21
-4.0446635826771651
0
LINE
8
BLACK
6
CONTINUOUS
10
5.8076514173228349
20
-4.0446635826771651
11
4.8129112598425197
21
-3.0499233858267716
0
LINE
8
BLACK
6
CONTINUOUS
10
4.8129112598425197
20
-3.0499233858267716
11
4.8115648031496061
21
-3.0482827559055119
0
LINE
8
BLACK
6
CONTINUOUS
10
4.8115648031496061
20
-3.0482827559055119
11
4.809948188976378
21
-3.0443799212598424
0
LINE
8
BLACK
6
CONTINUOUS
10
4.809948188976378
20
-3.0443799212598424
11
4.8097401574803147
21
-3.042267716535433
0
LINE
8
BLACK
6
CONTINUOUS
10
4.8097401574803147
20
-3.042267716535433
11
4.8097401574803147
21
-2.8217467322834646
0
LINE
8
BLACK
6
CONTINUOUS
10
4.8097401574803147
20
-2.8217467322834646
11
4.8084294094488191
21
-2.8212038188976378
0
LINE
8
BLACK
6
CONTINUOUS
10
4.8084294094488191
20
-2.8212038188976378
11
4.8042325590551176
21
-2.8183995669291337
0
LINE
8
BLACK
6
CONTINUOUS
10
4.8042325590551176
20
-2.8183995669291337
11
4.8006634251968503
21
-2.814830433070866
0
LINE
8
BLACK
6
CONTINUOUS
10
4.8006634251968503
20
-2.814830433070866
11
4.7978591732283462
21
-2.8106335826771653
0
LINE
8
BLACK
6
CONTINUOUS
10
4.7978591732283462
20
-2.8106335826771653
11
4.7959275984251963
21
-2.8059703149606299
0
LINE
8
BLACK
6
CONTINUOUS
10
4.7959275984251963
20
-2.8059703149606299
11
4.7949428740157476
21
-2.8010198031496061
0
LINE
8
BLACK
6
CONTINUOUS
10
4.7949428740157476
20
-2.8010198031496061
11
4.7949428740157476
21
-2.7959723228346456
0
LINE
8
BLACK
6
CONTINUOUS
10
4.7949428740157476
20
-2.7959723228346456
11
4.7959275984251963
21
-2.7910218110236218
0
LINE
8
BLACK
6
CONTINUOUS
10
4.7959275984251963
20
-2.7910218110236218
11
4.7978591732283462
21
-2.7863585433070868
0
LINE
8
BLACK
6
CONTINUOUS
10
4.7978591732283462
20
-2.7863585433070868
11
4.8006634251968503
21
-2.7821616929133857
0
LINE
8
BLACK
6
CONTINUOUS
10
4.8006634251968503
20
-2.7821616929133857
11
4.8042325590551176
21
-2.7785925590551179
0
LINE
8
BLACK
6
CONTINUOUS
10
4.8042325590551176
20
-2.7785925590551179
11
4.8084294094488191
21
-2.7757883070866143
0
LINE
8
BLACK
6
CONTINUOUS
10
4.8084294094488191
20
-2.7757883070866143
11
4.8130926771653542
21
-2.7738567322834644
0
LINE
8
BLACK
6
CONTINUOUS
10
4.8130926771653542
20
-2.7738567322834644
11
4.818043188976378
21
-2.7728720078740157
0
LINE
8
BLACK
6
CONTINUOUS
10
4.818043188976378
20
-2.7728720078740157
11
4.8230906692913385
21
-2.7728720078740157
0
LINE
8
BLACK
6
CONTINUOUS
10
4.8230906692913385
20
-2.7728720078740157
11
4.8280411811023622
21
-2.7738567322834644
0
LINE
8
BLACK
6
CONTINUOUS
10
5.8303156299212597
20
-3.9934343307086615
11
5.8304631889763776
21
-3.9935195275590551
0
LINE
8
BLACK
6
CONTINUOUS
10
5.8304631889763776
20
-3.9935195275590551
11
5.831023464566929
21
-3.9935195275590551
0
LINE
8
BLACK
6
CONTINUOUS
10
5.831023464566929
20
-3.9935195275590551
11
5.8331356692913383
21
-3.993727559055118
0
LINE
8
BLACK
6
CONTINUOUS
10
5.8331356692913383
20
-3.993727559055118
11
5.8354472047244093
21
-3.9946850393700788
0
LINE
8
BLACK
6
CONTINUOUS
10
5.8354472047244093
20
-3.9946850393700788
11
5.8695905511811022
21
-3.9946850393700788
0
LINE
8
BLACK
6
CONTINUOUS
10
5.8695905511811022
20
-3.9946850393700788
11
5.8991181102362207
21
-3.9946850393700788
0
LINE
8
BLACK
6
CONTINUOUS
10
5.8991181102362207
20
-3.9946850393700788
11
5.8991181102362207
21
-4.0163385826771654
0
LINE
8
BLACK
6
CONTINUOUS
10
5.8991181102362207
20
-4.0163385826771654
11
5.8400629921259837
21
-4.0163385826771654
0
LINE
8
BLACK
6
CONTINUOUS
10
5.8400629921259837
20
-4.0163385826771654
11
5.8321889763779522
21
-4.0163385826771654
0
LINE
8
BLACK
6
CONTINUOUS
10
5.8321889763779522
20
-4.0163385826771654
11
5.8300767716535429
21
-4.0161305511811021
0
LINE
8
BLACK
6
CONTINUOUS
10
5.8300767716535429
20
-4.0161305511811021
11
5.8288918503937008
21
-4.0156397244094491
0
LINE
8
BLACK
6
CONTINUOUS
10
5.8288918503937008
20
-4.0156397244094491
11
5.8273374015748027
21
-4.0160562598425198
0
LINE
8
BLACK
6
CONTINUOUS
10
5.8273374015748027
20
-4.0160562598425198
11
5.8242540944881886
21
-4.0160562598425198
0
LINE
8
BLACK
6
CONTINUOUS
10
5.8242540944881886
20
-4.0160562598425198
11
5.8212758661417325
21
-4.0152582677165354
0
LINE
8
BLACK
6
CONTINUOUS
10
5.8212758661417325
20
-4.0152582677165354
11
5.8186056692913386
21
-4.0137166141732283
0
LINE
8
BLACK
6
CONTINUOUS
10
5.8186056692913386
20
-4.0137166141732283
11
5.816425433070866
21
-4.0115363779527557
0
LINE
8
BLACK
6
CONTINUOUS
10
5.816425433070866
20
-4.0115363779527557
11
5.814883779527559
21
-4.0088661811023618
0
LINE
8
BLACK
6
CONTINUOUS
10
5.814883779527559
20
-4.0088661811023618
11
5.8140857874015746
21
-4.0058879527559057
0
LINE
8
BLACK
6
CONTINUOUS
10
5.8140857874015746
20
-4.0058879527559057
11
5.8140857874015746
21
-4.0028046456692916
0
LINE
8
BLACK
6
CONTINUOUS
10
5.8140857874015746
20
-4.0028046456692916
11
5.814883779527559
21
-3.9998264173228346
0
LINE
8
BLACK
6
CONTINUOUS
10
5.814883779527559
20
-3.9998264173228346
11
5.816425433070866
21
-3.9971562204724407
0
LINE
8
BLACK
6
CONTINUOUS
10
5.816425433070866
20
-3.9971562204724407
11
5.8186056692913386
21
-3.9949759842519685
0
LINE
8
BLACK
6
CONTINUOUS
10
5.8186056692913386
20
-3.9949759842519685
11
5.8212758661417325
21
-3.9934343307086615
0
LINE
8
BLACK
6
CONTINUOUS
10
5.8212758661417325
20
-3.9934343307086615
11
5.8242540944881886
21
-3.9926363385826771
0
LINE
8
BLACK
6
CONTINUOUS
10
5.8242540944881886
20
-3.9926363385826771
11
5.8273374015748027
21
-3.9926363385826771
0
LINE
8
BLACK
6
CONTINUOUS
10
5.8273374015748027
20
-3.9926363385826771
11
5.8303156299212597
21
-3.9934343307086615
0
LINE
8
BLACK
6
CONTINUOUS
10
5.760197637795275
20
-3.9233163385826773
11
5.7603451968503938
21
-3.9234015354330709
0
LINE
8
BLACK
6
CONTINUOUS
10
5.7603451968503938
20
-3.9234015354330709
11
5.76764562992126
21
-3.9234015354330709
0
LINE
8
BLACK
6
CONTINUOUS
10
5.76764562992126
20
-3.9234015354330709
11
5.7697578346456693
21
-3.9236095669291338
0
LINE
8
BLACK
6
CONTINUOUS
10
5.7697578346456693
20
-3.9236095669291338
11
5.7736606692913384
21
-3.9252261811023623
0
LINE
8
BLACK
6
CONTINUOUS
10
5.7736606692913384
20
-3.9252261811023623
11
5.7753012992125985
21
-3.9265726377952754
0
LINE
8
BLACK
6
CONTINUOUS
10
5.7753012992125985
20
-3.9265726377952754
11
5.7871887795275585
21
-3.9384601181102363
0
LINE
8
BLACK
6
CONTINUOUS
10
5.7871887795275585
20
-3.9384601181102363
11
5.7880307874015751
21
-3.9388088976377951
0
LINE
8
BLACK
6
CONTINUOUS
10
5.7880307874015751
20
-3.9388088976377951
11
5.7896714173228343
21
-3.9401553543307086
0
LINE
8
BLACK
6
CONTINUOUS
10
5.7896714173228343
20
-3.9401553543307086
11
5.8124844488188971
21
-3.9629683464566927
0
LINE
8
BLACK
6
CONTINUOUS
10
5.8124844488188971
20
-3.9629683464566927
11
5.8693699212598425
21
-3.9629683464566927
0
LINE
8
BLACK
6
CONTINUOUS
10
5.8693699212598425
20
-3.9629683464566927
11
5.8714821259842518
21
-3.963176377952756
0
LINE
8
BLACK
6
CONTINUOUS
10
5.8714821259842518
20
-3.963176377952756
11
5.8715125590551178
21
-3.9631889763779529
0
LINE
8
BLACK
6
CONTINUOUS
10
5.8715125590551178
20
-3.9631889763779529
11
5.8991181102362207
21
-3.9631889763779529
0
LINE
8
BLACK
6
CONTINUOUS
10
5.8991181102362207
20
-3.9631889763779529
11
5.8991181102362207
21
-3.9848425196850394
0
LINE
8
BLACK
6
CONTINUOUS
10
5.8991181102362207
20
-3.9848425196850394
11
5.8695905511811022
21
-3.9848425196850394
0
LINE
8
BLACK
6
CONTINUOUS
10
5.8695905511811022
20
-3.9848425196850394
11
5.8430866141732283
21
-3.9848425196850394
0
LINE
8
BLACK
6
CONTINUOUS
10
5.8430866141732283
20
-3.9848425196850394
11
5.8400629921259837
21
-3.9848425196850394
0
LINE
8
BLACK
6
CONTINUOUS
10
5.8400629921259837
20
-3.9848425196850394
11
5.8400629921259837
21
-3.9846218897637793
0
LINE
8
BLACK
6
CONTINUOUS
10
5.8400629921259837
20
-3.9846218897637793
11
5.8079998425196848
21
-3.9846218897637793
0
LINE
8
BLACK
6
CONTINUOUS
10
5.8079998425196848
20
-3.9846218897637793
11
5.8058876377952755
21
-3.9844138582677164
0
LINE
8
BLACK
6
CONTINUOUS
10
5.8058876377952755
20
-3.9844138582677164
11
5.8019848031496064
21
-3.9827972440944883
0
LINE
8
BLACK
6
CONTINUOUS
10
5.8019848031496064
20
-3.9827972440944883
11
5.8003441338582675
21
-3.9814507874015748
0
LINE
8
BLACK
6
CONTINUOUS
10
5.8003441338582675
20
-3.9814507874015748
11
5.7760552755905508
21
-3.9571618897637793
0
LINE
8
BLACK
6
CONTINUOUS
10
5.7760552755905508
20
-3.9571618897637793
11
5.7752133070866138
21
-3.9568131496062993
0
LINE
8
BLACK
6
CONTINUOUS
10
5.7752133070866138
20
-3.9568131496062993
11
5.7735726771653546
21
-3.9554666929133857
0
LINE
8
BLACK
6
CONTINUOUS
10
5.7735726771653546
20
-3.9554666929133857
11
5.7631610629921255
21
-3.9450550787401575
0
LINE
8
BLACK
6
CONTINUOUS
10
5.7631610629921255
20
-3.9450550787401575
11
5.7603451968503938
21
-3.9450550787401575
0
LINE
8
BLACK
6
CONTINUOUS
10
5.7603451968503938
20
-3.9450550787401575
11
5.760197637795275
21
-3.9451402755905511
0
LINE
8
BLACK
6
CONTINUOUS
10
5.760197637795275
20
-3.9451402755905511
11
5.7572194094488189
21
-3.9459382677165356
0
LINE
8
BLACK
6
CONTINUOUS
10
5.7572194094488189
20
-3.9459382677165356
11
5.7541361023622049
21
-3.9459382677165356
0
LINE
8
BLACK
6
CONTINUOUS
10
5.7541361023622049
20
-3.9459382677165356
11
5.7511578740157479
21
-3.9451402755905511
0
LINE
8
BLACK
6
CONTINUOUS
10
5.7511578740157479
20
-3.9451402755905511
11
5.7484876771653539
21
-3.9435986220472441
0
LINE
8
BLACK
6
CONTINUOUS
10
5.7484876771653539
20
-3.9435986220472441
11
5.7463074409448813
21
-3.9414183858267715
0
LINE
8
BLACK
6
CONTINUOUS
10
5.7463074409448813
20
-3.9414183858267715
11
5.7447657874015743
21
-3.938748188976378
0
LINE
8
BLACK
6
CONTINUOUS
10
5.7447657874015743
20
-3.938748188976378
11
5.7439677952755908
21
-3.935769960629921
0
LINE
8
BLACK
6
CONTINUOUS
10
5.7439677952755908
20
-3.935769960629921
11
5.7439677952755908
21
-3.9326866535433069
0
LINE
8
BLACK
6
CONTINUOUS
10
5.7439677952755908
20
-3.9326866535433069
11
5.7447657874015743
21
-3.9297084251968504
0
LINE
8
BLACK
6
CONTINUOUS
10
5.7447657874015743
20
-3.9297084251968504
11
5.7463074409448813
21
-3.9270382283464564
0
LINE
8
BLACK
6
CONTINUOUS
10
5.7463074409448813
20
-3.9270382283464564
11
5.7484876771653539
21
-3.9248579921259843
0
LINE
8
BLACK
6
CONTINUOUS
10
5.7484876771653539
20
-3.9248579921259843
11
5.7511578740157479
21
-3.9233163385826773
0
LINE
8
BLACK
6
CONTINUOUS
10
5.7511578740157479
20
-3.9233163385826773
11
5.7541361023622049
21
-3.9225183464566928
0
LINE
8
BLACK
6
CONTINUOUS
10
5.7541361023622049
20
-3.9225183464566928
11
5.7572194094488189
21
-3.9225183464566928
0
LINE
8
BLACK
6
CONTINUOUS
10
5.7572194094488189
20
-3.9225183464566928
11
5.760197637795275
21
-3.9233163385826773
0
LINE
8
BLACK
6
CONTINUOUS
10
7.6640314960629921
20
-3.9349606299212598
11
7.5971023622047245
21
-3.9349606299212598
0
LINE
8
BLACK
6
CONTINUOUS
10
7.5971023622047245
20
-3.9349606299212598
11
7.5971023622047245
21
-3.9123228346456691
0
LINE
8
BLACK
6
CONTINUOUS
10
7.5971023622047245
20
-3.9123228346456691
11
6.6730515354330704
21
-3.9123228346456691
0
LINE
8
BLACK
6
CONTINUOUS
10
6.6730515354330704
20
-3.9123228346456691
11
6.6037029133858267
21
-3.9816714173228345
0
LINE
8
BLACK
6
CONTINUOUS
10
6.6037029133858267
20
-3.9816714173228345
11
6.6020622834645666
21
-3.983017874015748
0
LINE
8
BLACK
6
CONTINUOUS
10
6.6020622834645666
20
-3.983017874015748
11
6.5981594488188975
21
-3.9846344881889761
0
LINE
8
BLACK
6
CONTINUOUS
10
6.5981594488188975
20
-3.9846344881889761
11
6.5960472440944882
21
-3.9848425196850394
0
LINE
8
BLACK
6
CONTINUOUS
10
6.5960472440944882
20
-3.9848425196850394
11
6.3184094488188975
21
-3.9848425196850394
0
LINE
8
BLACK
6
CONTINUOUS
10
6.3184094488188975
20
-3.9848425196850394
11
6.288881889763779
21
-3.9848425196850394
0
LINE
8
BLACK
6
CONTINUOUS
10
6.288881889763779
20
-3.9848425196850394
11
6.288881889763779
21
-3.9631889763779529
0
LINE
8
BLACK
6
CONTINUOUS
10
6.288881889763779
20
-3.9631889763779529
11
6.347937007874016
21
-3.9631889763779529
0
LINE
8
BLACK
6
CONTINUOUS
10
6.347937007874016
20
-3.9631889763779529
11
6.5915626771653546
21
-3.9631889763779529
0
LINE
8
BLACK
6
CONTINUOUS
10
6.5915626771653546
20
-3.9631889763779529
11
6.6609112204724408
21
-3.8938403937007875
0
LINE
8
BLACK
6
CONTINUOUS
10
6.6609112204724408
20
-3.8938403937007875
11
6.6625518897637797
21
-3.8924939370078739
0
LINE
8
BLACK
6
CONTINUOUS
10
6.6625518897637797
20
-3.8924939370078739
11
6.6664547244094488
21
-3.8908773228346454
0
LINE
8
BLACK
6
CONTINUOUS
10
6.6664547244094488
20
-3.8908773228346454
11
6.6685669291338581
21
-3.8906692913385825
0
LINE
8
BLACK
6
CONTINUOUS
10
6.6685669291338581
20
-3.8906692913385825
11
7.5971023622047245
21
-3.8906692913385825
0
LINE
8
BLACK
6
CONTINUOUS
10
7.5971023622047245
20
-3.8906692913385825
11
7.5971023622047245
21
-3.8680314960629922
0
LINE
8
BLACK
6
CONTINUOUS
10
7.5971023622047245
20
-3.8680314960629922
11
7.6640314960629921
21
-3.8680314960629922
0
LINE
8
BLACK
6
CONTINUOUS
10
7.6640314960629921
20
-3.8680314960629922
11
7.6640314960629921
21
-3.9349606299212598
0
LINE
8
BLACK
6
CONTINUOUS
10
4.1942811811023617
20
-3.9147323228346456
11
4.2003420078740152
21
-3.9172427952755906
0
LINE
8
BLACK
6
CONTINUOUS
10
4.2003420078740152
20
-3.9172427952755906
11
4.2057966141732281
21
-3.920887440944882
0
LINE
8
BLACK
6
CONTINUOUS
10
4.2057966141732281
20
-3.920887440944882
11
4.210435393700787
21
-3.9255262204724408
0
LINE
8
BLACK
6
CONTINUOUS
10
4.210435393700787
20
-3.9255262204724408
11
4.2140800393700788
21
-3.9309808267716533
0
LINE
8
BLACK
6
CONTINUOUS
10
4.2140800393700788
20
-3.9309808267716533
11
4.2165905118110238
21
-3.9370416535433068
0
LINE
8
BLACK
6
CONTINUOUS
10
4.2165905118110238
20
-3.9370416535433068
11
4.2178703543307083
21
-3.9434757874015749
0
LINE
8
BLACK
6
CONTINUOUS
10
4.2178703543307083
20
-3.9434757874015749
11
4.2178703543307083
21
-3.9500360236220473
0
LINE
8
BLACK
6
CONTINUOUS
10
4.2178703543307083
20
-3.9500360236220473
11
4.2165905118110238
21
-3.9564701574803149
0
LINE
8
BLACK
6
CONTINUOUS
10
4.2165905118110238
20
-3.9564701574803149
11
4.2140800393700788
21
-3.9625309842519685
0
LINE
8
BLACK
6
CONTINUOUS
10
4.2140800393700788
20
-3.9625309842519685
11
4.210435393700787
21
-3.9679855905511809
0
LINE
8
BLACK
6
CONTINUOUS
10
4.210435393700787
20
-3.9679855905511809
11
4.2057966141732281
21
-3.9726243700787403
0
LINE
8
BLACK
6
CONTINUOUS
10
4.2057966141732281
20
-3.9726243700787403
11
4.2003420078740152
21
-3.9762690157480316
0
LINE
8
BLACK
6
CONTINUOUS
10
4.2003420078740152
20
-3.9762690157480316
11
4.1942811811023617
21
-3.9787794881889762
0
LINE
8
BLACK
6
CONTINUOUS
10
4.1942811811023617
20
-3.9787794881889762
11
4.1878470472440945
21
-3.9800593307086611
0
LINE
8
BLACK
6
CONTINUOUS
10
4.1878470472440945
20
-3.9800593307086611
11
4.1812868110236217
21
-3.9800593307086611
0
LINE
8
BLACK
6
CONTINUOUS
10
4.1812868110236217
20
-3.9800593307086611
11
4.1748526771653545
21
-3.9787794881889762
0
LINE
8
BLACK
6
CONTINUOUS
10
4.1748526771653545
20
-3.9787794881889762
11
4.1687918503937009
21
-3.9762690157480316
0
LINE
8
BLACK
6
CONTINUOUS
10
4.1687918503937009
20
-3.9762690157480316
11
4.163337244094488
21
-3.9726243700787403
0
LINE
8
BLACK
6
CONTINUOUS
10
4.163337244094488
20
-3.9726243700787403
11
4.1586984645669292
21
-3.9679855905511809
0
LINE
8
BLACK
6
CONTINUOUS
10
4.1586984645669292
20
-3.9679855905511809
11
4.1550538188976374
21
-3.9625309842519685
0
LINE
8
BLACK
6
CONTINUOUS
10
4.1550538188976374
20
-3.9625309842519685
11
4.1525433464566932
21
-3.9564701574803149
0
LINE
8
BLACK
6
CONTINUOUS
10
4.1525433464566932
20
-3.9564701574803149
11
4.1512635039370078
21
-3.9500360236220473
0
LINE
8
BLACK
6
CONTINUOUS
10
4.1512635039370078
20
-3.9500360236220473
11
4.1512635039370078
21
-3.9434757874015749
0
LINE
8
BLACK
6
CONTINUOUS
10
4.1512635039370078
20
-3.9434757874015749
11
4.1525433464566932
21
-3.9370416535433068
0
LINE
8
BLACK
6
CONTINUOUS
10
4.1525433464566932
20
-3.9370416535433068
11
4.1550538188976374
21
-3.9309808267716533
0
LINE
8
BLACK
6
CONTINUOUS
10
4.1550538188976374
20
-3.9309808267716533
11
4.1586984645669292
21
-3.9255262204724408
0
LINE
8
BLACK
6
CONTINUOUS
10
4.1586984645669292
20
-3.9255262204724408
11
4.163337244094488
21
-3.920887440944882
0
LINE
8
BLACK
6
CONTINUOUS
10
4.163337244094488
20
-3.920887440944882
11
4.1687918503937009
21
-3.9172427952755906
0
LINE
8
BLACK
6
CONTINUOUS
10
4.1687918503937009
20
-3.9172427952755906
11
4.1748526771653545
21
-3.9147323228346456
0
LINE
8
BLACK
6
CONTINUOUS
10
4.1748526771653545
20
-3.9147323228346456
11
4.1812868110236217
21
-3.9134524803149606
0
LINE
8
BLACK
6
CONTINUOUS
10
4.1812868110236217
20
-3.9134524803149606
11
4.1878470472440945
21
-3.9134524803149606
0
LINE
8
BLACK
6
CONTINUOUS
10
4.1878470472440945
20
-3.9134524803149606
11
4.1942811811023617
21
-3.9147323228346456
0
LINE
8
BLACK
6
CONTINUOUS
10
5.6273033070866143
20
-3.9258553937007874
11
5.6301771259842521
21
-3.9277756299212596
0
LINE
8
BLACK
6
CONTINUOUS
10
5.6301771259842521
20
-3.9277756299212596
11
5.6320973622047239
21
-3.9306494488188974
0
LINE
8
BLACK
6
CONTINUOUS
10
5.6320973622047239
20
-3.9306494488188974
11
5.6327716535433066
21
-3.9340393700787399
0
LINE
8
BLACK
6
CONTINUOUS
10
5.6327716535433066
20
-3.9340393700787399
11
5.6327716535433066
21
-3.9517559055118108
0
LINE
8
BLACK
6
CONTINUOUS
10
5.6327716535433066
20
-3.9517559055118108
11
5.6320973622047239
21
-3.9551458267716533
0
LINE
8
BLACK
6
CONTINUOUS
10
5.6320973622047239
20
-3.9551458267716533
11
5.6301771259842521
21
-3.9580196456692911
0
LINE
8
BLACK
6
CONTINUOUS
10
5.6301771259842521
20
-3.9580196456692911
11
5.6273033070866143
21
-3.9599398818897638
0
LINE
8
BLACK
6
CONTINUOUS
10
5.6273033070866143
20
-3.9599398818897638
11
5.6239133858267714
21
-3.9606141732283464
0
LINE
8
BLACK
6
CONTINUOUS
10
5.6239133858267714
20
-3.9606141732283464
11
5.6042283464566927
21
-3.9606141732283464
0
LINE
8
BLACK
6
CONTINUOUS
10
5.6042283464566927
20
-3.9606141732283464
11
5.6008384251968506
21
-3.9599398818897638
0
LINE
8
BLACK
6
CONTINUOUS
10
5.6008384251968506
20
-3.9599398818897638
11
5.5979646062992128
21
-3.9580196456692911
0
LINE
8
BLACK
6
CONTINUOUS
10
5.5979646062992128
20
-3.9580196456692911
11
5.5960443700787401
21
-3.9551458267716533
0
LINE
8
BLACK
6
CONTINUOUS
10
5.5960443700787401
20
-3.9551458267716533
11
5.5957679133858269
21
-3.953755905511811
0
LINE
8
BLACK
6
CONTINUOUS
10
5.5957679133858269
20
-3.953755905511811
11
5.454184330708661
21
-3.953755905511811
0
LINE
8
BLACK
6
CONTINUOUS
10
5.454184330708661
20
-3.953755905511811
11
5.4541722834645672
21
-3.9538164173228347
0
LINE
8
BLACK
6
CONTINUOUS
10
5.4541722834645672
20
-3.9538164173228347
11
5.4524653937007876
21
-3.956370905511811
0
LINE
8
BLACK
6
CONTINUOUS
10
5.4524653937007876
20
-3.956370905511811
11
5.4499109055118113
21
-3.9580777952755906
0
LINE
8
BLACK
6
CONTINUOUS
10
5.4499109055118113
20
-3.9580777952755906
11
5.4468976377952751
21
-3.9586771653543305
0
LINE
8
BLACK
6
CONTINUOUS
10
5.4468976377952751
20
-3.9586771653543305
11
5.425244094488189
21
-3.9586771653543305
0
LINE
8
BLACK
6
CONTINUOUS
10
5.425244094488189
20
-3.9586771653543305
11
5.4222308267716537
21
-3.9580777952755906
0
LINE
8
BLACK
6
CONTINUOUS
10
5.4222308267716537
20
-3.9580777952755906
11
5.4196763385826774
21
-3.956370905511811
0
LINE
8
BLACK
6
CONTINUOUS
10
5.4196763385826774
20
-3.956370905511811
11
5.4179694488188979
21
-3.9538164173228347
0
LINE
8
BLACK
6
CONTINUOUS
10
5.4179694488188979
20
-3.9538164173228347
11
5.4179574015748031
21
-3.953755905511811
0
LINE
8
BLACK
6
CONTINUOUS
10
5.4179574015748031
20
-3.953755905511811
11
5.3041843307086616
21
-3.953755905511811
0
LINE
8
BLACK
6
CONTINUOUS
10
5.3041843307086616
20
-3.953755905511811
11
5.3041722834645668
21
-3.9538164173228347
0
LINE
8
BLACK
6
CONTINUOUS
10
5.3041722834645668
20
-3.9538164173228347
11
5.3024653937007873
21
-3.956370905511811
0
LINE
8
BLACK
6
CONTINUOUS
10
5.3024653937007873
20
-3.956370905511811
11
5.299910905511811
21
-3.9580777952755906
0
LINE
8
BLACK
6
CONTINUOUS
10
5.299910905511811
20
-3.9580777952755906
11
5.2968976377952757
21
-3.9586771653543305
0
LINE
8
BLACK
6
CONTINUOUS
10
5.2968976377952757
20
-3.9586771653543305
11
5.2752440944881887
21
-3.9586771653543305
0
LINE
8
BLACK
6
CONTINUOUS
10
5.2752440944881887
20
-3.9586771653543305
11
5.2722308267716533
21
-3.9580777952755906
0
LINE
8
BLACK
6
CONTINUOUS
10
5.2722308267716533
20
-3.9580777952755906
11
5.269676338582677
21
-3.956370905511811
0
LINE
8
BLACK
6
CONTINUOUS
10
5.269676338582677
20
-3.956370905511811
11
5.2679694488188975
21
-3.9538164173228347
0
LINE
8
BLACK
6
CONTINUOUS
10
5.2679694488188975
20
-3.9538164173228347
11
5.2673700787401572
21
-3.950803149606299
0
LINE
8
BLACK
6
CONTINUOUS
10
5.2673700787401572
20
-3.950803149606299
11
5.2673700787401572
21
-3.935055118110236
0
LINE
8
BLACK
6
CONTINUOUS
10
5.2673700787401572
20
-3.935055118110236
11
5.2679694488188975
21
-3.9320418503937007
0
LINE
8
BLACK
6
CONTINUOUS
10
5.2679694488188975
20
-3.9320418503937007
11
5.269676338582677
21
-3.9294873622047244
0
LINE
8
BLACK
6
CONTINUOUS
10
5.269676338582677
20
-3.9294873622047244
11
5.2722308267716533
21
-3.9277804724409449
0
LINE
8
BLACK
6
CONTINUOUS
10
5.2722308267716533
20
-3.9277804724409449
11
5.2752440944881887
21
-3.9271811023622045
0
LINE
8
BLACK
6
CONTINUOUS
10
5.2752440944881887
20
-3.9271811023622045
11
5.2968976377952757
21
-3.9271811023622045
0
LINE
8
BLACK
6
CONTINUOUS
10
5.2968976377952757
20
-3.9271811023622045
11
5.299910905511811
21
-3.9277804724409449
0
LINE
8
BLACK
6
CONTINUOUS
10
5.299910905511811
20
-3.9277804724409449
11
5.3024653937007873
21
-3.9294873622047244
0
LINE
8
BLACK
6
CONTINUOUS
10
5.3024653937007873
20
-3.9294873622047244
11
5.3041722834645668
21
-3.9320418503937007
0
LINE
8
BLACK
6
CONTINUOUS
10
5.3041722834645668
20
-3.9320418503937007
11
5.3041843307086616
21
-3.9321023622047244
0
LINE
8
BLACK
6
CONTINUOUS
10
5.3041843307086616
20
-3.9321023622047244
11
5.4179574015748031
21
-3.9321023622047244
0
LINE
8
BLACK
6
CONTINUOUS
10
5.4179574015748031
20
-3.9321023622047244
11
5.4179694488188979
21
-3.9320418503937007
0
LINE
8
BLACK
6
CONTINUOUS
10
5.4179694488188979
20
-3.9320418503937007
11
5.4196763385826774
21
-3.9294873622047244
0
LINE
8
BLACK
6
CONTINUOUS
10
5.4196763385826774
20
-3.9294873622047244
11
5.4222308267716537
21
-3.9277804724409449
0
LINE
8
BLACK
6
CONTINUOUS
10
5.4222308267716537
20
-3.9277804724409449
11
5.425244094488189
21
-3.9271811023622045
0
LINE
8
BLACK
6
CONTINUOUS
10
5.425244094488189
20
-3.9271811023622045
11
5.4468976377952751
21
-3.9271811023622045
0
LINE
8
BLACK
6
CONTINUOUS
10
5.4468976377952751
20
-3.9271811023622045
11
5.4499109055118113
21
-3.9277804724409449
0
LINE
8
BLACK
6
CONTINUOUS
10
5.4499109055118113
20
-3.9277804724409449
11
5.4524653937007876
21
-3.9294873622047244
0
LINE
8
BLACK
6
CONTINUOUS
10
5.4524653937007876
20
-3.9294873622047244
11
5.4541722834645672
21
-3.9320418503937007
0
LINE
8
BLACK
6
CONTINUOUS
10
5.4541722834645672
20
-3.9320418503937007
11
5.454184330708661
21
-3.9321023622047244
0
LINE
8
BLACK
6
CONTINUOUS
10
5.454184330708661
20
-3.9321023622047244
11
5.5957553543307084
21
-3.9321023622047244
0
LINE
8
BLACK
6
CONTINUOUS
10
5.5957553543307084
20
-3.9321023622047244
11
5.5960443700787401
21
-3.9306494488188974
0
LINE
8
BLACK
6
CONTINUOUS
10
5.5960443700787401
20
-3.9306494488188974
11
5.5979646062992128
21
-3.9277756299212596
0
LINE
8
BLACK
6
CONTINUOUS
10
5.5979646062992128
20
-3.9277756299212596
11
5.6008384251968506
21
-3.9258553937007874
0
LINE
8
BLACK
6
CONTINUOUS
10
5.6008384251968506
20
-3.9258553937007874
11
5.6042283464566927
21
-3.9251811023622047
0
LINE
8
BLACK
6
CONTINUOUS
10
5.6042283464566927
20
-3.9251811023622047
11
5.6239133858267714
21
-3.9251811023622047
0
LINE
8
BLACK
6
CONTINUOUS
10
5.6239133858267714
20
-3.9251811023622047
11
5.6273033070866143
21
-3.9258553937007874
0
LINE
8
BLACK
6
CONTINUOUS
10
5.8090868110236222
20
-3.8485840944881891
11
5.8117570078740153
21
-3.8501257480314961
0
LINE
8
BLACK
6
CONTINUOUS
10
5.8117570078740153
20
-3.8501257480314961
11
5.8139372440944879
21
-3.8523059842519682
0
LINE
8
BLACK
6
CONTINUOUS
10
5.8139372440944879
20
-3.8523059842519682
11
5.8154788976377949
21
-3.8549761811023622
0
LINE
8
BLACK
6
CONTINUOUS
10
5.8154788976377949
20
-3.8549761811023622
11
5.8155229921259846
21
-3.8551407874015746
0
LINE
8
BLACK
6
CONTINUOUS
10
5.8155229921259846
20
-3.8551407874015746
11
5.8772462204724407
21
-3.9168640157480312
0
LINE
8
BLACK
6
CONTINUOUS
10
5.8772462204724407
20
-3.9168640157480312
11
5.8785926771653543
21
-3.9185046456692914
0
LINE
8
BLACK
6
CONTINUOUS
10
5.8785926771653543
20
-3.9185046456692914
11
5.8802092913385824
21
-3.9224074803149604
0
LINE
8
BLACK
6
CONTINUOUS
10
5.8802092913385824
20
-3.9224074803149604
11
5.8804173228346457
21
-3.9245196850393702
0
LINE
8
BLACK
6
CONTINUOUS
10
5.8804173228346457
20
-3.9245196850393702
11
5.8804173228346457
21
-3.9316929133858265
0
LINE
8
BLACK
6
CONTINUOUS
10
5.8804173228346457
20
-3.9316929133858265
11
5.8991181102362207
21
-3.9316929133858265
0
LINE
8
BLACK
6
CONTINUOUS
10
5.8991181102362207
20
-3.9316929133858265
11
5.8991181102362207
21
-3.9533464566929135
0
LINE
8
BLACK
6
CONTINUOUS
10
5.8991181102362207
20
-3.9533464566929135
11
5.8400629921259837
21
-3.9533464566929135
0
LINE
8
BLACK
6
CONTINUOUS
10
5.8400629921259837
20
-3.9533464566929135
11
5.8400629921259837
21
-3.9316929133858265
0
LINE
8
BLACK
6
CONTINUOUS
10
5.8400629921259837
20
-3.9316929133858265
11
5.8587637795275587
21
-3.9316929133858265
0
LINE
8
BLACK
6
CONTINUOUS
10
5.8587637795275587
20
-3.9316929133858265
11
5.8587637795275587
21
-3.9290042519685038
0
LINE
8
BLACK
6
CONTINUOUS
10
5.8587637795275587
20
-3.9290042519685038
11
5.8002116535433066
21
-3.8704521259842517
0
LINE
8
BLACK
6
CONTINUOUS
10
5.8002116535433066
20
-3.8704521259842517
11
5.8000470472440941
21
-3.8704080314960629
0
LINE
8
BLACK
6
CONTINUOUS
10
5.8000470472440941
20
-3.8704080314960629
11
5.7973768503937011
21
-3.8688663779527559
0
LINE
8
BLACK
6
CONTINUOUS
10
5.7973768503937011
20
-3.8688663779527559
11
5.7951966141732285
21
-3.8666861417322833
0
LINE
8
BLACK
6
CONTINUOUS
10
5.7951966141732285
20
-3.8666861417322833
11
5.7936549606299215
21
-3.8640159448818898
0
LINE
8
BLACK
6
CONTINUOUS
10
5.7936549606299215
20
-3.8640159448818898
11
5.7928569685039371
21
-3.8610377165354328
0
LINE
8
BLACK
6
CONTINUOUS
10
5.7928569685039371
20
-3.8610377165354328
11
5.7928569685039371
21
-3.8579544094488187
0
LINE
8
BLACK
6
CONTINUOUS
10
5.7928569685039371
20
-3.8579544094488187
11
5.7936549606299215
21
-3.8549761811023622
0
LINE
8
BLACK
6
CONTINUOUS
10
5.7936549606299215
20
-3.8549761811023622
11
5.7951966141732285
21
-3.8523059842519682
0
LINE
8
BLACK
6
CONTINUOUS
10
5.7951966141732285
20
-3.8523059842519682
11
5.7973768503937011
21
-3.8501257480314961
0
LINE
8
BLACK
6
CONTINUOUS
10
5.7973768503937011
20
-3.8501257480314961
11
5.8000470472440941
21
-3.8485840944881891
0
LINE
8
BLACK
6
CONTINUOUS
10
5.8000470472440941
20
-3.8485840944881891
11
5.8030252755905511
21
-3.8477861023622046
0
LINE
8
BLACK
6
CONTINUOUS
10
5.8030252755905511
20
-3.8477861023622046
11
5.8061085826771652
21
-3.8477861023622046
0
LINE
8
BLACK
6
CONTINUOUS
10
5.8061085826771652
20
-3.8477861023622046
11
5.8090868110236222
21
-3.8485840944881891
0
LINE
8
BLACK
6
CONTINUOUS
10
6.347937007874016
20
-3.9533464566929135
11
6.288881889763779
21
-3.9533464566929135
0
LINE
8
BLACK
6
CONTINUOUS
10
6.288881889763779
20
-3.9533464566929135
11
6.288881889763779
21
-3.9316929133858265
0
LINE
8
BLACK
6
CONTINUOUS
10
6.288881889763779
20
-3.9316929133858265
11
6.347937007874016
21
-3.9316929133858265
0
LINE
8
BLACK
6
CONTINUOUS
10
6.347937007874016
20
-3.9316929133858265
11
6.347937007874016
21
-3.9533464566929135
0
LINE
8
BLACK
6
CONTINUOUS
10
5.8140492125984249
20
-3.806483622047244
11
5.817952047244094
21
-3.8081002362204726
0
LINE
8
BLACK
6
CONTINUOUS
10
5.817952047244094
20
-3.8081002362204726
11
5.8209391338582677
21
-3.8110873228346458
0
LINE
8
BLACK
6
CONTINUOUS
10
5.8209391338582677
20
-3.8110873228346458
11
5.8217153149606302
21
-3.8129612204724408
0
LINE
8
BLACK
6
CONTINUOUS
10
5.8217153149606302
20
-3.8129612204724408
11
5.9370769291338581
21
-3.9283228346456691
0
LINE
8
BLACK
6
CONTINUOUS
10
5.9370769291338581
20
-3.9283228346456691
11
6.0003658267716533
21
-3.9283228346456691
0
LINE
8
BLACK
6
CONTINUOUS
10
6.0003658267716533
20
-3.9283228346456691
11
6.0201811023622049
21
-3.9085075196850392
0
LINE
8
BLACK
6
CONTINUOUS
10
6.0201811023622049
20
-3.9085075196850392
11
6.0201811023622049
21
-3.9051181102362205
0
LINE
8
BLACK
6
CONTINUOUS
10
6.0201811023622049
20
-3.9051181102362205
11
6.0201811023622049
21
-3.8460629921259843
0
LINE
8
BLACK
6
CONTINUOUS
10
6.0201811023622049
20
-3.8460629921259843
11
6.0418346456692911
21
-3.8460629921259843
0
LINE
8
BLACK
6
CONTINUOUS
10
6.0418346456692911
20
-3.8460629921259843
11
6.0418346456692911
21
-3.8755905511811024
0
LINE
8
BLACK
6
CONTINUOUS
10
6.0418346456692911
20
-3.8755905511811024
11
6.0418346456692911
21
-3.9129921259842519
0
LINE
8
BLACK
6
CONTINUOUS
10
6.0418346456692911
20
-3.9129921259842519
11
6.0416266141732278
21
-3.9151043307086613
0
LINE
8
BLACK
6
CONTINUOUS
10
6.0416266141732278
20
-3.9151043307086613
11
6.0400099999999997
21
-3.9190071653543308
0
LINE
8
BLACK
6
CONTINUOUS
10
6.0400099999999997
20
-3.9190071653543308
11
6.0386635433070861
21
-3.9206478346456692
0
LINE
8
BLACK
6
CONTINUOUS
10
6.0386635433070861
20
-3.9206478346456692
11
6.0125060629921254
21
-3.9468052755905512
0
LINE
8
BLACK
6
CONTINUOUS
10
6.0125060629921254
20
-3.9468052755905512
11
6.0108654330708662
21
-3.9481517322834643
0
LINE
8
BLACK
6
CONTINUOUS
10
6.0108654330708662
20
-3.9481517322834643
11
6.0069625984251971
21
-3.9497683464566928
0
LINE
8
BLACK
6
CONTINUOUS
10
6.0069625984251971
20
-3.9497683464566928
11
6.0048503937007869
21
-3.9499763779527557
0
LINE
8
BLACK
6
CONTINUOUS
10
6.0048503937007869
20
-3.9499763779527557
11
5.9339842519685035
21
-3.9499763779527557
0
LINE
8
BLACK
6
CONTINUOUS
10
5.9339842519685035
20
-3.9499763779527557
11
5.9318720472440942
21
-3.9497683464566928
0
LINE
8
BLACK
6
CONTINUOUS
10
5.9318720472440942
20
-3.9497683464566928
11
5.9279692125984251
21
-3.9481517322834643
0
LINE
8
BLACK
6
CONTINUOUS
10
5.9279692125984251
20
-3.9481517322834643
11
5.9249821259842514
21
-3.945164645669291
0
LINE
8
BLACK
6
CONTINUOUS
10
5.9249821259842514
20
-3.945164645669291
11
5.924205905511811
21
-3.9432907086614173
0
LINE
8
BLACK
6
CONTINUOUS
10
5.924205905511811
20
-3.9432907086614173
11
5.808844330708661
21
-3.8279291338582677
0
LINE
8
BLACK
6
CONTINUOUS
10
5.808844330708661
20
-3.8279291338582677
11
5.7652405118110233
21
-3.8279291338582677
0
LINE
8
BLACK
6
CONTINUOUS
10
5.7652405118110233
20
-3.8279291338582677
11
5.7244678740157475
21
-3.8687016929133859
0
LINE
8
BLACK
6
CONTINUOUS
10
5.7244678740157475
20
-3.8687016929133859
11
5.7244237795275588
21
-3.8688663385826771
0
LINE
8
BLACK
6
CONTINUOUS
10
5.7244237795275588
20
-3.8688663385826771
11
5.7228821259842517
21
-3.8715365354330706
0
LINE
8
BLACK
6
CONTINUOUS
10
5.7228821259842517
20
-3.8715365354330706
11
5.7207018897637791
21
-3.8737167716535432
0
LINE
8
BLACK
6
CONTINUOUS
10
5.7207018897637791
20
-3.8737167716535432
11
5.7180316929133861
21
-3.8752584251968503
0
LINE
8
BLACK
6
CONTINUOUS
10
5.7180316929133861
20
-3.8752584251968503
11
5.7150534645669291
21
-3.8760564173228347
0
LINE
8
BLACK
6
CONTINUOUS
10
5.7150534645669291
20
-3.8760564173228347
11
5.711970157480315
21
-3.8760564173228347
0
LINE
8
BLACK
6
CONTINUOUS
10
5.711970157480315
20
-3.8760564173228347
11
5.708991929133858
21
-3.8752584251968503
0
LINE
8
BLACK
6
CONTINUOUS
10
5.708991929133858
20
-3.8752584251968503
11
5.7063217322834641
21
-3.8737167716535432
0
LINE
8
BLACK
6
CONTINUOUS
10
5.7063217322834641
20
-3.8737167716535432
11
5.7041414960629924
21
-3.8715365354330706
0
LINE
8
BLACK
6
CONTINUOUS
10
5.7041414960629924
20
-3.8715365354330706
11
5.7025998425196853
21
-3.8688663385826771
0
LINE
8
BLACK
6
CONTINUOUS
10
5.7025998425196853
20
-3.8688663385826771
11
5.7018018503937009
21
-3.8658881102362206
0
LINE
8
BLACK
6
CONTINUOUS
10
5.7018018503937009
20
-3.8658881102362206
11
5.7018018503937009
21
-3.8628048031496061
0
LINE
8
BLACK
6
CONTINUOUS
10
5.7018018503937009
20
-3.8628048031496061
11
5.7025998425196853
21
-3.8598265748031495
0
LINE
8
BLACK
6
CONTINUOUS
10
5.7025998425196853
20
-3.8598265748031495
11
5.7041414960629924
21
-3.857156377952756
0
LINE
8
BLACK
6
CONTINUOUS
10
5.7041414960629924
20
-3.857156377952756
11
5.7063217322834641
21
-3.8549761417322834
0
LINE
8
BLACK
6
CONTINUOUS
10
5.7063217322834641
20
-3.8549761417322834
11
5.708991929133858
21
-3.8534344881889764
0
LINE
8
BLACK
6
CONTINUOUS
10
5.708991929133858
20
-3.8534344881889764
11
5.7091565354330704
21
-3.8533903543307084
0
LINE
8
BLACK
6
CONTINUOUS
10
5.7091565354330704
20
-3.8533903543307084
11
5.7531001968503936
21
-3.8094466929133857
0
LINE
8
BLACK
6
CONTINUOUS
10
5.7531001968503936
20
-3.8094466929133857
11
5.7547408661417325
21
-3.8081002362204726
0
LINE
8
BLACK
6
CONTINUOUS
10
5.7547408661417325
20
-3.8081002362204726
11
5.7586437007874016
21
-3.806483622047244
0
LINE
8
BLACK
6
CONTINUOUS
10
5.7586437007874016
20
-3.806483622047244
11
5.7607559055118109
21
-3.8062755905511811
0
LINE
8
BLACK
6
CONTINUOUS
10
5.7607559055118109
20
-3.8062755905511811
11
5.8119370078740156
21
-3.8062755905511811
0
LINE
8
BLACK
6
CONTINUOUS
10
5.8119370078740156
20
-3.8062755905511811
11
5.8140492125984249
21
-3.806483622047244
0
LINE
8
BLACK
6
CONTINUOUS
10
6.4017993700787397
20
-3.8489656299212598
11
6.4046731889763775
21
-3.850885866141732
0
LINE
8
BLACK
6
CONTINUOUS
10
6.4046731889763775
20
-3.850885866141732
11
6.4065934251968502
21
-3.8537596850393698
0
LINE
8
BLACK
6
CONTINUOUS
10
6.4065934251968502
20
-3.8537596850393698
11
6.4068761417322833
21
-3.8551811023622045
0
LINE
8
BLACK
6
CONTINUOUS
10
6.4068761417322833
20
-3.8551811023622045
11
6.4302577165354329
21
-3.8551811023622045
0
LINE
8
BLACK
6
CONTINUOUS
10
6.4302577165354329
20
-3.8551811023622045
11
6.430540433070866
21
-3.8537596850393698
0
LINE
8
BLACK
6
CONTINUOUS
10
6.430540433070866
20
-3.8537596850393698
11
6.4324606692913386
21
-3.850885866141732
0
LINE
8
BLACK
6
CONTINUOUS
10
6.4324606692913386
20
-3.850885866141732
11
6.4353344881889765
21
-3.8489656299212598
0
LINE
8
BLACK
6
CONTINUOUS
10
6.4353344881889765
20
-3.8489656299212598
11
6.4387244094488185
21
-3.8482913385826771
0
LINE
8
BLACK
6
CONTINUOUS
10
6.4387244094488185
20
-3.8482913385826771
11
6.4584094488188972
21
-3.8482913385826771
0
LINE
8
BLACK
6
CONTINUOUS
10
6.4584094488188972
20
-3.8482913385826771
11
6.4617993700787402
21
-3.8489656299212598
0
LINE
8
BLACK
6
CONTINUOUS
10
6.4617993700787402
20
-3.8489656299212598
11
6.464673188976378
21
-3.850885866141732
0
LINE
8
BLACK
6
CONTINUOUS
10
6.464673188976378
20
-3.850885866141732
11
6.4665934251968507
21
-3.8537596850393698
0
LINE
8
BLACK
6
CONTINUOUS
10
6.4665934251968507
20
-3.8537596850393698
11
6.4668761417322838
21
-3.8551811023622045
0
LINE
8
BLACK
6
CONTINUOUS
10
6.4668761417322838
20
-3.8551811023622045
11
6.4785669291338577
21
-3.8551811023622045
0
LINE
8
BLACK
6
CONTINUOUS
10
6.4785669291338577
20
-3.8551811023622045
11
6.4902577165354325
21
-3.8551811023622045
0
LINE
8
BLACK
6
CONTINUOUS
10
6.4902577165354325
20
-3.8551811023622045
11
6.4905404330708656
21
-3.8537596850393698
0
LINE
8
BLACK
6
CONTINUOUS
10
6.4905404330708656
20
-3.8537596850393698
11
6.4924606692913382
21
-3.850885866141732
0
LINE
8
BLACK
6
CONTINUOUS
10
6.4924606692913382
20
-3.850885866141732
11
6.4953344881889761
21
-3.8489656299212598
0
LINE
8
BLACK
6
CONTINUOUS
10
6.4953344881889761
20
-3.8489656299212598
11
6.498724409448819
21
-3.8482913385826771
0
LINE
8
BLACK
6
CONTINUOUS
10
6.498724409448819
20
-3.8482913385826771
11
6.5184094488188977
21
-3.8482913385826771
0
LINE
8
BLACK
6
CONTINUOUS
10
6.5184094488188977
20
-3.8482913385826771
11
6.5217993700787398
21
-3.8489656299212598
0
LINE
8
BLACK
6
CONTINUOUS
10
6.5217993700787398
20
-3.8489656299212598
11
6.5246731889763776
21
-3.850885866141732
0
LINE
8
BLACK
6
CONTINUOUS
10
6.5246731889763776
20
-3.850885866141732
11
6.5265934251968503
21
-3.8537596850393698
0
LINE
8
BLACK
6
CONTINUOUS
10
6.5265934251968503
20
-3.8537596850393698
11
6.5268761417322834
21
-3.8551811023622045
0
LINE
8
BLACK
6
CONTINUOUS
10
6.5268761417322834
20
-3.8551811023622045
11
6.550257716535433
21
-3.8551811023622045
0
LINE
8
BLACK
6
CONTINUOUS
10
6.550257716535433
20
-3.8551811023622045
11
6.5505404330708661
21
-3.8537596850393698
0
LINE
8
BLACK
6
CONTINUOUS
10
6.5505404330708661
20
-3.8537596850393698
11
6.5524606692913387
21
-3.850885866141732
0
LINE
8
BLACK
6
CONTINUOUS
10
6.5524606692913387
20
-3.850885866141732
11
6.5553344881889766
21
-3.8489656299212598
0
LINE
8
BLACK
6
CONTINUOUS
10
6.5553344881889766
20
-3.8489656299212598
11
6.5587244094488186
21
-3.8482913385826771
0
LINE
8
BLACK
6
CONTINUOUS
10
6.5587244094488186
20
-3.8482913385826771
11
6.5784094488188973
21
-3.8482913385826771
0
LINE
8
BLACK
6
CONTINUOUS
10
6.5784094488188973
20
-3.8482913385826771
11
6.5817993700787403
21
-3.8489656299212598
0
LINE
8
BLACK
6
CONTINUOUS
10
6.5817993700787403
20
-3.8489656299212598
11
6.5846731889763781
21
-3.850885866141732
0
LINE
8
BLACK
6
CONTINUOUS
10
6.5846731889763781
20
-3.850885866141732
11
6.5865934251968499
21
-3.8537596850393698
0
LINE
8
BLACK
6
CONTINUOUS
10
6.5865934251968499
20
-3.8537596850393698
11
6.5872677165354325
21
-3.8571496062992123
0
LINE
8
BLACK
6
CONTINUOUS
10
6.5872677165354325
20
-3.8571496062992123
11
6.5872677165354325
21
-3.8748661417322832
0
LINE
8
BLACK
6
CONTINUOUS
10
6.5872677165354325
20
-3.8748661417322832
11
6.5865934251968499
21
-3.8782560629921261
0
LINE
8
BLACK
6
CONTINUOUS
10
6.5865934251968499
20
-3.8782560629921261
11
6.5846731889763781
21
-3.8811298818897635
0
LINE
8
BLACK
6
CONTINUOUS
10
6.5846731889763781
20
-3.8811298818897635
11
6.5817993700787403
21
-3.8830501181102361
0
LINE
8
BLACK
6
CONTINUOUS
10
6.5817993700787403
20
-3.8830501181102361
11
6.5784094488188973
21
-3.8837244094488188
0
LINE
8
BLACK
6
CONTINUOUS
10
6.5784094488188973
20
-3.8837244094488188
11
6.5587244094488186
21
-3.8837244094488188
0
LINE
8
BLACK
6
CONTINUOUS
10
6.5587244094488186
20
-3.8837244094488188
11
6.5553344881889766
21
-3.8830501181102361
0
LINE
8
BLACK
6
CONTINUOUS
10
6.5553344881889766
20
-3.8830501181102361
11
6.5524606692913387
21
-3.8811298818897635
0
LINE
8
BLACK
6
CONTINUOUS
10
6.5524606692913387
20
-3.8811298818897635
11
6.5505404330708661
21
-3.8782560629921261
0
LINE
8
BLACK
6
CONTINUOUS
10
6.5505404330708661
20
-3.8782560629921261
11
6.550257716535433
21
-3.876834645669291
0
LINE
8
BLACK
6
CONTINUOUS
10
6.550257716535433
20
-3.876834645669291
11
6.5268761417322834
21
-3.876834645669291
0
LINE
8
BLACK
6
CONTINUOUS
10
6.5268761417322834
20
-3.876834645669291
11
6.5265934251968503
21
-3.8782560629921261
0
LINE
8
BLACK
6
CONTINUOUS
10
6.5265934251968503
20
-3.8782560629921261
11
6.5246731889763776
21
-3.8811298818897635
0
LINE
8
BLACK
6
CONTINUOUS
10
6.5246731889763776
20
-3.8811298818897635
11
6.5217993700787398
21
-3.8830501181102361
0
LINE
8
BLACK
6
CONTINUOUS
10
6.5217993700787398
20
-3.8830501181102361
11
6.5184094488188977
21
-3.8837244094488188
0
LINE
8
BLACK
6
CONTINUOUS
10
6.5184094488188977
20
-3.8837244094488188
11
6.498724409448819
21
-3.8837244094488188
0
LINE
8
BLACK
6
CONTINUOUS
10
6.498724409448819
20
-3.8837244094488188
11
6.4953344881889761
21
-3.8830501181102361
0
LINE
8
BLACK
6
CONTINUOUS
10
6.4953344881889761
20
-3.8830501181102361
11
6.4924606692913382
21
-3.8811298818897635
0
LINE
8
BLACK
6
CONTINUOUS
10
6.4924606692913382
20
-3.8811298818897635
11
6.4905404330708656
21
-3.8782560629921261
0
LINE
8
BLACK
6
CONTINUOUS
10
6.4905404330708656
20
-3.8782560629921261
11
6.4902577165354325
21
-3.876834645669291
0
LINE
8
BLACK
6
CONTINUOUS
10
6.4902577165354325
20
-3.876834645669291
11
6.4893937007874012
21
-3.876834645669291
0
LINE
8
BLACK
6
CONTINUOUS
10
6.4893937007874012
20
-3.876834645669291
11
6.4893937007874012
21
-3.9008285826771654
0
LINE
8
BLACK
6
CONTINUOUS
10
6.4893937007874012
20
-3.9008285826771654
11
6.4894788976377953
21
-3.900976181102362
0
LINE
8
BLACK
6
CONTINUOUS
10
6.4894788976377953
20
-3.900976181102362
11
6.4902768897637797
21
-3.903954409448819
0
LINE
8
BLACK
6
CONTINUOUS
10
6.4902768897637797
20
-3.903954409448819
11
6.4902768897637797
21
-3.9070377165354331
0
LINE
8
BLACK
6
CONTINUOUS
10
6.4902768897637797
20
-3.9070377165354331
11
6.4894788976377953
21
-3.9100159448818896
0
LINE
8
BLACK
6
CONTINUOUS
10
6.4894788976377953
20
-3.9100159448818896
11
6.4879372440944882
21
-3.9126861417322836
0
LINE
8
BLACK
6
CONTINUOUS
10
6.4879372440944882
20
-3.9126861417322836
11
6.4857570078740157
21
-3.9148663779527557
0
LINE
8
BLACK
6
CONTINUOUS
10
6.4857570078740157
20
-3.9148663779527557
11
6.4830868110236217
21
-3.9164080314960628
0
LINE
8
BLACK
6
CONTINUOUS
10
6.4830868110236217
20
-3.9164080314960628
11
6.4801085826771656
21
-3.9172060236220472
0
LINE
8
BLACK
6
CONTINUOUS
10
6.4801085826771656
20
-3.9172060236220472
11
6.4770252755905506
21
-3.9172060236220472
0
LINE
8
BLACK
6
CONTINUOUS
10
6.4770252755905506
20
-3.9172060236220472
11
6.4740470472440945
21
-3.9164080314960628
0
LINE
8
BLACK
6
CONTINUOUS
10
6.4740470472440945
20
-3.9164080314960628
11
6.4713768503937006
21
-3.9148663779527557
0
LINE
8
BLACK
6
CONTINUOUS
10
6.4713768503937006
20
-3.9148663779527557
11
6.469196614173228
21
-3.9126861417322836
0
LINE
8
BLACK
6
CONTINUOUS
10
6.469196614173228
20
-3.9126861417322836
11
6.467654960629921
21
-3.9100159448818896
0
LINE
8
BLACK
6
CONTINUOUS
10
6.467654960629921
20
-3.9100159448818896
11
6.4668569685039365
21
-3.9070377165354331
0
LINE
8
BLACK
6
CONTINUOUS
10
6.4668569685039365
20
-3.9070377165354331
11
6.4668569685039365
21
-3.903954409448819
0
LINE
8
BLACK
6
CONTINUOUS
10
6.4668569685039365
20
-3.903954409448819
11
6.467654960629921
21
-3.900976181102362
0
LINE
8
BLACK
6
CONTINUOUS
10
6.467654960629921
20
-3.900976181102362
11
6.4677401574803151
21
-3.9008285826771654
0
LINE
8
BLACK
6
CONTINUOUS
10
6.4677401574803151
20
-3.9008285826771654
11
6.4677401574803151
21
-3.876834645669291
0
LINE
8
BLACK
6
CONTINUOUS
10
6.4677401574803151
20
-3.876834645669291
11
6.4668761417322838
21
-3.876834645669291
0
LINE
8
BLACK
6
CONTINUOUS
10
6.4668761417322838
20
-3.876834645669291
11
6.4665934251968507
21
-3.8782560629921261
0
LINE
8
BLACK
6
CONTINUOUS
10
6.4665934251968507
20
-3.8782560629921261
11
6.464673188976378
21
-3.8811298818897635
0
LINE
8
BLACK
6
CONTINUOUS
10
6.464673188976378
20
-3.8811298818897635
11
6.4617993700787402
21
-3.8830501181102361
0
LINE
8
BLACK
6
CONTINUOUS
10
6.4617993700787402
20
-3.8830501181102361
11
6.4584094488188972
21
-3.8837244094488188
0
LINE
8
BLACK
6
CONTINUOUS
10
6.4584094488188972
20
-3.8837244094488188
11
6.4387244094488185
21
-3.8837244094488188
0
LINE
8
BLACK
6
CONTINUOUS
10
6.4387244094488185
20
-3.8837244094488188
11
6.4353344881889765
21
-3.8830501181102361
0
LINE
8
BLACK
6
CONTINUOUS
10
6.4353344881889765
20
-3.8830501181102361
11
6.4324606692913386
21
-3.8811298818897635
0
LINE
8
BLACK
6
CONTINUOUS
10
6.4324606692913386
20
-3.8811298818897635
11
6.430540433070866
21
-3.8782560629921261
0
LINE
8
BLACK
6
CONTINUOUS
10
6.430540433070866
20
-3.8782560629921261
11
6.4302577165354329
21
-3.876834645669291
0
LINE
8
BLACK
6
CONTINUOUS
10
6.4302577165354329
20
-3.876834645669291
11
6.4068761417322833
21
-3.876834645669291
0
LINE
8
BLACK
6
CONTINUOUS
10
6.4068761417322833
20
-3.876834645669291
11
6.4065934251968502
21
-3.8782560629921261
0
LINE
8
BLACK
6
CONTINUOUS
10
6.4065934251968502
20
-3.8782560629921261
11
6.4046731889763775
21
-3.8811298818897635
0
LINE
8
BLACK
6
CONTINUOUS
10
6.4046731889763775
20
-3.8811298818897635
11
6.4017993700787397
21
-3.8830501181102361
0
LINE
8
BLACK
6
CONTINUOUS
10
6.4017993700787397
20
-3.8830501181102361
11
6.3984094488188976
21
-3.8837244094488188
0
LINE
8
BLACK
6
CONTINUOUS
10
6.3984094488188976
20
-3.8837244094488188
11
6.3787244094488189
21
-3.8837244094488188
0
LINE
8
BLACK
6
CONTINUOUS
10
6.3787244094488189
20
-3.8837244094488188
11
6.375334488188976
21
-3.8830501181102361
0
LINE
8
BLACK
6
CONTINUOUS
10
6.375334488188976
20
-3.8830501181102361
11
6.3724606692913381
21
-3.8811298818897635
0
LINE
8
BLACK
6
CONTINUOUS
10
6.3724606692913381
20
-3.8811298818897635
11
6.3705404330708664
21
-3.8782560629921261
0
LINE
8
BLACK
6
CONTINUOUS
10
6.3705404330708664
20
-3.8782560629921261
11
6.3698661417322837
21
-3.8748661417322832
0
LINE
8
BLACK
6
CONTINUOUS
10
6.3698661417322837
20
-3.8748661417322832
11
6.3698661417322837
21
-3.8571496062992123
0
LINE
8
BLACK
6
CONTINUOUS
10
6.3698661417322837
20
-3.8571496062992123
11
6.3705404330708664
21
-3.8537596850393698
0
LINE
8
BLACK
6
CONTINUOUS
10
6.3705404330708664
20
-3.8537596850393698
11
6.3724606692913381
21
-3.850885866141732
0
LINE
8
BLACK
6
CONTINUOUS
10
6.3724606692913381
20
-3.850885866141732
11
6.375334488188976
21
-3.8489656299212598
0
LINE
8
BLACK
6
CONTINUOUS
10
6.375334488188976
20
-3.8489656299212598
11
6.3787244094488189
21
-3.8482913385826771
0
LINE
8
BLACK
6
CONTINUOUS
10
6.3787244094488189
20
-3.8482913385826771
11
6.3984094488188976
21
-3.8482913385826771
0
LINE
8
BLACK
6
CONTINUOUS
10
6.3984094488188976
20
-3.8482913385826771
11
6.4017993700787397
21
-3.8489656299212598
0
LINE
8
BLACK
6
CONTINUOUS
10
5.9390868110236221
20
-3.7785840944881888
11
5.9417570078740152
21
-3.7801257480314958
0
LINE
8
BLACK
6
CONTINUOUS
10
5.9417570078740152
20
-3.7801257480314958
11
5.9439372440944878
21
-3.7823059842519684
0
LINE
8
BLACK
6
CONTINUOUS
10
5.9439372440944878
20
-3.7823059842519684
11
5.9454788976377948
21
-3.7849761811023623
0
LINE
8
BLACK
6
CONTINUOUS
10
5.9454788976377948
20
-3.7849761811023623
11
5.9457474803149601
21
-3.785978622047244
0
LINE
8
BLACK
6
CONTINUOUS
10
5.9457474803149601
20
-3.785978622047244
11
5.94713842519685
21
-3.7893366141732283
0
LINE
8
BLACK
6
CONTINUOUS
10
5.94713842519685
20
-3.7893366141732283
11
5.9473464566929133
21
-3.7914488188976376
0
LINE
8
BLACK
6
CONTINUOUS
10
5.9473464566929133
20
-3.7914488188976376
11
5.9473464566929133
21
-3.8460629921259843
0
LINE
8
BLACK
6
CONTINUOUS
10
5.9473464566929133
20
-3.8460629921259843
11
5.9473464566929133
21
-3.9051181102362205
0
LINE
8
BLACK
6
CONTINUOUS
10
5.9473464566929133
20
-3.9051181102362205
11
5.9256929133858263
21
-3.9051181102362205
0
LINE
8
BLACK
6
CONTINUOUS
10
5.9256929133858263
20
-3.9051181102362205
11
5.9256929133858263
21
-3.8460629921259843
0
LINE
8
BLACK
6
CONTINUOUS
10
5.9256929133858263
20
-3.8460629921259843
11
5.9256929133858263
21
-3.7971824409448818
0
LINE
8
BLACK
6
CONTINUOUS
10
5.9256929133858263
20
-3.7971824409448818
11
5.9251966141732284
21
-3.7966861417322835
0
LINE
8
BLACK
6
CONTINUOUS
10
5.9251966141732284
20
-3.7966861417322835
11
5.9236549606299214
21
-3.7940159448818895
0
LINE
8
BLACK
6
CONTINUOUS
10
5.9236549606299214
20
-3.7940159448818895
11
5.9228569685039369
21
-3.791037716535433
0
LINE
8
BLACK
6
CONTINUOUS
10
5.9228569685039369
20
-3.791037716535433
11
5.9228569685039369
21
-3.7879544094488189
0
LINE
8
BLACK
6
CONTINUOUS
10
5.9228569685039369
20
-3.7879544094488189
11
5.9236549606299214
21
-3.7849761811023623
0
LINE
8
BLACK
6
CONTINUOUS
10
5.9236549606299214
20
-3.7849761811023623
11
5.9251966141732284
21
-3.7823059842519684
0
LINE
8
BLACK
6
CONTINUOUS
10
5.9251966141732284
20
-3.7823059842519684
11
5.927376850393701
21
-3.7801257480314958
0
LINE
8
BLACK
6
CONTINUOUS
10
5.927376850393701
20
-3.7801257480314958
11
5.930047047244094
21
-3.7785840944881888
0
LINE
8
BLACK
6
CONTINUOUS
10
5.930047047244094
20
-3.7785840944881888
11
5.933025275590551
21
-3.7777861023622048
0
LINE
8
BLACK
6
CONTINUOUS
10
5.933025275590551
20
-3.7777861023622048
11
5.9361085826771651
21
-3.7777861023622048
0
LINE
8
BLACK
6
CONTINUOUS
10
5.9361085826771651
20
-3.7777861023622048
11
5.9390868110236221
21
-3.7785840944881888
0
LINE
8
BLACK
6
CONTINUOUS
10
5.9710868110236222
20
-3.756584094488189
11
5.9737570078740152
21
-3.758125748031496
0
LINE
8
BLACK
6
CONTINUOUS
10
5.9737570078740152
20
-3.758125748031496
11
5.9759372440944878
21
-3.7603059842519686
0
LINE
8
BLACK
6
CONTINUOUS
10
5.9759372440944878
20
-3.7603059842519686
11
5.9774788976377948
21
-3.7629761811023621
0
LINE
8
BLACK
6
CONTINUOUS
10
5.9774788976377948
20
-3.7629761811023621
11
5.9782768897637792
21
-3.7659544094488187
0
LINE
8
BLACK
6
CONTINUOUS
10
5.9782768897637792
20
-3.7659544094488187
11
5.9782768897637792
21
-3.7659693307086615
0
LINE
8
BLACK
6
CONTINUOUS
10
5.9782768897637792
20
-3.7659693307086615
11
5.9786344881889759
21
-3.7668326771653544
0
LINE
8
BLACK
6
CONTINUOUS
10
5.9786344881889759
20
-3.7668326771653544
11
5.9788425196850392
21
-3.7689448818897637
0
LINE
8
BLACK
6
CONTINUOUS
10
5.9788425196850392
20
-3.7689448818897637
11
5.9788425196850392
21
-3.8460629921259843
0
LINE
8
BLACK
6
CONTINUOUS
10
5.9788425196850392
20
-3.8460629921259843
11
5.9788425196850392
21
-3.9051181102362205
0
LINE
8
BLACK
6
CONTINUOUS
10
5.9788425196850392
20
-3.9051181102362205
11
5.9571889763779522
21
-3.9051181102362205
0
LINE
8
BLACK
6
CONTINUOUS
10
5.9571889763779522
20
-3.9051181102362205
11
5.9571889763779522
21
-3.8460629921259843
0
LINE
8
BLACK
6
CONTINUOUS
10
5.9571889763779522
20
-3.8460629921259843
11
5.9571889763779522
21
-3.774672874015748
0
LINE
8
BLACK
6
CONTINUOUS
10
5.9571889763779522
20
-3.774672874015748
11
5.9556549606299214
21
-3.7720159448818897
0
LINE
8
BLACK
6
CONTINUOUS
10
5.9556549606299214
20
-3.7720159448818897
11
5.954856968503937
21
-3.7690377165354332
0
LINE
8
BLACK
6
CONTINUOUS
10
5.954856968503937
20
-3.7690377165354332
11
5.954856968503937
21
-3.7659544094488187
0
LINE
8
BLACK
6
CONTINUOUS
10
5.954856968503937
20
-3.7659544094488187
11
5.9556549606299214
21
-3.7629761811023621
0
LINE
8
BLACK
6
CONTINUOUS
10
5.9556549606299214
20
-3.7629761811023621
11
5.9571966141732284
21
-3.7603059842519686
0
LINE
8
BLACK
6
CONTINUOUS
10
5.9571966141732284
20
-3.7603059842519686
11
5.959376850393701
21
-3.758125748031496
0
LINE
8
BLACK
6
CONTINUOUS
10
5.959376850393701
20
-3.758125748031496
11
5.9620470472440941
21
-3.756584094488189
0
LINE
8
BLACK
6
CONTINUOUS
10
5.9620470472440941
20
-3.756584094488189
11
5.9650252755905511
21
-3.7557861023622046
0
LINE
8
BLACK
6
CONTINUOUS
10
5.9650252755905511
20
-3.7557861023622046
11
5.9681085826771652
21
-3.7557861023622046
0
LINE
8
BLACK
6
CONTINUOUS
10
5.9681085826771652
20
-3.7557861023622046
11
5.9710868110236222
21
-3.756584094488189
0
LINE
8
BLACK
6
CONTINUOUS
10
6.0040316929133857
20
-3.8156392125984251
11
6.0067018897637796
21
-3.8171808661417321
0
LINE
8
BLACK
6
CONTINUOUS
10
6.0067018897637796
20
-3.8171808661417321
11
6.0088821259842522
21
-3.8193611023622047
0
LINE
8
BLACK
6
CONTINUOUS
10
6.0088821259842522
20
-3.8193611023622047
11
6.0104237795275592
21
-3.8220312992125982
0
LINE
8
BLACK
6
CONTINUOUS
10
6.0104237795275592
20
-3.8220312992125982
11
6.0112217716535428
21
-3.8250095275590552
0
LINE
8
BLACK
6
CONTINUOUS
10
6.0112217716535428
20
-3.8250095275590552
11
6.0112217716535428
21
-3.8280928346456693
0
LINE
8
BLACK
6
CONTINUOUS
10
6.0112217716535428
20
-3.8280928346456693
11
6.0104237795275592
21
-3.8310710629921259
0
LINE
8
BLACK
6
CONTINUOUS
10
6.0104237795275592
20
-3.8310710629921259
11
6.0103385826771651
21
-3.8312186220472442
0
LINE
8
BLACK
6
CONTINUOUS
10
6.0103385826771651
20
-3.8312186220472442
11
6.0103385826771651
21
-3.8460629921259843
0
LINE
8
BLACK
6
CONTINUOUS
10
6.0103385826771651
20
-3.8460629921259843
11
6.0103385826771651
21
-3.9051181102362205
0
LINE
8
BLACK
6
CONTINUOUS
10
6.0103385826771651
20
-3.9051181102362205
11
5.988685039370079
21
-3.9051181102362205
0
LINE
8
BLACK
6
CONTINUOUS
10
5.988685039370079
20
-3.9051181102362205
11
5.988685039370079
21
-3.8460629921259843
0
LINE
8
BLACK
6
CONTINUOUS
10
5.988685039370079
20
-3.8460629921259843
11
5.988685039370079
21
-3.8312186220472442
0
LINE
8
BLACK
6
CONTINUOUS
10
5.988685039370079
20
-3.8312186220472442
11
5.9885998425196849
21
-3.8310710629921259
0
LINE
8
BLACK
6
CONTINUOUS
10
5.9885998425196849
20
-3.8310710629921259
11
5.9878018503937005
21
-3.8280928346456693
0
LINE
8
BLACK
6
CONTINUOUS
10
5.9878018503937005
20
-3.8280928346456693
11
5.9878018503937005
21
-3.8250095275590552
0
LINE
8
BLACK
6
CONTINUOUS
10
5.9878018503937005
20
-3.8250095275590552
11
5.9885998425196849
21
-3.8220312992125982
0
LINE
8
BLACK
6
CONTINUOUS
10
5.9885998425196849
20
-3.8220312992125982
11
5.990141496062992
21
-3.8193611023622047
0
LINE
8
BLACK
6
CONTINUOUS
10
5.990141496062992
20
-3.8193611023622047
11
5.9923217322834645
21
-3.8171808661417321
0
LINE
8
BLACK
6
CONTINUOUS
10
5.9923217322834645
20
-3.8171808661417321
11
5.9949919291338585
21
-3.8156392125984251
0
LINE
8
BLACK
6
CONTINUOUS
10
5.9949919291338585
20
-3.8156392125984251
11
5.9979701574803146
21
-3.8148412204724407
0
LINE
8
BLACK
6
CONTINUOUS
10
5.9979701574803146
20
-3.8148412204724407
11
6.0010534645669287
21
-3.8148412204724407
0
LINE
8
BLACK
6
CONTINUOUS
10
6.0010534645669287
20
-3.8148412204724407
11
6.0040316929133857
21
-3.8156392125984251
0
LINE
8
BLACK
6
CONTINUOUS
10
6.0200964566929134
20
-3.7282946456692914
11
6.0239992913385825
21
-3.7299112598425195
0
LINE
8
BLACK
6
CONTINUOUS
10
6.0239992913385825
20
-3.7299112598425195
11
6.0256399212598426
21
-3.731257716535433
0
LINE
8
BLACK
6
CONTINUOUS
10
6.0256399212598426
20
-3.731257716535433
11
6.0701596456692908
21
-3.7757774015748029
0
LINE
8
BLACK
6
CONTINUOUS
10
6.0701596456692908
20
-3.7757774015748029
11
6.0715061023622043
21
-3.777418031496063
0
LINE
8
BLACK
6
CONTINUOUS
10
6.0715061023622043
20
-3.777418031496063
11
6.072246692913386
21
-3.7792060236220473
0
LINE
8
BLACK
6
CONTINUOUS
10
6.072246692913386
20
-3.7792060236220473
11
6.0731226771653546
21
-3.7813208661417321
0
LINE
8
BLACK
6
CONTINUOUS
10
6.0731226771653546
20
-3.7813208661417321
11
6.073330708661417
21
-3.7834330708661414
0
LINE
8
BLACK
6
CONTINUOUS
10
6.073330708661417
20
-3.7834330708661414
11
6.073330708661417
21
-3.8299707480314962
0
LINE
8
BLACK
6
CONTINUOUS
10
6.073330708661417
20
-3.8299707480314962
11
6.073330708661417
21
-3.8460629921259843
0
LINE
8
BLACK
6
CONTINUOUS
10
6.073330708661417
20
-3.8460629921259843
11
6.073330708661417
21
-3.9051181102362205
0
LINE
8
BLACK
6
CONTINUOUS
10
6.073330708661417
20
-3.9051181102362205
11
6.0516771653543309
21
-3.9051181102362205
0
LINE
8
BLACK
6
CONTINUOUS
10
6.0516771653543309
20
-3.9051181102362205
11
6.0516771653543309
21
-3.8460629921259843
0
LINE
8
BLACK
6
CONTINUOUS
10
6.0516771653543309
20
-3.8460629921259843
11
6.0516771653543309
21
-3.8299707480314962
0
LINE
8
BLACK
6
CONTINUOUS
10
6.0516771653543309
20
-3.8299707480314962
11
6.0516771653543309
21
-3.7879176377952755
0
LINE
8
BLACK
6
CONTINUOUS
10
6.0516771653543309
20
-3.7879176377952755
11
6.0134996850393696
21
-3.7497401574803151
0
LINE
8
BLACK
6
CONTINUOUS
10
6.0134996850393696
20
-3.7497401574803151
11
5.9418546456692916
21
-3.7497401574803151
0
LINE
8
BLACK
6
CONTINUOUS
10
5.9418546456692916
20
-3.7497401574803151
11
5.8818188976377952
21
-3.809775905511811
0
LINE
8
BLACK
6
CONTINUOUS
10
5.8818188976377952
20
-3.809775905511811
11
5.8818188976377952
21
-3.8163718897637793
0
LINE
8
BLACK
6
CONTINUOUS
10
5.8818188976377952
20
-3.8163718897637793
11
5.8819040944881884
21
-3.8165194881889764
0
LINE
8
BLACK
6
CONTINUOUS
10
5.8819040944881884
20
-3.8165194881889764
11
5.8827020866141728
21
-3.8194977165354329
0
LINE
8
BLACK
6
CONTINUOUS
10
5.8827020866141728
20
-3.8194977165354329
11
5.8827020866141728
21
-3.822581023622047
0
LINE
8
BLACK
6
CONTINUOUS
10
5.8827020866141728
20
-3.822581023622047
11
5.8819040944881884
21
-3.825559251968504
0
LINE
8
BLACK
6
CONTINUOUS
10
5.8819040944881884
20
-3.825559251968504
11
5.8803624409448814
21
-3.8282294488188975
0
LINE
8
BLACK
6
CONTINUOUS
10
5.8803624409448814
20
-3.8282294488188975
11
5.8781822047244097
21
-3.8304096850393701
0
LINE
8
BLACK
6
CONTINUOUS
10
5.8781822047244097
20
-3.8304096850393701
11
5.8755120078740157
21
-3.8319513385826771
0
LINE
8
BLACK
6
CONTINUOUS
10
5.8755120078740157
20
-3.8319513385826771
11
5.8725337795275587
21
-3.8327493307086615
0
LINE
8
BLACK
6
CONTINUOUS
10
5.8725337795275587
20
-3.8327493307086615
11
5.8694504724409446
21
-3.8327493307086615
0
LINE
8
BLACK
6
CONTINUOUS
10
5.8694504724409446
20
-3.8327493307086615
11
5.8664722440944876
21
-3.8319513385826771
0
LINE
8
BLACK
6
CONTINUOUS
10
5.8664722440944876
20
-3.8319513385826771
11
5.8638020472440946
21
-3.8304096850393701
0
LINE
8
BLACK
6
CONTINUOUS
10
5.8638020472440946
20
-3.8304096850393701
11
5.861621811023622
21
-3.8282294488188975
0
LINE
8
BLACK
6
CONTINUOUS
10
5.861621811023622
20
-3.8282294488188975
11
5.860080157480315
21
-3.825559251968504
0
LINE
8
BLACK
6
CONTINUOUS
10
5.860080157480315
20
-3.825559251968504
11
5.8592821653543306
21
-3.822581023622047
0
LINE
8
BLACK
6
CONTINUOUS
10
5.8592821653543306
20
-3.822581023622047
11
5.8592821653543306
21
-3.8194977165354329
0
LINE
8
BLACK
6
CONTINUOUS
10
5.8592821653543306
20
-3.8194977165354329
11
5.860080157480315
21
-3.8165194881889764
0
LINE
8
BLACK
6
CONTINUOUS
10
5.860080157480315
20
-3.8165194881889764
11
5.8601653543307082
21
-3.8163718897637793
0
LINE
8
BLACK
6
CONTINUOUS
10
5.8601653543307082
20
-3.8163718897637793
11
5.8601653543307082
21
-3.805291338582677
0
LINE
8
BLACK
6
CONTINUOUS
10
5.8601653543307082
20
-3.805291338582677
11
5.8603733858267715
21
-3.8031791338582677
0
LINE
8
BLACK
6
CONTINUOUS
10
5.8603733858267715
20
-3.8031791338582677
11
5.8619899999999996
21
-3.7992762992125981
0
LINE
8
BLACK
6
CONTINUOUS
10
5.8619899999999996
20
-3.7992762992125981
11
5.8633364566929131
21
-3.7976356692913384
0
LINE
8
BLACK
6
CONTINUOUS
10
5.8633364566929131
20
-3.7976356692913384
11
5.9297144094488186
21
-3.731257716535433
0
LINE
8
BLACK
6
CONTINUOUS
10
5.9297144094488186
20
-3.731257716535433
11
5.9313550393700787
21
-3.7299112598425195
0
LINE
8
BLACK
6
CONTINUOUS
10
5.9313550393700787
20
-3.7299112598425195
11
5.9352578740157478
21
-3.7282946456692914
0
LINE
8
BLACK
6
CONTINUOUS
10
5.9352578740157478
20
-3.7282946456692914
11
5.9373700787401571
21
-3.7280866141732281
0
LINE
8
BLACK
6
CONTINUOUS
10
5.9373700787401571
20
-3.7280866141732281
11
6.0179842519685041
21
-3.7280866141732281
0
LINE
8
BLACK
6
CONTINUOUS
10
6.0179842519685041
20
-3.7280866141732281
11
6.0200964566929134
21
-3.7282946456692914
0
LINE
8
BLACK
6
CONTINUOUS
10
5.8770868110236218
20
-3.6565840944881889
11
5.8772343700787397
21
-3.6566692913385825
0
LINE
8
BLACK
6
CONTINUOUS
10
5.8772343700787397
20
-3.6566692913385825
11
6.072566929133858
21
-3.6566692913385825
0
LINE
8
BLACK
6
CONTINUOUS
10
6.072566929133858
20
-3.6566692913385825
11
6.0746791338582673
21
-3.6568773228346454
0
LINE
8
BLACK
6
CONTINUOUS
10
6.0746791338582673
20
-3.6568773228346454
11
6.0785819685039373
21
-3.658493937007874
0
LINE
8
BLACK
6
CONTINUOUS
10
6.0785819685039373
20
-3.658493937007874
11
6.0802225984251965
21
-3.6598403937007875
0
LINE
8
BLACK
6
CONTINUOUS
10
6.0802225984251965
20
-3.6598403937007875
11
6.1016556692913388
21
-3.6812734645669289
0
LINE
8
BLACK
6
CONTINUOUS
10
6.1016556692913388
20
-3.6812734645669289
11
6.1030021259842515
21
-3.6829140944881891
0
LINE
8
BLACK
6
CONTINUOUS
10
6.1030021259842515
20
-3.6829140944881891
11
6.1046187401574805
21
-3.6868169291338582
0
LINE
8
BLACK
6
CONTINUOUS
10
6.1046187401574805
20
-3.6868169291338582
11
6.1048267716535429
21
-3.6889291338582675
0
LINE
8
BLACK
6
CONTINUOUS
10
6.1048267716535429
20
-3.6889291338582675
11
6.1048267716535429
21
-3.8460629921259843
0
LINE
8
BLACK
6
CONTINUOUS
10
6.1048267716535429
20
-3.8460629921259843
11
6.1048267716535429
21
-3.9051181102362205
0
LINE
8
BLACK
6
CONTINUOUS
10
6.1048267716535429
20
-3.9051181102362205
11
6.0831732283464568
21
-3.9051181102362205
0
LINE
8
BLACK
6
CONTINUOUS
10
6.0831732283464568
20
-3.9051181102362205
11
6.0831732283464568
21
-3.8460629921259843
0
LINE
8
BLACK
6
CONTINUOUS
10
6.0831732283464568
20
-3.8460629921259843
11
6.0831732283464568
21
-3.6934137007874015
0
LINE
8
BLACK
6
CONTINUOUS
10
6.0831732283464568
20
-3.6934137007874015
11
6.0680823622047244
21
-3.6783228346456691
0
LINE
8
BLACK
6
CONTINUOUS
10
6.0680823622047244
20
-3.6783228346456691
11
5.8772343700787397
21
-3.6783228346456691
0
LINE
8
BLACK
6
CONTINUOUS
10
5.8772343700787397
20
-3.6783228346456691
11
5.8770868110236218
21
-3.6784080314960628
0
LINE
8
BLACK
6
CONTINUOUS
10
5.8770868110236218
20
-3.6784080314960628
11
5.8741085826771648
21
-3.6792060236220472
0
LINE
8
BLACK
6
CONTINUOUS
10
5.8741085826771648
20
-3.6792060236220472
11
5.8710252755905508
21
-3.6792060236220472
0
LINE
8
BLACK
6
CONTINUOUS
10
5.8710252755905508
20
-3.6792060236220472
11
5.8680470472440946
21
-3.6784080314960628
0
LINE
8
BLACK
6
CONTINUOUS
10
5.8680470472440946
20
-3.6784080314960628
11
5.8653768503937007
21
-3.6768663779527557
0
LINE
8
BLACK
6
CONTINUOUS
10
5.8653768503937007
20
-3.6768663779527557
11
5.8631966141732281
21
-3.6746861417322836
0
LINE
8
BLACK
6
CONTINUOUS
10
5.8631966141732281
20
-3.6746861417322836
11
5.8616549606299211
21
-3.6720159448818896
0
LINE
8
BLACK
6
CONTINUOUS
10
5.8616549606299211
20
-3.6720159448818896
11
5.8608569685039367
21
-3.6690377165354331
0
LINE
8
BLACK
6
CONTINUOUS
10
5.8608569685039367
20
-3.6690377165354331
11
5.8608569685039367
21
-3.665954409448819
0
LINE
8
BLACK
6
CONTINUOUS
10
5.8608569685039367
20
-3.665954409448819
11
5.8616549606299211
21
-3.662976181102362
0
LINE
8
BLACK
6
CONTINUOUS
10
5.8616549606299211
20
-3.662976181102362
11
5.8631966141732281
21
-3.6603059842519685
0
LINE
8
BLACK
6
CONTINUOUS
10
5.8631966141732281
20
-3.6603059842519685
11
5.8653768503937007
21
-3.6581257480314959
0
LINE
8
BLACK
6
CONTINUOUS
10
5.8653768503937007
20
-3.6581257480314959
11
5.8680470472440946
21
-3.6565840944881889
0
LINE
8
BLACK
6
CONTINUOUS
10
5.8680470472440946
20
-3.6565840944881889
11
5.8710252755905508
21
-3.6557861023622045
0
LINE
8
BLACK
6
CONTINUOUS
10
5.8710252755905508
20
-3.6557861023622045
11
5.8741085826771648
21
-3.6557861023622045
0
LINE
8
BLACK
6
CONTINUOUS
10
5.8741085826771648
20
-3.6557861023622045
11
5.8770868110236218
21
-3.6565840944881889
0
LINE
8
BLACK
6
CONTINUOUS
10
6.0826791338582673
20
-3.6148773228346456
11
6.0865819685039373
21
-3.6164939370078741
0
LINE
8
BLACK
6
CONTINUOUS
10
6.0865819685039373
20
-3.6164939370078741
11
6.0882225984251965
21
-3.6178403937007872
0
LINE
8
BLACK
6
CONTINUOUS
10
6.0882225984251965
20
-3.6178403937007872
11
6.1331517716535435
21
-3.662769527559055
0
LINE
8
BLACK
6
CONTINUOUS
10
6.1331517716535435
20
-3.662769527559055
11
6.1344982283464562
21
-3.6644101968503935
0
LINE
8
BLACK
6
CONTINUOUS
10
6.1344982283464562
20
-3.6644101968503935
11
6.1351378346456693
21
-3.665954409448819
0
LINE
8
BLACK
6
CONTINUOUS
10
6.1351378346456693
20
-3.665954409448819
11
6.1361148031496064
21
-3.6683129921259843
0
LINE
8
BLACK
6
CONTINUOUS
10
6.1361148031496064
20
-3.6683129921259843
11
6.1363228346456689
21
-3.6704251968503936
0
LINE
8
BLACK
6
CONTINUOUS
10
6.1363228346456689
20
-3.6704251968503936
11
6.1363228346456689
21
-3.8460629921259843
0
LINE
8
BLACK
6
CONTINUOUS
10
6.1363228346456689
20
-3.8460629921259843
11
6.1363228346456689
21
-3.9051181102362205
0
LINE
8
BLACK
6
CONTINUOUS
10
6.1363228346456689
20
-3.9051181102362205
11
6.1146692913385827
21
-3.9051181102362205
0
LINE
8
BLACK
6
CONTINUOUS
10
6.1146692913385827
20
-3.9051181102362205
11
6.1146692913385827
21
-3.8460629921259843
0
LINE
8
BLACK
6
CONTINUOUS
10
6.1146692913385827
20
-3.8460629921259843
11
6.1146692913385827
21
-3.6749097637795276
0
LINE
8
BLACK
6
CONTINUOUS
10
6.1146692913385827
20
-3.6749097637795276
11
6.0760823622047244
21
-3.6363228346456693
0
LINE
8
BLACK
6
CONTINUOUS
10
6.0760823622047244
20
-3.6363228346456693
11
5.7190515354330707
21
-3.6363228346456693
0
LINE
8
BLACK
6
CONTINUOUS
10
5.7190515354330707
20
-3.6363228346456693
11
5.6302225984251963
21
-3.7251517322834644
0
LINE
8
BLACK
6
CONTINUOUS
10
5.6302225984251963
20
-3.7251517322834644
11
5.6285819685039371
21
-3.726498188976378
0
LINE
8
BLACK
6
CONTINUOUS
10
5.6285819685039371
20
-3.726498188976378
11
5.624679133858268
21
-3.7281148031496061
0
LINE
8
BLACK
6
CONTINUOUS
10
5.624679133858268
20
-3.7281148031496061
11
5.6225669291338578
21
-3.7283228346456694
0
LINE
8
BLACK
6
CONTINUOUS
10
5.6225669291338578
20
-3.7283228346456694
11
5.5772343700787399
21
-3.7283228346456694
0
LINE
8
BLACK
6
CONTINUOUS
10
5.5772343700787399
20
-3.7283228346456694
11
5.577086811023622
21
-3.728408031496063
0
LINE
8
BLACK
6
CONTINUOUS
10
5.577086811023622
20
-3.728408031496063
11
5.574108582677165
21
-3.729206023622047
0
LINE
8
BLACK
6
CONTINUOUS
10
5.574108582677165
20
-3.729206023622047
11
5.5710252755905509
21
-3.729206023622047
0
LINE
8
BLACK
6
CONTINUOUS
10
5.5710252755905509
20
-3.729206023622047
11
5.5680470472440939
21
-3.728408031496063
0
LINE
8
BLACK
6
CONTINUOUS
10
5.5680470472440939
20
-3.728408031496063
11
5.5653768503937009
21
-3.726866377952756
0
LINE
8
BLACK
6
CONTINUOUS
10
5.5653768503937009
20
-3.726866377952756
11
5.5631966141732283
21
-3.7246861417322834
0
LINE
8
BLACK
6
CONTINUOUS
10
5.5631966141732283
20
-3.7246861417322834
11
5.5616549606299213
21
-3.7220159448818895
0
LINE
8
BLACK
6
CONTINUOUS
10
5.5616549606299213
20
-3.7220159448818895
11
5.5608569685039368
21
-3.7190377165354329
0
LINE
8
BLACK
6
CONTINUOUS
10
5.5608569685039368
20
-3.7190377165354329
11
5.5608569685039368
21
-3.7159544094488188
0
LINE
8
BLACK
6
CONTINUOUS
10
5.5608569685039368
20
-3.7159544094488188
11
5.5616549606299213
21
-3.7129761811023623
0
LINE
8
BLACK
6
CONTINUOUS
10
5.5616549606299213
20
-3.7129761811023623
11
5.5631966141732283
21
-3.7103059842519683
0
LINE
8
BLACK
6
CONTINUOUS
10
5.5631966141732283
20
-3.7103059842519683
11
5.5653768503937009
21
-3.7081257480314962
0
LINE
8
BLACK
6
CONTINUOUS
10
5.5653768503937009
20
-3.7081257480314962
11
5.5680470472440939
21
-3.7065840944881887
0
LINE
8
BLACK
6
CONTINUOUS
10
5.5680470472440939
20
-3.7065840944881887
11
5.5710252755905509
21
-3.7057861023622047
0
LINE
8
BLACK
6
CONTINUOUS
10
5.5710252755905509
20
-3.7057861023622047
11
5.574108582677165
21
-3.7057861023622047
0
LINE
8
BLACK
6
CONTINUOUS
10
5.574108582677165
20
-3.7057861023622047
11
5.577086811023622
21
-3.7065840944881887
0
LINE
8
BLACK
6
CONTINUOUS
10
5.577086811023622
20
-3.7065840944881887
11
5.5772343700787399
21
-3.7066692913385828
0
LINE
8
BLACK
6
CONTINUOUS
10
5.5772343700787399
20
-3.7066692913385828
11
5.6180823622047242
21
-3.7066692913385828
0
LINE
8
BLACK
6
CONTINUOUS
10
5.6180823622047242
20
-3.7066692913385828
11
5.706911220472441
21
-3.6178403937007872
0
LINE
8
BLACK
6
CONTINUOUS
10
5.706911220472441
20
-3.6178403937007872
11
5.708551889763779
21
-3.6164939370078741
0
LINE
8
BLACK
6
CONTINUOUS
10
5.708551889763779
20
-3.6164939370078741
11
5.712454724409449
21
-3.6148773228346456
0
LINE
8
BLACK
6
CONTINUOUS
10
5.712454724409449
20
-3.6148773228346456
11
5.7145669291338583
21
-3.6146692913385827
0
LINE
8
BLACK
6
CONTINUOUS
10
5.7145669291338583
20
-3.6146692913385827
11
6.080566929133858
21
-3.6146692913385827
0
LINE
8
BLACK
6
CONTINUOUS
10
6.080566929133858
20
-3.6146692913385827
11
6.0826791338582673
21
-3.6148773228346456
0
LINE
8
BLACK
6
CONTINUOUS
10
6.1615120078740153
20
-3.8170092913385827
11
6.1641822047244093
21
-3.8185509448818897
0
LINE
8
BLACK
6
CONTINUOUS
10
6.1641822047244093
20
-3.8185509448818897
11
6.1663624409448818
21
-3.8207311811023623
0
LINE
8
BLACK
6
CONTINUOUS
10
6.1663624409448818
20
-3.8207311811023623
11
6.1679040944881889
21
-3.8234013779527558
0
LINE
8
BLACK
6
CONTINUOUS
10
6.1679040944881889
20
-3.8234013779527558
11
6.1687020866141733
21
-3.8263796062992124
0
LINE
8
BLACK
6
CONTINUOUS
10
6.1687020866141733
20
-3.8263796062992124
11
6.1687020866141733
21
-3.8294629133858269
0
LINE
8
BLACK
6
CONTINUOUS
10
6.1687020866141733
20
-3.8294629133858269
11
6.1679040944881889
21
-3.8324411417322835
0
LINE
8
BLACK
6
CONTINUOUS
10
6.1679040944881889
20
-3.8324411417322835
11
6.1678188976377948
21
-3.8325887007874013
0
LINE
8
BLACK
6
CONTINUOUS
10
6.1678188976377948
20
-3.8325887007874013
11
6.1678188976377948
21
-3.8460629921259843
0
LINE
8
BLACK
6
CONTINUOUS
10
6.1678188976377948
20
-3.8460629921259843
11
6.1678188976377948
21
-3.9051181102362205
0
LINE
8
BLACK
6
CONTINUOUS
10
6.1678188976377948
20
-3.9051181102362205
11
6.1461653543307087
21
-3.9051181102362205
0
LINE
8
BLACK
6
CONTINUOUS
10
6.1461653543307087
20
-3.9051181102362205
11
6.1461653543307087
21
-3.8460629921259843
0
LINE
8
BLACK
6
CONTINUOUS
10
6.1461653543307087
20
-3.8460629921259843
11
6.1461653543307087
21
-3.8325887007874013
0
LINE
8
BLACK
6
CONTINUOUS
10
6.1461653543307087
20
-3.8325887007874013
11
6.1460801574803146
21
-3.8324411417322835
0
LINE
8
BLACK
6
CONTINUOUS
10
6.1460801574803146
20
-3.8324411417322835
11
6.1452821653543301
21
-3.8294629133858269
0
LINE
8
BLACK
6
CONTINUOUS
10
6.1452821653543301
20
-3.8294629133858269
11
6.1452821653543301
21
-3.8263796062992124
0
LINE
8
BLACK
6
CONTINUOUS
10
6.1452821653543301
20
-3.8263796062992124
11
6.1460801574803146
21
-3.8234013779527558
0
LINE
8
BLACK
6
CONTINUOUS
10
6.1460801574803146
20
-3.8234013779527558
11
6.1476218110236216
21
-3.8207311811023623
0
LINE
8
BLACK
6
CONTINUOUS
10
6.1476218110236216
20
-3.8207311811023623
11
6.1498020472440942
21
-3.8185509448818897
0
LINE
8
BLACK
6
CONTINUOUS
10
6.1498020472440942
20
-3.8185509448818897
11
6.1524722440944881
21
-3.8170092913385827
0
LINE
8
BLACK
6
CONTINUOUS
10
6.1524722440944881
20
-3.8170092913385827
11
6.1554504724409451
21
-3.8162112992125983
0
LINE
8
BLACK
6
CONTINUOUS
10
6.1554504724409451
20
-3.8162112992125983
11
6.1585337795275592
21
-3.8162112992125983
0
LINE
8
BLACK
6
CONTINUOUS
10
6.1585337795275592
20
-3.8162112992125983
11
6.1615120078740153
21
-3.8170092913385827
0
LINE
8
BLACK
6
CONTINUOUS
10
6.2050868110236221
20
-3.6945840944881887
11
6.2077570078740152
21
-3.6961257480314962
0
LINE
8
BLACK
6
CONTINUOUS
10
6.2077570078740152
20
-3.6961257480314962
11
6.2099372440944878
21
-3.6983059842519683
0
LINE
8
BLACK
6
CONTINUOUS
10
6.2099372440944878
20
-3.6983059842519683
11
6.2114788976377948
21
-3.7009761811023623
0
LINE
8
BLACK
6
CONTINUOUS
10
6.2114788976377948
20
-3.7009761811023623
11
6.2122768897637792
21
-3.7039544094488188
0
LINE
8
BLACK
6
CONTINUOUS
10
6.2122768897637792
20
-3.7039544094488188
11
6.2122768897637792
21
-3.7070377165354329
0
LINE
8
BLACK
6
CONTINUOUS
10
6.2122768897637792
20
-3.7070377165354329
11
6.2114788976377948
21
-3.7100159448818895
0
LINE
8
BLACK
6
CONTINUOUS
10
6.2114788976377948
20
-3.7100159448818895
11
6.2099372440944878
21
-3.7126861417322834
0
LINE
8
BLACK
6
CONTINUOUS
10
6.2099372440944878
20
-3.7126861417322834
11
6.2077570078740152
21
-3.714866377952756
0
LINE
8
BLACK
6
CONTINUOUS
10
6.2077570078740152
20
-3.714866377952756
11
6.2050868110236221
21
-3.716408031496063
0
LINE
8
BLACK
6
CONTINUOUS
10
6.2050868110236221
20
-3.716408031496063
11
6.2049222047244097
21
-3.7164521259842518
0
LINE
8
BLACK
6
CONTINUOUS
10
6.2049222047244097
20
-3.7164521259842518
11
6.1993149606299207
21
-3.7220593700787399
0
LINE
8
BLACK
6
CONTINUOUS
10
6.1993149606299207
20
-3.7220593700787399
11
6.1993149606299207
21
-3.8460629921259843
0
LINE
8
BLACK
6
CONTINUOUS
10
6.1993149606299207
20
-3.8460629921259843
11
6.1993149606299207
21
-3.9051181102362205
0
LINE
8
BLACK
6
CONTINUOUS
10
6.1993149606299207
20
-3.9051181102362205
11
6.1776614173228346
21
-3.9051181102362205
0
LINE
8
BLACK
6
CONTINUOUS
10
6.1776614173228346
20
-3.9051181102362205
11
6.1776614173228346
21
-3.8460629921259843
0
LINE
8
BLACK
6
CONTINUOUS
10
6.1776614173228346
20
-3.8460629921259843
11
6.1776614173228346
21
-3.7175748031496063
0
LINE
8
BLACK
6
CONTINUOUS
10
6.1776614173228346
20
-3.7175748031496063
11
6.1778694488188979
21
-3.7154625984251965
0
LINE
8
BLACK
6
CONTINUOUS
10
6.1778694488188979
20
-3.7154625984251965
11
6.179486062992126
21
-3.7115597637795275
0
LINE
8
BLACK
6
CONTINUOUS
10
6.179486062992126
20
-3.7115597637795275
11
6.1808325196850395
21
-3.7099191338582678
0
LINE
8
BLACK
6
CONTINUOUS
10
6.1808325196850395
20
-3.7099191338582678
11
6.189610826771653
21
-3.701140748031496
0
LINE
8
BLACK
6
CONTINUOUS
10
6.189610826771653
20
-3.701140748031496
11
6.1896549606299214
21
-3.7009761811023623
0
LINE
8
BLACK
6
CONTINUOUS
10
6.1896549606299214
20
-3.7009761811023623
11
6.1911966141732284
21
-3.6983059842519683
0
LINE
8
BLACK
6
CONTINUOUS
10
6.1911966141732284
20
-3.6983059842519683
11
6.193376850393701
21
-3.6961257480314962
0
LINE
8
BLACK
6
CONTINUOUS
10
6.193376850393701
20
-3.6961257480314962
11
6.1960470472440941
21
-3.6945840944881887
0
LINE
8
BLACK
6
CONTINUOUS
10
6.1960470472440941
20
-3.6945840944881887
11
6.1990252755905511
21
-3.6937861023622047
0
LINE
8
BLACK
6
CONTINUOUS
10
6.1990252755905511
20
-3.6937861023622047
11
6.2021085826771651
21
-3.6937861023622047
0
LINE
8
BLACK
6
CONTINUOUS
10
6.2021085826771651
20
-3.6937861023622047
11
6.2050868110236221
21
-3.6945840944881887
0
LINE
8
BLACK
6
CONTINUOUS
10
6.2330868110236217
20
-3.744584094488189
11
6.2357570078740157
21
-3.746125748031496
0
LINE
8
BLACK
6
CONTINUOUS
10
6.2357570078740157
20
-3.746125748031496
11
6.2379372440944882
21
-3.7483059842519686
0
LINE
8
BLACK
6
CONTINUOUS
10
6.2379372440944882
20
-3.7483059842519686
11
6.2394788976377953
21
-3.7509761811023621
0
LINE
8
BLACK
6
CONTINUOUS
10
6.2394788976377953
20
-3.7509761811023621
11
6.2402768897637797
21
-3.7539544094488186
0
LINE
8
BLACK
6
CONTINUOUS
10
6.2402768897637797
20
-3.7539544094488186
11
6.2402768897637797
21
-3.7570377165354332
0
LINE
8
BLACK
6
CONTINUOUS
10
6.2402768897637797
20
-3.7570377165354332
11
6.2394788976377953
21
-3.7600159448818897
0
LINE
8
BLACK
6
CONTINUOUS
10
6.2394788976377953
20
-3.7600159448818897
11
6.2379372440944882
21
-3.7626861417322832
0
LINE
8
BLACK
6
CONTINUOUS
10
6.2379372440944882
20
-3.7626861417322832
11
6.2357570078740157
21
-3.7648663779527558
0
LINE
8
BLACK
6
CONTINUOUS
10
6.2357570078740157
20
-3.7648663779527558
11
6.2330868110236217
21
-3.7664080314960628
0
LINE
8
BLACK
6
CONTINUOUS
10
6.2330868110236217
20
-3.7664080314960628
11
6.2329222047244093
21
-3.7664521259842521
0
LINE
8
BLACK
6
CONTINUOUS
10
6.2329222047244093
20
-3.7664521259842521
11
6.2308110236220475
21
-3.7685633070866142
0
LINE
8
BLACK
6
CONTINUOUS
10
6.2308110236220475
20
-3.7685633070866142
11
6.2308110236220475
21
-3.8460629921259843
0
LINE
8
BLACK
6
CONTINUOUS
10
6.2308110236220475
20
-3.8460629921259843
11
6.2308110236220475
21
-3.9051181102362205
0
LINE
8
BLACK
6
CONTINUOUS
10
6.2308110236220475
20
-3.9051181102362205
11
6.2091574803149605
21
-3.9051181102362205
0
LINE
8
BLACK
6
CONTINUOUS
10
6.2091574803149605
20
-3.9051181102362205
11
6.2091574803149605
21
-3.8460629921259843
0
LINE
8
BLACK
6
CONTINUOUS
10
6.2091574803149605
20
-3.8460629921259843
11
6.2091574803149605
21
-3.7640787401574802
0
LINE
8
BLACK
6
CONTINUOUS
10
6.2091574803149605
20
-3.7640787401574802
11
6.2093655118110238
21
-3.7619665354330709
0
LINE
8
BLACK
6
CONTINUOUS
10
6.2093655118110238
20
-3.7619665354330709
11
6.2109821259842519
21
-3.7580637007874014
0
LINE
8
BLACK
6
CONTINUOUS
10
6.2109821259842519
20
-3.7580637007874014
11
6.2123285826771655
21
-3.7564230708661417
0
LINE
8
BLACK
6
CONTINUOUS
10
6.2123285826771655
20
-3.7564230708661417
11
6.2176108267716534
21
-3.7511407480314958
0
LINE
8
BLACK
6
CONTINUOUS
10
6.2176108267716534
20
-3.7511407480314958
11
6.217654960629921
21
-3.7509761811023621
0
LINE
8
BLACK
6
CONTINUOUS
10
6.217654960629921
20
-3.7509761811023621
11
6.219196614173228
21
-3.7483059842519686
0
LINE
8
BLACK
6
CONTINUOUS
10
6.219196614173228
20
-3.7483059842519686
11
6.2213768503937006
21
-3.746125748031496
0
LINE
8
BLACK
6
CONTINUOUS
10
6.2213768503937006
20
-3.746125748031496
11
6.2240470472440945
21
-3.744584094488189
0
LINE
8
BLACK
6
CONTINUOUS
10
6.2240470472440945
20
-3.744584094488189
11
6.2270252755905506
21
-3.7437861023622045
0
LINE
8
BLACK
6
CONTINUOUS
10
6.2270252755905506
20
-3.7437861023622045
11
6.2301085826771656
21
-3.7437861023622045
0
LINE
8
BLACK
6
CONTINUOUS
10
6.2301085826771656
20
-3.7437861023622045
11
6.2330868110236217
21
-3.744584094488189
0
LINE
8
BLACK
6
CONTINUOUS
10
6.2623070866141735
20
-3.9051181102362205
11
6.2406535433070864
21
-3.9051181102362205
0
LINE
8
BLACK
6
CONTINUOUS
10
6.2406535433070864
20
-3.9051181102362205
11
6.2406535433070864
21
-3.8460629921259843
0
LINE
8
BLACK
6
CONTINUOUS
10
6.2406535433070864
20
-3.8460629921259843
11
6.2623070866141735
21
-3.8460629921259843
0
LINE
8
BLACK
6
CONTINUOUS
10
6.2623070866141735
20
-3.8460629921259843
11
6.2623070866141735
21
-3.9051181102362205
0
LINE
8
BLACK
6
CONTINUOUS
10
4.1942811811023617
20
-3.8147323228346455
11
4.2003420078740152
21
-3.8172427952755905
0
LINE
8
BLACK
6
CONTINUOUS
10
4.2003420078740152
20
-3.8172427952755905
11
4.2057966141732281
21
-3.8208874409448819
0
LINE
8
BLACK
6
CONTINUOUS
10
4.2057966141732281
20
-3.8208874409448819
11
4.210435393700787
21
-3.8255262204724407
0
LINE
8
BLACK
6
CONTINUOUS
10
4.210435393700787
20
-3.8255262204724407
11
4.2140800393700788
21
-3.8309808267716536
0
LINE
8
BLACK
6
CONTINUOUS
10
4.2140800393700788
20
-3.8309808267716536
11
4.2165905118110238
21
-3.8370416535433072
0
LINE
8
BLACK
6
CONTINUOUS
10
4.2165905118110238
20
-3.8370416535433072
11
4.2178703543307083
21
-3.8434757874015748
0
LINE
8
BLACK
6
CONTINUOUS
10
4.2178703543307083
20
-3.8434757874015748
11
4.2178703543307083
21
-3.8500360236220472
0
LINE
8
BLACK
6
CONTINUOUS
10
4.2178703543307083
20
-3.8500360236220472
11
4.2165905118110238
21
-3.8564701574803149
0
LINE
8
BLACK
6
CONTINUOUS
10
4.2165905118110238
20
-3.8564701574803149
11
4.2140800393700788
21
-3.8625309842519684
0
LINE
8
BLACK
6
CONTINUOUS
10
4.2140800393700788
20
-3.8625309842519684
11
4.210435393700787
21
-3.8679855905511809
0
LINE
8
BLACK
6
CONTINUOUS
10
4.210435393700787
20
-3.8679855905511809
11
4.2057966141732281
21
-3.8726243700787402
0
LINE
8
BLACK
6
CONTINUOUS
10
4.2057966141732281
20
-3.8726243700787402
11
4.2003420078740152
21
-3.8762690157480315
0
LINE
8
BLACK
6
CONTINUOUS
10
4.2003420078740152
20
-3.8762690157480315
11
4.1942811811023617
21
-3.8787794881889761
0
LINE
8
BLACK
6
CONTINUOUS
10
4.1942811811023617
20
-3.8787794881889761
11
4.1878470472440945
21
-3.8800593307086615
0
LINE
8
BLACK
6
CONTINUOUS
10
4.1878470472440945
20
-3.8800593307086615
11
4.1812868110236217
21
-3.8800593307086615
0
LINE
8
BLACK
6
CONTINUOUS
10
4.1812868110236217
20
-3.8800593307086615
11
4.1748526771653545
21
-3.8787794881889761
0
LINE
8
BLACK
6
CONTINUOUS
10
4.1748526771653545
20
-3.8787794881889761
11
4.1687918503937009
21
-3.8762690157480315
0
LINE
8
BLACK
6
CONTINUOUS
10
4.1687918503937009
20
-3.8762690157480315
11
4.163337244094488
21
-3.8726243700787402
0
LINE
8
BLACK
6
CONTINUOUS
10
4.163337244094488
20
-3.8726243700787402
11
4.1586984645669292
21
-3.8679855905511809
0
LINE
8
BLACK
6
CONTINUOUS
10
4.1586984645669292
20
-3.8679855905511809
11
4.1550538188976374
21
-3.8625309842519684
0
LINE
8
BLACK
6
CONTINUOUS
10
4.1550538188976374
20
-3.8625309842519684
11
4.1525433464566932
21
-3.8564701574803149
0
LINE
8
BLACK
6
CONTINUOUS
10
4.1525433464566932
20
-3.8564701574803149
11
4.1512635039370078
21
-3.8500360236220472
0
LINE
8
BLACK
6
CONTINUOUS
10
4.1512635039370078
20
-3.8500360236220472
11
4.1512635039370078
21
-3.8434757874015748
0
LINE
8
BLACK
6
CONTINUOUS
10
4.1512635039370078
20
-3.8434757874015748
11
4.1525433464566932
21
-3.8370416535433072
0
LINE
8
BLACK
6
CONTINUOUS
10
4.1525433464566932
20
-3.8370416535433072
11
4.1550538188976374
21
-3.8309808267716536
0
LINE
8
BLACK
6
CONTINUOUS
10
4.1550538188976374
20
-3.8309808267716536
11
4.1586984645669292
21
-3.8255262204724407
0
LINE
8
BLACK
6
CONTINUOUS
10
4.1586984645669292
20
-3.8255262204724407
11
4.163337244094488
21
-3.8208874409448819
0
LINE
8
BLACK
6
CONTINUOUS
10
4.163337244094488
20
-3.8208874409448819
11
4.1687918503937009
21
-3.8172427952755905
0
LINE
8
BLACK
6
CONTINUOUS
10
4.1687918503937009
20
-3.8172427952755905
11
4.1748526771653545
21
-3.8147323228346455
0
LINE
8
BLACK
6
CONTINUOUS
10
4.1748526771653545
20
-3.8147323228346455
11
4.1812868110236217
21
-3.8134524803149605
0
LINE
8
BLACK
6
CONTINUOUS
10
4.1812868110236217
20
-3.8134524803149605
11
4.1878470472440945
21
-3.8134524803149605
0
LINE
8
BLACK
6
CONTINUOUS
10
4.1878470472440945
20
-3.8134524803149605
11
4.1942811811023617
21
-3.8147323228346455
0
LINE
8
BLACK
6
CONTINUOUS
10
6.4150868110236221
20
-3.7425840944881887
11
6.41523437007874
21
-3.7426692913385824
0
LINE
8
BLACK
6
CONTINUOUS
10
6.41523437007874
20
-3.7426692913385824
11
7.5825669291338578
21
-3.7426692913385824
0
LINE
8
BLACK
6
CONTINUOUS
10
7.5825669291338578
20
-3.7426692913385824
11
7.584679133858268
21
-3.7428773228346457
0
LINE
8
BLACK
6
CONTINUOUS
10
7.584679133858268
20
-3.7428773228346457
11
7.5885819685039371
21
-3.7444939370078738
0
LINE
8
BLACK
6
CONTINUOUS
10
7.5885819685039371
20
-3.7444939370078738
11
7.5902225984251963
21
-3.7458403937007874
0
LINE
8
BLACK
6
CONTINUOUS
10
7.5902225984251963
20
-3.7458403937007874
11
7.6159043307086609
21
-3.771522125984252
0
LINE
8
BLACK
6
CONTINUOUS
10
7.6159043307086609
20
-3.771522125984252
11
7.6208526771653542
21
-3.7694724803149606
0
LINE
8
BLACK
6
CONTINUOUS
10
7.6208526771653542
20
-3.7694724803149606
11
7.6272868110236223
21
-3.7681926377952757
0
LINE
8
BLACK
6
CONTINUOUS
10
7.6272868110236223
20
-3.7681926377952757
11
7.6338470472440942
21
-3.7681926377952757
0
LINE
8
BLACK
6
CONTINUOUS
10
7.6338470472440942
20
-3.7681926377952757
11
7.6402811811023623
21
-3.7694724803149606
0
LINE
8
BLACK
6
CONTINUOUS
10
7.6402811811023623
20
-3.7694724803149606
11
7.6463420078740159
21
-3.7719829527559052
0
LINE
8
BLACK
6
CONTINUOUS
10
7.6463420078740159
20
-3.7719829527559052
11
7.6517966141732279
21
-3.7756275984251966
0
LINE
8
BLACK
6
CONTINUOUS
10
7.6517966141732279
20
-3.7756275984251966
11
7.6564353937007876
21
-3.7802663779527559
0
LINE
8
BLACK
6
CONTINUOUS
10
7.6564353937007876
20
-3.7802663779527559
11
7.6600800393700785
21
-3.7857209842519683
0
LINE
8
BLACK
6
CONTINUOUS
10
7.6600800393700785
20
-3.7857209842519683
11
7.6625905118110236
21
-3.7917818110236219
0
LINE
8
BLACK
6
CONTINUOUS
10
7.6625905118110236
20
-3.7917818110236219
11
7.6638703543307081
21
-3.7982159448818895
0
LINE
8
BLACK
6
CONTINUOUS
10
7.6638703543307081
20
-3.7982159448818895
11
7.6638703543307081
21
-3.8047761811023619
0
LINE
8
BLACK
6
CONTINUOUS
10
7.6638703543307081
20
-3.8047761811023619
11
7.6625905118110236
21
-3.81121031496063
0
LINE
8
BLACK
6
CONTINUOUS
10
7.6625905118110236
20
-3.81121031496063
11
7.6600800393700785
21
-3.8172711417322835
0
LINE
8
BLACK
6
CONTINUOUS
10
7.6600800393700785
20
-3.8172711417322835
11
7.6564353937007876
21
-3.822725748031496
0
LINE
8
BLACK
6
CONTINUOUS
10
7.6564353937007876
20
-3.822725748031496
11
7.6517966141732279
21
-3.8273645275590549
0
LINE
8
BLACK
6
CONTINUOUS
10
7.6517966141732279
20
-3.8273645275590549
11
7.6463420078740159
21
-3.8310091732283462
0
LINE
8
BLACK
6
CONTINUOUS
10
7.6463420078740159
20
-3.8310091732283462
11
7.6402811811023623
21
-3.8335196456692913
0
LINE
8
BLACK
6
CONTINUOUS
10
7.6402811811023623
20
-3.8335196456692913
11
7.6338470472440942
21
-3.8347994881889762
0
LINE
8
BLACK
6
CONTINUOUS
10
7.6338470472440942
20
-3.8347994881889762
11
7.6272868110236223
21
-3.8347994881889762
0
LINE
8
BLACK
6
CONTINUOUS
10
7.6272868110236223
20
-3.8347994881889762
11
7.6208526771653542
21
-3.8335196456692913
0
LINE
8
BLACK
6
CONTINUOUS
10
7.6208526771653542
20
-3.8335196456692913
11
7.6147918503937007
21
-3.8310091732283462
0
LINE
8
BLACK
6
CONTINUOUS
10
7.6147918503937007
20
-3.8310091732283462
11
7.6093372440944878
21
-3.8273645275590549
0
LINE
8
BLACK
6
CONTINUOUS
10
7.6093372440944878
20
-3.8273645275590549
11
7.6046984645669289
21
-3.822725748031496
0
LINE
8
BLACK
6
CONTINUOUS
10
7.6046984645669289
20
-3.822725748031496
11
7.601053818897638
21
-3.8172711417322835
0
LINE
8
BLACK
6
CONTINUOUS
10
7.601053818897638
20
-3.8172711417322835
11
7.5985433464566929
21
-3.81121031496063
0
LINE
8
BLACK
6
CONTINUOUS
10
7.5985433464566929
20
-3.81121031496063
11
7.5972635039370076
21
-3.8047761811023619
0
LINE
8
BLACK
6
CONTINUOUS
10
7.5972635039370076
20
-3.8047761811023619
11
7.5972635039370076
21
-3.7982159448818895
0
LINE
8
BLACK
6
CONTINUOUS
10
7.5972635039370076
20
-3.7982159448818895
11
7.5985433464566929
21
-3.7917818110236219
0
LINE
8
BLACK
6
CONTINUOUS
10
7.5985433464566929
20
-3.7917818110236219
11
7.6005929921259838
21
-3.786833464566929
0
LINE
8
BLACK
6
CONTINUOUS
10
7.6005929921259838
20
-3.786833464566929
11
7.5780823622047242
21
-3.7643228346456694
0
LINE
8
BLACK
6
CONTINUOUS
10
7.5780823622047242
20
-3.7643228346456694
11
6.41523437007874
21
-3.7643228346456694
0
LINE
8
BLACK
6
CONTINUOUS
10
6.41523437007874
20
-3.7643228346456694
11
6.4150868110236221
21
-3.7644080314960631
0
LINE
8
BLACK
6
CONTINUOUS
10
6.4150868110236221
20
-3.7644080314960631
11
6.4121085826771651
21
-3.765206023622047
0
LINE
8
BLACK
6
CONTINUOUS
10
6.4121085826771651
20
-3.765206023622047
11
6.409025275590551
21
-3.765206023622047
0
LINE
8
BLACK
6
CONTINUOUS
10
6.409025275590551
20
-3.765206023622047
11
6.406047047244094
21
-3.7644080314960631
0
LINE
8
BLACK
6
CONTINUOUS
10
6.406047047244094
20
-3.7644080314960631
11
6.403376850393701
21
-3.762866377952756
0
LINE
8
BLACK
6
CONTINUOUS
10
6.403376850393701
20
-3.762866377952756
11
6.4011966141732284
21
-3.7606861417322834
0
LINE
8
BLACK
6
CONTINUOUS
10
6.4011966141732284
20
-3.7606861417322834
11
6.3996549606299213
21
-3.7580159448818895
0
LINE
8
BLACK
6
CONTINUOUS
10
6.3996549606299213
20
-3.7580159448818895
11
6.3988569685039369
21
-3.7550377165354329
0
LINE
8
BLACK
6
CONTINUOUS
10
6.3988569685039369
20
-3.7550377165354329
11
6.3988569685039369
21
-3.7519544094488189
0
LINE
8
BLACK
6
CONTINUOUS
10
6.3988569685039369
20
-3.7519544094488189
11
6.3996549606299213
21
-3.7489761811023623
0
LINE
8
BLACK
6
CONTINUOUS
10
6.3996549606299213
20
-3.7489761811023623
11
6.4011966141732284
21
-3.7463059842519684
0
LINE
8
BLACK
6
CONTINUOUS
10
6.4011966141732284
20
-3.7463059842519684
11
6.403376850393701
21
-3.7441257480314958
0
LINE
8
BLACK
6
CONTINUOUS
10
6.403376850393701
20
-3.7441257480314958
11
6.406047047244094
21
-3.7425840944881887
0
LINE
8
BLACK
6
CONTINUOUS
10
6.406047047244094
20
-3.7425840944881887
11
6.409025275590551
21
-3.7417861023622048
0
LINE
8
BLACK
6
CONTINUOUS
10
6.409025275590551
20
-3.7417861023622048
11
6.4121085826771651
21
-3.7417861023622048
0
LINE
8
BLACK
6
CONTINUOUS
10
6.4121085826771651
20
-3.7417861023622048
11
6.4150868110236221
21
-3.7425840944881887
0
LINE
8
BLACK
6
CONTINUOUS
10
4.2180314960629923
20
-3.7802204724409449
11
4.1511023622047247
21
-3.7802204724409449
0
LINE
8
BLACK
6
CONTINUOUS
10
4.1511023622047247
20
-3.7802204724409449
11
4.1511023622047247
21
-3.7132913385826769
0
LINE
8
BLACK
6
CONTINUOUS
10
4.1511023622047247
20
-3.7132913385826769
11
4.2180314960629923
21
-3.7132913385826769
0
LINE
8
BLACK
6
CONTINUOUS
10
4.2180314960629923
20
-3.7132913385826769
11
4.2180314960629923
21
-3.7802204724409449
0
LINE
8
BLACK
6
CONTINUOUS
10
7.6402811811023623
20
-3.6694724803149605
11
7.6463420078740159
21
-3.6719829527559056
0
LINE
8
BLACK
6
CONTINUOUS
10
7.6463420078740159
20
-3.6719829527559056
11
7.6517966141732279
21
-3.6756275984251969
0
LINE
8
BLACK
6
CONTINUOUS
10
7.6517966141732279
20
-3.6756275984251969
11
7.6564353937007876
21
-3.6802663779527558
0
LINE
8
BLACK
6
CONTINUOUS
10
7.6564353937007876
20
-3.6802663779527558
11
7.6600800393700785
21
-3.6857209842519683
0
LINE
8
BLACK
6
CONTINUOUS
10
7.6600800393700785
20
-3.6857209842519683
11
7.6625905118110236
21
-3.6917818110236218
0
LINE
8
BLACK
6
CONTINUOUS
10
7.6625905118110236
20
-3.6917818110236218
11
7.6638703543307081
21
-3.6982159448818899
0
LINE
8
BLACK
6
CONTINUOUS
10
7.6638703543307081
20
-3.6982159448818899
11
7.6638703543307081
21
-3.7047761811023623
0
LINE
8
BLACK
6
CONTINUOUS
10
7.6638703543307081
20
-3.7047761811023623
11
7.6625905118110236
21
-3.7112103149606299
0
LINE
8
BLACK
6
CONTINUOUS
10
7.6625905118110236
20
-3.7112103149606299
11
7.6600800393700785
21
-3.7172711417322835
0
LINE
8
BLACK
6
CONTINUOUS
10
7.6600800393700785
20
-3.7172711417322835
11
7.6564353937007876
21
-3.7227257480314959
0
LINE
8
BLACK
6
CONTINUOUS
10
7.6564353937007876
20
-3.7227257480314959
11
7.6517966141732279
21
-3.7273645275590552
0
LINE
8
BLACK
6
CONTINUOUS
10
7.6517966141732279
20
-3.7273645275590552
11
7.6463420078740159
21
-3.7310091732283466
0
LINE
8
BLACK
6
CONTINUOUS
10
7.6463420078740159
20
-3.7310091732283466
11
7.6402811811023623
21
-3.7335196456692912
0
LINE
8
BLACK
6
CONTINUOUS
10
7.6402811811023623
20
-3.7335196456692912
11
7.6338470472440942
21
-3.7347994881889761
0
LINE
8
BLACK
6
CONTINUOUS
10
7.6338470472440942
20
-3.7347994881889761
11
7.6272868110236223
21
-3.7347994881889761
0
LINE
8
BLACK
6
CONTINUOUS
10
7.6272868110236223
20
-3.7347994881889761
11
7.6208526771653542
21
-3.7335196456692912
0
LINE
8
BLACK
6
CONTINUOUS
10
7.6208526771653542
20
-3.7335196456692912
11
7.6147918503937007
21
-3.7310091732283466
0
LINE
8
BLACK
6
CONTINUOUS
10
7.6147918503937007
20
-3.7310091732283466
11
7.6093372440944878
21
-3.7273645275590552
0
LINE
8
BLACK
6
CONTINUOUS
10
7.6093372440944878
20
-3.7273645275590552
11
7.6046984645669289
21
-3.7227257480314959
0
LINE
8
BLACK
6
CONTINUOUS
10
7.6046984645669289
20
-3.7227257480314959
11
7.601053818897638
21
-3.7172711417322835
0
LINE
8
BLACK
6
CONTINUOUS
10
7.601053818897638
20
-3.7172711417322835
11
7.5990041732283462
21
-3.7123228346456694
0
LINE
8
BLACK
6
CONTINUOUS
10
7.5990041732283462
20
-3.7123228346456694
11
6.3853017322834642
21
-3.7123228346456694
0
LINE
8
BLACK
6
CONTINUOUS
10
6.3853017322834642
20
-3.7123228346456694
11
6.3839372440944882
21
-3.7146861417322832
0
LINE
8
BLACK
6
CONTINUOUS
10
6.3839372440944882
20
-3.7146861417322832
11
6.3817570078740156
21
-3.7168663779527558
0
LINE
8
BLACK
6
CONTINUOUS
10
6.3817570078740156
20
-3.7168663779527558
11
6.3790868110236216
21
-3.7184080314960628
0
LINE
8
BLACK
6
CONTINUOUS
10
6.3790868110236216
20
-3.7184080314960628
11
6.3761085826771655
21
-3.7192060236220472
0
LINE
8
BLACK
6
CONTINUOUS
10
6.3761085826771655
20
-3.7192060236220472
11
6.3730252755905514
21
-3.7192060236220472
0
LINE
8
BLACK
6
CONTINUOUS
10
6.3730252755905514
20
-3.7192060236220472
11
6.3700470472440944
21
-3.7184080314960628
0
LINE
8
BLACK
6
CONTINUOUS
10
6.3700470472440944
20
-3.7184080314960628
11
6.3673768503937005
21
-3.7168663779527558
0
LINE
8
BLACK
6
CONTINUOUS
10
6.3673768503937005
20
-3.7168663779527558
11
6.3651966141732279
21
-3.7146861417322832
0
LINE
8
BLACK
6
CONTINUOUS
10
6.3651966141732279
20
-3.7146861417322832
11
6.3636549606299209
21
-3.7120159448818897
0
LINE
8
BLACK
6
CONTINUOUS
10
6.3636549606299209
20
-3.7120159448818897
11
6.3628569685039365
21
-3.7090377165354331
0
LINE
8
BLACK
6
CONTINUOUS
10
6.3628569685039365
20
-3.7090377165354331
11
6.3628569685039365
21
-3.7059544094488186
0
LINE
8
BLACK
6
CONTINUOUS
10
6.3628569685039365
20
-3.7059544094488186
11
6.3636549606299209
21
-3.702976181102362
0
LINE
8
BLACK
6
CONTINUOUS
10
6.3636549606299209
20
-3.702976181102362
11
6.3651966141732279
21
-3.7003059842519685
0
LINE
8
BLACK
6
CONTINUOUS
10
6.3651966141732279
20
-3.7003059842519685
11
6.3673768503937005
21
-3.698125748031496
0
LINE
8
BLACK
6
CONTINUOUS
10
6.3673768503937005
20
-3.698125748031496
11
6.3700470472440944
21
-3.6965840944881889
0
LINE
8
BLACK
6
CONTINUOUS
10
6.3700470472440944
20
-3.6965840944881889
11
6.3702116535433069
21
-3.696539960629921
0
LINE
8
BLACK
6
CONTINUOUS
10
6.3702116535433069
20
-3.696539960629921
11
6.3729112598425193
21
-3.6938403937007873
0
LINE
8
BLACK
6
CONTINUOUS
10
6.3729112598425193
20
-3.6938403937007873
11
6.3745518897637794
21
-3.6924939370078738
0
LINE
8
BLACK
6
CONTINUOUS
10
6.3745518897637794
20
-3.6924939370078738
11
6.3784547244094485
21
-3.6908773228346456
0
LINE
8
BLACK
6
CONTINUOUS
10
6.3784547244094485
20
-3.6908773228346456
11
6.3805669291338578
21
-3.6906692913385828
0
LINE
8
BLACK
6
CONTINUOUS
10
6.3805669291338578
20
-3.6906692913385828
11
7.5990041732283462
21
-3.6906692913385828
0
LINE
8
BLACK
6
CONTINUOUS
10
7.5990041732283462
20
-3.6906692913385828
11
7.601053818897638
21
-3.6857209842519683
0
LINE
8
BLACK
6
CONTINUOUS
10
7.601053818897638
20
-3.6857209842519683
11
7.6046984645669289
21
-3.6802663779527558
0
LINE
8
BLACK
6
CONTINUOUS
10
7.6046984645669289
20
-3.6802663779527558
11
7.6093372440944878
21
-3.6756275984251969
0
LINE
8
BLACK
6
CONTINUOUS
10
7.6093372440944878
20
-3.6756275984251969
11
7.6147918503937007
21
-3.6719829527559056
0
LINE
8
BLACK
6
CONTINUOUS
10
7.6147918503937007
20
-3.6719829527559056
11
7.6208526771653542
21
-3.6694724803149605
0
LINE
8
BLACK
6
CONTINUOUS
10
7.6208526771653542
20
-3.6694724803149605
11
7.6272868110236223
21
-3.6681926377952756
0
LINE
8
BLACK
6
CONTINUOUS
10
7.6272868110236223
20
-3.6681926377952756
11
7.6338470472440942
21
-3.6681926377952756
0
LINE
8
BLACK
6
CONTINUOUS
10
7.6338470472440942
20
-3.6681926377952756
11
7.6402811811023623
21
-3.6694724803149605
0
LINE
8
BLACK
6
CONTINUOUS
10
5.6032822047244091
20
-3.5431435039370078
11
5.6120954724409451
21
-3.5460071259842518
0
LINE
8
BLACK
6
CONTINUOUS
10
5.6120954724409451
20
-3.5460071259842518
11
5.6203522834645669
21
-3.5502141732283463
0
LINE
8
BLACK
6
CONTINUOUS
10
5.6203522834645669
20
-3.5502141732283463
11
5.6278492913385829
21
-3.5556610629921259
0
LINE
8
BLACK
6
CONTINUOUS
10
5.6278492913385829
20
-3.5556610629921259
11
5.6344019291338583
21
-3.5622137007874013
0
LINE
8
BLACK
6
CONTINUOUS
10
5.6344019291338583
20
-3.5622137007874013
11
5.6398488188976375
21
-3.5697107086614173
0
LINE
8
BLACK
6
CONTINUOUS
10
5.6398488188976375
20
-3.5697107086614173
11
5.6440558661417324
21
-3.5779675196850391
0
LINE
8
BLACK
6
CONTINUOUS
10
5.6440558661417324
20
-3.5779675196850391
11
5.6469194881889759
21
-3.5867807874015747
0
LINE
8
BLACK
6
CONTINUOUS
10
5.6469194881889759
20
-3.5867807874015747
11
5.6483691338582673
21
-3.5959335039370077
0
LINE
8
BLACK
6
CONTINUOUS
10
5.6483691338582673
20
-3.5959335039370077
11
5.6483691338582673
21
-3.6052003543307087
0
LINE
8
BLACK
6
CONTINUOUS
10
5.6483691338582673
20
-3.6052003543307087
11
5.6469194881889759
21
-3.6143530708661418
0
LINE
8
BLACK
6
CONTINUOUS
10
5.6469194881889759
20
-3.6143530708661418
11
5.6440558661417324
21
-3.6231663385826769
0
LINE
8
BLACK
6
CONTINUOUS
10
5.6440558661417324
20
-3.6231663385826769
11
5.6398488188976375
21
-3.6314231496062992
0
LINE
8
BLACK
6
CONTINUOUS
10
5.6398488188976375
20
-3.6314231496062992
11
5.6344019291338583
21
-3.6389201574803147
0
LINE
8
BLACK
6
CONTINUOUS
10
5.6344019291338583
20
-3.6389201574803147
11
5.6278492913385829
21
-3.6454727952755905
0
LINE
8
BLACK
6
CONTINUOUS
10
5.6278492913385829
20
-3.6454727952755905
11
5.6203522834645669
21
-3.6509196850393701
0
LINE
8
BLACK
6
CONTINUOUS
10
5.6203522834645669
20
-3.6509196850393701
11
5.6120954724409451
21
-3.6551267322834646
0
LINE
8
BLACK
6
CONTINUOUS
10
5.6120954724409451
20
-3.6551267322834646
11
5.6032822047244091
21
-3.6579903543307086
0
LINE
8
BLACK
6
CONTINUOUS
10
5.6032822047244091
20
-3.6579903543307086
11
5.594129488188976
21
-3.65944
0
LINE
8
BLACK
6
CONTINUOUS
10
5.594129488188976
20
-3.65944
11
5.5848626377952755
21
-3.65944
0
LINE
8
BLACK
6
CONTINUOUS
10
5.5848626377952755
20
-3.65944
11
5.5757099212598424
21
-3.6579903543307086
0
LINE
8
BLACK
6
CONTINUOUS
10
5.5757099212598424
20
-3.6579903543307086
11
5.5668966535433073
21
-3.6551267322834646
0
LINE
8
BLACK
6
CONTINUOUS
10
5.5668966535433073
20
-3.6551267322834646
11
5.5586398425196846
21
-3.6509196850393701
0
LINE
8
BLACK
6
CONTINUOUS
10
5.5586398425196846
20
-3.6509196850393701
11
5.5511428346456695
21
-3.6454727952755905
0
LINE
8
BLACK
6
CONTINUOUS
10
5.5511428346456695
20
-3.6454727952755905
11
5.5445901968503932
21
-3.6389201574803147
0
LINE
8
BLACK
6
CONTINUOUS
10
5.5445901968503932
20
-3.6389201574803147
11
5.5391433070866141
21
-3.6314231496062992
0
LINE
8
BLACK
6
CONTINUOUS
10
5.5391433070866141
20
-3.6314231496062992
11
5.5349362598425191
21
-3.6231663385826769
0
LINE
8
BLACK
6
CONTINUOUS
10
5.5349362598425191
20
-3.6231663385826769
11
5.5320726377952756
21
-3.6143530708661418
0
LINE
8
BLACK
6
CONTINUOUS
10
5.5320726377952756
20
-3.6143530708661418
11
5.5306229921259842
21
-3.6052003543307087
0
LINE
8
BLACK
6
CONTINUOUS
10
5.5306229921259842
20
-3.6052003543307087
11
5.5306229921259842
21
-3.5959335039370077
0
LINE
8
BLACK
6
CONTINUOUS
10
5.5306229921259842
20
-3.5959335039370077
11
5.5320726377952756
21
-3.5867807874015747
0
LINE
8
BLACK
6
CONTINUOUS
10
5.5320726377952756
20
-3.5867807874015747
11
5.5349362598425191
21
-3.5779675196850391
0
LINE
8
BLACK
6
CONTINUOUS
10
5.5349362598425191
20
-3.5779675196850391
11
5.5391433070866141
21
-3.5697107086614173
0
LINE
8
BLACK
6
CONTINUOUS
10
5.5391433070866141
20
-3.5697107086614173
11
5.5445901968503932
21
-3.5622137007874013
0
LINE
8
BLACK
6
CONTINUOUS
10
5.5445901968503932
20
-3.5622137007874013
11
5.5511428346456695
21
-3.5556610629921259
0
LINE
8
BLACK
6
CONTINUOUS
10
5.5511428346456695
20
-3.5556610629921259
11
5.5586398425196846
21
-3.5502141732283463
0
LINE
8
BLACK
6
CONTINUOUS
10
5.5586398425196846
20
-3.5502141732283463
11
5.5668966535433073
21
-3.5460071259842518
0
LINE
8
BLACK
6
CONTINUOUS
10
5.5668966535433073
20
-3.5460071259842518
11
5.5757099212598424
21
-3.5431435039370078
0
LINE
8
BLACK
6
CONTINUOUS
10
5.5757099212598424
20
-3.5431435039370078
11
5.5848626377952755
21
-3.5416938582677164
0
LINE
8
BLACK
6
CONTINUOUS
10
5.5848626377952755
20
-3.5416938582677164
11
5.594129488188976
21
-3.5416938582677164
0
LINE
8
BLACK
6
CONTINUOUS
10
5.594129488188976
20
-3.5416938582677164
11
5.6032822047244091
21
-3.5431435039370078
0
LINE
8
BLACK
6
CONTINUOUS
10
6.4694239370078739
20
-3.5431435039370078
11
6.478237204724409
21
-3.5460071259842518
0
LINE
8
BLACK
6
CONTINUOUS
10
6.478237204724409
20
-3.5460071259842518
11
6.4864940157480317
21
-3.5502141732283463
0
LINE
8
BLACK
6
CONTINUOUS
10
6.4864940157480317
20
-3.5502141732283463
11
6.4939910236220468
21
-3.5556610629921259
0
LINE
8
BLACK
6
CONTINUOUS
10
6.4939910236220468
20
-3.5556610629921259
11
6.5005436614173231
21
-3.5622137007874013
0
LINE
8
BLACK
6
CONTINUOUS
10
6.5005436614173231
20
-3.5622137007874013
11
6.5059905511811023
21
-3.5697107086614173
0
LINE
8
BLACK
6
CONTINUOUS
10
6.5059905511811023
20
-3.5697107086614173
11
6.5101975984251963
21
-3.5779675196850391
0
LINE
8
BLACK
6
CONTINUOUS
10
6.5101975984251963
20
-3.5779675196850391
11
6.5130612204724407
21
-3.5867807874015747
0
LINE
8
BLACK
6
CONTINUOUS
10
6.5130612204724407
20
-3.5867807874015747
11
6.5145108661417321
21
-3.5959335039370077
0
LINE
8
BLACK
6
CONTINUOUS
10
6.5145108661417321
20
-3.5959335039370077
11
6.5145108661417321
21
-3.6052003543307087
0
LINE
8
BLACK
6
CONTINUOUS
10
6.5145108661417321
20
-3.6052003543307087
11
6.5130612204724407
21
-3.6143530708661418
0
LINE
8
BLACK
6
CONTINUOUS
10
6.5130612204724407
20
-3.6143530708661418
11
6.5101975984251963
21
-3.6231663385826769
0
LINE
8
BLACK
6
CONTINUOUS
10
6.5101975984251963
20
-3.6231663385826769
11
6.5059905511811023
21
-3.6314231496062992
0
LINE
8
BLACK
6
CONTINUOUS
10
6.5059905511811023
20
-3.6314231496062992
11
6.5005436614173231
21
-3.6389201574803147
0
LINE
8
BLACK
6
CONTINUOUS
10
6.5005436614173231
20
-3.6389201574803147
11
6.4939910236220468
21
-3.6454727952755905
0
LINE
8
BLACK
6
CONTINUOUS
10
6.4939910236220468
20
-3.6454727952755905
11
6.4864940157480317
21
-3.6509196850393701
0
LINE
8
BLACK
6
CONTINUOUS
10
6.4864940157480317
20
-3.6509196850393701
11
6.478237204724409
21
-3.6551267322834646
0
LINE
8
BLACK
6
CONTINUOUS
10
6.478237204724409
20
-3.6551267322834646
11
6.4694239370078739
21
-3.6579903543307086
0
LINE
8
BLACK
6
CONTINUOUS
10
6.4694239370078739
20
-3.6579903543307086
11
6.4602712204724408
21
-3.65944
0
LINE
8
BLACK
6
CONTINUOUS
10
6.4602712204724408
20
-3.65944
11
6.4510043700787403
21
-3.65944
0
LINE
8
BLACK
6
CONTINUOUS
10
6.4510043700787403
20
-3.65944
11
6.4418516535433072
21
-3.6579903543307086
0
LINE
8
BLACK
6
CONTINUOUS
10
6.4418516535433072
20
-3.6579903543307086
11
6.4330383858267712
21
-3.6551267322834646
0
LINE
8
BLACK
6
CONTINUOUS
10
6.4330383858267712
20
-3.6551267322834646
11
6.4247815748031494
21
-3.6509196850393701
0
LINE
8
BLACK
6
CONTINUOUS
10
6.4247815748031494
20
-3.6509196850393701
11
6.4172845669291334
21
-3.6454727952755905
0
LINE
8
BLACK
6
CONTINUOUS
10
6.4172845669291334
20
-3.6454727952755905
11
6.410731929133858
21
-3.6389201574803147
0
LINE
8
BLACK
6
CONTINUOUS
10
6.410731929133858
20
-3.6389201574803147
11
6.4052850393700789
21
-3.6314231496062992
0
LINE
8
BLACK
6
CONTINUOUS
10
6.4052850393700789
20
-3.6314231496062992
11
6.4010779921259839
21
-3.6231663385826769
0
LINE
8
BLACK
6
CONTINUOUS
10
6.4010779921259839
20
-3.6231663385826769
11
6.3982143700787404
21
-3.6143530708661418
0
LINE
8
BLACK
6
CONTINUOUS
10
6.3982143700787404
20
-3.6143530708661418
11
6.396764724409449
21
-3.6052003543307087
0
LINE
8
BLACK
6
CONTINUOUS
10
6.396764724409449
20
-3.6052003543307087
11
6.396764724409449
21
-3.5959335039370077
0
LINE
8
BLACK
6
CONTINUOUS
10
6.396764724409449
20
-3.5959335039370077
11
6.3982143700787404
21
-3.5867807874015747
0
LINE
8
BLACK
6
CONTINUOUS
10
6.3982143700787404
20
-3.5867807874015747
11
6.4010779921259839
21
-3.5779675196850391
0
LINE
8
BLACK
6
CONTINUOUS
10
6.4010779921259839
20
-3.5779675196850391
11
6.4052850393700789
21
-3.5697107086614173
0
LINE
8
BLACK
6
CONTINUOUS
10
6.4052850393700789
20
-3.5697107086614173
11
6.410731929133858
21
-3.5622137007874013
0
LINE
8
BLACK
6
CONTINUOUS
10
6.410731929133858
20
-3.5622137007874013
11
6.4172845669291334
21
-3.5556610629921259
0
LINE
8
BLACK
6
CONTINUOUS
10
6.4172845669291334
20
-3.5556610629921259
11
6.4247815748031494
21
-3.5502141732283463
0
LINE
8
BLACK
6
CONTINUOUS
10
6.4247815748031494
20
-3.5502141732283463
11
6.4330383858267712
21
-3.5460071259842518
0
LINE
8
BLACK
6
CONTINUOUS
10
6.4330383858267712
20
-3.5460071259842518
11
6.4418516535433072
21
-3.5431435039370078
0
LINE
8
BLACK
6
CONTINUOUS
10
6.4418516535433072
20
-3.5431435039370078
11
6.4510043700787403
21
-3.5416938582677164
0
LINE
8
BLACK
6
CONTINUOUS
10
6.4510043700787403
20
-3.5416938582677164
11
6.4602712204724408
21
-3.5416938582677164
0
LINE
8
BLACK
6
CONTINUOUS
10
6.4602712204724408
20
-3.5416938582677164
11
6.4694239370078739
21
-3.5431435039370078
0
LINE
8
BLACK
6
CONTINUOUS
10
7.404226023622047
20
-3.3480536614173229
11
7.4067096456692916
21
-3.3490824015748029
0
LINE
8
BLACK
6
CONTINUOUS
10
7.4067096456692916
20
-3.3490824015748029
11
7.4067098031496057
21
-3.3490825590551179
0
LINE
8
BLACK
6
CONTINUOUS
10
7.4067098031496057
20
-3.3490825590551179
11
7.407753700787401
21
-3.3499392125984251
0
LINE
8
BLACK
6
CONTINUOUS
10
7.407753700787401
20
-3.3499392125984251
11
7.4376918110236216
21
-3.3798773228346457
0
LINE
8
BLACK
6
CONTINUOUS
10
7.4376918110236216
20
-3.3798773228346457
11
7.4406791338582678
21
-3.3798773228346457
0
LINE
8
BLACK
6
CONTINUOUS
10
7.4406791338582678
20
-3.3798773228346457
11
7.4445819685039369
21
-3.3814939370078738
0
LINE
8
BLACK
6
CONTINUOUS
10
7.4445819685039369
20
-3.3814939370078738
11
7.4475690551181097
21
-3.3844810236220471
0
LINE
8
BLACK
6
CONTINUOUS
10
7.4475690551181097
20
-3.3844810236220471
11
7.4491856692913387
21
-3.3883838582677166
0
LINE
8
BLACK
6
CONTINUOUS
10
7.4491856692913387
20
-3.3883838582677166
11
7.4493937007874012
21
-3.3904960629921259
0
LINE
8
BLACK
6
CONTINUOUS
10
7.4493937007874012
20
-3.3904960629921259
11
7.4493937007874012
21
-3.5564960629921258
0
LINE
8
BLACK
6
CONTINUOUS
10
7.4493937007874012
20
-3.5564960629921258
11
7.4491856692913387
21
-3.5586082677165352
0
LINE
8
BLACK
6
CONTINUOUS
10
7.4491856692913387
20
-3.5586082677165352
11
7.4475690551181097
21
-3.5625111023622047
0
LINE
8
BLACK
6
CONTINUOUS
10
7.4475690551181097
20
-3.5625111023622047
11
7.4462225984251971
21
-3.5641517322834644
0
LINE
8
BLACK
6
CONTINUOUS
10
7.4462225984251971
20
-3.5641517322834644
11
7.4102225984251966
21
-3.6001517322834644
0
LINE
8
BLACK
6
CONTINUOUS
10
7.4102225984251966
20
-3.6001517322834644
11
7.4085819685039365
21
-3.601498188976378
0
LINE
8
BLACK
6
CONTINUOUS
10
7.4085819685039365
20
-3.601498188976378
11
7.4046791338582674
21
-3.6031148031496061
0
LINE
8
BLACK
6
CONTINUOUS
10
7.4046791338582674
20
-3.6031148031496061
11
7.4025669291338581
21
-3.6033228346456694
0
LINE
8
BLACK
6
CONTINUOUS
10
7.4025669291338581
20
-3.6033228346456694
11
7.2093149606299214
21
-3.6033228346456694
0
LINE
8
BLACK
6
CONTINUOUS
10
7.2093149606299214
20
-3.6033228346456694
11
7.2072027559055121
21
-3.6031148031496061
0
LINE
8
BLACK
6
CONTINUOUS
10
7.2072027559055121
20
-3.6031148031496061
11
7.2032999212598421
21
-3.601498188976378
0
LINE
8
BLACK
6
CONTINUOUS
10
7.2032999212598421
20
-3.601498188976378
11
7.2016592913385828
21
-3.6001517322834644
0
LINE
8
BLACK
6
CONTINUOUS
10
7.2016592913385828
20
-3.6001517322834644
11
7.0942004724409449
21
-3.4926929133858269
0
LINE
8
BLACK
6
CONTINUOUS
10
7.0942004724409449
20
-3.4926929133858269
11
7.0829370078740155
21
-3.4926929133858269
0
LINE
8
BLACK
6
CONTINUOUS
10
7.0829370078740155
20
-3.4926929133858269
11
7.0799237401574802
21
-3.4920935433070865
0
LINE
8
BLACK
6
CONTINUOUS
10
7.0799237401574802
20
-3.4920935433070865
11
7.0773692519685039
21
-3.490386653543307
0
LINE
8
BLACK
6
CONTINUOUS
10
7.0773692519685039
20
-3.490386653543307
11
7.0756623622047243
21
-3.4878321653543307
0
LINE
8
BLACK
6
CONTINUOUS
10
7.0756623622047243
20
-3.4878321653543307
11
7.075062992125984
21
-3.4848188976377954
0
LINE
8
BLACK
6
CONTINUOUS
10
7.075062992125984
20
-3.4848188976377954
11
7.075062992125984
21
-3.4631653543307084
0
LINE
8
BLACK
6
CONTINUOUS
10
7.075062992125984
20
-3.4631653543307084
11
7.0756623622047243
21
-3.4601520866141731
0
LINE
8
BLACK
6
CONTINUOUS
10
7.0756623622047243
20
-3.4601520866141731
11
7.0773692519685039
21
-3.4575975984251968
0
LINE
8
BLACK
6
CONTINUOUS
10
7.0773692519685039
20
-3.4575975984251968
11
7.0799237401574802
21
-3.4558907086614172
0
LINE
8
BLACK
6
CONTINUOUS
10
7.0799237401574802
20
-3.4558907086614172
11
7.0829370078740155
21
-3.4552913385826769
0
LINE
8
BLACK
6
CONTINUOUS
10
7.0829370078740155
20
-3.4552913385826769
11
7.0986850393700784
21
-3.4552913385826769
0
LINE
8
BLACK
6
CONTINUOUS
10
7.0986850393700784
20
-3.4552913385826769
11
7.1016983070866138
21
-3.4558907086614172
0
LINE
8
BLACK
6
CONTINUOUS
10
7.1016983070866138
20
-3.4558907086614172
11
7.1042527952755901
21
-3.4575975984251968
0
LINE
8
BLACK
6
CONTINUOUS
10
7.1042527952755901
20
-3.4575975984251968
11
7.1059596850393696
21
-3.4601520866141731
0
LINE
8
BLACK
6
CONTINUOUS
10
7.1059596850393696
20
-3.4601520866141731
11
7.1065590551181099
21
-3.4631653543307084
0
LINE
8
BLACK
6
CONTINUOUS
10
7.1065590551181099
20
-3.4631653543307084
11
7.1065590551181099
21
-3.4744288188976378
0
LINE
8
BLACK
6
CONTINUOUS
10
7.1065590551181099
20
-3.4744288188976378
11
7.213799527559055
21
-3.5816692913385828
0
LINE
8
BLACK
6
CONTINUOUS
10
7.213799527559055
20
-3.5816692913385828
11
7.3980823622047245
21
-3.5816692913385828
0
LINE
8
BLACK
6
CONTINUOUS
10
7.3980823622047245
20
-3.5816692913385828
11
7.427740157480315
21
-3.5520114960629918
0
LINE
8
BLACK
6
CONTINUOUS
10
7.427740157480315
20
-3.5520114960629918
11
7.427740157480315
21
-3.3904960629921259
0
LINE
8
BLACK
6
CONTINUOUS
10
7.427740157480315
20
-3.3904960629921259
11
7.427837244094488
21
-3.38951
0
LINE
8
BLACK
6
CONTINUOUS
10
7.427837244094488
20
-3.38951
11
7.4000280314960625
21
-3.3617007874015745
0
LINE
8
BLACK
6
CONTINUOUS
10
7.4000280314960625
20
-3.3617007874015745
11
7.3378582677165349
21
-3.3617007874015745
0
LINE
8
BLACK
6
CONTINUOUS
10
7.3378582677165349
20
-3.3617007874015745
11
7.3365141338582678
21
-3.3615683858267715
0
LINE
8
BLACK
6
CONTINUOUS
10
7.3365141338582678
20
-3.3615683858267715
11
7.3344575590551182
21
-3.3607165354330708
0
LINE
8
BLACK
6
CONTINUOUS
10
7.3344575590551182
20
-3.3607165354330708
11
7.3240787401574803
21
-3.3607165354330708
0
LINE
8
BLACK
6
CONTINUOUS
10
7.3240787401574803
20
-3.3607165354330708
11
7.3240787401574803
21
-3.3489055118110236
0
LINE
8
BLACK
6
CONTINUOUS
10
7.3240787401574803
20
-3.3489055118110236
11
7.3344575590551182
21
-3.3489055118110236
0
LINE
8
BLACK
6
CONTINUOUS
10
7.3344575590551182
20
-3.3489055118110236
11
7.3365141338582678
21
-3.3480536614173229
0
LINE
8
BLACK
6
CONTINUOUS
10
7.3365141338582678
20
-3.3480536614173229
11
7.3378582677165349
21
-3.3479212598425194
0
LINE
8
BLACK
6
CONTINUOUS
10
7.3378582677165349
20
-3.3479212598425194
11
7.4028818897637789
21
-3.3479212598425194
0
LINE
8
BLACK
6
CONTINUOUS
10
7.4028818897637789
20
-3.3479212598425194
11
7.404226023622047
21
-3.3480536614173229
0
LINE
8
BLACK
6
CONTINUOUS
10
7.5942444881889761
20
-3.5356544094488189
11
7.5982154724409448
21
-3.5367184251968502
0
LINE
8
BLACK
6
CONTINUOUS
10
7.5982154724409448
20
-3.5367184251968502
11
7.601775787401575
21
-3.5387739763779527
0
LINE
8
BLACK
6
CONTINUOUS
10
7.601775787401575
20
-3.5387739763779527
11
7.6046827165354332
21
-3.5416809055118108
0
LINE
8
BLACK
6
CONTINUOUS
10
7.6046827165354332
20
-3.5416809055118108
11
7.6067382677165352
21
-3.5452412204724411
0
LINE
8
BLACK
6
CONTINUOUS
10
7.6067382677165352
20
-3.5452412204724411
11
7.6078022834645669
21
-3.5492122047244092
0
LINE
8
BLACK
6
CONTINUOUS
10
7.6078022834645669
20
-3.5492122047244092
11
7.6078022834645669
21
-3.5533232283464566
0
LINE
8
BLACK
6
CONTINUOUS
10
7.6078022834645669
20
-3.5533232283464566
11
7.6067382677165352
21
-3.5572942125984253
0
LINE
8
BLACK
6
CONTINUOUS
10
7.6067382677165352
20
-3.5572942125984253
11
7.6046827165354332
21
-3.5608545275590551
0
LINE
8
BLACK
6
CONTINUOUS
10
7.6046827165354332
20
-3.5608545275590551
11
7.601775787401575
21
-3.5637614566929132
0
LINE
8
BLACK
6
CONTINUOUS
10
7.601775787401575
20
-3.5637614566929132
11
7.5982154724409448
21
-3.5658170078740157
0
LINE
8
BLACK
6
CONTINUOUS
10
7.5982154724409448
20
-3.5658170078740157
11
7.5942444881889761
21
-3.566881023622047
0
LINE
8
BLACK
6
CONTINUOUS
10
7.5942444881889761
20
-3.566881023622047
11
7.5921889763779529
21
-3.5670157480314959
0
LINE
8
BLACK
6
CONTINUOUS
10
7.5921889763779529
20
-3.5670157480314959
11
7.5685669291338584
21
-3.5670157480314959
0
LINE
8
BLACK
6
CONTINUOUS
10
7.5685669291338584
20
-3.5670157480314959
11
7.5665114173228343
21
-3.566881023622047
0
LINE
8
BLACK
6
CONTINUOUS
10
7.5665114173228343
20
-3.566881023622047
11
7.5625404330708657
21
-3.5658170078740157
0
LINE
8
BLACK
6
CONTINUOUS
10
7.5625404330708657
20
-3.5658170078740157
11
7.5589801181102363
21
-3.5637614566929132
0
LINE
8
BLACK
6
CONTINUOUS
10
7.5589801181102363
20
-3.5637614566929132
11
7.5560731889763781
21
-3.5608545275590551
0
LINE
8
BLACK
6
CONTINUOUS
10
7.5560731889763781
20
-3.5608545275590551
11
7.5540176377952752
21
-3.5572942125984253
0
LINE
8
BLACK
6
CONTINUOUS
10
7.5540176377952752
20
-3.5572942125984253
11
7.5529536220472435
21
-3.5533232283464566
0
LINE
8
BLACK
6
CONTINUOUS
10
7.5529536220472435
20
-3.5533232283464566
11
7.5529536220472435
21
-3.5492122047244092
0
LINE
8
BLACK
6
CONTINUOUS
10
7.5529536220472435
20
-3.5492122047244092
11
7.5540176377952752
21
-3.5452412204724411
0
LINE
8
BLACK
6
CONTINUOUS
10
7.5540176377952752
20
-3.5452412204724411
11
7.5560731889763781
21
-3.5416809055118108
0
LINE
8
BLACK
6
CONTINUOUS
10
7.5560731889763781
20
-3.5416809055118108
11
7.5589801181102363
21
-3.5387739763779527
0
LINE
8
BLACK
6
CONTINUOUS
10
7.5589801181102363
20
-3.5387739763779527
11
7.5625404330708657
21
-3.5367184251968502
0
LINE
8
BLACK
6
CONTINUOUS
10
7.5625404330708657
20
-3.5367184251968502
11
7.5665114173228343
21
-3.5356544094488189
0
LINE
8
BLACK
6
CONTINUOUS
10
7.5665114173228343
20
-3.5356544094488189
11
7.5685669291338584
21
-3.53551968503937
0
LINE
8
BLACK
6
CONTINUOUS
10
7.5685669291338584
20
-3.53551968503937
11
7.5921889763779529
21
-3.53551968503937
0
LINE
8
BLACK
6
CONTINUOUS
10
7.5921889763779529
20
-3.53551968503937
11
7.5942444881889761
21
-3.5356544094488189
0
LINE
8
BLACK
6
CONTINUOUS
10
7.3441437007874013
20
-3.4849796850393702
11
7.3480465354330704
21
-3.4865962992125983
0
LINE
8
BLACK
6
CONTINUOUS
10
7.3480465354330704
20
-3.4865962992125983
11
7.3481738582677165
21
-3.4867007874015745
0
LINE
8
BLACK
6
CONTINUOUS
10
7.3481738582677165
20
-3.4867007874015745
11
7.3516377952755905
21
-3.4867007874015745
0
LINE
8
BLACK
6
CONTINUOUS
10
7.3516377952755905
20
-3.4867007874015745
11
7.3516377952755905
21
-3.489893346456693
0
LINE
8
BLACK
6
CONTINUOUS
10
7.3516377952755905
20
-3.489893346456693
11
7.3537816535433072
21
-3.4920372047244093
0
LINE
8
BLACK
6
CONTINUOUS
10
7.3537816535433072
20
-3.4920372047244093
11
7.3551281102362207
21
-3.4936778740157481
0
LINE
8
BLACK
6
CONTINUOUS
10
7.3551281102362207
20
-3.4936778740157481
11
7.3567447244094488
21
-3.4975807086614172
0
LINE
8
BLACK
6
CONTINUOUS
10
7.3567447244094488
20
-3.4975807086614172
11
7.3569527559055112
21
-3.4996929133858266
0
LINE
8
BLACK
6
CONTINUOUS
10
7.3569527559055112
20
-3.4996929133858266
11
7.3569527559055112
21
-3.5213464566929131
0
LINE
8
BLACK
6
CONTINUOUS
10
7.3569527559055112
20
-3.5213464566929131
11
7.3579370078740158
21
-3.5213464566929131
0
LINE
8
BLACK
6
CONTINUOUS
10
7.3579370078740158
20
-3.5213464566929131
11
7.3599925196850391
21
-3.5214811811023621
0
LINE
8
BLACK
6
CONTINUOUS
10
7.3599925196850391
20
-3.5214811811023621
11
7.3639635039370077
21
-3.5225451968503938
0
LINE
8
BLACK
6
CONTINUOUS
10
7.3639635039370077
20
-3.5225451968503938
11
7.367523818897638
21
-3.5246007480314958
0
LINE
8
BLACK
6
CONTINUOUS
10
7.367523818897638
20
-3.5246007480314958
11
7.3704307480314961
21
-3.5275076771653544
0
LINE
8
BLACK
6
CONTINUOUS
10
7.3704307480314961
20
-3.5275076771653544
11
7.3724862992125981
21
-3.5310679921259842
0
LINE
8
BLACK
6
CONTINUOUS
10
7.3724862992125981
20
-3.5310679921259842
11
7.3735503149606298
21
-3.5350389763779528
0
LINE
8
BLACK
6
CONTINUOUS
10
7.3735503149606298
20
-3.5350389763779528
11
7.3735503149606298
21
-3.5391499999999998
0
LINE
8
BLACK
6
CONTINUOUS
10
7.3735503149606298
20
-3.5391499999999998
11
7.3724862992125981
21
-3.5431209842519684
0
LINE
8
BLACK
6
CONTINUOUS
10
7.3724862992125981
20
-3.5431209842519684
11
7.3704307480314961
21
-3.5466812992125982
0
LINE
8
BLACK
6
CONTINUOUS
10
7.3704307480314961
20
-3.5466812992125982
11
7.367523818897638
21
-3.5495882283464568
0
LINE
8
BLACK
6
CONTINUOUS
10
7.367523818897638
20
-3.5495882283464568
11
7.3639635039370077
21
-3.5516437795275588
0
LINE
8
BLACK
6
CONTINUOUS
10
7.3639635039370077
20
-3.5516437795275588
11
7.3599925196850391
21
-3.5527077952755906
0
LINE
8
BLACK
6
CONTINUOUS
10
7.3599925196850391
20
-3.5527077952755906
11
7.3579370078740158
21
-3.5528425196850395
0
LINE
8
BLACK
6
CONTINUOUS
10
7.3579370078740158
20
-3.5528425196850395
11
7.3343149606299214
21
-3.5528425196850395
0
LINE
8
BLACK
6
CONTINUOUS
10
7.3343149606299214
20
-3.5528425196850395
11
7.3322594488188972
21
-3.5527077952755906
0
LINE
8
BLACK
6
CONTINUOUS
10
7.3322594488188972
20
-3.5527077952755906
11
7.3282884645669286
21
-3.5516437795275588
0
LINE
8
BLACK
6
CONTINUOUS
10
7.3282884645669286
20
-3.5516437795275588
11
7.3247281496062993
21
-3.5495882283464568
0
LINE
8
BLACK
6
CONTINUOUS
10
7.3247281496062993
20
-3.5495882283464568
11
7.3218212204724411
21
-3.5466812992125982
0
LINE
8
BLACK
6
CONTINUOUS
10
7.3218212204724411
20
-3.5466812992125982
11
7.3197656692913382
21
-3.5431209842519684
0
LINE
8
BLACK
6
CONTINUOUS
10
7.3197656692913382
20
-3.5431209842519684
11
7.3187016535433065
21
-3.5391499999999998
0
LINE
8
BLACK
6
CONTINUOUS
10
7.3187016535433065
20
-3.5391499999999998
11
7.3187016535433065
21
-3.5350389763779528
0
LINE
8
BLACK
6
CONTINUOUS
10
7.3187016535433065
20
-3.5350389763779528
11
7.3197656692913382
21
-3.5310679921259842
0
LINE
8
BLACK
6
CONTINUOUS
10
7.3197656692913382
20
-3.5310679921259842
11
7.3218212204724411
21
-3.5275076771653544
0
LINE
8
BLACK
6
CONTINUOUS
10
7.3218212204724411
20
-3.5275076771653544
11
7.3247281496062993
21
-3.5246007480314958
0
LINE
8
BLACK
6
CONTINUOUS
10
7.3247281496062993
20
-3.5246007480314958
11
7.3282884645669286
21
-3.5225451968503938
0
LINE
8
BLACK
6
CONTINUOUS
10
7.3282884645669286
20
-3.5225451968503938
11
7.3322594488188972
21
-3.5214811811023621
0
LINE
8
BLACK
6
CONTINUOUS
10
7.3322594488188972
20
-3.5214811811023621
11
7.3343149606299214
21
-3.5213464566929131
0
LINE
8
BLACK
6
CONTINUOUS
10
7.3343149606299214
20
-3.5213464566929131
11
7.3352992125984251
21
-3.5213464566929131
0
LINE
8
BLACK
6
CONTINUOUS
10
7.3352992125984251
20
-3.5213464566929131
11
7.3352992125984251
21
-3.5060320472440942
0
LINE
8
BLACK
6
CONTINUOUS
10
7.3352992125984251
20
-3.5060320472440942
11
7.3318432283464565
21
-3.5046005511811025
0
LINE
8
BLACK
6
CONTINUOUS
10
7.3318432283464565
20
-3.5046005511811025
11
7.3288561417322837
21
-3.5016134645669292
0
LINE
8
BLACK
6
CONTINUOUS
10
7.3288561417322837
20
-3.5016134645669292
11
7.327571377952756
21
-3.4985118110236222
0
LINE
8
BLACK
6
CONTINUOUS
10
7.327571377952756
20
-3.4985118110236222
11
7.3240787401574803
21
-3.4985118110236222
0
LINE
8
BLACK
6
CONTINUOUS
10
7.3240787401574803
20
-3.4985118110236222
11
7.3240787401574803
21
-3.4867007874015745
0
LINE
8
BLACK
6
CONTINUOUS
10
7.3240787401574803
20
-3.4867007874015745
11
7.3317387401574798
21
-3.4867007874015745
0
LINE
8
BLACK
6
CONTINUOUS
10
7.3317387401574798
20
-3.4867007874015745
11
7.3318432283464565
21
-3.4865962992125983
0
LINE
8
BLACK
6
CONTINUOUS
10
7.3318432283464565
20
-3.4865962992125983
11
7.3357460629921256
21
-3.4849796850393702
0
LINE
8
BLACK
6
CONTINUOUS
10
7.3357460629921256
20
-3.4849796850393702
11
7.3378582677165349
21
-3.4847716535433069
0
LINE
8
BLACK
6
CONTINUOUS
10
7.3378582677165349
20
-3.4847716535433069
11
7.342031496062992
21
-3.4847716535433069
0
LINE
8
BLACK
6
CONTINUOUS
10
7.342031496062992
20
-3.4847716535433069
11
7.3441437007874013
21
-3.4849796850393702
0
LINE
8
BLACK
6
CONTINUOUS
10
4.2280411811023617
20
-3.4838567322834644
11
4.2327044488188976
21
-3.4857883070866142
0
LINE
8
BLACK
6
CONTINUOUS
10
4.2327044488188976
20
-3.4857883070866142
11
4.2369012992125983
21
-3.4885925590551179
0
LINE
8
BLACK
6
CONTINUOUS
10
4.2369012992125983
20
-3.4885925590551179
11
4.2404704330708665
21
-3.4921616929133856
0
LINE
8
BLACK
6
CONTINUOUS
10
4.2404704330708665
20
-3.4921616929133856
11
4.2432746850393697
21
-3.4963585433070867
0
LINE
8
BLACK
6
CONTINUOUS
10
4.2432746850393697
20
-3.4963585433070867
11
4.2452062598425195
21
-3.5010218110236218
0
LINE
8
BLACK
6
CONTINUOUS
10
4.2452062598425195
20
-3.5010218110236218
11
4.2461909842519683
21
-3.5059723228346455
0
LINE
8
BLACK
6
CONTINUOUS
10
4.2461909842519683
20
-3.5059723228346455
11
4.2461909842519683
21
-3.511019803149606
0
LINE
8
BLACK
6
CONTINUOUS
10
4.2461909842519683
20
-3.511019803149606
11
4.2452062598425195
21
-3.5159703149606298
0
LINE
8
BLACK
6
CONTINUOUS
10
4.2452062598425195
20
-3.5159703149606298
11
4.2432746850393697
21
-3.5206335826771653
0
LINE
8
BLACK
6
CONTINUOUS
10
4.2432746850393697
20
-3.5206335826771653
11
4.2404704330708665
21
-3.524830433070866
0
LINE
8
BLACK
6
CONTINUOUS
10
4.2404704330708665
20
-3.524830433070866
11
4.2369012992125983
21
-3.5283995669291337
0
LINE
8
BLACK
6
CONTINUOUS
10
4.2369012992125983
20
-3.5283995669291337
11
4.2327044488188976
21
-3.5312038188976378
0
LINE
8
BLACK
6
CONTINUOUS
10
4.2327044488188976
20
-3.5312038188976378
11
4.2280411811023617
21
-3.5331353937007872
0
LINE
8
BLACK
6
CONTINUOUS
10
4.2280411811023617
20
-3.5331353937007872
11
4.2230906692913388
21
-3.534120118110236
0
LINE
8
BLACK
6
CONTINUOUS
10
4.2230906692913388
20
-3.534120118110236
11
4.2180431889763774
21
-3.534120118110236
0
LINE
8
BLACK
6
CONTINUOUS
10
4.2180431889763774
20
-3.534120118110236
11
4.2130926771653545
21
-3.5331353937007872
0
LINE
8
BLACK
6
CONTINUOUS
10
4.2130926771653545
20
-3.5331353937007872
11
4.2084294094488186
21
-3.5312038188976378
0
LINE
8
BLACK
6
CONTINUOUS
10
4.2084294094488186
20
-3.5312038188976378
11
4.2042325590551179
21
-3.5283995669291337
0
LINE
8
BLACK
6
CONTINUOUS
10
4.2042325590551179
20
-3.5283995669291337
11
4.2006634251968507
21
-3.524830433070866
0
LINE
8
BLACK
6
CONTINUOUS
10
4.2006634251968507
20
-3.524830433070866
11
4.1978591732283466
21
-3.5206335826771653
0
LINE
8
BLACK
6
CONTINUOUS
10
4.1978591732283466
20
-3.5206335826771653
11
4.1959275984251967
21
-3.5159703149606298
0
LINE
8
BLACK
6
CONTINUOUS
10
4.1959275984251967
20
-3.5159703149606298
11
4.1949428740157479
21
-3.511019803149606
0
LINE
8
BLACK
6
CONTINUOUS
10
4.1949428740157479
20
-3.511019803149606
11
4.1949428740157479
21
-3.5059723228346455
0
LINE
8
BLACK
6
CONTINUOUS
10
4.1949428740157479
20
-3.5059723228346455
11
4.1959275984251967
21
-3.5010218110236218
0
LINE
8
BLACK
6
CONTINUOUS
10
4.1959275984251967
20
-3.5010218110236218
11
4.1978591732283466
21
-3.4963585433070867
0
LINE
8
BLACK
6
CONTINUOUS
10
4.1978591732283466
20
-3.4963585433070867
11
4.2006634251968507
21
-3.4921616929133856
0
LINE
8
BLACK
6
CONTINUOUS
10
4.2006634251968507
20
-3.4921616929133856
11
4.2042325590551179
21
-3.4885925590551179
0
LINE
8
BLACK
6
CONTINUOUS
10
4.2042325590551179
20
-3.4885925590551179
11
4.2084294094488186
21
-3.4857883070866142
0
LINE
8
BLACK
6
CONTINUOUS
10
4.2084294094488186
20
-3.4857883070866142
11
4.2130926771653545
21
-3.4838567322834644
0
LINE
8
BLACK
6
CONTINUOUS
10
4.2130926771653545
20
-3.4838567322834644
11
4.2180431889763774
21
-3.4828720078740156
0
LINE
8
BLACK
6
CONTINUOUS
10
4.2180431889763774
20
-3.4828720078740156
11
4.2230906692913388
21
-3.4828720078740156
0
LINE
8
BLACK
6
CONTINUOUS
10
4.2230906692913388
20
-3.4828720078740156
11
4.2280411811023617
21
-3.4838567322834644
0
LINE
8
BLACK
6
CONTINUOUS
10
4.3280411811023622
20
-3.4838567322834644
11
4.3327044488188973
21
-3.4857883070866142
0
LINE
8
BLACK
6
CONTINUOUS
10
4.3327044488188973
20
-3.4857883070866142
11
4.3369012992125979
21
-3.4885925590551179
0
LINE
8
BLACK
6
CONTINUOUS
10
4.3369012992125979
20
-3.4885925590551179
11
4.3404704330708661
21
-3.4921616929133856
0
LINE
8
BLACK
6
CONTINUOUS
10
4.3404704330708661
20
-3.4921616929133856
11
4.3432746850393702
21
-3.4963585433070867
0
LINE
8
BLACK
6
CONTINUOUS
10
4.3432746850393702
20
-3.4963585433070867
11
4.3452062598425192
21
-3.5010218110236218
0
LINE
8
BLACK
6
CONTINUOUS
10
4.3452062598425192
20
-3.5010218110236218
11
4.3461909842519688
21
-3.5059723228346455
0
LINE
8
BLACK
6
CONTINUOUS
10
4.3461909842519688
20
-3.5059723228346455
11
4.3461909842519688
21
-3.511019803149606
0
LINE
8
BLACK
6
CONTINUOUS
10
4.3461909842519688
20
-3.511019803149606
11
4.3452062598425192
21
-3.5159703149606298
0
LINE
8
BLACK
6
CONTINUOUS
10
4.3452062598425192
20
-3.5159703149606298
11
4.3432746850393702
21
-3.5206335826771653
0
LINE
8
BLACK
6
CONTINUOUS
10
4.3432746850393702
20
-3.5206335826771653
11
4.3404704330708661
21
-3.524830433070866
0
LINE
8
BLACK
6
CONTINUOUS
10
4.3404704330708661
20
-3.524830433070866
11
4.3369012992125979
21
-3.5283995669291337
0
LINE
8
BLACK
6
CONTINUOUS
10
4.3369012992125979
20
-3.5283995669291337
11
4.3327044488188973
21
-3.5312038188976378
0
LINE
8
BLACK
6
CONTINUOUS
10
4.3327044488188973
20
-3.5312038188976378
11
4.3280411811023622
21
-3.5331353937007872
0
LINE
8
BLACK
6
CONTINUOUS
10
4.3280411811023622
20
-3.5331353937007872
11
4.3230906692913385
21
-3.534120118110236
0
LINE
8
BLACK
6
CONTINUOUS
10
4.3230906692913385
20
-3.534120118110236
11
4.318043188976378
21
-3.534120118110236
0
LINE
8
BLACK
6
CONTINUOUS
10
4.318043188976378
20
-3.534120118110236
11
4.3130926771653542
21
-3.5331353937007872
0
LINE
8
BLACK
6
CONTINUOUS
10
4.3130926771653542
20
-3.5331353937007872
11
4.3084294094488191
21
-3.5312038188976378
0
LINE
8
BLACK
6
CONTINUOUS
10
4.3084294094488191
20
-3.5312038188976378
11
4.3042325590551176
21
-3.5283995669291337
0
LINE
8
BLACK
6
CONTINUOUS
10
4.3042325590551176
20
-3.5283995669291337
11
4.3006634251968503
21
-3.524830433070866
0
LINE
8
BLACK
6
CONTINUOUS
10
4.3006634251968503
20
-3.524830433070866
11
4.2978591732283462
21
-3.5206335826771653
0
LINE
8
BLACK
6
CONTINUOUS
10
4.2978591732283462
20
-3.5206335826771653
11
4.2959275984251963
21
-3.5159703149606298
0
LINE
8
BLACK
6
CONTINUOUS
10
4.2959275984251963
20
-3.5159703149606298
11
4.2949428740157476
21
-3.511019803149606
0
LINE
8
BLACK
6
CONTINUOUS
10
4.2949428740157476
20
-3.511019803149606
11
4.2949428740157476
21
-3.5059723228346455
0
LINE
8
BLACK
6
CONTINUOUS
10
4.2949428740157476
20
-3.5059723228346455
11
4.2959275984251963
21
-3.5010218110236218
0
LINE
8
BLACK
6
CONTINUOUS
10
4.2959275984251963
20
-3.5010218110236218
11
4.2978591732283462
21
-3.4963585433070867
0
LINE
8
BLACK
6
CONTINUOUS
10
4.2978591732283462
20
-3.4963585433070867
11
4.3006634251968503
21
-3.4921616929133856
0
LINE
8
BLACK
6
CONTINUOUS
10
4.3006634251968503
20
-3.4921616929133856
11
4.3042325590551176
21
-3.4885925590551179
0
LINE
8
BLACK
6
CONTINUOUS
10
4.3042325590551176
20
-3.4885925590551179
11
4.3084294094488191
21
-3.4857883070866142
0
LINE
8
BLACK
6
CONTINUOUS
10
4.3084294094488191
20
-3.4857883070866142
11
4.3130926771653542
21
-3.4838567322834644
0
LINE
8
BLACK
6
CONTINUOUS
10
4.3130926771653542
20
-3.4838567322834644
11
4.318043188976378
21
-3.4828720078740156
0
LINE
8
BLACK
6
CONTINUOUS
10
4.318043188976378
20
-3.4828720078740156
11
4.3230906692913385
21
-3.4828720078740156
0
LINE
8
BLACK
6
CONTINUOUS
10
4.3230906692913385
20
-3.4828720078740156
11
4.3280411811023622
21
-3.4838567322834644
0
LINE
8
BLACK
6
CONTINUOUS
10
4.4280411811023619
20
-3.4838567322834644
11
4.4327044488188978
21
-3.4857883070866142
0
LINE
8
BLACK
6
CONTINUOUS
10
4.4327044488188978
20
-3.4857883070866142
11
4.4369012992125985
21
-3.4885925590551179
0
LINE
8
BLACK
6
CONTINUOUS
10
4.4369012992125985
20
-3.4885925590551179
11
4.4404704330708658
21
-3.4921616929133856
0
LINE
8
BLACK
6
CONTINUOUS
10
4.4404704330708658
20
-3.4921616929133856
11
4.4432746850393698
21
-3.4963585433070867
0
LINE
8
BLACK
6
CONTINUOUS
10
4.4432746850393698
20
-3.4963585433070867
11
4.4452062598425197
21
-3.5010218110236218
0
LINE
8
BLACK
6
CONTINUOUS
10
4.4452062598425197
20
-3.5010218110236218
11
4.4461909842519685
21
-3.5059723228346455
0
LINE
8
BLACK
6
CONTINUOUS
10
4.4461909842519685
20
-3.5059723228346455
11
4.4461909842519685
21
-3.511019803149606
0
LINE
8
BLACK
6
CONTINUOUS
10
4.4461909842519685
20
-3.511019803149606
11
4.4452062598425197
21
-3.5159703149606298
0
LINE
8
BLACK
6
CONTINUOUS
10
4.4452062598425197
20
-3.5159703149606298
11
4.4432746850393698
21
-3.5206335826771653
0
LINE
8
BLACK
6
CONTINUOUS
10
4.4432746850393698
20
-3.5206335826771653
11
4.4404704330708658
21
-3.524830433070866
0
LINE
8
BLACK
6
CONTINUOUS
10
4.4404704330708658
20
-3.524830433070866
11
4.4369012992125985
21
-3.5283995669291337
0
LINE
8
BLACK
6
CONTINUOUS
10
4.4369012992125985
20
-3.5283995669291337
11
4.4327044488188978
21
-3.5312038188976378
0
LINE
8
BLACK
6
CONTINUOUS
10
4.4327044488188978
20
-3.5312038188976378
11
4.4280411811023619
21
-3.5331353937007872
0
LINE
8
BLACK
6
CONTINUOUS
10
4.4280411811023619
20
-3.5331353937007872
11
4.4230906692913381
21
-3.534120118110236
0
LINE
8
BLACK
6
CONTINUOUS
10
4.4230906692913381
20
-3.534120118110236
11
4.4180431889763776
21
-3.534120118110236
0
LINE
8
BLACK
6
CONTINUOUS
10
4.4180431889763776
20
-3.534120118110236
11
4.4130926771653538
21
-3.5331353937007872
0
LINE
8
BLACK
6
CONTINUOUS
10
4.4130926771653538
20
-3.5331353937007872
11
4.4084294094488188
21
-3.5312038188976378
0
LINE
8
BLACK
6
CONTINUOUS
10
4.4084294094488188
20
-3.5312038188976378
11
4.4042325590551181
21
-3.5283995669291337
0
LINE
8
BLACK
6
CONTINUOUS
10
4.4042325590551181
20
-3.5283995669291337
11
4.4006634251968499
21
-3.524830433070866
0
LINE
8
BLACK
6
CONTINUOUS
10
4.4006634251968499
20
-3.524830433070866
11
4.3978591732283467
21
-3.5206335826771653
0
LINE
8
BLACK
6
CONTINUOUS
10
4.3978591732283467
20
-3.5206335826771653
11
4.3959275984251969
21
-3.5159703149606298
0
LINE
8
BLACK
6
CONTINUOUS
10
4.3959275984251969
20
-3.5159703149606298
11
4.3949428740157481
21
-3.511019803149606
0
LINE
8
BLACK
6
CONTINUOUS
10
4.3949428740157481
20
-3.511019803149606
11
4.3949428740157481
21
-3.5059723228346455
0
LINE
8
BLACK
6
CONTINUOUS
10
4.3949428740157481
20
-3.5059723228346455
11
4.3959275984251969
21
-3.5010218110236218
0
LINE
8
BLACK
6
CONTINUOUS
10
4.3959275984251969
20
-3.5010218110236218
11
4.3978591732283467
21
-3.4963585433070867
0
LINE
8
BLACK
6
CONTINUOUS
10
4.3978591732283467
20
-3.4963585433070867
11
4.4006634251968499
21
-3.4921616929133856
0
LINE
8
BLACK
6
CONTINUOUS
10
4.4006634251968499
20
-3.4921616929133856
11
4.4042325590551181
21
-3.4885925590551179
0
LINE
8
BLACK
6
CONTINUOUS
10
4.4042325590551181
20
-3.4885925590551179
11
4.4084294094488188
21
-3.4857883070866142
0
LINE
8
BLACK
6
CONTINUOUS
10
4.4084294094488188
20
-3.4857883070866142
11
4.4130926771653538
21
-3.4838567322834644
0
LINE
8
BLACK
6
CONTINUOUS
10
4.4130926771653538
20
-3.4838567322834644
11
4.4180431889763776
21
-3.4828720078740156
0
LINE
8
BLACK
6
CONTINUOUS
10
4.4180431889763776
20
-3.4828720078740156
11
4.4230906692913381
21
-3.4828720078740156
0
LINE
8
BLACK
6
CONTINUOUS
10
4.4230906692913381
20
-3.4828720078740156
11
4.4280411811023619
21
-3.4838567322834644
0
LINE
8
BLACK
6
CONTINUOUS
10
4.5280411811023624
20
-3.4838567322834644
11
4.5327044488188974
21
-3.4857883070866142
0
LINE
8
BLACK
6
CONTINUOUS
10
4.5327044488188974
20
-3.4857883070866142
11
4.5369012992125981
21
-3.4885925590551179
0
LINE
8
BLACK
6
CONTINUOUS
10
4.5369012992125981
20
-3.4885925590551179
11
4.5404704330708663
21
-3.4921616929133856
0
LINE
8
BLACK
6
CONTINUOUS
10
4.5404704330708663
20
-3.4921616929133856
11
4.5432746850393704
21
-3.4963585433070867
0
LINE
8
BLACK
6
CONTINUOUS
10
4.5432746850393704
20
-3.4963585433070867
11
4.5452062598425194
21
-3.5010218110236218
0
LINE
8
BLACK
6
CONTINUOUS
10
4.5452062598425194
20
-3.5010218110236218
11
4.5461909842519681
21
-3.5059723228346455
0
LINE
8
BLACK
6
CONTINUOUS
10
4.5461909842519681
20
-3.5059723228346455
11
4.5461909842519681
21
-3.511019803149606
0
LINE
8
BLACK
6
CONTINUOUS
10
4.5461909842519681
20
-3.511019803149606
11
4.5452062598425194
21
-3.5159703149606298
0
LINE
8
BLACK
6
CONTINUOUS
10
4.5452062598425194
20
-3.5159703149606298
11
4.5432746850393704
21
-3.5206335826771653
0
LINE
8
BLACK
6
CONTINUOUS
10
4.5432746850393704
20
-3.5206335826771653
11
4.5404704330708663
21
-3.524830433070866
0
LINE
8
BLACK
6
CONTINUOUS
10
4.5404704330708663
20
-3.524830433070866
11
4.5369012992125981
21
-3.5283995669291337
0
LINE
8
BLACK
6
CONTINUOUS
10
4.5369012992125981
20
-3.5283995669291337
11
4.5327044488188974
21
-3.5312038188976378
0
LINE
8
BLACK
6
CONTINUOUS
10
4.5327044488188974
20
-3.5312038188976378
11
4.5280411811023624
21
-3.5331353937007872
0
LINE
8
BLACK
6
CONTINUOUS
10
4.5280411811023624
20
-3.5331353937007872
11
4.5230906692913386
21
-3.534120118110236
0
LINE
8
BLACK
6
CONTINUOUS
10
4.5230906692913386
20
-3.534120118110236
11
4.5180431889763781
21
-3.534120118110236
0
LINE
8
BLACK
6
CONTINUOUS
10
4.5180431889763781
20
-3.534120118110236
11
4.5130926771653543
21
-3.5331353937007872
0
LINE
8
BLACK
6
CONTINUOUS
10
4.5130926771653543
20
-3.5331353937007872
11
4.5084294094488184
21
-3.5312038188976378
0
LINE
8
BLACK
6
CONTINUOUS
10
4.5084294094488184
20
-3.5312038188976378
11
4.5042325590551178
21
-3.5283995669291337
0
LINE
8
BLACK
6
CONTINUOUS
10
4.5042325590551178
20
-3.5283995669291337
11
4.5006634251968505
21
-3.524830433070866
0
LINE
8
BLACK
6
CONTINUOUS
10
4.5006634251968505
20
-3.524830433070866
11
4.4978591732283464
21
-3.5206335826771653
0
LINE
8
BLACK
6
CONTINUOUS
10
4.4978591732283464
20
-3.5206335826771653
11
4.4959275984251965
21
-3.5159703149606298
0
LINE
8
BLACK
6
CONTINUOUS
10
4.4959275984251965
20
-3.5159703149606298
11
4.4949428740157478
21
-3.511019803149606
0
LINE
8
BLACK
6
CONTINUOUS
10
4.4949428740157478
20
-3.511019803149606
11
4.4949428740157478
21
-3.5059723228346455
0
LINE
8
BLACK
6
CONTINUOUS
10
4.4949428740157478
20
-3.5059723228346455
11
4.4959275984251965
21
-3.5010218110236218
0
LINE
8
BLACK
6
CONTINUOUS
10
4.4959275984251965
20
-3.5010218110236218
11
4.4978591732283464
21
-3.4963585433070867
0
LINE
8
BLACK
6
CONTINUOUS
10
4.4978591732283464
20
-3.4963585433070867
11
4.5006634251968505
21
-3.4921616929133856
0
LINE
8
BLACK
6
CONTINUOUS
10
4.5006634251968505
20
-3.4921616929133856
11
4.5042325590551178
21
-3.4885925590551179
0
LINE
8
BLACK
6
CONTINUOUS
10
4.5042325590551178
20
-3.4885925590551179
11
4.5084294094488184
21
-3.4857883070866142
0
LINE
8
BLACK
6
CONTINUOUS
10
4.5084294094488184
20
-3.4857883070866142
11
4.5130926771653543
21
-3.4838567322834644
0
LINE
8
BLACK
6
CONTINUOUS
10
4.5130926771653543
20
-3.4838567322834644
11
4.5180431889763781
21
-3.4828720078740156
0
LINE
8
BLACK
6
CONTINUOUS
10
4.5180431889763781
20
-3.4828720078740156
11
4.5230906692913386
21
-3.4828720078740156
0
LINE
8
BLACK
6
CONTINUOUS
10
4.5230906692913386
20
-3.4828720078740156
11
4.5280411811023624
21
-3.4838567322834644
0
LINE
8
BLACK
6
CONTINUOUS
10
4.6280411811023621
20
-3.4838567322834644
11
4.6327044488188971
21
-3.4857883070866142
0
LINE
8
BLACK
6
CONTINUOUS
10
4.6327044488188971
20
-3.4857883070866142
11
4.6369012992125986
21
-3.4885925590551179
0
LINE
8
BLACK
6
CONTINUOUS
10
4.6369012992125986
20
-3.4885925590551179
11
4.6404704330708659
21
-3.4921616929133856
0
LINE
8
BLACK
6
CONTINUOUS
10
4.6404704330708659
20
-3.4921616929133856
11
4.64327468503937
21
-3.4963585433070867
0
LINE
8
BLACK
6
CONTINUOUS
10
4.64327468503937
20
-3.4963585433070867
11
4.6452062598425199
21
-3.5010218110236218
0
LINE
8
BLACK
6
CONTINUOUS
10
4.6452062598425199
20
-3.5010218110236218
11
4.6461909842519686
21
-3.5059723228346455
0
LINE
8
BLACK
6
CONTINUOUS
10
4.6461909842519686
20
-3.5059723228346455
11
4.6461909842519686
21
-3.511019803149606
0
LINE
8
BLACK
6
CONTINUOUS
10
4.6461909842519686
20
-3.511019803149606
11
4.6452062598425199
21
-3.5159703149606298
0
LINE
8
BLACK
6
CONTINUOUS
10
4.6452062598425199
20
-3.5159703149606298
11
4.64327468503937
21
-3.5206335826771653
0
LINE
8
BLACK
6
CONTINUOUS
10
4.64327468503937
20
-3.5206335826771653
11
4.6404704330708659
21
-3.524830433070866
0
LINE
8
BLACK
6
CONTINUOUS
10
4.6404704330708659
20
-3.524830433070866
11
4.6369012992125986
21
-3.5283995669291337
0
LINE
8
BLACK
6
CONTINUOUS
10
4.6369012992125986
20
-3.5283995669291337
11
4.6327044488188971
21
-3.5312038188976378
0
LINE
8
BLACK
6
CONTINUOUS
10
4.6327044488188971
20
-3.5312038188976378
11
4.6280411811023621
21
-3.5331353937007872
0
LINE
8
BLACK
6
CONTINUOUS
10
4.6280411811023621
20
-3.5331353937007872
11
4.6230906692913383
21
-3.534120118110236
0
LINE
8
BLACK
6
CONTINUOUS
10
4.6230906692913383
20
-3.534120118110236
11
4.6180431889763778
21
-3.534120118110236
0
LINE
8
BLACK
6
CONTINUOUS
10
4.6180431889763778
20
-3.534120118110236
11
4.613092677165354
21
-3.5331353937007872
0
LINE
8
BLACK
6
CONTINUOUS
10
4.613092677165354
20
-3.5331353937007872
11
4.608429409448819
21
-3.5312038188976378
0
LINE
8
BLACK
6
CONTINUOUS
10
4.608429409448819
20
-3.5312038188976378
11
4.6042325590551183
21
-3.5283995669291337
0
LINE
8
BLACK
6
CONTINUOUS
10
4.6042325590551183
20
-3.5283995669291337
11
4.6006634251968501
21
-3.524830433070866
0
LINE
8
BLACK
6
CONTINUOUS
10
4.6006634251968501
20
-3.524830433070866
11
4.597859173228346
21
-3.5206335826771653
0
LINE
8
BLACK
6
CONTINUOUS
10
4.597859173228346
20
-3.5206335826771653
11
4.595927598425197
21
-3.5159703149606298
0
LINE
8
BLACK
6
CONTINUOUS
10
4.595927598425197
20
-3.5159703149606298
11
4.5949428740157483
21
-3.511019803149606
0
LINE
8
BLACK
6
CONTINUOUS
10
4.5949428740157483
20
-3.511019803149606
11
4.5949428740157483
21
-3.5059723228346455
0
LINE
8
BLACK
6
CONTINUOUS
10
4.5949428740157483
20
-3.5059723228346455
11
4.595927598425197
21
-3.5010218110236218
0
LINE
8
BLACK
6
CONTINUOUS
10
4.595927598425197
20
-3.5010218110236218
11
4.597859173228346
21
-3.4963585433070867
0
LINE
8
BLACK
6
CONTINUOUS
10
4.597859173228346
20
-3.4963585433070867
11
4.6006634251968501
21
-3.4921616929133856
0
LINE
8
BLACK
6
CONTINUOUS
10
4.6006634251968501
20
-3.4921616929133856
11
4.6042325590551183
21
-3.4885925590551179
0
LINE
8
BLACK
6
CONTINUOUS
10
4.6042325590551183
20
-3.4885925590551179
11
4.608429409448819
21
-3.4857883070866142
0
LINE
8
BLACK
6
CONTINUOUS
10
4.608429409448819
20
-3.4857883070866142
11
4.613092677165354
21
-3.4838567322834644
0
LINE
8
BLACK
6
CONTINUOUS
10
4.613092677165354
20
-3.4838567322834644
11
4.6180431889763778
21
-3.4828720078740156
0
LINE
8
BLACK
6
CONTINUOUS
10
4.6180431889763778
20
-3.4828720078740156
11
4.6230906692913383
21
-3.4828720078740156
0
LINE
8
BLACK
6
CONTINUOUS
10
4.6230906692913383
20
-3.4828720078740156
11
4.6280411811023621
21
-3.4838567322834644
0
LINE
8
BLACK
6
CONTINUOUS
10
4.7280411811023617
20
-3.4838567322834644
11
4.7327044488188976
21
-3.4857883070866142
0
LINE
8
BLACK
6
CONTINUOUS
10
4.7327044488188976
20
-3.4857883070866142
11
4.7369012992125983
21
-3.4885925590551179
0
LINE
8
BLACK
6
CONTINUOUS
10
4.7369012992125983
20
-3.4885925590551179
11
4.7404704330708665
21
-3.4921616929133856
0
LINE
8
BLACK
6
CONTINUOUS
10
4.7404704330708665
20
-3.4921616929133856
11
4.7432746850393697
21
-3.4963585433070867
0
LINE
8
BLACK
6
CONTINUOUS
10
4.7432746850393697
20
-3.4963585433070867
11
4.7452062598425195
21
-3.5010218110236218
0
LINE
8
BLACK
6
CONTINUOUS
10
4.7452062598425195
20
-3.5010218110236218
11
4.7461909842519683
21
-3.5059723228346455
0
LINE
8
BLACK
6
CONTINUOUS
10
4.7461909842519683
20
-3.5059723228346455
11
4.7461909842519683
21
-3.511019803149606
0
LINE
8
BLACK
6
CONTINUOUS
10
4.7461909842519683
20
-3.511019803149606
11
4.7452062598425195
21
-3.5159703149606298
0
LINE
8
BLACK
6
CONTINUOUS
10
4.7452062598425195
20
-3.5159703149606298
11
4.7432746850393697
21
-3.5206335826771653
0
LINE
8
BLACK
6
CONTINUOUS
10
4.7432746850393697
20
-3.5206335826771653
11
4.7404704330708665
21
-3.524830433070866
0
LINE
8
BLACK
6
CONTINUOUS
10
4.7404704330708665
20
-3.524830433070866
11
4.7369012992125983
21
-3.5283995669291337
0
LINE
8
BLACK
6
CONTINUOUS
10
4.7369012992125983
20
-3.5283995669291337
11
4.7327044488188976
21
-3.5312038188976378
0
LINE
8
BLACK
6
CONTINUOUS
10
4.7327044488188976
20
-3.5312038188976378
11
4.7280411811023617
21
-3.5331353937007872
0
LINE
8
BLACK
6
CONTINUOUS
10
4.7280411811023617
20
-3.5331353937007872
11
4.7230906692913388
21
-3.534120118110236
0
LINE
8
BLACK
6
CONTINUOUS
10
4.7230906692913388
20
-3.534120118110236
11
4.7180431889763774
21
-3.534120118110236
0
LINE
8
BLACK
6
CONTINUOUS
10
4.7180431889763774
20
-3.534120118110236
11
4.7130926771653545
21
-3.5331353937007872
0
LINE
8
BLACK
6
CONTINUOUS
10
4.7130926771653545
20
-3.5331353937007872
11
4.7084294094488186
21
-3.5312038188976378
0
LINE
8
BLACK
6
CONTINUOUS
10
4.7084294094488186
20
-3.5312038188976378
11
4.7042325590551179
21
-3.5283995669291337
0
LINE
8
BLACK
6
CONTINUOUS
10
4.7042325590551179
20
-3.5283995669291337
11
4.7006634251968507
21
-3.524830433070866
0
LINE
8
BLACK
6
CONTINUOUS
10
4.7006634251968507
20
-3.524830433070866
11
4.6978591732283466
21
-3.5206335826771653
0
LINE
8
BLACK
6
CONTINUOUS
10
4.6978591732283466
20
-3.5206335826771653
11
4.6959275984251967
21
-3.5159703149606298
0
LINE
8
BLACK
6
CONTINUOUS
10
4.6959275984251967
20
-3.5159703149606298
11
4.6949428740157479
21
-3.511019803149606
0
LINE
8
BLACK
6
CONTINUOUS
10
4.6949428740157479
20
-3.511019803149606
11
4.6949428740157479
21
-3.5059723228346455
0
LINE
8
BLACK
6
CONTINUOUS
10
4.6949428740157479
20
-3.5059723228346455
11
4.6959275984251967
21
-3.5010218110236218
0
LINE
8
BLACK
6
CONTINUOUS
10
4.6959275984251967
20
-3.5010218110236218
11
4.6978591732283466
21
-3.4963585433070867
0
LINE
8
BLACK
6
CONTINUOUS
10
4.6978591732283466
20
-3.4963585433070867
11
4.7006634251968507
21
-3.4921616929133856
0
LINE
8
BLACK
6
CONTINUOUS
10
4.7006634251968507
20
-3.4921616929133856
11
4.7042325590551179
21
-3.4885925590551179
0
LINE
8
BLACK
6
CONTINUOUS
10
4.7042325590551179
20
-3.4885925590551179
11
4.7084294094488186
21
-3.4857883070866142
0
LINE
8
BLACK
6
CONTINUOUS
10
4.7084294094488186
20
-3.4857883070866142
11
4.7130926771653545
21
-3.4838567322834644
0
LINE
8
BLACK
6
CONTINUOUS
10
4.7130926771653545
20
-3.4838567322834644
11
4.7180431889763774
21
-3.4828720078740156
0
LINE
8
BLACK
6
CONTINUOUS
10
4.7180431889763774
20
-3.4828720078740156
11
4.7230906692913388
21
-3.4828720078740156
0
LINE
8
BLACK
6
CONTINUOUS
10
4.7230906692913388
20
-3.4828720078740156
11
4.7280411811023617
21
-3.4838567322834644
0
LINE
8
BLACK
6
CONTINUOUS
10
4.8280411811023622
20
-3.4838567322834644
11
4.8327044488188973
21
-3.4857883070866142
0
LINE
8
BLACK
6
CONTINUOUS
10
4.8327044488188973
20
-3.4857883070866142
11
4.8369012992125979
21
-3.4885925590551179
0
LINE
8
BLACK
6
CONTINUOUS
10
4.8369012992125979
20
-3.4885925590551179
11
4.8404704330708661
21
-3.4921616929133856
0
LINE
8
BLACK
6
CONTINUOUS
10
4.8404704330708661
20
-3.4921616929133856
11
4.8432746850393702
21
-3.4963585433070867
0
LINE
8
BLACK
6
CONTINUOUS
10
4.8432746850393702
20
-3.4963585433070867
11
4.8452062598425192
21
-3.5010218110236218
0
LINE
8
BLACK
6
CONTINUOUS
10
4.8452062598425192
20
-3.5010218110236218
11
4.8461909842519688
21
-3.5059723228346455
0
LINE
8
BLACK
6
CONTINUOUS
10
4.8461909842519688
20
-3.5059723228346455
11
4.8461909842519688
21
-3.511019803149606
0
LINE
8
BLACK
6
CONTINUOUS
10
4.8461909842519688
20
-3.511019803149606
11
4.8452062598425192
21
-3.5159703149606298
0
LINE
8
BLACK
6
CONTINUOUS
10
4.8452062598425192
20
-3.5159703149606298
11
4.8432746850393702
21
-3.5206335826771653
0
LINE
8
BLACK
6
CONTINUOUS
10
4.8432746850393702
20
-3.5206335826771653
11
4.8404704330708661
21
-3.524830433070866
0
LINE
8
BLACK
6
CONTINUOUS
10
4.8404704330708661
20
-3.524830433070866
11
4.8369012992125979
21
-3.5283995669291337
0
LINE
8
BLACK
6
CONTINUOUS
10
4.8369012992125979
20
-3.5283995669291337
11
4.8327044488188973
21
-3.5312038188976378
0
LINE
8
BLACK
6
CONTINUOUS
10
4.8327044488188973
20
-3.5312038188976378
11
4.8280411811023622
21
-3.5331353937007872
0
LINE
8
BLACK
6
CONTINUOUS
10
4.8280411811023622
20
-3.5331353937007872
11
4.8230906692913385
21
-3.534120118110236
0
LINE
8
BLACK
6
CONTINUOUS
10
4.8230906692913385
20
-3.534120118110236
11
4.818043188976378
21
-3.534120118110236
0
LINE
8
BLACK
6
CONTINUOUS
10
4.818043188976378
20
-3.534120118110236
11
4.8130926771653542
21
-3.5331353937007872
0
LINE
8
BLACK
6
CONTINUOUS
10
4.8130926771653542
20
-3.5331353937007872
11
4.8084294094488191
21
-3.5312038188976378
0
LINE
8
BLACK
6
CONTINUOUS
10
4.8084294094488191
20
-3.5312038188976378
11
4.8042325590551176
21
-3.5283995669291337
0
LINE
8
BLACK
6
CONTINUOUS
10
4.8042325590551176
20
-3.5283995669291337
11
4.8006634251968503
21
-3.524830433070866
0
LINE
8
BLACK
6
CONTINUOUS
10
4.8006634251968503
20
-3.524830433070866
11
4.7978591732283462
21
-3.5206335826771653
0
LINE
8
BLACK
6
CONTINUOUS
10
4.7978591732283462
20
-3.5206335826771653
11
4.7959275984251963
21
-3.5159703149606298
0
LINE
8
BLACK
6
CONTINUOUS
10
4.7959275984251963
20
-3.5159703149606298
11
4.7949428740157476
21
-3.511019803149606
0
LINE
8
BLACK
6
CONTINUOUS
10
4.7949428740157476
20
-3.511019803149606
11
4.7949428740157476
21
-3.5059723228346455
0
LINE
8
BLACK
6
CONTINUOUS
10
4.7949428740157476
20
-3.5059723228346455
11
4.7959275984251963
21
-3.5010218110236218
0
LINE
8
BLACK
6
CONTINUOUS
10
4.7959275984251963
20
-3.5010218110236218
11
4.7978591732283462
21
-3.4963585433070867
0
LINE
8
BLACK
6
CONTINUOUS
10
4.7978591732283462
20
-3.4963585433070867
11
4.8006634251968503
21
-3.4921616929133856
0
LINE
8
BLACK
6
CONTINUOUS
10
4.8006634251968503
20
-3.4921616929133856
11
4.8042325590551176
21
-3.4885925590551179
0
LINE
8
BLACK
6
CONTINUOUS
10
4.8042325590551176
20
-3.4885925590551179
11
4.8084294094488191
21
-3.4857883070866142
0
LINE
8
BLACK
6
CONTINUOUS
10
4.8084294094488191
20
-3.4857883070866142
11
4.8130926771653542
21
-3.4838567322834644
0
LINE
8
BLACK
6
CONTINUOUS
10
4.8130926771653542
20
-3.4838567322834644
11
4.818043188976378
21
-3.4828720078740156
0
LINE
8
BLACK
6
CONTINUOUS
10
4.818043188976378
20
-3.4828720078740156
11
4.8230906692913385
21
-3.4828720078740156
0
LINE
8
BLACK
6
CONTINUOUS
10
4.8230906692913385
20
-3.4828720078740156
11
4.8280411811023622
21
-3.4838567322834644
0
LINE
8
BLACK
6
CONTINUOUS
10
4.9280411811023619
20
-3.4838567322834644
11
4.9327044488188978
21
-3.4857883070866142
0
LINE
8
BLACK
6
CONTINUOUS
10
4.9327044488188978
20
-3.4857883070866142
11
4.9369012992125985
21
-3.4885925590551179
0
LINE
8
BLACK
6
CONTINUOUS
10
4.9369012992125985
20
-3.4885925590551179
11
4.9404704330708658
21
-3.4921616929133856
0
LINE
8
BLACK
6
CONTINUOUS
10
4.9404704330708658
20
-3.4921616929133856
11
4.9432746850393698
21
-3.4963585433070867
0
LINE
8
BLACK
6
CONTINUOUS
10
4.9432746850393698
20
-3.4963585433070867
11
4.9452062598425197
21
-3.5010218110236218
0
LINE
8
BLACK
6
CONTINUOUS
10
4.9452062598425197
20
-3.5010218110236218
11
4.9461909842519685
21
-3.5059723228346455
0
LINE
8
BLACK
6
CONTINUOUS
10
4.9461909842519685
20
-3.5059723228346455
11
4.9461909842519685
21
-3.511019803149606
0
LINE
8
BLACK
6
CONTINUOUS
10
4.9461909842519685
20
-3.511019803149606
11
4.9452062598425197
21
-3.5159703149606298
0
LINE
8
BLACK
6
CONTINUOUS
10
4.9452062598425197
20
-3.5159703149606298
11
4.9432746850393698
21
-3.5206335826771653
0
LINE
8
BLACK
6
CONTINUOUS
10
4.9432746850393698
20
-3.5206335826771653
11
4.9404704330708658
21
-3.524830433070866
0
LINE
8
BLACK
6
CONTINUOUS
10
4.9404704330708658
20
-3.524830433070866
11
4.9369012992125985
21
-3.5283995669291337
0
LINE
8
BLACK
6
CONTINUOUS
10
4.9369012992125985
20
-3.5283995669291337
11
4.9327044488188978
21
-3.5312038188976378
0
LINE
8
BLACK
6
CONTINUOUS
10
4.9327044488188978
20
-3.5312038188976378
11
4.9280411811023619
21
-3.5331353937007872
0
LINE
8
BLACK
6
CONTINUOUS
10
4.9280411811023619
20
-3.5331353937007872
11
4.9230906692913381
21
-3.534120118110236
0
LINE
8
BLACK
6
CONTINUOUS
10
4.9230906692913381
20
-3.534120118110236
11
4.9180431889763776
21
-3.534120118110236
0
LINE
8
BLACK
6
CONTINUOUS
10
4.9180431889763776
20
-3.534120118110236
11
4.9130926771653538
21
-3.5331353937007872
0
LINE
8
BLACK
6
CONTINUOUS
10
4.9130926771653538
20
-3.5331353937007872
11
4.9084294094488188
21
-3.5312038188976378
0
LINE
8
BLACK
6
CONTINUOUS
10
4.9084294094488188
20
-3.5312038188976378
11
4.9042325590551181
21
-3.5283995669291337
0
LINE
8
BLACK
6
CONTINUOUS
10
4.9042325590551181
20
-3.5283995669291337
11
4.9006634251968499
21
-3.524830433070866
0
LINE
8
BLACK
6
CONTINUOUS
10
4.9006634251968499
20
-3.524830433070866
11
4.8978591732283467
21
-3.5206335826771653
0
LINE
8
BLACK
6
CONTINUOUS
10
4.8978591732283467
20
-3.5206335826771653
11
4.8959275984251969
21
-3.5159703149606298
0
LINE
8
BLACK
6
CONTINUOUS
10
4.8959275984251969
20
-3.5159703149606298
11
4.8949428740157481
21
-3.511019803149606
0
LINE
8
BLACK
6
CONTINUOUS
10
4.8949428740157481
20
-3.511019803149606
11
4.8949428740157481
21
-3.5059723228346455
0
LINE
8
BLACK
6
CONTINUOUS
10
4.8949428740157481
20
-3.5059723228346455
11
4.8959275984251969
21
-3.5010218110236218
0
LINE
8
BLACK
6
CONTINUOUS
10
4.8959275984251969
20
-3.5010218110236218
11
4.8978591732283467
21
-3.4963585433070867
0
LINE
8
BLACK
6
CONTINUOUS
10
4.8978591732283467
20
-3.4963585433070867
11
4.9006634251968499
21
-3.4921616929133856
0
LINE
8
BLACK
6
CONTINUOUS
10
4.9006634251968499
20
-3.4921616929133856
11
4.9042325590551181
21
-3.4885925590551179
0
LINE
8
BLACK
6
CONTINUOUS
10
4.9042325590551181
20
-3.4885925590551179
11
4.9084294094488188
21
-3.4857883070866142
0
LINE
8
BLACK
6
CONTINUOUS
10
4.9084294094488188
20
-3.4857883070866142
11
4.9130926771653538
21
-3.4838567322834644
0
LINE
8
BLACK
6
CONTINUOUS
10
4.9130926771653538
20
-3.4838567322834644
11
4.9180431889763776
21
-3.4828720078740156
0
LINE
8
BLACK
6
CONTINUOUS
10
4.9180431889763776
20
-3.4828720078740156
11
4.9230906692913381
21
-3.4828720078740156
0
LINE
8
BLACK
6
CONTINUOUS
10
4.9230906692913381
20
-3.4828720078740156
11
4.9280411811023619
21
-3.4838567322834644
0
LINE
8
BLACK
6
CONTINUOUS
10
7.0367376771653545
20
-3.3128907086614174
11
7.0392921653543308
21
-3.314597598425197
0
LINE
8
BLACK
6
CONTINUOUS
10
7.0392921653543308
20
-3.314597598425197
11
7.0409990551181103
21
-3.3171520866141733
0
LINE
8
BLACK
6
CONTINUOUS
10
7.0409990551181103
20
-3.3171520866141733
11
7.0415984251968506
21
-3.3201653543307086
0
LINE
8
BLACK
6
CONTINUOUS
10
7.0415984251968506
20
-3.3201653543307086
11
7.0415984251968506
21
-3.3418188976377952
0
LINE
8
BLACK
6
CONTINUOUS
10
7.0415984251968506
20
-3.3418188976377952
11
7.0409990551181103
21
-3.3448321653543305
0
LINE
8
BLACK
6
CONTINUOUS
10
7.0409990551181103
20
-3.3448321653543305
11
7.0392921653543308
21
-3.3473866535433072
0
LINE
8
BLACK
6
CONTINUOUS
10
7.0392921653543308
20
-3.3473866535433072
11
7.0367376771653545
21
-3.3490935433070868
0
LINE
8
BLACK
6
CONTINUOUS
10
7.0367376771653545
20
-3.3490935433070868
11
7.0366771653543303
21
-3.3491055511811023
0
LINE
8
BLACK
6
CONTINUOUS
10
7.0366771653543303
20
-3.3491055511811023
11
7.0366771653543303
21
-3.3933246456692912
0
LINE
8
BLACK
6
CONTINUOUS
10
7.0366771653543303
20
-3.3933246456692912
11
7.0367623622047244
21
-3.3934722440944882
0
LINE
8
BLACK
6
CONTINUOUS
10
7.0367623622047244
20
-3.3934722440944882
11
7.0375603543307088
21
-3.3964504724409448
0
LINE
8
BLACK
6
CONTINUOUS
10
7.0375603543307088
20
-3.3964504724409448
11
7.0375603543307088
21
-3.3995337795275589
0
LINE
8
BLACK
6
CONTINUOUS
10
7.0375603543307088
20
-3.3995337795275589
11
7.0367623622047244
21
-3.4025120078740159
0
LINE
8
BLACK
6
CONTINUOUS
10
7.0367623622047244
20
-3.4025120078740159
11
7.0366771653543303
21
-3.4026595669291337
0
LINE
8
BLACK
6
CONTINUOUS
10
7.0366771653543303
20
-3.4026595669291337
11
7.0366771653543303
21
-3.4558786614173229
0
LINE
8
BLACK
6
CONTINUOUS
10
7.0366771653543303
20
-3.4558786614173229
11
7.0367376771653545
21
-3.4558907086614172
0
LINE
8
BLACK
6
CONTINUOUS
10
7.0367376771653545
20
-3.4558907086614172
11
7.0392921653543308
21
-3.4575975984251968
0
LINE
8
BLACK
6
CONTINUOUS
10
7.0392921653543308
20
-3.4575975984251968
11
7.0409990551181103
21
-3.4601520866141731
0
LINE
8
BLACK
6
CONTINUOUS
10
7.0409990551181103
20
-3.4601520866141731
11
7.0415984251968506
21
-3.4631653543307084
0
LINE
8
BLACK
6
CONTINUOUS
10
7.0415984251968506
20
-3.4631653543307084
11
7.0415984251968506
21
-3.4848188976377954
0
LINE
8
BLACK
6
CONTINUOUS
10
7.0415984251968506
20
-3.4848188976377954
11
7.0409990551181103
21
-3.4878321653543307
0
LINE
8
BLACK
6
CONTINUOUS
10
7.0409990551181103
20
-3.4878321653543307
11
7.0392921653543308
21
-3.490386653543307
0
LINE
8
BLACK
6
CONTINUOUS
10
7.0392921653543308
20
-3.490386653543307
11
7.0367376771653545
21
-3.4920935433070865
0
LINE
8
BLACK
6
CONTINUOUS
10
7.0367376771653545
20
-3.4920935433070865
11
7.0337244094488192
21
-3.4926929133858269
0
LINE
8
BLACK
6
CONTINUOUS
10
7.0337244094488192
20
-3.4926929133858269
11
7.0179763779527553
21
-3.4926929133858269
0
LINE
8
BLACK
6
CONTINUOUS
10
7.0179763779527553
20
-3.4926929133858269
11
7.01496311023622
21
-3.4920935433070865
0
LINE
8
BLACK
6
CONTINUOUS
10
7.01496311023622
20
-3.4920935433070865
11
7.0124086220472437
21
-3.490386653543307
0
LINE
8
BLACK
6
CONTINUOUS
10
7.0124086220472437
20
-3.490386653543307
11
7.0107017322834642
21
-3.4878321653543307
0
LINE
8
BLACK
6
CONTINUOUS
10
7.0107017322834642
20
-3.4878321653543307
11
7.0101023622047238
21
-3.4848188976377954
0
LINE
8
BLACK
6
CONTINUOUS
10
7.0101023622047238
20
-3.4848188976377954
11
7.0101023622047238
21
-3.4631653543307084
0
LINE
8
BLACK
6
CONTINUOUS
10
7.0101023622047238
20
-3.4631653543307084
11
7.0107017322834642
21
-3.4601520866141731
0
LINE
8
BLACK
6
CONTINUOUS
10
7.0107017322834642
20
-3.4601520866141731
11
7.0124086220472437
21
-3.4575975984251968
0
LINE
8
BLACK
6
CONTINUOUS
10
7.0124086220472437
20
-3.4575975984251968
11
7.01496311023622
21
-3.4558907086614172
0
LINE
8
BLACK
6
CONTINUOUS
10
7.01496311023622
20
-3.4558907086614172
11
7.0150236220472442
21
-3.4558786614173229
0
LINE
8
BLACK
6
CONTINUOUS
10
7.0150236220472442
20
-3.4558786614173229
11
7.0150236220472442
21
-3.4026595669291337
0
LINE
8
BLACK
6
CONTINUOUS
10
7.0150236220472442
20
-3.4026595669291337
11
7.0149384251968501
21
-3.4025120078740159
0
LINE
8
BLACK
6
CONTINUOUS
10
7.0149384251968501
20
-3.4025120078740159
11
7.0141404330708657
21
-3.3995337795275589
0
LINE
8
BLACK
6
CONTINUOUS
10
7.0141404330708657
20
-3.3995337795275589
11
7.0141404330708657
21
-3.3964504724409448
0
LINE
8
BLACK
6
CONTINUOUS
10
7.0141404330708657
20
-3.3964504724409448
11
7.0149384251968501
21
-3.3934722440944882
0
LINE
8
BLACK
6
CONTINUOUS
10
7.0149384251968501
20
-3.3934722440944882
11
7.0150236220472442
21
-3.3933246456692912
0
LINE
8
BLACK
6
CONTINUOUS
10
7.0150236220472442
20
-3.3933246456692912
11
7.0150236220472442
21
-3.3491055511811023
0
LINE
8
BLACK
6
CONTINUOUS
10
7.0150236220472442
20
-3.3491055511811023
11
7.01496311023622
21
-3.3490935433070868
0
LINE
8
BLACK
6
CONTINUOUS
10
7.01496311023622
20
-3.3490935433070868
11
7.0124086220472437
21
-3.3473866535433072
0
LINE
8
BLACK
6
CONTINUOUS
10
7.0124086220472437
20
-3.3473866535433072
11
7.0107017322834642
21
-3.3448321653543305
0
LINE
8
BLACK
6
CONTINUOUS
10
7.0107017322834642
20
-3.3448321653543305
11
7.0101023622047238
21
-3.3418188976377952
0
LINE
8
BLACK
6
CONTINUOUS
10
7.0101023622047238
20
-3.3418188976377952
11
7.0101023622047238
21
-3.3201653543307086
0
LINE
8
BLACK
6
CONTINUOUS
10
7.0101023622047238
20
-3.3201653543307086
11
7.0107017322834642
21
-3.3171520866141733
0
LINE
8
BLACK
6
CONTINUOUS
10
7.0107017322834642
20
-3.3171520866141733
11
7.0124086220472437
21
-3.314597598425197
0
LINE
8
BLACK
6
CONTINUOUS
10
7.0124086220472437
20
-3.314597598425197
11
7.01496311023622
21
-3.3128907086614174
0
LINE
8
BLACK
6
CONTINUOUS
10
7.01496311023622
20
-3.3128907086614174
11
7.0179763779527553
21
-3.3122913385826771
0
LINE
8
BLACK
6
CONTINUOUS
10
7.0179763779527553
20
-3.3122913385826771
11
7.0337244094488192
21
-3.3122913385826771
0
LINE
8
BLACK
6
CONTINUOUS
10
7.0337244094488192
20
-3.3122913385826771
11
7.0367376771653545
21
-3.3128907086614174
0
LINE
8
BLACK
6
CONTINUOUS
10
7.2847086614173229
20
-3.4886692913385824
11
7.2571496062992127
21
-3.4886692913385824
0
LINE
8
BLACK
6
CONTINUOUS
10
7.2571496062992127
20
-3.4886692913385824
11
7.2571496062992127
21
-3.4768582677165352
0
LINE
8
BLACK
6
CONTINUOUS
10
7.2571496062992127
20
-3.4768582677165352
11
7.2847086614173229
21
-3.4768582677165352
0
LINE
8
BLACK
6
CONTINUOUS
10
7.2847086614173229
20
-3.4768582677165352
11
7.2847086614173229
21
-3.4886692913385824
0
LINE
8
BLACK
6
CONTINUOUS
10
7.3516377952755905
20
-3.478826771653543
11
7.3240787401574803
21
-3.478826771653543
0
LINE
8
BLACK
6
CONTINUOUS
10
7.3240787401574803
20
-3.478826771653543
11
7.3240787401574803
21
-3.4670157480314958
0
LINE
8
BLACK
6
CONTINUOUS
10
7.3240787401574803
20
-3.4670157480314958
11
7.3516377952755905
21
-3.4670157480314958
0
LINE
8
BLACK
6
CONTINUOUS
10
7.3516377952755905
20
-3.4670157480314958
11
7.3516377952755905
21
-3.478826771653543
0
LINE
8
BLACK
6
CONTINUOUS
10
7.2847086614173229
20
-3.4689842519685037
11
7.2571496062992127
21
-3.4689842519685037
0
LINE
8
BLACK
6
CONTINUOUS
10
7.2571496062992127
20
-3.4689842519685037
11
7.2571496062992127
21
-3.4571732283464565
0
LINE
8
BLACK
6
CONTINUOUS
10
7.2571496062992127
20
-3.4571732283464565
11
7.2847086614173229
21
-3.4571732283464565
0
LINE
8
BLACK
6
CONTINUOUS
10
7.2847086614173229
20
-3.4571732283464565
11
7.2847086614173229
21
-3.4689842519685037
0
LINE
8
BLACK
6
CONTINUOUS
10
7.3516377952755905
20
-3.4591417322834643
11
7.3240787401574803
21
-3.4591417322834643
0
LINE
8
BLACK
6
CONTINUOUS
10
7.3240787401574803
20
-3.4591417322834643
11
7.3240787401574803
21
-3.4473307086614171
0
LINE
8
BLACK
6
CONTINUOUS
10
7.3240787401574803
20
-3.4473307086614171
11
7.3516377952755905
21
-3.4473307086614171
0
LINE
8
BLACK
6
CONTINUOUS
10
7.3516377952755905
20
-3.4473307086614171
11
7.3516377952755905
21
-3.4591417322834643
0
LINE
8
BLACK
6
CONTINUOUS
10
7.2847086614173229
20
-3.449299212598425
11
7.2571496062992127
21
-3.449299212598425
0
LINE
8
BLACK
6
CONTINUOUS
10
7.2571496062992127
20
-3.449299212598425
11
7.2571496062992127
21
-3.4374881889763778
0
LINE
8
BLACK
6
CONTINUOUS
10
7.2571496062992127
20
-3.4374881889763778
11
7.2847086614173229
21
-3.4374881889763778
0
LINE
8
BLACK
6
CONTINUOUS
10
7.2847086614173229
20
-3.4374881889763778
11
7.2847086614173229
21
-3.449299212598425
0
LINE
8
BLACK
6
CONTINUOUS
10
7.5928583070866136
20
-2.9922673228346457
11
7.5972245669291336
21
-2.9944018503937007
0
LINE
8
BLACK
6
CONTINUOUS
10
7.5972245669291336
20
-2.9944018503937007
11
7.6006611417322834
21
-2.9978384251968504
0
LINE
8
BLACK
6
CONTINUOUS
10
7.6006611417322834
20
-2.9978384251968504
11
7.6027956692913383
21
-3.00220468503937
0
LINE
8
BLACK
6
CONTINUOUS
10
7.6027956692913383
20
-3.00220468503937
11
7.6034094488188977
21
-3.0064173228346456
0
LINE
8
BLACK
6
CONTINUOUS
10
7.6034094488188977
20
-3.0064173228346456
11
7.6034094488188977
21
-3.0556299212598423
0
LINE
8
BLACK
6
CONTINUOUS
10
7.6034094488188977
20
-3.0556299212598423
11
7.6027956692913383
21
-3.0598425590551179
0
LINE
8
BLACK
6
CONTINUOUS
10
7.6027956692913383
20
-3.0598425590551179
11
7.6006611417322834
21
-3.0642088188976375
0
LINE
8
BLACK
6
CONTINUOUS
10
7.6006611417322834
20
-3.0642088188976375
11
7.5972245669291336
21
-3.0676453937007873
0
LINE
8
BLACK
6
CONTINUOUS
10
7.5972245669291336
20
-3.0676453937007873
11
7.5928583070866136
21
-3.0697799212598427
0
LINE
8
BLACK
6
CONTINUOUS
10
7.5928583070866136
20
-3.0697799212598427
11
7.5886456692913384
21
-3.0703937007874016
0
LINE
8
BLACK
6
CONTINUOUS
10
7.5886456692913384
20
-3.0703937007874016
11
7.5847086614173227
21
-3.0703937007874016
0
LINE
8
BLACK
6
CONTINUOUS
10
7.5847086614173227
20
-3.0703937007874016
11
7.5847086614173227
21
-3.0764409448818899
0
LINE
8
BLACK
6
CONTINUOUS
10
7.5847086614173227
20
-3.0764409448818899
11
7.5845006299212594
21
-3.0785531496062992
0
LINE
8
BLACK
6
CONTINUOUS
10
7.5845006299212594
20
-3.0785531496062992
11
7.5828840157480313
21
-3.0824559842519683
0
LINE
8
BLACK
6
CONTINUOUS
10
7.5828840157480313
20
-3.0824559842519683
11
7.5815375590551177
21
-3.0840966535433072
0
LINE
8
BLACK
6
CONTINUOUS
10
7.5815375590551177
20
-3.0840966535433072
11
7.5174824409448817
21
-3.1481517322834645
0
LINE
8
BLACK
6
CONTINUOUS
10
7.5174824409448817
20
-3.1481517322834645
11
7.5158418110236216
21
-3.149498188976378
0
LINE
8
BLACK
6
CONTINUOUS
10
7.5158418110236216
20
-3.149498188976378
11
7.5119389763779525
21
-3.1511148031496061
0
LINE
8
BLACK
6
CONTINUOUS
10
7.5119389763779525
20
-3.1511148031496061
11
7.5098267716535432
21
-3.1513228346456694
0
LINE
8
BLACK
6
CONTINUOUS
10
7.5098267716535432
20
-3.1513228346456694
11
7.3973464566929135
21
-3.1513228346456694
0
LINE
8
BLACK
6
CONTINUOUS
10
7.3973464566929135
20
-3.1513228346456694
11
7.3952342519685041
21
-3.1511148031496061
0
LINE
8
BLACK
6
CONTINUOUS
10
7.3952342519685041
20
-3.1511148031496061
11
7.3936176771653539
21
-3.150445157480315
0
LINE
8
BLACK
6
CONTINUOUS
10
7.3936176771653539
20
-3.150445157480315
11
7.3913314566929129
21
-3.1494982283464568
0
LINE
8
BLACK
6
CONTINUOUS
10
7.3913314566929129
20
-3.1494982283464568
11
7.3896907874015749
21
-3.1481517716535432
0
LINE
8
BLACK
6
CONTINUOUS
10
7.3896907874015749
20
-3.1481517716535432
11
7.2922319685039367
21
-3.0506929133858267
0
LINE
8
BLACK
6
CONTINUOUS
10
7.2922319685039367
20
-3.0506929133858267
11
7.2799842519685036
21
-3.0506929133858267
0
LINE
8
BLACK
6
CONTINUOUS
10
7.2799842519685036
20
-3.0506929133858267
11
7.2799017322834647
21
-3.0506764960629922
0
LINE
8
BLACK
6
CONTINUOUS
10
7.2799017322834647
20
-3.0506764960629922
11
7.2088897637795277
21
-3.1216884645669292
0
LINE
8
BLACK
6
CONTINUOUS
10
7.2088897637795277
20
-3.1216884645669292
11
7.2088897637795277
21
-3.2791697637795276
0
LINE
8
BLACK
6
CONTINUOUS
10
7.2088897637795277
20
-3.2791697637795276
11
7.2481137007874015
21
-3.3183937007874014
0
LINE
8
BLACK
6
CONTINUOUS
10
7.2481137007874015
20
-3.3183937007874014
11
7.2709291338582673
21
-3.3183937007874014
0
LINE
8
BLACK
6
CONTINUOUS
10
7.2709291338582673
20
-3.3183937007874014
11
7.2965984251968505
21
-3.3183937007874014
0
LINE
8
BLACK
6
CONTINUOUS
10
7.2965984251968505
20
-3.3183937007874014
11
7.2979425590551177
21
-3.3185261023622048
0
LINE
8
BLACK
6
CONTINUOUS
10
7.2979425590551177
20
-3.3185261023622048
11
7.3004261811023623
21
-3.3195548425196848
0
LINE
8
BLACK
6
CONTINUOUS
10
7.3004261811023623
20
-3.3195548425196848
11
7.3004263385826773
21
-3.3195549999999998
0
LINE
8
BLACK
6
CONTINUOUS
10
7.3004263385826773
20
-3.3195549999999998
11
7.3014702362204726
21
-3.320411653543307
0
LINE
8
BLACK
6
CONTINUOUS
10
7.3014702362204726
20
-3.320411653543307
11
7.3094387401574803
21
-3.3283801574803147
0
LINE
8
BLACK
6
CONTINUOUS
10
7.3094387401574803
20
-3.3283801574803147
11
7.3102953543307088
21
-3.3294240157480313
0
LINE
8
BLACK
6
CONTINUOUS
10
7.3102953543307088
20
-3.3294240157480313
11
7.3102955511811025
21
-3.329424212598425
0
LINE
8
BLACK
6
CONTINUOUS
10
7.3102955511811025
20
-3.329424212598425
11
7.3102955511811025
21
-3.3294242519685038
0
LINE
8
BLACK
6
CONTINUOUS
10
7.3102955511811025
20
-3.3294242519685038
11
7.3113243307086613
21
-3.331907874015748
0
LINE
8
BLACK
6
CONTINUOUS
10
7.3113243307086613
20
-3.331907874015748
11
7.3113243307086613
21
-3.3319082283464567
0
LINE
8
BLACK
6
CONTINUOUS
10
7.3113243307086613
20
-3.3319082283464567
11
7.311456692913386
21
-3.3332519685039368
0
LINE
8
BLACK
6
CONTINUOUS
10
7.311456692913386
20
-3.3332519685039368
11
7.311456692913386
21
-3.4196422047244095
0
LINE
8
BLACK
6
CONTINUOUS
10
7.311456692913386
20
-3.4196422047244095
11
7.3184759055118107
21
-3.4266614173228347
0
LINE
8
BLACK
6
CONTINUOUS
10
7.3184759055118107
20
-3.4266614173228347
11
7.3378582677165349
21
-3.4266614173228347
0
LINE
8
BLACK
6
CONTINUOUS
10
7.3378582677165349
20
-3.4266614173228347
11
7.339202401574803
21
-3.4267938188976377
0
LINE
8
BLACK
6
CONTINUOUS
10
7.339202401574803
20
-3.4267938188976377
11
7.3412589763779525
21
-3.4276456692913384
0
LINE
8
BLACK
6
CONTINUOUS
10
7.3412589763779525
20
-3.4276456692913384
11
7.3516377952755905
21
-3.4276456692913384
0
LINE
8
BLACK
6
CONTINUOUS
10
7.3516377952755905
20
-3.4276456692913384
11
7.3516377952755905
21
-3.4394566929133856
0
LINE
8
BLACK
6
CONTINUOUS
10
7.3516377952755905
20
-3.4394566929133856
11
7.3412589763779525
21
-3.4394566929133856
0
LINE
8
BLACK
6
CONTINUOUS
10
7.3412589763779525
20
-3.4394566929133856
11
7.339202401574803
21
-3.4403085433070864
0
LINE
8
BLACK
6
CONTINUOUS
10
7.339202401574803
20
-3.4403085433070864
11
7.3378582677165349
21
-3.4404409448818898
0
LINE
8
BLACK
6
CONTINUOUS
10
7.3378582677165349
20
-3.4404409448818898
11
7.3156220472440943
21
-3.4404409448818898
0
LINE
8
BLACK
6
CONTINUOUS
10
7.3156220472440943
20
-3.4404409448818898
11
7.3142779133858262
21
-3.4403085433070864
0
LINE
8
BLACK
6
CONTINUOUS
10
7.3142779133858262
20
-3.4403085433070864
11
7.3117942913385825
21
-3.4392798031496064
0
LINE
8
BLACK
6
CONTINUOUS
10
7.3117942913385825
20
-3.4392798031496064
11
7.3117940944881887
21
-3.4392796062992126
0
LINE
8
BLACK
6
CONTINUOUS
10
7.3117940944881887
20
-3.4392796062992126
11
7.3107502362204722
21
-3.4384229921259841
0
LINE
8
BLACK
6
CONTINUOUS
10
7.3107502362204722
20
-3.4384229921259841
11
7.2996951181102361
21
-3.4273678740157481
0
LINE
8
BLACK
6
CONTINUOUS
10
7.2996951181102361
20
-3.4273678740157481
11
7.2988384645669289
21
-3.4263239763779527
0
LINE
8
BLACK
6
CONTINUOUS
10
7.2988384645669289
20
-3.4263239763779527
11
7.2988383070866139
21
-3.4263238188976377
0
LINE
8
BLACK
6
CONTINUOUS
10
7.2988383070866139
20
-3.4263238188976377
11
7.2978095669291339
21
-3.4238401968503935
0
LINE
8
BLACK
6
CONTINUOUS
10
7.2978095669291339
20
-3.4238401968503935
11
7.2976771653543304
21
-3.4224960629921259
0
LINE
8
BLACK
6
CONTINUOUS
10
7.2976771653543304
20
-3.4224960629921259
11
7.2976771653543304
21
-3.3361058267716537
0
LINE
8
BLACK
6
CONTINUOUS
10
7.2976771653543304
20
-3.3361058267716537
11
7.2937445669291341
21
-3.3321732283464565
0
LINE
8
BLACK
6
CONTINUOUS
10
7.2937445669291341
20
-3.3321732283464565
11
7.2709291338582673
21
-3.3321732283464565
0
LINE
8
BLACK
6
CONTINUOUS
10
7.2709291338582673
20
-3.3321732283464565
11
7.245259842519685
21
-3.3321732283464565
0
LINE
8
BLACK
6
CONTINUOUS
10
7.245259842519685
20
-3.3321732283464565
11
7.2439161023622045
21
-3.3320408661417322
0
LINE
8
BLACK
6
CONTINUOUS
10
7.2439161023622045
20
-3.3320408661417322
11
7.2439157480314957
21
-3.3320408661417322
0
LINE
8
BLACK
6
CONTINUOUS
10
7.2439157480314957
20
-3.3320408661417322
11
7.242460866141732
21
-3.331438188976378
0
LINE
8
BLACK
6
CONTINUOUS
10
7.242460866141732
20
-3.331438188976378
11
7.2414320866141733
21
-3.331012086614173
0
LINE
8
BLACK
6
CONTINUOUS
10
7.2414320866141733
20
-3.331012086614173
11
7.2414318897637795
21
-3.3310118897637793
0
LINE
8
BLACK
6
CONTINUOUS
10
7.2414318897637795
20
-3.3310118897637793
11
7.2403880314960629
21
-3.3301552755905512
0
LINE
8
BLACK
6
CONTINUOUS
10
7.2403880314960629
20
-3.3301552755905512
11
7.1971281889763778
21
-3.2868954330708662
0
LINE
8
BLACK
6
CONTINUOUS
10
7.1971281889763778
20
-3.2868954330708662
11
7.1962715354330706
21
-3.2858515354330708
0
LINE
8
BLACK
6
CONTINUOUS
10
7.1962715354330706
20
-3.2858515354330708
11
7.1962713779527556
21
-3.2858513779527558
0
LINE
8
BLACK
6
CONTINUOUS
10
7.1962713779527556
20
-3.2858513779527558
11
7.1952426377952756
21
-3.2833677559055117
0
LINE
8
BLACK
6
CONTINUOUS
10
7.1952426377952756
20
-3.2833677559055117
11
7.1951102362204722
21
-3.2820236220472441
0
LINE
8
BLACK
6
CONTINUOUS
10
7.1951102362204722
20
-3.2820236220472441
11
7.1951102362204722
21
-3.1188346456692915
0
LINE
8
BLACK
6
CONTINUOUS
10
7.1951102362204722
20
-3.1188346456692915
11
7.1952426377952756
21
-3.1174905118110234
0
LINE
8
BLACK
6
CONTINUOUS
10
7.1952426377952756
20
-3.1174905118110234
11
7.1962713779527556
21
-3.1150068897637793
0
LINE
8
BLACK
6
CONTINUOUS
10
7.1962713779527556
20
-3.1150068897637793
11
7.1962715354330706
21
-3.1150066929133859
0
LINE
8
BLACK
6
CONTINUOUS
10
7.1962715354330706
20
-3.1150066929133859
11
7.1971281889763778
21
-3.1139628346456694
0
LINE
8
BLACK
6
CONTINUOUS
10
7.1971281889763778
20
-3.1139628346456694
11
7.2711259842519684
21
-3.0399650393700788
0
LINE
8
BLACK
6
CONTINUOUS
10
7.2711259842519684
20
-3.0399650393700788
11
7.2711259842519684
21
-3.0221496062992124
0
LINE
8
BLACK
6
CONTINUOUS
10
7.2711259842519684
20
-3.0221496062992124
11
7.2718002755905511
21
-3.0187596850393699
0
LINE
8
BLACK
6
CONTINUOUS
10
7.2718002755905511
20
-3.0187596850393699
11
7.2737205118110237
21
-3.015885866141732
0
LINE
8
BLACK
6
CONTINUOUS
10
7.2737205118110237
20
-3.015885866141732
11
7.2765943307086616
21
-3.0139656299212598
0
LINE
8
BLACK
6
CONTINUOUS
10
7.2765943307086616
20
-3.0139656299212598
11
7.2799842519685036
21
-3.0132913385826772
0
LINE
8
BLACK
6
CONTINUOUS
10
7.2799842519685036
20
-3.0132913385826772
11
7.2977007874015749
21
-3.0132913385826772
0
LINE
8
BLACK
6
CONTINUOUS
10
7.2977007874015749
20
-3.0132913385826772
11
7.301090708661417
21
-3.0139656299212598
0
LINE
8
BLACK
6
CONTINUOUS
10
7.301090708661417
20
-3.0139656299212598
11
7.3039645275590548
21
-3.015885866141732
0
LINE
8
BLACK
6
CONTINUOUS
10
7.3039645275590548
20
-3.015885866141732
11
7.3058847637795274
21
-3.0187596850393699
0
LINE
8
BLACK
6
CONTINUOUS
10
7.3058847637795274
20
-3.0187596850393699
11
7.3065590551181101
21
-3.0221496062992124
0
LINE
8
BLACK
6
CONTINUOUS
10
7.3065590551181101
20
-3.0221496062992124
11
7.3065590551181101
21
-3.0343972834645667
0
LINE
8
BLACK
6
CONTINUOUS
10
7.3065590551181101
20
-3.0343972834645667
11
7.4018310629921258
21
-3.1296692913385824
0
LINE
8
BLACK
6
CONTINUOUS
10
7.4018310629921258
20
-3.1296692913385824
11
7.5053422047244096
21
-3.1296692913385824
0
LINE
8
BLACK
6
CONTINUOUS
10
7.5053422047244096
20
-3.1296692913385824
11
7.5630551181102357
21
-3.0719563385826771
0
LINE
8
BLACK
6
CONTINUOUS
10
7.5630551181102357
20
-3.0719563385826771
11
7.5630551181102357
21
-3.0703937007874016
0
LINE
8
BLACK
6
CONTINUOUS
10
7.5630551181102357
20
-3.0703937007874016
11
7.5591181102362199
21
-3.0703937007874016
0
LINE
8
BLACK
6
CONTINUOUS
10
7.5591181102362199
20
-3.0703937007874016
11
7.5549054724409448
21
-3.0697799212598427
0
LINE
8
BLACK
6
CONTINUOUS
10
7.5549054724409448
20
-3.0697799212598427
11
7.5505392125984248
21
-3.0676453937007873
0
LINE
8
BLACK
6
CONTINUOUS
10
7.5505392125984248
20
-3.0676453937007873
11
7.547102637795275
21
-3.0642088188976375
0
LINE
8
BLACK
6
CONTINUOUS
10
7.547102637795275
20
-3.0642088188976375
11
7.54496811023622
21
-3.0598425590551179
0
LINE
8
BLACK
6
CONTINUOUS
10
7.54496811023622
20
-3.0598425590551179
11
7.5443543307086616
21
-3.0556299212598423
0
LINE
8
BLACK
6
CONTINUOUS
10
7.5443543307086616
20
-3.0556299212598423
11
7.5443543307086616
21
-3.0064173228346456
0
LINE
8
BLACK
6
CONTINUOUS
10
7.5443543307086616
20
-3.0064173228346456
11
7.54496811023622
21
-3.00220468503937
0
LINE
8
BLACK
6
CONTINUOUS
10
7.54496811023622
20
-3.00220468503937
11
7.547102637795275
21
-2.9978384251968504
0
LINE
8
BLACK
6
CONTINUOUS
10
7.547102637795275
20
-2.9978384251968504
11
7.5505392125984248
21
-2.9944018503937007
0
LINE
8
BLACK
6
CONTINUOUS
10
7.5505392125984248
20
-2.9944018503937007
11
7.5549054724409448
21
-2.9922673228346457
0
LINE
8
BLACK
6
CONTINUOUS
10
7.5549054724409448
20
-2.9922673228346457
11
7.5591181102362199
21
-2.9916535433070863
0
LINE
8
BLACK
6
CONTINUOUS
10
7.5591181102362199
20
-2.9916535433070863
11
7.5886456692913384
21
-2.9916535433070863
0
LINE
8
BLACK
6
CONTINUOUS
10
7.5886456692913384
20
-2.9916535433070863
11
7.5928583070866136
21
-2.9922673228346457
0
LINE
8
BLACK
6
CONTINUOUS
10
7.2847086614173229
20
-3.4296141732283463
11
7.2571496062992127
21
-3.4296141732283463
0
LINE
8
BLACK
6
CONTINUOUS
10
7.2571496062992127
20
-3.4296141732283463
11
7.2571496062992127
21
-3.4178031496062991
0
LINE
8
BLACK
6
CONTINUOUS
10
7.2571496062992127
20
-3.4178031496062991
11
7.2847086614173229
21
-3.4178031496062991
0
LINE
8
BLACK
6
CONTINUOUS
10
7.2847086614173229
20
-3.4178031496062991
11
7.2847086614173229
21
-3.4296141732283463
0
LINE
8
BLACK
6
CONTINUOUS
10
7.3516377952755905
20
-3.4197716535433069
11
7.3240787401574803
21
-3.4197716535433069
0
LINE
8
BLACK
6
CONTINUOUS
10
7.3240787401574803
20
-3.4197716535433069
11
7.3240787401574803
21
-3.4079606299212597
0
LINE
8
BLACK
6
CONTINUOUS
10
7.3240787401574803
20
-3.4079606299212597
11
7.3516377952755905
21
-3.4079606299212597
0
LINE
8
BLACK
6
CONTINUOUS
10
7.3516377952755905
20
-3.4079606299212597
11
7.3516377952755905
21
-3.4197716535433069
0
LINE
8
BLACK
6
CONTINUOUS
10
7.1016983070866138
20
-3.3128907086614174
11
7.1042527952755901
21
-3.314597598425197
0
LINE
8
BLACK
6
CONTINUOUS
10
7.1042527952755901
20
-3.314597598425197
11
7.1059596850393696
21
-3.3171520866141733
0
LINE
8
BLACK
6
CONTINUOUS
10
7.1059596850393696
20
-3.3171520866141733
11
7.1065590551181099
21
-3.3201653543307086
0
LINE
8
BLACK
6
CONTINUOUS
10
7.1065590551181099
20
-3.3201653543307086
11
7.1065590551181099
21
-3.3369965354330708
0
LINE
8
BLACK
6
CONTINUOUS
10
7.1065590551181099
20
-3.3369965354330708
11
7.1666963779527562
21
-3.3971338582677166
0
LINE
8
BLACK
6
CONTINUOUS
10
7.1666963779527562
20
-3.3971338582677166
11
7.2709291338582673
21
-3.3971338582677166
0
LINE
8
BLACK
6
CONTINUOUS
10
7.2709291338582673
20
-3.3971338582677166
11
7.2722732677165354
21
-3.3972662598425196
0
LINE
8
BLACK
6
CONTINUOUS
10
7.2722732677165354
20
-3.3972662598425196
11
7.274329842519685
21
-3.3981181102362203
0
LINE
8
BLACK
6
CONTINUOUS
10
7.274329842519685
20
-3.3981181102362203
11
7.2847086614173229
21
-3.3981181102362203
0
LINE
8
BLACK
6
CONTINUOUS
10
7.2847086614173229
20
-3.3981181102362203
11
7.2847086614173229
21
-3.4099291338582676
0
LINE
8
BLACK
6
CONTINUOUS
10
7.2847086614173229
20
-3.4099291338582676
11
7.274329842519685
21
-3.4099291338582676
0
LINE
8
BLACK
6
CONTINUOUS
10
7.274329842519685
20
-3.4099291338582676
11
7.2722732677165354
21
-3.4107809842519683
0
LINE
8
BLACK
6
CONTINUOUS
10
7.2722732677165354
20
-3.4107809842519683
11
7.2709291338582673
21
-3.4109133858267717
0
LINE
8
BLACK
6
CONTINUOUS
10
7.2709291338582673
20
-3.4109133858267717
11
7.1638425196850388
21
-3.4109133858267717
0
LINE
8
BLACK
6
CONTINUOUS
10
7.1638425196850388
20
-3.4109133858267717
11
7.1624983858267717
21
-3.4107809842519683
0
LINE
8
BLACK
6
CONTINUOUS
10
7.1624983858267717
20
-3.4107809842519683
11
7.1600147637795271
21
-3.4097522440944883
0
LINE
8
BLACK
6
CONTINUOUS
10
7.1600147637795271
20
-3.4097522440944883
11
7.1600145669291333
21
-3.4097520472440945
0
LINE
8
BLACK
6
CONTINUOUS
10
7.1600145669291333
20
-3.4097520472440945
11
7.1589707086614176
21
-3.4088954330708661
0
LINE
8
BLACK
6
CONTINUOUS
10
7.1589707086614176
20
-3.4088954330708661
11
7.0995884645669287
21
-3.3495131889763781
0
LINE
8
BLACK
6
CONTINUOUS
10
7.0995884645669287
20
-3.3495131889763781
11
7.0986850393700784
21
-3.3496929133858266
0
LINE
8
BLACK
6
CONTINUOUS
10
7.0986850393700784
20
-3.3496929133858266
11
7.0829370078740155
21
-3.3496929133858266
0
LINE
8
BLACK
6
CONTINUOUS
10
7.0829370078740155
20
-3.3496929133858266
11
7.0799237401574802
21
-3.3490935433070868
0
LINE
8
BLACK
6
CONTINUOUS
10
7.0799237401574802
20
-3.3490935433070868
11
7.0773692519685039
21
-3.3473866535433072
0
LINE
8
BLACK
6
CONTINUOUS
10
7.0773692519685039
20
-3.3473866535433072
11
7.0756623622047243
21
-3.3448321653543305
0
LINE
8
BLACK
6
CONTINUOUS
10
7.0756623622047243
20
-3.3448321653543305
11
7.075062992125984
21
-3.3418188976377952
0
LINE
8
BLACK
6
CONTINUOUS
10
7.075062992125984
20
-3.3418188976377952
11
7.075062992125984
21
-3.3201653543307086
0
LINE
8
BLACK
6
CONTINUOUS
10
7.075062992125984
20
-3.3201653543307086
11
7.0756623622047243
21
-3.3171520866141733
0
LINE
8
BLACK
6
CONTINUOUS
10
7.0756623622047243
20
-3.3171520866141733
11
7.0773692519685039
21
-3.314597598425197
0
LINE
8
BLACK
6
CONTINUOUS
10
7.0773692519685039
20
-3.314597598425197
11
7.0799237401574802
21
-3.3128907086614174
0
LINE
8
BLACK
6
CONTINUOUS
10
7.0799237401574802
20
-3.3128907086614174
11
7.0829370078740155
21
-3.3122913385826771
0
LINE
8
BLACK
6
CONTINUOUS
10
7.0829370078740155
20
-3.3122913385826771
11
7.0986850393700784
21
-3.3122913385826771
0
LINE
8
BLACK
6
CONTINUOUS
10
7.0986850393700784
20
-3.3122913385826771
11
7.1016983070866138
21
-3.3128907086614174
0
LINE
8
BLACK
6
CONTINUOUS
10
7.3516377952755905
20
-3.4000866141732282
11
7.3240787401574803
21
-3.4000866141732282
0
LINE
8
BLACK
6
CONTINUOUS
10
7.3240787401574803
20
-3.4000866141732282
11
7.3240787401574803
21
-3.388275590551181
0
LINE
8
BLACK
6
CONTINUOUS
10
7.3240787401574803
20
-3.388275590551181
11
7.3516377952755905
21
-3.388275590551181
0
LINE
8
BLACK
6
CONTINUOUS
10
7.3516377952755905
20
-3.388275590551181
11
7.3516377952755905
21
-3.4000866141732282
0
LINE
8
BLACK
6
CONTINUOUS
10
7.2847086614173229
20
-3.3902440944881889
11
7.2571496062992127
21
-3.3902440944881889
0
LINE
8
BLACK
6
CONTINUOUS
10
7.2571496062992127
20
-3.3902440944881889
11
7.2571496062992127
21
-3.3784330708661416
0
LINE
8
BLACK
6
CONTINUOUS
10
7.2571496062992127
20
-3.3784330708661416
11
7.2847086614173229
21
-3.3784330708661416
0
LINE
8
BLACK
6
CONTINUOUS
10
7.2847086614173229
20
-3.3784330708661416
11
7.2847086614173229
21
-3.3902440944881889
0
LINE
8
BLACK
6
CONTINUOUS
10
7.3516377952755905
20
-3.3804015748031495
11
7.3240787401574803
21
-3.3804015748031495
0
LINE
8
BLACK
6
CONTINUOUS
10
7.3240787401574803
20
-3.3804015748031495
11
7.3240787401574803
21
-3.3685905511811023
0
LINE
8
BLACK
6
CONTINUOUS
10
7.3240787401574803
20
-3.3685905511811023
11
7.3516377952755905
21
-3.3685905511811023
0
LINE
8
BLACK
6
CONTINUOUS
10
7.3516377952755905
20
-3.3685905511811023
11
7.3516377952755905
21
-3.3804015748031495
0
LINE
8
BLACK
6
CONTINUOUS
10
7.2847086614173229
20
-3.3705590551181102
11
7.2571496062992127
21
-3.3705590551181102
0
LINE
8
BLACK
6
CONTINUOUS
10
7.2571496062992127
20
-3.3705590551181102
11
7.2571496062992127
21
-3.3587480314960629
0
LINE
8
BLACK
6
CONTINUOUS
10
7.2571496062992127
20
-3.3587480314960629
11
7.2847086614173229
21
-3.3587480314960629
0
LINE
8
BLACK
6
CONTINUOUS
10
7.2847086614173229
20
-3.3587480314960629
11
7.2847086614173229
21
-3.3705590551181102
0
LINE
8
BLACK
6
CONTINUOUS
10
7.2847086614173229
20
-3.3508740157480315
11
7.2571496062992127
21
-3.3508740157480315
0
LINE
8
BLACK
6
CONTINUOUS
10
7.2571496062992127
20
-3.3508740157480315
11
7.2571496062992127
21
-3.3390629921259842
0
LINE
8
BLACK
6
CONTINUOUS
10
7.2571496062992127
20
-3.3390629921259842
11
7.2847086614173229
21
-3.3390629921259842
0
LINE
8
BLACK
6
CONTINUOUS
10
7.2847086614173229
20
-3.3390629921259842
11
7.2847086614173229
21
-3.3508740157480315
0
LINE
8
BLACK
6
CONTINUOUS
10
7.3516377952755905
20
-3.3410314960629921
11
7.3240787401574803
21
-3.3410314960629921
0
LINE
8
BLACK
6
CONTINUOUS
10
7.3240787401574803
20
-3.3410314960629921
11
7.3240787401574803
21
-3.3292204724409449
0
LINE
8
BLACK
6
CONTINUOUS
10
7.3240787401574803
20
-3.3292204724409449
11
7.3516377952755905
21
-3.3292204724409449
0
LINE
8
BLACK
6
CONTINUOUS
10
7.3516377952755905
20
-3.3292204724409449
11
7.3516377952755905
21
-3.3410314960629921
0
LINE
8
BLACK
6
CONTINUOUS
10
7.3516377952755905
20
-3.3213464566929134
11
7.3240787401574803
21
-3.3213464566929134
0
LINE
8
BLACK
6
CONTINUOUS
10
7.3240787401574803
20
-3.3213464566929134
11
7.3240787401574803
21
-3.3095354330708662
0
LINE
8
BLACK
6
CONTINUOUS
10
7.3240787401574803
20
-3.3095354330708662
11
7.3516377952755905
21
-3.3095354330708662
0
LINE
8
BLACK
6
CONTINUOUS
10
7.3516377952755905
20
-3.3095354330708662
11
7.3516377952755905
21
-3.3213464566929134
0
LINE
8
BLACK
6
CONTINUOUS
10
7.2847086614173229
20
-3.311503937007874
11
7.2571496062992127
21
-3.311503937007874
0
LINE
8
BLACK
6
CONTINUOUS
10
7.2571496062992127
20
-3.311503937007874
11
7.2571496062992127
21
-3.2996929133858268
0
LINE
8
BLACK
6
CONTINUOUS
10
7.2571496062992127
20
-3.2996929133858268
11
7.2847086614173229
21
-3.2996929133858268
0
LINE
8
BLACK
6
CONTINUOUS
10
7.2847086614173229
20
-3.2996929133858268
11
7.2847086614173229
21
-3.311503937007874
0
LINE
8
BLACK
6
CONTINUOUS
10
7.3516377952755905
20
-3.3016614173228347
11
7.3240787401574803
21
-3.3016614173228347
0
LINE
8
BLACK
6
CONTINUOUS
10
7.3240787401574803
20
-3.3016614173228347
11
7.3240787401574803
21
-3.2898503937007875
0
LINE
8
BLACK
6
CONTINUOUS
10
7.3240787401574803
20
-3.2898503937007875
11
7.3516377952755905
21
-3.2898503937007875
0
LINE
8
BLACK
6
CONTINUOUS
10
7.3516377952755905
20
-3.2898503937007875
11
7.3516377952755905
21
-3.3016614173228347
0
LINE
8
BLACK
6
CONTINUOUS
10
7.2847086614173229
20
-3.2918188976377953
11
7.2571496062992127
21
-3.2918188976377953
0
LINE
8
BLACK
6
CONTINUOUS
10
7.2571496062992127
20
-3.2918188976377953
11
7.2571496062992127
21
-3.2800078740157481
0
LINE
8
BLACK
6
CONTINUOUS
10
7.2571496062992127
20
-3.2800078740157481
11
7.2847086614173229
21
-3.2800078740157481
0
LINE
8
BLACK
6
CONTINUOUS
10
7.2847086614173229
20
-3.2800078740157481
11
7.2847086614173229
21
-3.2918188976377953
0
LINE
8
BLACK
6
CONTINUOUS
10
7.3516377952755905
20
-3.281976377952756
11
7.3240787401574803
21
-3.281976377952756
0
LINE
8
BLACK
6
CONTINUOUS
10
7.3240787401574803
20
-3.281976377952756
11
7.3240787401574803
21
-3.2701653543307088
0
LINE
8
BLACK
6
CONTINUOUS
10
7.3240787401574803
20
-3.2701653543307088
11
7.3516377952755905
21
-3.2701653543307088
0
LINE
8
BLACK
6
CONTINUOUS
10
7.3516377952755905
20
-3.2701653543307088
11
7.3516377952755905
21
-3.281976377952756
0
LINE
8
BLACK
6
CONTINUOUS
10
7.3353349999999997
20
-3.1596346850393702
11
7.3367542125984251
21
-3.1602225590551178
0
LINE
8
BLACK
6
CONTINUOUS
10
7.3367542125984251
20
-3.1602225590551178
11
7.3373508267716536
21
-3.1607121653543304
0
LINE
8
BLACK
6
CONTINUOUS
10
7.3373508267716536
20
-3.1607121653543304
11
7.3489098818897638
21
-3.172271220472441
0
LINE
8
BLACK
6
CONTINUOUS
10
7.3489098818897638
20
-3.172271220472441
11
7.3493994881889764
21
-3.1728678346456691
0
LINE
8
BLACK
6
CONTINUOUS
10
7.3493994881889764
20
-3.1728678346456691
11
7.3499873622047245
21
-3.1742870472440945
0
LINE
8
BLACK
6
CONTINUOUS
10
7.3499873622047245
20
-3.1742870472440945
11
7.3500629921259844
21
-3.1750551181102362
0
LINE
8
BLACK
6
CONTINUOUS
10
7.3500629921259844
20
-3.1750551181102362
11
7.3500629921259844
21
-3.1961496062992127
0
LINE
8
BLACK
6
CONTINUOUS
10
7.3500629921259844
20
-3.1961496062992127
11
7.3579370078740158
21
-3.1961496062992127
0
LINE
8
BLACK
6
CONTINUOUS
10
7.3579370078740158
20
-3.1961496062992127
11
7.3599925196850391
21
-3.1962843307086612
0
LINE
8
BLACK
6
CONTINUOUS
10
7.3599925196850391
20
-3.1962843307086612
11
7.3639635039370077
21
-3.197348346456693
0
LINE
8
BLACK
6
CONTINUOUS
10
7.3639635039370077
20
-3.197348346456693
11
7.367523818897638
21
-3.1994038976377954
0
LINE
8
BLACK
6
CONTINUOUS
10
7.367523818897638
20
-3.1994038976377954
11
7.3704307480314961
21
-3.2023108267716536
0
LINE
8
BLACK
6
CONTINUOUS
10
7.3704307480314961
20
-3.2023108267716536
11
7.3724862992125981
21
-3.2058711417322834
0
LINE
8
BLACK
6
CONTINUOUS
10
7.3724862992125981
20
-3.2058711417322834
11
7.3735503149606298
21
-3.209842125984252
0
LINE
8
BLACK
6
CONTINUOUS
10
7.3735503149606298
20
-3.209842125984252
11
7.3735503149606298
21
-3.213953149606299
0
LINE
8
BLACK
6
CONTINUOUS
10
7.3735503149606298
20
-3.213953149606299
11
7.3724862992125981
21
-3.2179241338582676
0
LINE
8
BLACK
6
CONTINUOUS
10
7.3724862992125981
20
-3.2179241338582676
11
7.3704307480314961
21
-3.2214844488188974
0
LINE
8
BLACK
6
CONTINUOUS
10
7.3704307480314961
20
-3.2214844488188974
11
7.367523818897638
21
-3.224391377952756
0
LINE
8
BLACK
6
CONTINUOUS
10
7.367523818897638
20
-3.224391377952756
11
7.3639635039370077
21
-3.226446929133858
0
LINE
8
BLACK
6
CONTINUOUS
10
7.3639635039370077
20
-3.226446929133858
11
7.3599925196850391
21
-3.2275109448818897
0
LINE
8
BLACK
6
CONTINUOUS
10
7.3599925196850391
20
-3.2275109448818897
11
7.3579370078740158
21
-3.2276456692913387
0
LINE
8
BLACK
6
CONTINUOUS
10
7.3579370078740158
20
-3.2276456692913387
11
7.3343149606299214
21
-3.2276456692913387
0
LINE
8
BLACK
6
CONTINUOUS
10
7.3343149606299214
20
-3.2276456692913387
11
7.3322594488188972
21
-3.2275109448818897
0
LINE
8
BLACK
6
CONTINUOUS
10
7.3322594488188972
20
-3.2275109448818897
11
7.3282884645669286
21
-3.226446929133858
0
LINE
8
BLACK
6
CONTINUOUS
10
7.3282884645669286
20
-3.226446929133858
11
7.3247281496062993
21
-3.224391377952756
0
LINE
8
BLACK
6
CONTINUOUS
10
7.3247281496062993
20
-3.224391377952756
11
7.3218212204724411
21
-3.2214844488188974
0
LINE
8
BLACK
6
CONTINUOUS
10
7.3218212204724411
20
-3.2214844488188974
11
7.3197656692913382
21
-3.2179241338582676
0
LINE
8
BLACK
6
CONTINUOUS
10
7.3197656692913382
20
-3.2179241338582676
11
7.3187016535433065
21
-3.213953149606299
0
LINE
8
BLACK
6
CONTINUOUS
10
7.3187016535433065
20
-3.213953149606299
11
7.3187016535433065
21
-3.209842125984252
0
LINE
8
BLACK
6
CONTINUOUS
10
7.3187016535433065
20
-3.209842125984252
11
7.3197656692913382
21
-3.2058711417322834
0
LINE
8
BLACK
6
CONTINUOUS
10
7.3197656692913382
20
-3.2058711417322834
11
7.3218212204724411
21
-3.2023108267716536
0
LINE
8
BLACK
6
CONTINUOUS
10
7.3218212204724411
20
-3.2023108267716536
11
7.3247281496062993
21
-3.1994038976377954
0
LINE
8
BLACK
6
CONTINUOUS
10
7.3247281496062993
20
-3.1994038976377954
11
7.3282884645669286
21
-3.197348346456693
0
LINE
8
BLACK
6
CONTINUOUS
10
7.3282884645669286
20
-3.197348346456693
11
7.3322594488188972
21
-3.1962843307086612
0
LINE
8
BLACK
6
CONTINUOUS
10
7.3322594488188972
20
-3.1962843307086612
11
7.3343149606299214
21
-3.1961496062992127
0
LINE
8
BLACK
6
CONTINUOUS
10
7.3343149606299214
20
-3.1961496062992127
11
7.3421889763779529
21
-3.1961496062992127
0
LINE
8
BLACK
6
CONTINUOUS
10
7.3421889763779529
20
-3.1961496062992127
11
7.3421889763779529
21
-3.1766859055118108
0
LINE
8
BLACK
6
CONTINUOUS
10
7.3421889763779529
20
-3.1766859055118108
11
7.3329361417322829
21
-3.1674330708661418
0
LINE
8
BLACK
6
CONTINUOUS
10
7.3329361417322829
20
-3.1674330708661418
11
7.2821977165354328
21
-3.1674330708661418
0
LINE
8
BLACK
6
CONTINUOUS
10
7.2821977165354328
20
-3.1674330708661418
11
7.274350826771653
21
-3.1752799606299211
0
LINE
8
BLACK
6
CONTINUOUS
10
7.274350826771653
20
-3.1752799606299211
11
7.2737542125984254
21
-3.1757695669291337
0
LINE
8
BLACK
6
CONTINUOUS
10
7.2737542125984254
20
-3.1757695669291337
11
7.272335
21
-3.1763574409448818
0
LINE
8
BLACK
6
CONTINUOUS
10
7.272335
20
-3.1763574409448818
11
7.2715669291338578
21
-3.1764330708661417
0
LINE
8
BLACK
6
CONTINUOUS
10
7.2715669291338578
20
-3.1764330708661417
11
7.2521976771653538
21
-3.1764330708661417
0
LINE
8
BLACK
6
CONTINUOUS
10
7.2521976771653538
20
-3.1764330708661417
11
7.2325039370078734
21
-3.1961268110236221
0
LINE
8
BLACK
6
CONTINUOUS
10
7.2325039370078734
20
-3.1961268110236221
11
7.2325039370078734
21
-3.2508652755905509
0
LINE
8
BLACK
6
CONTINUOUS
10
7.2325039370078734
20
-3.2508652755905509
11
7.243929960629921
21
-3.2622913385826773
0
LINE
8
BLACK
6
CONTINUOUS
10
7.243929960629921
20
-3.2622913385826773
11
7.2571496062992127
21
-3.2622913385826773
0
LINE
8
BLACK
6
CONTINUOUS
10
7.2571496062992127
20
-3.2622913385826773
11
7.2571496062992127
21
-3.2603228346456694
0
LINE
8
BLACK
6
CONTINUOUS
10
7.2571496062992127
20
-3.2603228346456694
11
7.2847086614173229
21
-3.2603228346456694
0
LINE
8
BLACK
6
CONTINUOUS
10
7.2847086614173229
20
-3.2603228346456694
11
7.2847086614173229
21
-3.2721338582677166
0
LINE
8
BLACK
6
CONTINUOUS
10
7.2847086614173229
20
-3.2721338582677166
11
7.2571496062992127
21
-3.2721338582677166
0
LINE
8
BLACK
6
CONTINUOUS
10
7.2571496062992127
20
-3.2721338582677166
11
7.2571496062992127
21
-3.2701653543307088
0
LINE
8
BLACK
6
CONTINUOUS
10
7.2571496062992127
20
-3.2701653543307088
11
7.2422992125984251
21
-3.2701653543307088
0
LINE
8
BLACK
6
CONTINUOUS
10
7.2422992125984251
20
-3.2701653543307088
11
7.241531141732283
21
-3.2700897244094489
0
LINE
8
BLACK
6
CONTINUOUS
10
7.241531141732283
20
-3.2700897244094489
11
7.2401119291338585
21
-3.2695018503937008
0
LINE
8
BLACK
6
CONTINUOUS
10
7.2401119291338585
20
-3.2695018503937008
11
7.2395153543307087
21
-3.2690122440944882
0
LINE
8
BLACK
6
CONTINUOUS
10
7.2395153543307087
20
-3.2690122440944882
11
7.2257830314960625
21
-3.2552799606299212
0
LINE
8
BLACK
6
CONTINUOUS
10
7.2257830314960625
20
-3.2552799606299212
11
7.2252934251968499
21
-3.2546833464566927
0
LINE
8
BLACK
6
CONTINUOUS
10
7.2252934251968499
20
-3.2546833464566927
11
7.2247055511811018
21
-3.2532641338582677
0
LINE
8
BLACK
6
CONTINUOUS
10
7.2247055511811018
20
-3.2532641338582677
11
7.2246299212598419
21
-3.252496062992126
0
LINE
8
BLACK
6
CONTINUOUS
10
7.2246299212598419
20
-3.252496062992126
11
7.2246299212598419
21
-3.1944960629921257
0
LINE
8
BLACK
6
CONTINUOUS
10
7.2246299212598419
20
-3.1944960629921257
11
7.2247055511811018
21
-3.193727992125984
0
LINE
8
BLACK
6
CONTINUOUS
10
7.2247055511811018
20
-3.193727992125984
11
7.2252934251968499
21
-3.1923087795275591
0
LINE
8
BLACK
6
CONTINUOUS
10
7.2252934251968499
20
-3.1923087795275591
11
7.2257830314960625
21
-3.1917121653543306
0
LINE
8
BLACK
6
CONTINUOUS
10
7.2257830314960625
20
-3.1917121653543306
11
7.2477830708661415
21
-3.1697121653543308
0
LINE
8
BLACK
6
CONTINUOUS
10
7.2477830708661415
20
-3.1697121653543308
11
7.2483796456692913
21
-3.1692225196850394
0
LINE
8
BLACK
6
CONTINUOUS
10
7.2483796456692913
20
-3.1692225196850394
11
7.2497988582677166
21
-3.1686346850393701
0
LINE
8
BLACK
6
CONTINUOUS
10
7.2497988582677166
20
-3.1686346850393701
11
7.2505669291338579
21
-3.1685590551181102
0
LINE
8
BLACK
6
CONTINUOUS
10
7.2505669291338579
20
-3.1685590551181102
11
7.2699361417322832
21
-3.1685590551181102
0
LINE
8
BLACK
6
CONTINUOUS
10
7.2699361417322832
20
-3.1685590551181102
11
7.277783031496063
21
-3.1607121653543304
0
LINE
8
BLACK
6
CONTINUOUS
10
7.277783031496063
20
-3.1607121653543304
11
7.2783796062992128
21
-3.1602225590551178
0
LINE
8
BLACK
6
CONTINUOUS
10
7.2783796062992128
20
-3.1602225590551178
11
7.278795275590551
21
-3.1600503543307088
0
LINE
8
BLACK
6
CONTINUOUS
10
7.278795275590551
20
-3.1600503543307088
11
7.279798858267716
21
-3.1596346850393702
0
LINE
8
BLACK
6
CONTINUOUS
10
7.279798858267716
20
-3.1596346850393702
11
7.2805669291338582
21
-3.1595590551181103
0
LINE
8
BLACK
6
CONTINUOUS
10
7.2805669291338582
20
-3.1595590551181103
11
7.3345669291338584
21
-3.1595590551181103
0
LINE
8
BLACK
6
CONTINUOUS
10
7.3345669291338584
20
-3.1595590551181103
11
7.3353349999999997
21
-3.1596346850393702
0
LINE
8
BLACK
6
CONTINUOUS
10
7.5942444881889761
20
-3.1821111023622048
11
7.5982154724409448
21
-3.1831751181102361
0
LINE
8
BLACK
6
CONTINUOUS
10
7.5982154724409448
20
-3.1831751181102361
11
7.601775787401575
21
-3.1852306692913386
0
LINE
8
BLACK
6
CONTINUOUS
10
7.601775787401575
20
-3.1852306692913386
11
7.6046827165354332
21
-3.1881375984251967
0
LINE
8
BLACK
6
CONTINUOUS
10
7.6046827165354332
20
-3.1881375984251967
11
7.6067382677165352
21
-3.1916979133858265
0
LINE
8
BLACK
6
CONTINUOUS
10
7.6067382677165352
20
-3.1916979133858265
11
7.6078022834645669
21
-3.1956688976377952
0
LINE
8
BLACK
6
CONTINUOUS
10
7.6078022834645669
20
-3.1956688976377952
11
7.6078022834645669
21
-3.1997799212598426
0
LINE
8
BLACK
6
CONTINUOUS
10
7.6078022834645669
20
-3.1997799212598426
11
7.6067382677165352
21
-3.2037509055118107
0
LINE
8
BLACK
6
CONTINUOUS
10
7.6067382677165352
20
-3.2037509055118107
11
7.6046827165354332
21
-3.207311220472441
0
LINE
8
BLACK
6
CONTINUOUS
10
7.6046827165354332
20
-3.207311220472441
11
7.601775787401575
21
-3.2102181496062991
0
LINE
8
BLACK
6
CONTINUOUS
10
7.601775787401575
20
-3.2102181496062991
11
7.5982154724409448
21
-3.2122737007874016
0
LINE
8
BLACK
6
CONTINUOUS
10
7.5982154724409448
20
-3.2122737007874016
11
7.5942444881889761
21
-3.2133377165354329
0
LINE
8
BLACK
6
CONTINUOUS
10
7.5942444881889761
20
-3.2133377165354329
11
7.5921889763779529
21
-3.2134724409448818
0
LINE
8
BLACK
6
CONTINUOUS
10
7.5921889763779529
20
-3.2134724409448818
11
7.5685669291338584
21
-3.2134724409448818
0
LINE
8
BLACK
6
CONTINUOUS
10
7.5685669291338584
20
-3.2134724409448818
11
7.5665114173228343
21
-3.2133377165354329
0
LINE
8
BLACK
6
CONTINUOUS
10
7.5665114173228343
20
-3.2133377165354329
11
7.5625404330708657
21
-3.2122737007874016
0
LINE
8
BLACK
6
CONTINUOUS
10
7.5625404330708657
20
-3.2122737007874016
11
7.5589801181102363
21
-3.2102181496062991
0
LINE
8
BLACK
6
CONTINUOUS
10
7.5589801181102363
20
-3.2102181496062991
11
7.5560731889763781
21
-3.207311220472441
0
LINE
8
BLACK
6
CONTINUOUS
10
7.5560731889763781
20
-3.207311220472441
11
7.5540176377952752
21
-3.2037509055118107
0
LINE
8
BLACK
6
CONTINUOUS
10
7.5540176377952752
20
-3.2037509055118107
11
7.5529536220472435
21
-3.1997799212598426
0
LINE
8
BLACK
6
CONTINUOUS
10
7.5529536220472435
20
-3.1997799212598426
11
7.5529536220472435
21
-3.1956688976377952
0
LINE
8
BLACK
6
CONTINUOUS
10
7.5529536220472435
20
-3.1956688976377952
11
7.5540176377952752
21
-3.1916979133858265
0
LINE
8
BLACK
6
CONTINUOUS
10
7.5540176377952752
20
-3.1916979133858265
11
7.5560731889763781
21
-3.1881375984251967
0
LINE
8
BLACK
6
CONTINUOUS
10
7.5560731889763781
20
-3.1881375984251967
11
7.5589801181102363
21
-3.1852306692913386
0
LINE
8
BLACK
6
CONTINUOUS
10
7.5589801181102363
20
-3.1852306692913386
11
7.5625404330708657
21
-3.1831751181102361
0
LINE
8
BLACK
6
CONTINUOUS
10
7.5625404330708657
20
-3.1831751181102361
11
7.5665114173228343
21
-3.1821111023622048
0
LINE
8
BLACK
6
CONTINUOUS
10
7.5665114173228343
20
-3.1821111023622048
11
7.5685669291338584
21
-3.1819763779527559
0
LINE
8
BLACK
6
CONTINUOUS
10
7.5685669291338584
20
-3.1819763779527559
11
7.5921889763779529
21
-3.1819763779527559
0
LINE
8
BLACK
6
CONTINUOUS
10
7.5921889763779529
20
-3.1819763779527559
11
7.5942444881889761
21
-3.1821111023622048
0
LINE
8
BLACK
6
CONTINUOUS
10
7.1127127559055117
20
-2.7639656299212598
11
7.1155865748031495
21
-2.765885866141732
0
LINE
8
BLACK
6
CONTINUOUS
10
7.1155865748031495
20
-2.765885866141732
11
7.1175068110236221
21
-2.7687596850393699
0
LINE
8
BLACK
6
CONTINUOUS
10
7.1175068110236221
20
-2.7687596850393699
11
7.11798531496063
21
-2.7711653543307087
0
LINE
8
BLACK
6
CONTINUOUS
10
7.11798531496063
20
-2.7711653543307087
11
7.1437480314960631
21
-2.7711653543307087
0
LINE
8
BLACK
6
CONTINUOUS
10
7.1437480314960631
20
-2.7711653543307087
11
7.1458602362204724
21
-2.7713733858267715
0
LINE
8
BLACK
6
CONTINUOUS
10
7.1458602362204724
20
-2.7713733858267715
11
7.1497630708661415
21
-2.7729900000000001
0
LINE
8
BLACK
6
CONTINUOUS
10
7.1497630708661415
20
-2.7729900000000001
11
7.1514037007874016
21
-2.7743364566929132
0
LINE
8
BLACK
6
CONTINUOUS
10
7.1514037007874016
20
-2.7743364566929132
11
7.3708018110236218
21
-2.993734527559055
0
LINE
8
BLACK
6
CONTINUOUS
10
7.3708018110236218
20
-2.993734527559055
11
7.3738031102362207
21
-2.9922673228346457
0
LINE
8
BLACK
6
CONTINUOUS
10
7.3738031102362207
20
-2.9922673228346457
11
7.3780157480314958
21
-2.9916535433070863
0
LINE
8
BLACK
6
CONTINUOUS
10
7.3780157480314958
20
-2.9916535433070863
11
7.4075433070866143
21
-2.9916535433070863
0
LINE
8
BLACK
6
CONTINUOUS
10
7.4075433070866143
20
-2.9916535433070863
11
7.4117559448818895
21
-2.9922673228346457
0
LINE
8
BLACK
6
CONTINUOUS
10
7.4117559448818895
20
-2.9922673228346457
11
7.4161222047244095
21
-2.9944018503937007
0
LINE
8
BLACK
6
CONTINUOUS
10
7.4161222047244095
20
-2.9944018503937007
11
7.4195587795275593
21
-2.9978384251968504
0
LINE
8
BLACK
6
CONTINUOUS
10
7.4195587795275593
20
-2.9978384251968504
11
7.4216933070866142
21
-3.00220468503937
0
LINE
8
BLACK
6
CONTINUOUS
10
7.4216933070866142
20
-3.00220468503937
11
7.4223070866141727
21
-3.0064173228346456
0
LINE
8
BLACK
6
CONTINUOUS
10
7.4223070866141727
20
-3.0064173228346456
11
7.4223070866141727
21
-3.0556299212598423
0
LINE
8
BLACK
6
CONTINUOUS
10
7.4223070866141727
20
-3.0556299212598423
11
7.4216933070866142
21
-3.0598425590551179
0
LINE
8
BLACK
6
CONTINUOUS
10
7.4216933070866142
20
-3.0598425590551179
11
7.4195587795275593
21
-3.0642088188976375
0
LINE
8
BLACK
6
CONTINUOUS
10
7.4195587795275593
20
-3.0642088188976375
11
7.4161222047244095
21
-3.0676453937007873
0
LINE
8
BLACK
6
CONTINUOUS
10
7.4161222047244095
20
-3.0676453937007873
11
7.4117559448818895
21
-3.0697799212598427
0
LINE
8
BLACK
6
CONTINUOUS
10
7.4117559448818895
20
-3.0697799212598427
11
7.4075433070866143
21
-3.0703937007874016
0
LINE
8
BLACK
6
CONTINUOUS
10
7.4075433070866143
20
-3.0703937007874016
11
7.4036062992125986
21
-3.0703937007874016
0
LINE
8
BLACK
6
CONTINUOUS
10
7.4036062992125986
20
-3.0703937007874016
11
7.4036062992125986
21
-3.0879929133858268
0
LINE
8
BLACK
6
CONTINUOUS
10
7.4036062992125986
20
-3.0879929133858268
11
7.4036914960629918
21
-3.0881405118110234
0
LINE
8
BLACK
6
CONTINUOUS
10
7.4036914960629918
20
-3.0881405118110234
11
7.4044894881889762
21
-3.0911187401574804
0
LINE
8
BLACK
6
CONTINUOUS
10
7.4044894881889762
20
-3.0911187401574804
11
7.4044894881889762
21
-3.0942020472440945
0
LINE
8
BLACK
6
CONTINUOUS
10
7.4044894881889762
20
-3.0942020472440945
11
7.4036914960629918
21
-3.0971802755905511
0
LINE
8
BLACK
6
CONTINUOUS
10
7.4036914960629918
20
-3.0971802755905511
11
7.4021498425196848
21
-3.099850472440945
0
LINE
8
BLACK
6
CONTINUOUS
10
7.4021498425196848
20
-3.099850472440945
11
7.3999696062992122
21
-3.1020307086614172
0
LINE
8
BLACK
6
CONTINUOUS
10
7.3999696062992122
20
-3.1020307086614172
11
7.3972994094488191
21
-3.1035723622047242
0
LINE
8
BLACK
6
CONTINUOUS
10
7.3972994094488191
20
-3.1035723622047242
11
7.3943211811023621
21
-3.1043703543307086
0
LINE
8
BLACK
6
CONTINUOUS
10
7.3943211811023621
20
-3.1043703543307086
11
7.3912378740157481
21
-3.1043703543307086
0
LINE
8
BLACK
6
CONTINUOUS
10
7.3912378740157481
20
-3.1043703543307086
11
7.3882596456692911
21
-3.1035723622047242
0
LINE
8
BLACK
6
CONTINUOUS
10
7.3882596456692911
20
-3.1035723622047242
11
7.3855894488188971
21
-3.1020307086614172
0
LINE
8
BLACK
6
CONTINUOUS
10
7.3855894488188971
20
-3.1020307086614172
11
7.3834092125984254
21
-3.099850472440945
0
LINE
8
BLACK
6
CONTINUOUS
10
7.3834092125984254
20
-3.099850472440945
11
7.3818675590551184
21
-3.0971802755905511
0
LINE
8
BLACK
6
CONTINUOUS
10
7.3818675590551184
20
-3.0971802755905511
11
7.381069566929134
21
-3.0942020472440945
0
LINE
8
BLACK
6
CONTINUOUS
10
7.381069566929134
20
-3.0942020472440945
11
7.381069566929134
21
-3.0911187401574804
0
LINE
8
BLACK
6
CONTINUOUS
10
7.381069566929134
20
-3.0911187401574804
11
7.3818675590551184
21
-3.0881405118110234
0
LINE
8
BLACK
6
CONTINUOUS
10
7.3818675590551184
20
-3.0881405118110234
11
7.3819527559055116
21
-3.0879929133858268
0
LINE
8
BLACK
6
CONTINUOUS
10
7.3819527559055116
20
-3.0879929133858268
11
7.3819527559055116
21
-3.0703937007874016
0
LINE
8
BLACK
6
CONTINUOUS
10
7.3819527559055116
20
-3.0703937007874016
11
7.3780157480314958
21
-3.0703937007874016
0
LINE
8
BLACK
6
CONTINUOUS
10
7.3780157480314958
20
-3.0703937007874016
11
7.3738031102362207
21
-3.0697799212598427
0
LINE
8
BLACK
6
CONTINUOUS
10
7.3738031102362207
20
-3.0697799212598427
11
7.3694368503937007
21
-3.0676453937007873
0
LINE
8
BLACK
6
CONTINUOUS
10
7.3694368503937007
20
-3.0676453937007873
11
7.3660002755905509
21
-3.0642088188976375
0
LINE
8
BLACK
6
CONTINUOUS
10
7.3660002755905509
20
-3.0642088188976375
11
7.363865748031496
21
-3.0598425590551179
0
LINE
8
BLACK
6
CONTINUOUS
10
7.363865748031496
20
-3.0598425590551179
11
7.3632519685039366
21
-3.0556299212598423
0
LINE
8
BLACK
6
CONTINUOUS
10
7.3632519685039366
20
-3.0556299212598423
11
7.3632519685039366
21
-3.0168074015748032
0
LINE
8
BLACK
6
CONTINUOUS
10
7.3632519685039366
20
-3.0168074015748032
11
7.1392634645669286
21
-2.7928188976377952
0
LINE
8
BLACK
6
CONTINUOUS
10
7.1392634645669286
20
-2.7928188976377952
11
7.11798531496063
21
-2.7928188976377952
0
LINE
8
BLACK
6
CONTINUOUS
10
7.11798531496063
20
-2.7928188976377952
11
7.1175068110236221
21
-2.795224566929134
0
LINE
8
BLACK
6
CONTINUOUS
10
7.1175068110236221
20
-2.795224566929134
11
7.1155865748031495
21
-2.7980983858267714
0
LINE
8
BLACK
6
CONTINUOUS
10
7.1155865748031495
20
-2.7980983858267714
11
7.1127127559055117
21
-2.8000186220472441
0
LINE
8
BLACK
6
CONTINUOUS
10
7.1127127559055117
20
-2.8000186220472441
11
7.1093228346456687
21
-2.8006929133858267
0
LINE
8
BLACK
6
CONTINUOUS
10
7.1093228346456687
20
-2.8006929133858267
11
7.0916062992125983
21
-2.8006929133858267
0
LINE
8
BLACK
6
CONTINUOUS
10
7.0916062992125983
20
-2.8006929133858267
11
7.0882163779527554
21
-2.8000186220472441
0
LINE
8
BLACK
6
CONTINUOUS
10
7.0882163779527554
20
-2.8000186220472441
11
7.0853425590551176
21
-2.7980983858267714
0
LINE
8
BLACK
6
CONTINUOUS
10
7.0853425590551176
20
-2.7980983858267714
11
7.0834223228346458
21
-2.795224566929134
0
LINE
8
BLACK
6
CONTINUOUS
10
7.0834223228346458
20
-2.795224566929134
11
7.0827480314960631
21
-2.7918346456692911
0
LINE
8
BLACK
6
CONTINUOUS
10
7.0827480314960631
20
-2.7918346456692911
11
7.0827480314960631
21
-2.7721496062992124
0
LINE
8
BLACK
6
CONTINUOUS
10
7.0827480314960631
20
-2.7721496062992124
11
7.0834223228346458
21
-2.7687596850393699
0
LINE
8
BLACK
6
CONTINUOUS
10
7.0834223228346458
20
-2.7687596850393699
11
7.0853425590551176
21
-2.765885866141732
0
LINE
8
BLACK
6
CONTINUOUS
10
7.0853425590551176
20
-2.765885866141732
11
7.0882163779527554
21
-2.7639656299212598
0
LINE
8
BLACK
6
CONTINUOUS
10
7.0882163779527554
20
-2.7639656299212598
11
7.0916062992125983
21
-2.7632913385826772
0
LINE
8
BLACK
6
CONTINUOUS
10
7.0916062992125983
20
-2.7632913385826772
11
7.1093228346456687
21
-2.7632913385826772
0
LINE
8
BLACK
6
CONTINUOUS
10
7.1093228346456687
20
-2.7632913385826772
11
7.1127127559055117
21
-2.7639656299212598
0
LINE
8
BLACK
6
CONTINUOUS
10
7.2400670866141734
20
-3.0139656299212598
11
7.2429409055118112
21
-3.015885866141732
0
LINE
8
BLACK
6
CONTINUOUS
10
7.2429409055118112
20
-3.015885866141732
11
7.244861141732283
21
-3.0187596850393699
0
LINE
8
BLACK
6
CONTINUOUS
10
7.244861141732283
20
-3.0187596850393699
11
7.2455354330708657
21
-3.0221496062992124
0
LINE
8
BLACK
6
CONTINUOUS
10
7.2455354330708657
20
-3.0221496062992124
11
7.2455354330708657
21
-3.0418346456692911
0
LINE
8
BLACK
6
CONTINUOUS
10
7.2455354330708657
20
-3.0418346456692911
11
7.244861141732283
21
-3.0452245669291336
0
LINE
8
BLACK
6
CONTINUOUS
10
7.244861141732283
20
-3.0452245669291336
11
7.2429409055118112
21
-3.0480983858267714
0
LINE
8
BLACK
6
CONTINUOUS
10
7.2429409055118112
20
-3.0480983858267714
11
7.2400670866141734
21
-3.0500186220472441
0
LINE
8
BLACK
6
CONTINUOUS
10
7.2400670866141734
20
-3.0500186220472441
11
7.2366771653543305
21
-3.0506929133858267
0
LINE
8
BLACK
6
CONTINUOUS
10
7.2366771653543305
20
-3.0506929133858267
11
7.2189606299212601
21
-3.0506929133858267
0
LINE
8
BLACK
6
CONTINUOUS
10
7.2189606299212601
20
-3.0506929133858267
11
7.2155707086614171
21
-3.0500186220472441
0
LINE
8
BLACK
6
CONTINUOUS
10
7.2155707086614171
20
-3.0500186220472441
11
7.2126968897637793
21
-3.0480983858267714
0
LINE
8
BLACK
6
CONTINUOUS
10
7.2126968897637793
20
-3.0480983858267714
11
7.2107766535433067
21
-3.0452245669291336
0
LINE
8
BLACK
6
CONTINUOUS
10
7.2107766535433067
20
-3.0452245669291336
11
7.2102981496062988
21
-3.0428188976377952
0
LINE
8
BLACK
6
CONTINUOUS
10
7.2102981496062988
20
-3.0428188976377952
11
7.1946811023622042
21
-3.0428188976377952
0
LINE
8
BLACK
6
CONTINUOUS
10
7.1946811023622042
20
-3.0428188976377952
11
7.1945198818897635
21
-3.0429119685039367
0
LINE
8
BLACK
6
CONTINUOUS
10
7.1945198818897635
20
-3.0429119685039367
11
7.1915416535433065
21
-3.0437099606299212
0
LINE
8
BLACK
6
CONTINUOUS
10
7.1915416535433065
20
-3.0437099606299212
11
7.1884583464566925
21
-3.0437099606299212
0
LINE
8
BLACK
6
CONTINUOUS
10
7.1884583464566925
20
-3.0437099606299212
11
7.1854801181102363
21
-3.0429119685039367
0
LINE
8
BLACK
6
CONTINUOUS
10
7.1854801181102363
20
-3.0429119685039367
11
7.1828099212598424
21
-3.0413703149606297
0
LINE
8
BLACK
6
CONTINUOUS
10
7.1828099212598424
20
-3.0413703149606297
11
7.1806296850393698
21
-3.0391900787401576
0
LINE
8
BLACK
6
CONTINUOUS
10
7.1806296850393698
20
-3.0391900787401576
11
7.1790880314960628
21
-3.0365198818897636
0
LINE
8
BLACK
6
CONTINUOUS
10
7.1790880314960628
20
-3.0365198818897636
11
7.1782900393700784
21
-3.0335416535433071
0
LINE
8
BLACK
6
CONTINUOUS
10
7.1782900393700784
20
-3.0335416535433071
11
7.1782900393700784
21
-3.030458346456693
0
LINE
8
BLACK
6
CONTINUOUS
10
7.1782900393700784
20
-3.030458346456693
11
7.1790880314960628
21
-3.027480118110236
0
LINE
8
BLACK
6
CONTINUOUS
10
7.1790880314960628
20
-3.027480118110236
11
7.1806296850393698
21
-3.0248099212598425
0
LINE
8
BLACK
6
CONTINUOUS
10
7.1806296850393698
20
-3.0248099212598425
11
7.1828099212598424
21
-3.0226296850393699
0
LINE
8
BLACK
6
CONTINUOUS
10
7.1828099212598424
20
-3.0226296850393699
11
7.1854801181102363
21
-3.0210880314960629
0
LINE
8
BLACK
6
CONTINUOUS
10
7.1854801181102363
20
-3.0210880314960629
11
7.1884583464566925
21
-3.0202900393700784
0
LINE
8
BLACK
6
CONTINUOUS
10
7.1884583464566925
20
-3.0202900393700784
11
7.1915416535433065
21
-3.0202900393700784
0
LINE
8
BLACK
6
CONTINUOUS
10
7.1915416535433065
20
-3.0202900393700784
11
7.1945198818897635
21
-3.0210880314960629
0
LINE
8
BLACK
6
CONTINUOUS
10
7.1945198818897635
20
-3.0210880314960629
11
7.1946538188976374
21
-3.0211653543307087
0
LINE
8
BLACK
6
CONTINUOUS
10
7.1946538188976374
20
-3.0211653543307087
11
7.2102981496062988
21
-3.0211653543307087
0
LINE
8
BLACK
6
CONTINUOUS
10
7.2102981496062988
20
-3.0211653543307087
11
7.2107766535433067
21
-3.0187596850393699
0
LINE
8
BLACK
6
CONTINUOUS
10
7.2107766535433067
20
-3.0187596850393699
11
7.2126968897637793
21
-3.015885866141732
0
LINE
8
BLACK
6
CONTINUOUS
10
7.2126968897637793
20
-3.015885866141732
11
7.2155707086614171
21
-3.0139656299212598
0
LINE
8
BLACK
6
CONTINUOUS
10
7.2155707086614171
20
-3.0139656299212598
11
7.2189606299212601
21
-3.0132913385826772
0
LINE
8
BLACK
6
CONTINUOUS
10
7.2189606299212601
20
-3.0132913385826772
11
7.2366771653543305
21
-3.0132913385826772
0
LINE
8
BLACK
6
CONTINUOUS
10
7.2366771653543305
20
-3.0132913385826772
11
7.2400670866141734
21
-3.0139656299212598
0
LINE
8
BLACK
6
CONTINUOUS
10
6.2330868110236217
20
-2.4725840944881887
11
6.2357570078740157
21
-2.4741257480314962
0
LINE
8
BLACK
6
CONTINUOUS
10
6.2357570078740157
20
-2.4741257480314962
11
6.2379372440944882
21
-2.4763059842519684
0
LINE
8
BLACK
6
CONTINUOUS
10
6.2379372440944882
20
-2.4763059842519684
11
6.2394788976377953
21
-2.4789761811023623
0
LINE
8
BLACK
6
CONTINUOUS
10
6.2394788976377953
20
-2.4789761811023623
11
6.2402768897637797
21
-2.4819544094488188
0
LINE
8
BLACK
6
CONTINUOUS
10
6.2402768897637797
20
-2.4819544094488188
11
6.2402768897637797
21
-2.4850377165354329
0
LINE
8
BLACK
6
CONTINUOUS
10
6.2402768897637797
20
-2.4850377165354329
11
6.2394788976377953
21
-2.4880159448818895
0
LINE
8
BLACK
6
CONTINUOUS
10
6.2394788976377953
20
-2.4880159448818895
11
6.2379372440944882
21
-2.4906861417322834
0
LINE
8
BLACK
6
CONTINUOUS
10
6.2379372440944882
20
-2.4906861417322834
11
6.2357570078740157
21
-2.492866377952756
0
LINE
8
BLACK
6
CONTINUOUS
10
6.2357570078740157
20
-2.492866377952756
11
6.2330868110236217
21
-2.494408031496063
0
LINE
8
BLACK
6
CONTINUOUS
10
6.2330868110236217
20
-2.494408031496063
11
6.2301085826771656
21
-2.495206023622047
0
LINE
8
BLACK
6
CONTINUOUS
10
6.2301085826771656
20
-2.495206023622047
11
6.2270252755905506
21
-2.495206023622047
0
LINE
8
BLACK
6
CONTINUOUS
10
6.2270252755905506
20
-2.495206023622047
11
6.2240470472440945
21
-2.494408031496063
0
LINE
8
BLACK
6
CONTINUOUS
10
6.2240470472440945
20
-2.494408031496063
11
6.2238994881889766
21
-2.4943228346456694
0
LINE
8
BLACK
6
CONTINUOUS
10
6.2238994881889766
20
-2.4943228346456694
11
5.974797952755905
21
-2.4943228346456694
0
LINE
8
BLACK
6
CONTINUOUS
10
5.974797952755905
20
-2.4943228346456694
11
5.9369133858267711
21
-2.5322074015748033
0
LINE
8
BLACK
6
CONTINUOUS
10
5.9369133858267711
20
-2.5322074015748033
11
5.9369133858267711
21
-2.5490114566929134
0
LINE
8
BLACK
6
CONTINUOUS
10
5.9369133858267711
20
-2.5490114566929134
11
5.9721302755905512
21
-2.5842283464566926
0
LINE
8
BLACK
6
CONTINUOUS
10
5.9721302755905512
20
-2.5842283464566926
11
5.9833937007874018
21
-2.5842283464566926
0
LINE
8
BLACK
6
CONTINUOUS
10
5.9833937007874018
20
-2.5842283464566926
11
5.9864069685039372
21
-2.584827716535433
0
LINE
8
BLACK
6
CONTINUOUS
10
5.9864069685039372
20
-2.584827716535433
11
5.9889614566929135
21
-2.5865346062992125
0
LINE
8
BLACK
6
CONTINUOUS
10
5.9889614566929135
20
-2.5865346062992125
11
5.990668346456693
21
-2.5890890944881888
0
LINE
8
BLACK
6
CONTINUOUS
10
5.990668346456693
20
-2.5890890944881888
11
5.9912677165354333
21
-2.5921023622047246
0
LINE
8
BLACK
6
CONTINUOUS
10
5.9912677165354333
20
-2.5921023622047246
11
5.9912677165354333
21
-2.6078503937007875
0
LINE
8
BLACK
6
CONTINUOUS
10
5.9912677165354333
20
-2.6078503937007875
11
5.990668346456693
21
-2.6108636614173228
0
LINE
8
BLACK
6
CONTINUOUS
10
5.990668346456693
20
-2.6108636614173228
11
5.9889614566929135
21
-2.6134181496062991
0
LINE
8
BLACK
6
CONTINUOUS
10
5.9889614566929135
20
-2.6134181496062991
11
5.9864069685039372
21
-2.6151250393700787
0
LINE
8
BLACK
6
CONTINUOUS
10
5.9864069685039372
20
-2.6151250393700787
11
5.9833937007874018
21
-2.615724409448819
0
LINE
8
BLACK
6
CONTINUOUS
10
5.9833937007874018
20
-2.615724409448819
11
5.9833937007874018
21
-2.6872485826771655
0
LINE
8
BLACK
6
CONTINUOUS
10
5.9833937007874018
20
-2.6872485826771655
11
5.9865603543307087
21
-2.6885602755905511
0
LINE
8
BLACK
6
CONTINUOUS
10
5.9865603543307087
20
-2.6885602755905511
11
5.9913989370078742
21
-2.691793307086614
0
LINE
8
BLACK
6
CONTINUOUS
10
5.9913989370078742
20
-2.691793307086614
11
5.9955137795275588
21
-2.6959081496062991
0
LINE
8
BLACK
6
CONTINUOUS
10
5.9955137795275588
20
-2.6959081496062991
11
5.9987468110236222
21
-2.7007467322834646
0
LINE
8
BLACK
6
CONTINUOUS
10
5.9987468110236222
20
-2.7007467322834646
11
6.0009737401574803
21
-2.7061230314960629
0
LINE
8
BLACK
6
CONTINUOUS
10
6.0009737401574803
20
-2.7061230314960629
11
6.0021090157480312
21
-2.7118305118110237
0
LINE
8
BLACK
6
CONTINUOUS
10
6.0021090157480312
20
-2.7118305118110237
11
6.0021090157480312
21
-2.7176498031496061
0
LINE
8
BLACK
6
CONTINUOUS
10
6.0021090157480312
20
-2.7176498031496061
11
6.0009737401574803
21
-2.723357283464567
0
LINE
8
BLACK
6
CONTINUOUS
10
6.0009737401574803
20
-2.723357283464567
11
5.9987468110236222
21
-2.7287335826771653
0
LINE
8
BLACK
6
CONTINUOUS
10
5.9987468110236222
20
-2.7287335826771653
11
5.9955137795275588
21
-2.7335721653543308
0
LINE
8
BLACK
6
CONTINUOUS
10
5.9955137795275588
20
-2.7335721653543308
11
5.9913989370078742
21
-2.7376870078740159
0
LINE
8
BLACK
6
CONTINUOUS
10
5.9913989370078742
20
-2.7376870078740159
11
5.9865603543307087
21
-2.7409200393700788
0
LINE
8
BLACK
6
CONTINUOUS
10
5.9865603543307087
20
-2.7409200393700788
11
5.9811840551181099
21
-2.7431469685039369
0
LINE
8
BLACK
6
CONTINUOUS
10
5.9811840551181099
20
-2.7431469685039369
11
5.9754765748031495
21
-2.7442822440944883
0
LINE
8
BLACK
6
CONTINUOUS
10
5.9754765748031495
20
-2.7442822440944883
11
5.9696572834645671
21
-2.7442822440944883
0
LINE
8
BLACK
6
CONTINUOUS
10
5.9696572834645671
20
-2.7442822440944883
11
5.9639498031496059
21
-2.7431469685039369
0
LINE
8
BLACK
6
CONTINUOUS
10
5.9639498031496059
20
-2.7431469685039369
11
5.958573503937008
21
-2.7409200393700788
0
LINE
8
BLACK
6
CONTINUOUS
10
5.958573503937008
20
-2.7409200393700788
11
5.9537349212598425
21
-2.7376870078740159
0
LINE
8
BLACK
6
CONTINUOUS
10
5.9537349212598425
20
-2.7376870078740159
11
5.949620078740157
21
-2.7335721653543308
0
LINE
8
BLACK
6
CONTINUOUS
10
5.949620078740157
20
-2.7335721653543308
11
5.9463870472440945
21
-2.7287335826771653
0
LINE
8
BLACK
6
CONTINUOUS
10
5.9463870472440945
20
-2.7287335826771653
11
5.9441601181102364
21
-2.723357283464567
0
LINE
8
BLACK
6
CONTINUOUS
10
5.9441601181102364
20
-2.723357283464567
11
5.9430248425196845
21
-2.7176498031496061
0
LINE
8
BLACK
6
CONTINUOUS
10
5.9430248425196845
20
-2.7176498031496061
11
5.9430248425196845
21
-2.7118305118110237
0
LINE
8
BLACK
6
CONTINUOUS
10
5.9430248425196845
20
-2.7118305118110237
11
5.9441601181102364
21
-2.7061230314960629
0
LINE
8
BLACK
6
CONTINUOUS
10
5.9441601181102364
20
-2.7061230314960629
11
5.9463870472440945
21
-2.7007467322834646
0
LINE
8
BLACK
6
CONTINUOUS
10
5.9463870472440945
20
-2.7007467322834646
11
5.949620078740157
21
-2.6959081496062991
0
LINE
8
BLACK
6
CONTINUOUS
10
5.949620078740157
20
-2.6959081496062991
11
5.9537349212598425
21
-2.691793307086614
0
LINE
8
BLACK
6
CONTINUOUS
10
5.9537349212598425
20
-2.691793307086614
11
5.958573503937008
21
-2.6885602755905511
0
LINE
8
BLACK
6
CONTINUOUS
10
5.958573503937008
20
-2.6885602755905511
11
5.9617401574803148
21
-2.6872485826771655
0
LINE
8
BLACK
6
CONTINUOUS
10
5.9617401574803148
20
-2.6872485826771655
11
5.9617401574803148
21
-2.615724409448819
0
LINE
8
BLACK
6
CONTINUOUS
10
5.9617401574803148
20
-2.615724409448819
11
5.9587268897637795
21
-2.6151250393700787
0
LINE
8
BLACK
6
CONTINUOUS
10
5.9587268897637795
20
-2.6151250393700787
11
5.9561724015748032
21
-2.6134181496062991
0
LINE
8
BLACK
6
CONTINUOUS
10
5.9561724015748032
20
-2.6134181496062991
11
5.9544655118110237
21
-2.6108636614173228
0
LINE
8
BLACK
6
CONTINUOUS
10
5.9544655118110237
20
-2.6108636614173228
11
5.9538661417322833
21
-2.6078503937007875
0
LINE
8
BLACK
6
CONTINUOUS
10
5.9538661417322833
20
-2.6078503937007875
11
5.9538661417322833
21
-2.5965869291338581
0
LINE
8
BLACK
6
CONTINUOUS
10
5.9538661417322833
20
-2.5965869291338581
11
5.921602047244094
21
-2.5643228346456692
0
LINE
8
BLACK
6
CONTINUOUS
10
5.921602047244094
20
-2.5643228346456692
11
5.8805994881889765
21
-2.5643228346456692
0
LINE
8
BLACK
6
CONTINUOUS
10
5.8805994881889765
20
-2.5643228346456692
11
5.8801209842519686
21
-2.566728503937008
0
LINE
8
BLACK
6
CONTINUOUS
10
5.8801209842519686
20
-2.566728503937008
11
5.8782007480314959
21
-2.5696023228346454
0
LINE
8
BLACK
6
CONTINUOUS
10
5.8782007480314959
20
-2.5696023228346454
11
5.8753269291338581
21
-2.5715225590551181
0
LINE
8
BLACK
6
CONTINUOUS
10
5.8753269291338581
20
-2.5715225590551181
11
5.8719370078740152
21
-2.5721968503937007
0
LINE
8
BLACK
6
CONTINUOUS
10
5.8719370078740152
20
-2.5721968503937007
11
5.8596893307086617
21
-2.5721968503937007
0
LINE
8
BLACK
6
CONTINUOUS
10
5.8596893307086617
20
-2.5721968503937007
11
5.8022304724409448
21
-2.6296556692913384
0
LINE
8
BLACK
6
CONTINUOUS
10
5.8022304724409448
20
-2.6296556692913384
11
5.8005898425196847
21
-2.631002125984252
0
LINE
8
BLACK
6
CONTINUOUS
10
5.8005898425196847
20
-2.631002125984252
11
5.7966870078740156
21
-2.6326187401574801
0
LINE
8
BLACK
6
CONTINUOUS
10
5.7966870078740156
20
-2.6326187401574801
11
5.7945748031496063
21
-2.6328267716535434
0
LINE
8
BLACK
6
CONTINUOUS
10
5.7945748031496063
20
-2.6328267716535434
11
5.3924846062992122
21
-2.6328267716535434
0
LINE
8
BLACK
6
CONTINUOUS
10
5.3924846062992122
20
-2.6328267716535434
11
5.1487007874015749
21
-2.8766105511811024
0
LINE
8
BLACK
6
CONTINUOUS
10
5.1487007874015749
20
-2.8766105511811024
11
5.1487007874015749
21
-2.8878740157480314
0
LINE
8
BLACK
6
CONTINUOUS
10
5.1487007874015749
20
-2.8878740157480314
11
5.1481014173228345
21
-2.8908872834645667
0
LINE
8
BLACK
6
CONTINUOUS
10
5.1481014173228345
20
-2.8908872834645667
11
5.146394527559055
21
-2.8934417716535434
0
LINE
8
BLACK
6
CONTINUOUS
10
5.146394527559055
20
-2.8934417716535434
11
5.1438400393700787
21
-2.895148661417323
0
LINE
8
BLACK
6
CONTINUOUS
10
5.1438400393700787
20
-2.895148661417323
11
5.1408267716535434
21
-2.8957480314960629
0
LINE
8
BLACK
6
CONTINUOUS
10
5.1408267716535434
20
-2.8957480314960629
11
5.1191732283464564
21
-2.8957480314960629
0
LINE
8
BLACK
6
CONTINUOUS
10
5.1191732283464564
20
-2.8957480314960629
11
5.1161599606299211
21
-2.895148661417323
0
LINE
8
BLACK
6
CONTINUOUS
10
5.1161599606299211
20
-2.895148661417323
11
5.1136054724409448
21
-2.8934417716535434
0
LINE
8
BLACK
6
CONTINUOUS
10
5.1136054724409448
20
-2.8934417716535434
11
5.1118985826771652
21
-2.8908872834645667
0
LINE
8
BLACK
6
CONTINUOUS
10
5.1118985826771652
20
-2.8908872834645667
11
5.1118865354330705
21
-2.8908267716535434
0
LINE
8
BLACK
6
CONTINUOUS
10
5.1118865354330705
20
-2.8908267716535434
11
5.0020708661417324
21
-2.8908267716535434
0
LINE
8
BLACK
6
CONTINUOUS
10
5.0020708661417324
20
-2.8908267716535434
11
4.999958661417323
21
-2.8906187401574801
0
LINE
8
BLACK
6
CONTINUOUS
10
4.999958661417323
20
-2.8906187401574801
11
4.9960558267716531
21
-2.889002125984252
0
LINE
8
BLACK
6
CONTINUOUS
10
4.9960558267716531
20
-2.889002125984252
11
4.9944151968503938
21
-2.8876557086614172
0
LINE
8
BLACK
6
CONTINUOUS
10
4.9944151968503938
20
-2.8876557086614172
11
4.9324262992125982
21
-2.8256667716535433
0
LINE
8
BLACK
6
CONTINUOUS
10
4.9324262992125982
20
-2.8256667716535433
11
4.9312587007874011
21
-2.824244094488189
0
LINE
8
BLACK
6
CONTINUOUS
10
4.9312587007874011
20
-2.824244094488189
11
4.8948188976377951
21
-2.824244094488189
0
LINE
8
BLACK
6
CONTINUOUS
10
4.8948188976377951
20
-2.824244094488189
11
4.8948188976377951
21
-2.7878042519685038
0
LINE
8
BLACK
6
CONTINUOUS
10
4.8948188976377951
20
-2.7878042519685038
11
4.8933962204724413
21
-2.7866367322834646
0
LINE
8
BLACK
6
CONTINUOUS
10
4.8933962204724413
20
-2.7866367322834646
11
4.8508246456692916
21
-2.7440651181102362
0
LINE
8
BLACK
6
CONTINUOUS
10
4.8508246456692916
20
-2.7440651181102362
11
4.8494781889763781
21
-2.7424244881889761
0
LINE
8
BLACK
6
CONTINUOUS
10
4.8494781889763781
20
-2.7424244881889761
11
4.8478615748031491
21
-2.738521653543307
0
LINE
8
BLACK
6
CONTINUOUS
10
4.8478615748031491
20
-2.738521653543307
11
4.8476535433070866
21
-2.7364094488188977
0
LINE
8
BLACK
6
CONTINUOUS
10
4.8476535433070866
20
-2.7364094488188977
11
4.8476535433070866
21
-2.6741134251968504
0
LINE
8
BLACK
6
CONTINUOUS
10
4.8476535433070866
20
-2.6741134251968504
11
4.8475930314960625
21
-2.6741014173228348
0
LINE
8
BLACK
6
CONTINUOUS
10
4.8475930314960625
20
-2.6741014173228348
11
4.8450385433070862
21
-2.6723945275590553
0
LINE
8
BLACK
6
CONTINUOUS
10
4.8450385433070862
20
-2.6723945275590553
11
4.8433316535433066
21
-2.6698400393700785
0
LINE
8
BLACK
6
CONTINUOUS
10
4.8433316535433066
20
-2.6698400393700785
11
4.8427322834645672
21
-2.6668267716535432
0
LINE
8
BLACK
6
CONTINUOUS
10
4.8427322834645672
20
-2.6668267716535432
11
4.8427322834645672
21
-2.6451732283464566
0
LINE
8
BLACK
6
CONTINUOUS
10
4.8427322834645672
20
-2.6451732283464566
11
4.8433316535433066
21
-2.6421599606299213
0
LINE
8
BLACK
6
CONTINUOUS
10
4.8433316535433066
20
-2.6421599606299213
11
4.8450385433070862
21
-2.639605472440945
0
LINE
8
BLACK
6
CONTINUOUS
10
4.8450385433070862
20
-2.639605472440945
11
4.8475930314960625
21
-2.6378985826771655
0
LINE
8
BLACK
6
CONTINUOUS
10
4.8475930314960625
20
-2.6378985826771655
11
4.8506062992125987
21
-2.6372992125984251
0
LINE
8
BLACK
6
CONTINUOUS
10
4.8506062992125987
20
-2.6372992125984251
11
4.8663543307086616
21
-2.6372992125984251
0
LINE
8
BLACK
6
CONTINUOUS
10
4.8663543307086616
20
-2.6372992125984251
11
4.869367598425197
21
-2.6378985826771655
0
LINE
8
BLACK
6
CONTINUOUS
10
4.869367598425197
20
-2.6378985826771655
11
4.8719220866141733
21
-2.639605472440945
0
LINE
8
BLACK
6
CONTINUOUS
10
4.8719220866141733
20
-2.639605472440945
11
4.8736289763779528
21
-2.6421599606299213
0
LINE
8
BLACK
6
CONTINUOUS
10
4.8736289763779528
20
-2.6421599606299213
11
4.8742283464566931
21
-2.6451732283464566
0
LINE
8
BLACK
6
CONTINUOUS
10
4.8742283464566931
20
-2.6451732283464566
11
4.8742283464566931
21
-2.6668267716535432
0
LINE
8
BLACK
6
CONTINUOUS
10
4.8742283464566931
20
-2.6668267716535432
11
4.8736289763779528
21
-2.6698400393700785
0
LINE
8
BLACK
6
CONTINUOUS
10
4.8736289763779528
20
-2.6698400393700785
11
4.8719220866141733
21
-2.6723945275590553
0
LINE
8
BLACK
6
CONTINUOUS
10
4.8719220866141733
20
-2.6723945275590553
11
4.869367598425197
21
-2.6741014173228348
0
LINE
8
BLACK
6
CONTINUOUS
10
4.869367598425197
20
-2.6741014173228348
11
4.8693070866141728
21
-2.6741134251968504
0
LINE
8
BLACK
6
CONTINUOUS
10
4.8693070866141728
20
-2.6741134251968504
11
4.8693070866141728
21
-2.7319248425196849
0
LINE
8
BLACK
6
CONTINUOUS
10
4.8693070866141728
20
-2.7319248425196849
11
4.9087075984251971
21
-2.7713253543307088
0
LINE
8
BLACK
6
CONTINUOUS
10
4.9087075984251971
20
-2.7713253543307088
11
4.9098751574803146
21
-2.7727480314960631
0
LINE
8
BLACK
6
CONTINUOUS
10
4.9098751574803146
20
-2.7727480314960631
11
4.9463149606299215
21
-2.7727480314960631
0
LINE
8
BLACK
6
CONTINUOUS
10
4.9463149606299215
20
-2.7727480314960631
11
4.9463149606299215
21
-2.8091878346456691
0
LINE
8
BLACK
6
CONTINUOUS
10
4.9463149606299215
20
-2.8091878346456691
11
4.9477376377952753
21
-2.8103554330708662
0
LINE
8
BLACK
6
CONTINUOUS
10
4.9477376377952753
20
-2.8103554330708662
11
5.0065554724409447
21
-2.8691732283464568
0
LINE
8
BLACK
6
CONTINUOUS
10
5.0065554724409447
20
-2.8691732283464568
11
5.1118865354330705
21
-2.8691732283464568
0
LINE
8
BLACK
6
CONTINUOUS
10
5.1118865354330705
20
-2.8691732283464568
11
5.1118985826771652
21
-2.8691127165354331
0
LINE
8
BLACK
6
CONTINUOUS
10
5.1118985826771652
20
-2.8691127165354331
11
5.1136054724409448
21
-2.8665582283464568
0
LINE
8
BLACK
6
CONTINUOUS
10
5.1136054724409448
20
-2.8665582283464568
11
5.1161599606299211
21
-2.8648513385826773
0
LINE
8
BLACK
6
CONTINUOUS
10
5.1161599606299211
20
-2.8648513385826773
11
5.1191732283464564
21
-2.8642519685039369
0
LINE
8
BLACK
6
CONTINUOUS
10
5.1191732283464564
20
-2.8642519685039369
11
5.1304366929133858
21
-2.8642519685039369
0
LINE
8
BLACK
6
CONTINUOUS
10
5.1304366929133858
20
-2.8642519685039369
11
5.3803442913385826
21
-2.6143443307086613
0
LINE
8
BLACK
6
CONTINUOUS
10
5.3803442913385826
20
-2.6143443307086613
11
5.3819849606299215
21
-2.6129978740157478
0
LINE
8
BLACK
6
CONTINUOUS
10
5.3819849606299215
20
-2.6129978740157478
11
5.3858877952755906
21
-2.6113812598425197
0
LINE
8
BLACK
6
CONTINUOUS
10
5.3858877952755906
20
-2.6113812598425197
11
5.3879999999999999
21
-2.6111732283464568
0
LINE
8
BLACK
6
CONTINUOUS
10
5.3879999999999999
20
-2.6111732283464568
11
5.7900902362204727
21
-2.6111732283464568
0
LINE
8
BLACK
6
CONTINUOUS
10
5.7900902362204727
20
-2.6111732283464568
11
5.8453622047244096
21
-2.5559012204724407
0
LINE
8
BLACK
6
CONTINUOUS
10
5.8453622047244096
20
-2.5559012204724407
11
5.8453622047244096
21
-2.5436535433070864
0
LINE
8
BLACK
6
CONTINUOUS
10
5.8453622047244096
20
-2.5436535433070864
11
5.8460364960629922
21
-2.5402636220472439
0
LINE
8
BLACK
6
CONTINUOUS
10
5.8460364960629922
20
-2.5402636220472439
11
5.847956732283464
21
-2.537389803149606
0
LINE
8
BLACK
6
CONTINUOUS
10
5.847956732283464
20
-2.537389803149606
11
5.8508305511811018
21
-2.5354695669291338
0
LINE
8
BLACK
6
CONTINUOUS
10
5.8508305511811018
20
-2.5354695669291338
11
5.8542204724409448
21
-2.5347952755905512
0
LINE
8
BLACK
6
CONTINUOUS
10
5.8542204724409448
20
-2.5347952755905512
11
5.8719370078740152
21
-2.5347952755905512
0
LINE
8
BLACK
6
CONTINUOUS
10
5.8719370078740152
20
-2.5347952755905512
11
5.8753269291338581
21
-2.5354695669291338
0
LINE
8
BLACK
6
CONTINUOUS
10
5.8753269291338581
20
-2.5354695669291338
11
5.8782007480314959
21
-2.537389803149606
0
LINE
8
BLACK
6
CONTINUOUS
10
5.8782007480314959
20
-2.537389803149606
11
5.8801209842519686
21
-2.5402636220472439
0
LINE
8
BLACK
6
CONTINUOUS
10
5.8801209842519686
20
-2.5402636220472439
11
5.8805994881889765
21
-2.5426692913385827
0
LINE
8
BLACK
6
CONTINUOUS
10
5.8805994881889765
20
-2.5426692913385827
11
5.915259842519685
21
-2.5426692913385827
0
LINE
8
BLACK
6
CONTINUOUS
10
5.915259842519685
20
-2.5426692913385827
11
5.915259842519685
21
-2.5277228346456693
0
LINE
8
BLACK
6
CONTINUOUS
10
5.915259842519685
20
-2.5277228346456693
11
5.9154678740157483
21
-2.52561062992126
0
LINE
8
BLACK
6
CONTINUOUS
10
5.9154678740157483
20
-2.52561062992126
11
5.9170844881889764
21
-2.5217077952755904
0
LINE
8
BLACK
6
CONTINUOUS
10
5.9170844881889764
20
-2.5217077952755904
11
5.9184309448818899
21
-2.5200671653543307
0
LINE
8
BLACK
6
CONTINUOUS
10
5.9184309448818899
20
-2.5200671653543307
11
5.9626577165354329
21
-2.4758403937007873
0
LINE
8
BLACK
6
CONTINUOUS
10
5.9626577165354329
20
-2.4758403937007873
11
5.964298346456693
21
-2.4744939370078738
0
LINE
8
BLACK
6
CONTINUOUS
10
5.964298346456693
20
-2.4744939370078738
11
5.9682011811023621
21
-2.4728773228346457
0
LINE
8
BLACK
6
CONTINUOUS
10
5.9682011811023621
20
-2.4728773228346457
11
5.9703133858267714
21
-2.4726692913385828
0
LINE
8
BLACK
6
CONTINUOUS
10
5.9703133858267714
20
-2.4726692913385828
11
6.2238994881889766
21
-2.4726692913385828
0
LINE
8
BLACK
6
CONTINUOUS
10
6.2238994881889766
20
-2.4726692913385828
11
6.2240470472440945
21
-2.4725840944881887
0
LINE
8
BLACK
6
CONTINUOUS
10
6.2240470472440945
20
-2.4725840944881887
11
6.2270252755905506
21
-2.4717861023622048
0
LINE
8
BLACK
6
CONTINUOUS
10
6.2270252755905506
20
-2.4717861023622048
11
6.2301085826771656
21
-2.4717861023622048
0
LINE
8
BLACK
6
CONTINUOUS
10
6.2301085826771656
20
-2.4717861023622048
11
6.2330868110236217
21
-2.4725840944881887
0
LINE
8
BLACK
6
CONTINUOUS
10
4.2334960629921259
20
-2.547314960629921
11
4.2313937007874012
21
-2.547314960629921
0
LINE
8
BLACK
6
CONTINUOUS
10
4.2313937007874012
20
-2.547314960629921
11
4.2313937007874012
21
-2.7752453543307087
0
LINE
8
BLACK
6
CONTINUOUS
10
4.2313937007874012
20
-2.7752453543307087
11
4.2327044488188976
21
-2.7757883070866143
0
LINE
8
BLACK
6
CONTINUOUS
10
4.2327044488188976
20
-2.7757883070866143
11
4.2369012992125983
21
-2.7785925590551179
0
LINE
8
BLACK
6
CONTINUOUS
10
4.2369012992125983
20
-2.7785925590551179
11
4.2404704330708665
21
-2.7821616929133857
0
LINE
8
BLACK
6
CONTINUOUS
10
4.2404704330708665
20
-2.7821616929133857
11
4.2432746850393697
21
-2.7863585433070868
0
LINE
8
BLACK
6
CONTINUOUS
10
4.2432746850393697
20
-2.7863585433070868
11
4.2452062598425195
21
-2.7910218110236218
0
LINE
8
BLACK
6
CONTINUOUS
10
4.2452062598425195
20
-2.7910218110236218
11
4.2461909842519683
21
-2.7959723228346456
0
LINE
8
BLACK
6
CONTINUOUS
10
4.2461909842519683
20
-2.7959723228346456
11
4.2461909842519683
21
-2.8010198031496061
0
LINE
8
BLACK
6
CONTINUOUS
10
4.2461909842519683
20
-2.8010198031496061
11
4.2452062598425195
21
-2.8059703149606299
0
LINE
8
BLACK
6
CONTINUOUS
10
4.2452062598425195
20
-2.8059703149606299
11
4.2432746850393697
21
-2.8106335826771653
0
LINE
8
BLACK
6
CONTINUOUS
10
4.2432746850393697
20
-2.8106335826771653
11
4.2404704330708665
21
-2.814830433070866
0
LINE
8
BLACK
6
CONTINUOUS
10
4.2404704330708665
20
-2.814830433070866
11
4.2369012992125983
21
-2.8183995669291337
0
LINE
8
BLACK
6
CONTINUOUS
10
4.2369012992125983
20
-2.8183995669291337
11
4.2327044488188976
21
-2.8212038188976378
0
LINE
8
BLACK
6
CONTINUOUS
10
4.2327044488188976
20
-2.8212038188976378
11
4.2280411811023617
21
-2.8231353937007873
0
LINE
8
BLACK
6
CONTINUOUS
10
4.2280411811023617
20
-2.8231353937007873
11
4.2230906692913388
21
-2.824120118110236
0
LINE
8
BLACK
6
CONTINUOUS
10
4.2230906692913388
20
-2.824120118110236
11
4.2180431889763774
21
-2.824120118110236
0
LINE
8
BLACK
6
CONTINUOUS
10
4.2180431889763774
20
-2.824120118110236
11
4.2130926771653545
21
-2.8231353937007873
0
LINE
8
BLACK
6
CONTINUOUS
10
4.2130926771653545
20
-2.8231353937007873
11
4.2084294094488186
21
-2.8212038188976378
0
LINE
8
BLACK
6
CONTINUOUS
10
4.2084294094488186
20
-2.8212038188976378
11
4.2042325590551179
21
-2.8183995669291337
0
LINE
8
BLACK
6
CONTINUOUS
10
4.2042325590551179
20
-2.8183995669291337
11
4.2006634251968507
21
-2.814830433070866
0
LINE
8
BLACK
6
CONTINUOUS
10
4.2006634251968507
20
-2.814830433070866
11
4.1978591732283466
21
-2.8106335826771653
0
LINE
8
BLACK
6
CONTINUOUS
10
4.1978591732283466
20
-2.8106335826771653
11
4.1959275984251967
21
-2.8059703149606299
0
LINE
8
BLACK
6
CONTINUOUS
10
4.1959275984251967
20
-2.8059703149606299
11
4.1949428740157479
21
-2.8010198031496061
0
LINE
8
BLACK
6
CONTINUOUS
10
4.1949428740157479
20
-2.8010198031496061
11
4.1949428740157479
21
-2.7959723228346456
0
LINE
8
BLACK
6
CONTINUOUS
10
4.1949428740157479
20
-2.7959723228346456
11
4.1959275984251967
21
-2.7910218110236218
0
LINE
8
BLACK
6
CONTINUOUS
10
4.1959275984251967
20
-2.7910218110236218
11
4.1978591732283466
21
-2.7863585433070868
0
LINE
8
BLACK
6
CONTINUOUS
10
4.1978591732283466
20
-2.7863585433070868
11
4.2006634251968507
21
-2.7821616929133857
0
LINE
8
BLACK
6
CONTINUOUS
10
4.2006634251968507
20
-2.7821616929133857
11
4.2042325590551179
21
-2.7785925590551179
0
LINE
8
BLACK
6
CONTINUOUS
10
4.2042325590551179
20
-2.7785925590551179
11
4.2084294094488186
21
-2.7757883070866143
0
LINE
8
BLACK
6
CONTINUOUS
10
4.2084294094488186
20
-2.7757883070866143
11
4.209740157480315
21
-2.7752453543307087
0
LINE
8
BLACK
6
CONTINUOUS
10
4.209740157480315
20
-2.7752453543307087
11
4.209740157480315
21
-2.547314960629921
0
LINE
8
BLACK
6
CONTINUOUS
10
4.209740157480315
20
-2.547314960629921
11
4.1744409448818898
21
-2.547314960629921
0
LINE
8
BLACK
6
CONTINUOUS
10
4.1744409448818898
20
-2.547314960629921
11
4.1744409448818898
21
-2.4685748031496062
0
LINE
8
BLACK
6
CONTINUOUS
10
4.1744409448818898
20
-2.4685748031496062
11
4.2334960629921259
21
-2.4685748031496062
0
LINE
8
BLACK
6
CONTINUOUS
10
4.2334960629921259
20
-2.4685748031496062
11
4.2334960629921259
21
-2.547314960629921
0
LINE
8
BLACK
6
CONTINUOUS
10
4.3280411811023622
20
-2.7738567322834644
11
4.3327044488188973
21
-2.7757883070866143
0
LINE
8
BLACK
6
CONTINUOUS
10
4.3327044488188973
20
-2.7757883070866143
11
4.3369012992125979
21
-2.7785925590551179
0
LINE
8
BLACK
6
CONTINUOUS
10
4.3369012992125979
20
-2.7785925590551179
11
4.3404704330708661
21
-2.7821616929133857
0
LINE
8
BLACK
6
CONTINUOUS
10
4.3404704330708661
20
-2.7821616929133857
11
4.3432746850393702
21
-2.7863585433070868
0
LINE
8
BLACK
6
CONTINUOUS
10
4.3432746850393702
20
-2.7863585433070868
11
4.3452062598425192
21
-2.7910218110236218
0
LINE
8
BLACK
6
CONTINUOUS
10
4.3452062598425192
20
-2.7910218110236218
11
4.3461909842519688
21
-2.7959723228346456
0
LINE
8
BLACK
6
CONTINUOUS
10
4.3461909842519688
20
-2.7959723228346456
11
4.3461909842519688
21
-2.8010198031496061
0
LINE
8
BLACK
6
CONTINUOUS
10
4.3461909842519688
20
-2.8010198031496061
11
4.3452062598425192
21
-2.8059703149606299
0
LINE
8
BLACK
6
CONTINUOUS
10
4.3452062598425192
20
-2.8059703149606299
11
4.3432746850393702
21
-2.8106335826771653
0
LINE
8
BLACK
6
CONTINUOUS
10
4.3432746850393702
20
-2.8106335826771653
11
4.3404704330708661
21
-2.814830433070866
0
LINE
8
BLACK
6
CONTINUOUS
10
4.3404704330708661
20
-2.814830433070866
11
4.3369012992125979
21
-2.8183995669291337
0
LINE
8
BLACK
6
CONTINUOUS
10
4.3369012992125979
20
-2.8183995669291337
11
4.3327044488188973
21
-2.8212038188976378
0
LINE
8
BLACK
6
CONTINUOUS
10
4.3327044488188973
20
-2.8212038188976378
11
4.3280411811023622
21
-2.8231353937007873
0
LINE
8
BLACK
6
CONTINUOUS
10
4.3280411811023622
20
-2.8231353937007873
11
4.3230906692913385
21
-2.824120118110236
0
LINE
8
BLACK
6
CONTINUOUS
10
4.3230906692913385
20
-2.824120118110236
11
4.318043188976378
21
-2.824120118110236
0
LINE
8
BLACK
6
CONTINUOUS
10
4.318043188976378
20
-2.824120118110236
11
4.3130926771653542
21
-2.8231353937007873
0
LINE
8
BLACK
6
CONTINUOUS
10
4.3130926771653542
20
-2.8231353937007873
11
4.3084294094488191
21
-2.8212038188976378
0
LINE
8
BLACK
6
CONTINUOUS
10
4.3084294094488191
20
-2.8212038188976378
11
4.3042325590551176
21
-2.8183995669291337
0
LINE
8
BLACK
6
CONTINUOUS
10
4.3042325590551176
20
-2.8183995669291337
11
4.3006634251968503
21
-2.814830433070866
0
LINE
8
BLACK
6
CONTINUOUS
10
4.3006634251968503
20
-2.814830433070866
11
4.2978591732283462
21
-2.8106335826771653
0
LINE
8
BLACK
6
CONTINUOUS
10
4.2978591732283462
20
-2.8106335826771653
11
4.2959275984251963
21
-2.8059703149606299
0
LINE
8
BLACK
6
CONTINUOUS
10
4.2959275984251963
20
-2.8059703149606299
11
4.2949428740157476
21
-2.8010198031496061
0
LINE
8
BLACK
6
CONTINUOUS
10
4.2949428740157476
20
-2.8010198031496061
11
4.2949428740157476
21
-2.7959723228346456
0
LINE
8
BLACK
6
CONTINUOUS
10
4.2949428740157476
20
-2.7959723228346456
11
4.2959275984251963
21
-2.7910218110236218
0
LINE
8
BLACK
6
CONTINUOUS
10
4.2959275984251963
20
-2.7910218110236218
11
4.2978591732283462
21
-2.7863585433070868
0
LINE
8
BLACK
6
CONTINUOUS
10
4.2978591732283462
20
-2.7863585433070868
11
4.3006634251968503
21
-2.7821616929133857
0
LINE
8
BLACK
6
CONTINUOUS
10
4.3006634251968503
20
-2.7821616929133857
11
4.3042325590551176
21
-2.7785925590551179
0
LINE
8
BLACK
6
CONTINUOUS
10
4.3042325590551176
20
-2.7785925590551179
11
4.3084294094488191
21
-2.7757883070866143
0
LINE
8
BLACK
6
CONTINUOUS
10
4.3084294094488191
20
-2.7757883070866143
11
4.3130926771653542
21
-2.7738567322834644
0
LINE
8
BLACK
6
CONTINUOUS
10
4.3130926771653542
20
-2.7738567322834644
11
4.318043188976378
21
-2.7728720078740157
0
LINE
8
BLACK
6
CONTINUOUS
10
4.318043188976378
20
-2.7728720078740157
11
4.3230906692913385
21
-2.7728720078740157
0
LINE
8
BLACK
6
CONTINUOUS
10
4.3230906692913385
20
-2.7728720078740157
11
4.3280411811023622
21
-2.7738567322834644
0
LINE
8
BLACK
6
CONTINUOUS
10
4.6586929133858268
20
-2.547314960629921
11
4.5996377952755907
21
-2.547314960629921
0
LINE
8
BLACK
6
CONTINUOUS
10
4.5996377952755907
20
-2.547314960629921
11
4.5996377952755907
21
-2.5187716535433071
0
LINE
8
BLACK
6
CONTINUOUS
10
4.5996377952755907
20
-2.5187716535433071
11
4.5396027165354331
21
-2.5187716535433071
0
LINE
8
BLACK
6
CONTINUOUS
10
4.5396027165354331
20
-2.5187716535433071
11
4.4313937007874014
21
-2.6269806299212597
0
LINE
8
BLACK
6
CONTINUOUS
10
4.4313937007874014
20
-2.6269806299212597
11
4.4313937007874014
21
-2.7752453543307087
0
LINE
8
BLACK
6
CONTINUOUS
10
4.4313937007874014
20
-2.7752453543307087
11
4.4327044488188978
21
-2.7757883070866143
0
LINE
8
BLACK
6
CONTINUOUS
10
4.4327044488188978
20
-2.7757883070866143
11
4.4369012992125985
21
-2.7785925590551179
0
LINE
8
BLACK
6
CONTINUOUS
10
4.4369012992125985
20
-2.7785925590551179
11
4.4404704330708658
21
-2.7821616929133857
0
LINE
8
BLACK
6
CONTINUOUS
10
4.4404704330708658
20
-2.7821616929133857
11
4.4432746850393698
21
-2.7863585433070868
0
LINE
8
BLACK
6
CONTINUOUS
10
4.4432746850393698
20
-2.7863585433070868
11
4.4452062598425197
21
-2.7910218110236218
0
LINE
8
BLACK
6
CONTINUOUS
10
4.4452062598425197
20
-2.7910218110236218
11
4.4461909842519685
21
-2.7959723228346456
0
LINE
8
BLACK
6
CONTINUOUS
10
4.4461909842519685
20
-2.7959723228346456
11
4.4461909842519685
21
-2.8010198031496061
0
LINE
8
BLACK
6
CONTINUOUS
10
4.4461909842519685
20
-2.8010198031496061
11
4.4452062598425197
21
-2.8059703149606299
0
LINE
8
BLACK
6
CONTINUOUS
10
4.4452062598425197
20
-2.8059703149606299
11
4.4432746850393698
21
-2.8106335826771653
0
LINE
8
BLACK
6
CONTINUOUS
10
4.4432746850393698
20
-2.8106335826771653
11
4.4404704330708658
21
-2.814830433070866
0
LINE
8
BLACK
6
CONTINUOUS
10
4.4404704330708658
20
-2.814830433070866
11
4.4369012992125985
21
-2.8183995669291337
0
LINE
8
BLACK
6
CONTINUOUS
10
4.4369012992125985
20
-2.8183995669291337
11
4.4327044488188978
21
-2.8212038188976378
0
LINE
8
BLACK
6
CONTINUOUS
10
4.4327044488188978
20
-2.8212038188976378
11
4.4280411811023619
21
-2.8231353937007873
0
LINE
8
BLACK
6
CONTINUOUS
10
4.4280411811023619
20
-2.8231353937007873
11
4.4230906692913381
21
-2.824120118110236
0
LINE
8
BLACK
6
CONTINUOUS
10
4.4230906692913381
20
-2.824120118110236
11
4.4180431889763776
21
-2.824120118110236
0
LINE
8
BLACK
6
CONTINUOUS
10
4.4180431889763776
20
-2.824120118110236
11
4.4130926771653538
21
-2.8231353937007873
0
LINE
8
BLACK
6
CONTINUOUS
10
4.4130926771653538
20
-2.8231353937007873
11
4.4084294094488188
21
-2.8212038188976378
0
LINE
8
BLACK
6
CONTINUOUS
10
4.4084294094488188
20
-2.8212038188976378
11
4.4042325590551181
21
-2.8183995669291337
0
LINE
8
BLACK
6
CONTINUOUS
10
4.4042325590551181
20
-2.8183995669291337
11
4.4006634251968499
21
-2.814830433070866
0
LINE
8
BLACK
6
CONTINUOUS
10
4.4006634251968499
20
-2.814830433070866
11
4.3978591732283467
21
-2.8106335826771653
0
LINE
8
BLACK
6
CONTINUOUS
10
4.3978591732283467
20
-2.8106335826771653
11
4.3959275984251969
21
-2.8059703149606299
0
LINE
8
BLACK
6
CONTINUOUS
10
4.3959275984251969
20
-2.8059703149606299
11
4.3949428740157481
21
-2.8010198031496061
0
LINE
8
BLACK
6
CONTINUOUS
10
4.3949428740157481
20
-2.8010198031496061
11
4.3949428740157481
21
-2.7959723228346456
0
LINE
8
BLACK
6
CONTINUOUS
10
4.3949428740157481
20
-2.7959723228346456
11
4.3959275984251969
21
-2.7910218110236218
0
LINE
8
BLACK
6
CONTINUOUS
10
4.3959275984251969
20
-2.7910218110236218
11
4.3978591732283467
21
-2.7863585433070868
0
LINE
8
BLACK
6
CONTINUOUS
10
4.3978591732283467
20
-2.7863585433070868
11
4.4006634251968499
21
-2.7821616929133857
0
LINE
8
BLACK
6
CONTINUOUS
10
4.4006634251968499
20
-2.7821616929133857
11
4.4042325590551181
21
-2.7785925590551179
0
LINE
8
BLACK
6
CONTINUOUS
10
4.4042325590551181
20
-2.7785925590551179
11
4.4084294094488188
21
-2.7757883070866143
0
LINE
8
BLACK
6
CONTINUOUS
10
4.4084294094488188
20
-2.7757883070866143
11
4.4097401574803152
21
-2.7752453543307087
0
LINE
8
BLACK
6
CONTINUOUS
10
4.4097401574803152
20
-2.7752453543307087
11
4.4097401574803152
21
-2.6224960629921261
0
LINE
8
BLACK
6
CONTINUOUS
10
4.4097401574803152
20
-2.6224960629921261
11
4.4099481889763776
21
-2.6203838582677164
0
LINE
8
BLACK
6
CONTINUOUS
10
4.4099481889763776
20
-2.6203838582677164
11
4.4115648031496066
21
-2.6164810236220473
0
LINE
8
BLACK
6
CONTINUOUS
10
4.4115648031496066
20
-2.6164810236220473
11
4.4129112598425193
21
-2.6148403937007871
0
LINE
8
BLACK
6
CONTINUOUS
10
4.4129112598425193
20
-2.6148403937007871
11
4.5274624409448814
21
-2.5002891732283463
0
LINE
8
BLACK
6
CONTINUOUS
10
4.5274624409448814
20
-2.5002891732283463
11
4.5291030708661415
21
-2.498942755905512
0
LINE
8
BLACK
6
CONTINUOUS
10
4.5291030708661415
20
-2.498942755905512
11
4.5330059055118106
21
-2.4973261417322834
0
LINE
8
BLACK
6
CONTINUOUS
10
4.5330059055118106
20
-2.4973261417322834
11
4.5351181102362208
21
-2.4971181102362205
0
LINE
8
BLACK
6
CONTINUOUS
10
4.5351181102362208
20
-2.4971181102362205
11
4.5996377952755907
21
-2.4971181102362205
0
LINE
8
BLACK
6
CONTINUOUS
10
4.5996377952755907
20
-2.4971181102362205
11
4.5996377952755907
21
-2.4685748031496062
0
LINE
8
BLACK
6
CONTINUOUS
10
4.5996377952755907
20
-2.4685748031496062
11
4.6586929133858268
21
-2.4685748031496062
0
LINE
8
BLACK
6
CONTINUOUS
10
4.6586929133858268
20
-2.4685748031496062
11
4.6586929133858268
21
-2.547314960629921
0
LINE
8
BLACK
6
CONTINUOUS
10
4.5280411811023624
20
-2.7738567322834644
11
4.5327044488188974
21
-2.7757883070866143
0
LINE
8
BLACK
6
CONTINUOUS
10
4.5327044488188974
20
-2.7757883070866143
11
4.5369012992125981
21
-2.7785925590551179
0
LINE
8
BLACK
6
CONTINUOUS
10
4.5369012992125981
20
-2.7785925590551179
11
4.5404704330708663
21
-2.7821616929133857
0
LINE
8
BLACK
6
CONTINUOUS
10
4.5404704330708663
20
-2.7821616929133857
11
4.5432746850393704
21
-2.7863585433070868
0
LINE
8
BLACK
6
CONTINUOUS
10
4.5432746850393704
20
-2.7863585433070868
11
4.5452062598425194
21
-2.7910218110236218
0
LINE
8
BLACK
6
CONTINUOUS
10
4.5452062598425194
20
-2.7910218110236218
11
4.5461909842519681
21
-2.7959723228346456
0
LINE
8
BLACK
6
CONTINUOUS
10
4.5461909842519681
20
-2.7959723228346456
11
4.5461909842519681
21
-2.8010198031496061
0
LINE
8
BLACK
6
CONTINUOUS
10
4.5461909842519681
20
-2.8010198031496061
11
4.5452062598425194
21
-2.8059703149606299
0
LINE
8
BLACK
6
CONTINUOUS
10
4.5452062598425194
20
-2.8059703149606299
11
4.5432746850393704
21
-2.8106335826771653
0
LINE
8
BLACK
6
CONTINUOUS
10
4.5432746850393704
20
-2.8106335826771653
11
4.5404704330708663
21
-2.814830433070866
0
LINE
8
BLACK
6
CONTINUOUS
10
4.5404704330708663
20
-2.814830433070866
11
4.5369012992125981
21
-2.8183995669291337
0
LINE
8
BLACK
6
CONTINUOUS
10
4.5369012992125981
20
-2.8183995669291337
11
4.5327044488188974
21
-2.8212038188976378
0
LINE
8
BLACK
6
CONTINUOUS
10
4.5327044488188974
20
-2.8212038188976378
11
4.5280411811023624
21
-2.8231353937007873
0
LINE
8
BLACK
6
CONTINUOUS
10
4.5280411811023624
20
-2.8231353937007873
11
4.5230906692913386
21
-2.824120118110236
0
LINE
8
BLACK
6
CONTINUOUS
10
4.5230906692913386
20
-2.824120118110236
11
4.5180431889763781
21
-2.824120118110236
0
LINE
8
BLACK
6
CONTINUOUS
10
4.5180431889763781
20
-2.824120118110236
11
4.5130926771653543
21
-2.8231353937007873
0
LINE
8
BLACK
6
CONTINUOUS
10
4.5130926771653543
20
-2.8231353937007873
11
4.5084294094488184
21
-2.8212038188976378
0
LINE
8
BLACK
6
CONTINUOUS
10
4.5084294094488184
20
-2.8212038188976378
11
4.5042325590551178
21
-2.8183995669291337
0
LINE
8
BLACK
6
CONTINUOUS
10
4.5042325590551178
20
-2.8183995669291337
11
4.5006634251968505
21
-2.814830433070866
0
LINE
8
BLACK
6
CONTINUOUS
10
4.5006634251968505
20
-2.814830433070866
11
4.4978591732283464
21
-2.8106335826771653
0
LINE
8
BLACK
6
CONTINUOUS
10
4.4978591732283464
20
-2.8106335826771653
11
4.4959275984251965
21
-2.8059703149606299
0
LINE
8
BLACK
6
CONTINUOUS
10
4.4959275984251965
20
-2.8059703149606299
11
4.4949428740157478
21
-2.8010198031496061
0
LINE
8
BLACK
6
CONTINUOUS
10
4.4949428740157478
20
-2.8010198031496061
11
4.4949428740157478
21
-2.7959723228346456
0
LINE
8
BLACK
6
CONTINUOUS
10
4.4949428740157478
20
-2.7959723228346456
11
4.4959275984251965
21
-2.7910218110236218
0
LINE
8
BLACK
6
CONTINUOUS
10
4.4959275984251965
20
-2.7910218110236218
11
4.4978591732283464
21
-2.7863585433070868
0
LINE
8
BLACK
6
CONTINUOUS
10
4.4978591732283464
20
-2.7863585433070868
11
4.5006634251968505
21
-2.7821616929133857
0
LINE
8
BLACK
6
CONTINUOUS
10
4.5006634251968505
20
-2.7821616929133857
11
4.5042325590551178
21
-2.7785925590551179
0
LINE
8
BLACK
6
CONTINUOUS
10
4.5042325590551178
20
-2.7785925590551179
11
4.5084294094488184
21
-2.7757883070866143
0
LINE
8
BLACK
6
CONTINUOUS
10
4.5084294094488184
20
-2.7757883070866143
11
4.5130926771653543
21
-2.7738567322834644
0
LINE
8
BLACK
6
CONTINUOUS
10
4.5130926771653543
20
-2.7738567322834644
11
4.5180431889763781
21
-2.7728720078740157
0
LINE
8
BLACK
6
CONTINUOUS
10
4.5180431889763781
20
-2.7728720078740157
11
4.5230906692913386
21
-2.7728720078740157
0
LINE
8
BLACK
6
CONTINUOUS
10
4.5230906692913386
20
-2.7728720078740157
11
4.5280411811023624
21
-2.7738567322834644
0
LINE
8
BLACK
6
CONTINUOUS
10
4.6280411811023621
20
-2.7738567322834644
11
4.6327044488188971
21
-2.7757883070866143
0
LINE
8
BLACK
6
CONTINUOUS
10
4.6327044488188971
20
-2.7757883070866143
11
4.6369012992125986
21
-2.7785925590551179
0
LINE
8
BLACK
6
CONTINUOUS
10
4.6369012992125986
20
-2.7785925590551179
11
4.6404704330708659
21
-2.7821616929133857
0
LINE
8
BLACK
6
CONTINUOUS
10
4.6404704330708659
20
-2.7821616929133857
11
4.64327468503937
21
-2.7863585433070868
0
LINE
8
BLACK
6
CONTINUOUS
10
4.64327468503937
20
-2.7863585433070868
11
4.6452062598425199
21
-2.7910218110236218
0
LINE
8
BLACK
6
CONTINUOUS
10
4.6452062598425199
20
-2.7910218110236218
11
4.6461909842519686
21
-2.7959723228346456
0
LINE
8
BLACK
6
CONTINUOUS
10
4.6461909842519686
20
-2.7959723228346456
11
4.6461909842519686
21
-2.8010198031496061
0
LINE
8
BLACK
6
CONTINUOUS
10
4.6461909842519686
20
-2.8010198031496061
11
4.6452062598425199
21
-2.8059703149606299
0
LINE
8
BLACK
6
CONTINUOUS
10
4.6452062598425199
20
-2.8059703149606299
11
4.64327468503937
21
-2.8106335826771653
0
LINE
8
BLACK
6
CONTINUOUS
10
4.64327468503937
20
-2.8106335826771653
11
4.6404704330708659
21
-2.814830433070866
0
LINE
8
BLACK
6
CONTINUOUS
10
4.6404704330708659
20
-2.814830433070866
11
4.6369012992125986
21
-2.8183995669291337
0
LINE
8
BLACK
6
CONTINUOUS
10
4.6369012992125986
20
-2.8183995669291337
11
4.6327044488188971
21
-2.8212038188976378
0
LINE
8
BLACK
6
CONTINUOUS
10
4.6327044488188971
20
-2.8212038188976378
11
4.6280411811023621
21
-2.8231353937007873
0
LINE
8
BLACK
6
CONTINUOUS
10
4.6280411811023621
20
-2.8231353937007873
11
4.6230906692913383
21
-2.824120118110236
0
LINE
8
BLACK
6
CONTINUOUS
10
4.6230906692913383
20
-2.824120118110236
11
4.6180431889763778
21
-2.824120118110236
0
LINE
8
BLACK
6
CONTINUOUS
10
4.6180431889763778
20
-2.824120118110236
11
4.613092677165354
21
-2.8231353937007873
0
LINE
8
BLACK
6
CONTINUOUS
10
4.613092677165354
20
-2.8231353937007873
11
4.608429409448819
21
-2.8212038188976378
0
LINE
8
BLACK
6
CONTINUOUS
10
4.608429409448819
20
-2.8212038188976378
11
4.6042325590551183
21
-2.8183995669291337
0
LINE
8
BLACK
6
CONTINUOUS
10
4.6042325590551183
20
-2.8183995669291337
11
4.6006634251968501
21
-2.814830433070866
0
LINE
8
BLACK
6
CONTINUOUS
10
4.6006634251968501
20
-2.814830433070866
11
4.597859173228346
21
-2.8106335826771653
0
LINE
8
BLACK
6
CONTINUOUS
10
4.597859173228346
20
-2.8106335826771653
11
4.595927598425197
21
-2.8059703149606299
0
LINE
8
BLACK
6
CONTINUOUS
10
4.595927598425197
20
-2.8059703149606299
11
4.5949428740157483
21
-2.8010198031496061
0
LINE
8
BLACK
6
CONTINUOUS
10
4.5949428740157483
20
-2.8010198031496061
11
4.5949428740157483
21
-2.7959723228346456
0
LINE
8
BLACK
6
CONTINUOUS
10
4.5949428740157483
20
-2.7959723228346456
11
4.595927598425197
21
-2.7910218110236218
0
LINE
8
BLACK
6
CONTINUOUS
10
4.595927598425197
20
-2.7910218110236218
11
4.597859173228346
21
-2.7863585433070868
0
LINE
8
BLACK
6
CONTINUOUS
10
4.597859173228346
20
-2.7863585433070868
11
4.6006634251968501
21
-2.7821616929133857
0
LINE
8
BLACK
6
CONTINUOUS
10
4.6006634251968501
20
-2.7821616929133857
11
4.6042325590551183
21
-2.7785925590551179
0
LINE
8
BLACK
6
CONTINUOUS
10
4.6042325590551183
20
-2.7785925590551179
11
4.608429409448819
21
-2.7757883070866143
0
LINE
8
BLACK
6
CONTINUOUS
10
4.608429409448819
20
-2.7757883070866143
11
4.613092677165354
21
-2.7738567322834644
0
LINE
8
BLACK
6
CONTINUOUS
10
4.613092677165354
20
-2.7738567322834644
11
4.6180431889763778
21
-2.7728720078740157
0
LINE
8
BLACK
6
CONTINUOUS
10
4.6180431889763778
20
-2.7728720078740157
11
4.6230906692913383
21
-2.7728720078740157
0
LINE
8
BLACK
6
CONTINUOUS
10
4.6230906692913383
20
-2.7728720078740157
11
4.6280411811023621
21
-2.7738567322834644
0
LINE
8
BLACK
6
CONTINUOUS
10
5.6032822047244091
20
-2.677001771653543
11
5.6120954724409451
21
-2.6798653937007875
0
LINE
8
BLACK
6
CONTINUOUS
10
5.6120954724409451
20
-2.6798653937007875
11
5.6203522834645669
21
-2.684072440944882
0
LINE
8
BLACK
6
CONTINUOUS
10
5.6203522834645669
20
-2.684072440944882
11
5.6278492913385829
21
-2.6895193307086616
0
LINE
8
BLACK
6
CONTINUOUS
10
5.6278492913385829
20
-2.6895193307086616
11
5.6344019291338583
21
-2.6960719685039369
0
LINE
8
BLACK
6
CONTINUOUS
10
5.6344019291338583
20
-2.6960719685039369
11
5.6398488188976375
21
-2.7035689763779529
0
LINE
8
BLACK
6
CONTINUOUS
10
5.6398488188976375
20
-2.7035689763779529
11
5.6440558661417324
21
-2.7118257874015748
0
LINE
8
BLACK
6
CONTINUOUS
10
5.6440558661417324
20
-2.7118257874015748
11
5.6469194881889759
21
-2.7206390551181103
0
LINE
8
BLACK
6
CONTINUOUS
10
5.6469194881889759
20
-2.7206390551181103
11
5.6483691338582673
21
-2.7297917716535434
0
LINE
8
BLACK
6
CONTINUOUS
10
5.6483691338582673
20
-2.7297917716535434
11
5.6483691338582673
21
-2.7390586220472439
0
LINE
8
BLACK
6
CONTINUOUS
10
5.6483691338582673
20
-2.7390586220472439
11
5.6469194881889759
21
-2.748211338582677
0
LINE
8
BLACK
6
CONTINUOUS
10
5.6469194881889759
20
-2.748211338582677
11
5.6440558661417324
21
-2.7570246062992125
0
LINE
8
BLACK
6
CONTINUOUS
10
5.6440558661417324
20
-2.7570246062992125
11
5.6398488188976375
21
-2.7652814173228344
0
LINE
8
BLACK
6
CONTINUOUS
10
5.6398488188976375
20
-2.7652814173228344
11
5.6344019291338583
21
-2.7727784251968504
0
LINE
8
BLACK
6
CONTINUOUS
10
5.6344019291338583
20
-2.7727784251968504
11
5.6278492913385829
21
-2.7793310629921257
0
LINE
8
BLACK
6
CONTINUOUS
10
5.6278492913385829
20
-2.7793310629921257
11
5.6203522834645669
21
-2.7847779527559053
0
LINE
8
BLACK
6
CONTINUOUS
10
5.6203522834645669
20
-2.7847779527559053
11
5.6120954724409451
21
-2.7889849999999998
0
LINE
8
BLACK
6
CONTINUOUS
10
5.6120954724409451
20
-2.7889849999999998
11
5.6032822047244091
21
-2.7918486220472438
0
LINE
8
BLACK
6
CONTINUOUS
10
5.6032822047244091
20
-2.7918486220472438
11
5.594129488188976
21
-2.7932982677165352
0
LINE
8
BLACK
6
CONTINUOUS
10
5.594129488188976
20
-2.7932982677165352
11
5.5848626377952755
21
-2.7932982677165352
0
LINE
8
BLACK
6
CONTINUOUS
10
5.5848626377952755
20
-2.7932982677165352
11
5.5757099212598424
21
-2.7918486220472438
0
LINE
8
BLACK
6
CONTINUOUS
10
5.5757099212598424
20
-2.7918486220472438
11
5.5668966535433073
21
-2.7889849999999998
0
LINE
8
BLACK
6
CONTINUOUS
10
5.5668966535433073
20
-2.7889849999999998
11
5.5586398425196846
21
-2.7847779527559053
0
LINE
8
BLACK
6
CONTINUOUS
10
5.5586398425196846
20
-2.7847779527559053
11
5.5511428346456695
21
-2.7793310629921257
0
LINE
8
BLACK
6
CONTINUOUS
10
5.5511428346456695
20
-2.7793310629921257
11
5.5445901968503932
21
-2.7727784251968504
0
LINE
8
BLACK
6
CONTINUOUS
10
5.5445901968503932
20
-2.7727784251968504
11
5.5391433070866141
21
-2.7652814173228344
0
LINE
8
BLACK
6
CONTINUOUS
10
5.5391433070866141
20
-2.7652814173228344
11
5.5349362598425191
21
-2.7570246062992125
0
LINE
8
BLACK
6
CONTINUOUS
10
5.5349362598425191
20
-2.7570246062992125
11
5.5320726377952756
21
-2.748211338582677
0
LINE
8
BLACK
6
CONTINUOUS
10
5.5320726377952756
20
-2.748211338582677
11
5.5306229921259842
21
-2.7390586220472439
0
LINE
8
BLACK
6
CONTINUOUS
10
5.5306229921259842
20
-2.7390586220472439
11
5.5306229921259842
21
-2.7297917716535434
0
LINE
8
BLACK
6
CONTINUOUS
10
5.5306229921259842
20
-2.7297917716535434
11
5.5320726377952756
21
-2.7206390551181103
0
LINE
8
BLACK
6
CONTINUOUS
10
5.5320726377952756
20
-2.7206390551181103
11
5.5349362598425191
21
-2.7118257874015748
0
LINE
8
BLACK
6
CONTINUOUS
10
5.5349362598425191
20
-2.7118257874015748
11
5.5391433070866141
21
-2.7035689763779529
0
LINE
8
BLACK
6
CONTINUOUS
10
5.5391433070866141
20
-2.7035689763779529
11
5.5445901968503932
21
-2.6960719685039369
0
LINE
8
BLACK
6
CONTINUOUS
10
5.5445901968503932
20
-2.6960719685039369
11
5.5511428346456695
21
-2.6895193307086616
0
LINE
8
BLACK
6
CONTINUOUS
10
5.5511428346456695
20
-2.6895193307086616
11
5.5586398425196846
21
-2.684072440944882
0
LINE
8
BLACK
6
CONTINUOUS
10
5.5586398425196846
20
-2.684072440944882
11
5.5668966535433073
21
-2.6798653937007875
0
LINE
8
BLACK
6
CONTINUOUS
10
5.5668966535433073
20
-2.6798653937007875
11
5.5757099212598424
21
-2.677001771653543
0
LINE
8
BLACK
6
CONTINUOUS
10
5.5757099212598424
20
-2.677001771653543
11
5.5848626377952755
21
-2.6755521259842521
0
LINE
8
BLACK
6
CONTINUOUS
10
5.5848626377952755
20
-2.6755521259842521
11
5.594129488188976
21
-2.6755521259842521
0
LINE
8
BLACK
6
CONTINUOUS
10
5.594129488188976
20
-2.6755521259842521
11
5.6032822047244091
21
-2.677001771653543
0
LINE
8
BLACK
6
CONTINUOUS
10
6.4694239370078739
20
-2.677001771653543
11
6.478237204724409
21
-2.6798653937007875
0
LINE
8
BLACK
6
CONTINUOUS
10
6.478237204724409
20
-2.6798653937007875
11
6.4864940157480317
21
-2.684072440944882
0
LINE
8
BLACK
6
CONTINUOUS
10
6.4864940157480317
20
-2.684072440944882
11
6.4939910236220468
21
-2.6895193307086616
0
LINE
8
BLACK
6
CONTINUOUS
10
6.4939910236220468
20
-2.6895193307086616
11
6.5005436614173231
21
-2.6960719685039369
0
LINE
8
BLACK
6
CONTINUOUS
10
6.5005436614173231
20
-2.6960719685039369
11
6.5059905511811023
21
-2.7035689763779529
0
LINE
8
BLACK
6
CONTINUOUS
10
6.5059905511811023
20
-2.7035689763779529
11
6.5101975984251963
21
-2.7118257874015748
0
LINE
8
BLACK
6
CONTINUOUS
10
6.5101975984251963
20
-2.7118257874015748
11
6.5130612204724407
21
-2.7206390551181103
0
LINE
8
BLACK
6
CONTINUOUS
10
6.5130612204724407
20
-2.7206390551181103
11
6.5145108661417321
21
-2.7297917716535434
0
LINE
8
BLACK
6
CONTINUOUS
10
6.5145108661417321
20
-2.7297917716535434
11
6.5145108661417321
21
-2.7390586220472439
0
LINE
8
BLACK
6
CONTINUOUS
10
6.5145108661417321
20
-2.7390586220472439
11
6.5130612204724407
21
-2.748211338582677
0
LINE
8
BLACK
6
CONTINUOUS
10
6.5130612204724407
20
-2.748211338582677
11
6.5101975984251963
21
-2.7570246062992125
0
LINE
8
BLACK
6
CONTINUOUS
10
6.5101975984251963
20
-2.7570246062992125
11
6.5059905511811023
21
-2.7652814173228344
0
LINE
8
BLACK
6
CONTINUOUS
10
6.5059905511811023
20
-2.7652814173228344
11
6.5005436614173231
21
-2.7727784251968504
0
LINE
8
BLACK
6
CONTINUOUS
10
6.5005436614173231
20
-2.7727784251968504
11
6.4939910236220468
21
-2.7793310629921257
0
LINE
8
BLACK
6
CONTINUOUS
10
6.4939910236220468
20
-2.7793310629921257
11
6.4864940157480317
21
-2.7847779527559053
0
LINE
8
BLACK
6
CONTINUOUS
10
6.4864940157480317
20
-2.7847779527559053
11
6.478237204724409
21
-2.7889849999999998
0
LINE
8
BLACK
6
CONTINUOUS
10
6.478237204724409
20
-2.7889849999999998
11
6.4694239370078739
21
-2.7918486220472438
0
LINE
8
BLACK
6
CONTINUOUS
10
6.4694239370078739
20
-2.7918486220472438
11
6.4602712204724408
21
-2.7932982677165352
0
LINE
8
BLACK
6
CONTINUOUS
10
6.4602712204724408
20
-2.7932982677165352
11
6.4510043700787403
21
-2.7932982677165352
0
LINE
8
BLACK
6
CONTINUOUS
10
6.4510043700787403
20
-2.7932982677165352
11
6.4418516535433072
21
-2.7918486220472438
0
LINE
8
BLACK
6
CONTINUOUS
10
6.4418516535433072
20
-2.7918486220472438
11
6.4330383858267712
21
-2.7889849999999998
0
LINE
8
BLACK
6
CONTINUOUS
10
6.4330383858267712
20
-2.7889849999999998
11
6.4247815748031494
21
-2.7847779527559053
0
LINE
8
BLACK
6
CONTINUOUS
10
6.4247815748031494
20
-2.7847779527559053
11
6.4172845669291334
21
-2.7793310629921257
0
LINE
8
BLACK
6
CONTINUOUS
10
6.4172845669291334
20
-2.7793310629921257
11
6.410731929133858
21
-2.7727784251968504
0
LINE
8
BLACK
6
CONTINUOUS
10
6.410731929133858
20
-2.7727784251968504
11
6.4052850393700789
21
-2.7652814173228344
0
LINE
8
BLACK
6
CONTINUOUS
10
6.4052850393700789
20
-2.7652814173228344
11
6.4010779921259839
21
-2.7570246062992125
0
LINE
8
BLACK
6
CONTINUOUS
10
6.4010779921259839
20
-2.7570246062992125
11
6.3982143700787404
21
-2.748211338582677
0
LINE
8
BLACK
6
CONTINUOUS
10
6.3982143700787404
20
-2.748211338582677
11
6.396764724409449
21
-2.7390586220472439
0
LINE
8
BLACK
6
CONTINUOUS
10
6.396764724409449
20
-2.7390586220472439
11
6.396764724409449
21
-2.7297917716535434
0
LINE
8
BLACK
6
CONTINUOUS
10
6.396764724409449
20
-2.7297917716535434
11
6.3982143700787404
21
-2.7206390551181103
0
LINE
8
BLACK
6
CONTINUOUS
10
6.3982143700787404
20
-2.7206390551181103
11
6.4010779921259839
21
-2.7118257874015748
0
LINE
8
BLACK
6
CONTINUOUS
10
6.4010779921259839
20
-2.7118257874015748
11
6.4052850393700789
21
-2.7035689763779529
0
LINE
8
BLACK
6
CONTINUOUS
10
6.4052850393700789
20
-2.7035689763779529
11
6.410731929133858
21
-2.6960719685039369
0
LINE
8
BLACK
6
CONTINUOUS
10
6.410731929133858
20
-2.6960719685039369
11
6.4172845669291334
21
-2.6895193307086616
0
LINE
8
BLACK
6
CONTINUOUS
10
6.4172845669291334
20
-2.6895193307086616
11
6.4247815748031494
21
-2.684072440944882
0
LINE
8
BLACK
6
CONTINUOUS
10
6.4247815748031494
20
-2.684072440944882
11
6.4330383858267712
21
-2.6798653937007875
0
LINE
8
BLACK
6
CONTINUOUS
10
6.4330383858267712
20
-2.6798653937007875
11
6.4418516535433072
21
-2.677001771653543
0
LINE
8
BLACK
6
CONTINUOUS
10
6.4418516535433072
20
-2.677001771653543
11
6.4510043700787403
21
-2.6755521259842521
0
LINE
8
BLACK
6
CONTINUOUS
10
6.4510043700787403
20
-2.6755521259842521
11
6.4602712204724408
21
-2.6755521259842521
0
LINE
8
BLACK
6
CONTINUOUS
10
6.4602712204724408
20
-2.6755521259842521
11
6.4694239370078739
21
-2.677001771653543
0
LINE
8
BLACK
6
CONTINUOUS
10
5.9022519685039372
20
-2.7444251968503934
11
5.8428818897637793
21
-2.7444251968503934
0
LINE
8
BLACK
6
CONTINUOUS
10
5.8428818897637793
20
-2.7444251968503934
11
5.8428818897637793
21
-2.685055118110236
0
LINE
8
BLACK
6
CONTINUOUS
10
5.8428818897637793
20
-2.685055118110236
11
5.9022519685039372
21
-2.685055118110236
0
LINE
8
BLACK
6
CONTINUOUS
10
5.9022519685039372
20
-2.685055118110236
11
5.9022519685039372
21
-2.7444251968503934
0
LINE
8
BLACK
6
CONTINUOUS
10
5.9864069685039372
20
-2.5198670866141732
11
5.9889614566929135
21
-2.5215739763779528
0
LINE
8
BLACK
6
CONTINUOUS
10
5.9889614566929135
20
-2.5215739763779528
11
5.990668346456693
21
-2.5241284645669291
0
LINE
8
BLACK
6
CONTINUOUS
10
5.990668346456693
20
-2.5241284645669291
11
5.9912677165354333
21
-2.5271417322834644
0
LINE
8
BLACK
6
CONTINUOUS
10
5.9912677165354333
20
-2.5271417322834644
11
5.9912677165354333
21
-2.538405157480315
0
LINE
8
BLACK
6
CONTINUOUS
10
5.9912677165354333
20
-2.538405157480315
11
6.0105107480314963
21
-2.557648188976378
0
LINE
8
BLACK
6
CONTINUOUS
10
6.0105107480314963
20
-2.557648188976378
11
6.0178994881889762
21
-2.557648188976378
0
LINE
8
BLACK
6
CONTINUOUS
10
6.0178994881889762
20
-2.557648188976378
11
6.0180470472440941
21
-2.5575629921259844
0
LINE
8
BLACK
6
CONTINUOUS
10
6.0180470472440941
20
-2.5575629921259844
11
6.0210252755905511
21
-2.556765
0
LINE
8
BLACK
6
CONTINUOUS
10
6.0210252755905511
20
-2.556765
11
6.0241085826771652
21
-2.556765
0
LINE
8
BLACK
6
CONTINUOUS
10
6.0241085826771652
20
-2.556765
11
6.0270868110236222
21
-2.5575629921259844
0
LINE
8
BLACK
6
CONTINUOUS
10
6.0270868110236222
20
-2.5575629921259844
11
6.0297570078740153
21
-2.5591046456692914
0
LINE
8
BLACK
6
CONTINUOUS
10
6.0297570078740153
20
-2.5591046456692914
11
6.0319372440944878
21
-2.5612848818897636
0
LINE
8
BLACK
6
CONTINUOUS
10
6.0319372440944878
20
-2.5612848818897636
11
6.0334788976377949
21
-2.5639550787401575
0
LINE
8
BLACK
6
CONTINUOUS
10
6.0334788976377949
20
-2.5639550787401575
11
6.0342768897637793
21
-2.566933307086614
0
LINE
8
BLACK
6
CONTINUOUS
10
6.0342768897637793
20
-2.566933307086614
11
6.0342768897637793
21
-2.5700166141732281
0
LINE
8
BLACK
6
CONTINUOUS
10
6.0342768897637793
20
-2.5700166141732281
11
6.0334788976377949
21
-2.5729948425196851
0
LINE
8
BLACK
6
CONTINUOUS
10
6.0334788976377949
20
-2.5729948425196851
11
6.0333937007874017
21
-2.573142401574803
0
LINE
8
BLACK
6
CONTINUOUS
10
6.0333937007874017
20
-2.573142401574803
11
6.0333937007874017
21
-2.6602555511811024
0
LINE
8
BLACK
6
CONTINUOUS
10
6.0333937007874017
20
-2.6602555511811024
11
6.06078311023622
21
-2.6876449999999998
0
LINE
8
BLACK
6
CONTINUOUS
10
6.06078311023622
20
-2.6876449999999998
11
6.0639498031496064
21
-2.686333346456693
0
LINE
8
BLACK
6
CONTINUOUS
10
6.0639498031496064
20
-2.686333346456693
11
6.0696572834645668
21
-2.6851980708661416
0
LINE
8
BLACK
6
CONTINUOUS
10
6.0696572834645668
20
-2.6851980708661416
11
6.0754765748031492
21
-2.6851980708661416
0
LINE
8
BLACK
6
CONTINUOUS
10
6.0754765748031492
20
-2.6851980708661416
11
6.0811840551181104
21
-2.686333346456693
0
LINE
8
BLACK
6
CONTINUOUS
10
6.0811840551181104
20
-2.686333346456693
11
6.0865603543307083
21
-2.6885602755905511
0
LINE
8
BLACK
6
CONTINUOUS
10
6.0865603543307083
20
-2.6885602755905511
11
6.0913989370078738
21
-2.691793307086614
0
LINE
8
BLACK
6
CONTINUOUS
10
6.0913989370078738
20
-2.691793307086614
11
6.0955137795275594
21
-2.6959081496062991
0
LINE
8
BLACK
6
CONTINUOUS
10
6.0955137795275594
20
-2.6959081496062991
11
6.0987468110236218
21
-2.7007467322834646
0
LINE
8
BLACK
6
CONTINUOUS
10
6.0987468110236218
20
-2.7007467322834646
11
6.10097374015748
21
-2.7061230314960629
0
LINE
8
BLACK
6
CONTINUOUS
10
6.10097374015748
20
-2.7061230314960629
11
6.1021090157480318
21
-2.7118305118110237
0
LINE
8
BLACK
6
CONTINUOUS
10
6.1021090157480318
20
-2.7118305118110237
11
6.1021090157480318
21
-2.7176498031496061
0
LINE
8
BLACK
6
CONTINUOUS
10
6.1021090157480318
20
-2.7176498031496061
11
6.10097374015748
21
-2.723357283464567
0
LINE
8
BLACK
6
CONTINUOUS
10
6.10097374015748
20
-2.723357283464567
11
6.0987468110236218
21
-2.7287335826771653
0
LINE
8
BLACK
6
CONTINUOUS
10
6.0987468110236218
20
-2.7287335826771653
11
6.0955137795275594
21
-2.7335721653543308
0
LINE
8
BLACK
6
CONTINUOUS
10
6.0955137795275594
20
-2.7335721653543308
11
6.0913989370078738
21
-2.7376870078740159
0
LINE
8
BLACK
6
CONTINUOUS
10
6.0913989370078738
20
-2.7376870078740159
11
6.0865603543307083
21
-2.7409200393700788
0
LINE
8
BLACK
6
CONTINUOUS
10
6.0865603543307083
20
-2.7409200393700788
11
6.0811840551181104
21
-2.7431469685039369
0
LINE
8
BLACK
6
CONTINUOUS
10
6.0811840551181104
20
-2.7431469685039369
11
6.0754765748031492
21
-2.7442822440944883
0
LINE
8
BLACK
6
CONTINUOUS
10
6.0754765748031492
20
-2.7442822440944883
11
6.0696572834645668
21
-2.7442822440944883
0
LINE
8
BLACK
6
CONTINUOUS
10
6.0696572834645668
20
-2.7442822440944883
11
6.0639498031496064
21
-2.7431469685039369
0
LINE
8
BLACK
6
CONTINUOUS
10
6.0639498031496064
20
-2.7431469685039369
11
6.0585735039370077
21
-2.7409200393700788
0
LINE
8
BLACK
6
CONTINUOUS
10
6.0585735039370077
20
-2.7409200393700788
11
6.0537349212598421
21
-2.7376870078740159
0
LINE
8
BLACK
6
CONTINUOUS
10
6.0537349212598421
20
-2.7376870078740159
11
6.0496200787401575
21
-2.7335721653543308
0
LINE
8
BLACK
6
CONTINUOUS
10
6.0496200787401575
20
-2.7335721653543308
11
6.0463870472440941
21
-2.7287335826771653
0
LINE
8
BLACK
6
CONTINUOUS
10
6.0463870472440941
20
-2.7287335826771653
11
6.044160118110236
21
-2.723357283464567
0
LINE
8
BLACK
6
CONTINUOUS
10
6.044160118110236
20
-2.723357283464567
11
6.0430248425196851
21
-2.7176498031496061
0
LINE
8
BLACK
6
CONTINUOUS
10
6.0430248425196851
20
-2.7176498031496061
11
6.0430248425196851
21
-2.7118305118110237
0
LINE
8
BLACK
6
CONTINUOUS
10
6.0430248425196851
20
-2.7118305118110237
11
6.044160118110236
21
-2.7061230314960629
0
LINE
8
BLACK
6
CONTINUOUS
10
6.044160118110236
20
-2.7061230314960629
11
6.0454717716535429
21
-2.7029563385826769
0
LINE
8
BLACK
6
CONTINUOUS
10
6.0454717716535429
20
-2.7029563385826769
11
6.0149112598425196
21
-2.6723958267716537
0
LINE
8
BLACK
6
CONTINUOUS
10
6.0149112598425196
20
-2.6723958267716537
11
6.0135648031496061
21
-2.6707551968503935
0
LINE
8
BLACK
6
CONTINUOUS
10
6.0135648031496061
20
-2.6707551968503935
11
6.0119481889763779
21
-2.6668523622047244
0
LINE
8
BLACK
6
CONTINUOUS
10
6.0119481889763779
20
-2.6668523622047244
11
6.0117401574803147
21
-2.6647401574803151
0
LINE
8
BLACK
6
CONTINUOUS
10
6.0117401574803147
20
-2.6647401574803151
11
6.0117401574803147
21
-2.5793017322834646
0
LINE
8
BLACK
6
CONTINUOUS
10
6.0117401574803147
20
-2.5793017322834646
11
6.0060261417322831
21
-2.5793017322834646
0
LINE
8
BLACK
6
CONTINUOUS
10
6.0060261417322831
20
-2.5793017322834646
11
6.0039139370078738
21
-2.5790937007874013
0
LINE
8
BLACK
6
CONTINUOUS
10
6.0039139370078738
20
-2.5790937007874013
11
6.0000111023622047
21
-2.5774770866141732
0
LINE
8
BLACK
6
CONTINUOUS
10
6.0000111023622047
20
-2.5774770866141732
11
5.9983704330708658
21
-2.5761306299212596
0
LINE
8
BLACK
6
CONTINUOUS
10
5.9983704330708658
20
-2.5761306299212596
11
5.9730036220472442
21
-2.5507637795275588
0
LINE
8
BLACK
6
CONTINUOUS
10
5.9730036220472442
20
-2.5507637795275588
11
5.9617401574803148
21
-2.5507637795275588
0
LINE
8
BLACK
6
CONTINUOUS
10
5.9617401574803148
20
-2.5507637795275588
11
5.9587268897637795
21
-2.5501644094488189
0
LINE
8
BLACK
6
CONTINUOUS
10
5.9587268897637795
20
-2.5501644094488189
11
5.9561724015748032
21
-2.5484575196850394
0
LINE
8
BLACK
6
CONTINUOUS
10
5.9561724015748032
20
-2.5484575196850394
11
5.9544655118110237
21
-2.5459030314960631
0
LINE
8
BLACK
6
CONTINUOUS
10
5.9544655118110237
20
-2.5459030314960631
11
5.9538661417322833
21
-2.5428897637795274
0
LINE
8
BLACK
6
CONTINUOUS
10
5.9538661417322833
20
-2.5428897637795274
11
5.9538661417322833
21
-2.5271417322834644
0
LINE
8
BLACK
6
CONTINUOUS
10
5.9538661417322833
20
-2.5271417322834644
11
5.9544655118110237
21
-2.5241284645669291
0
LINE
8
BLACK
6
CONTINUOUS
10
5.9544655118110237
20
-2.5241284645669291
11
5.9561724015748032
21
-2.5215739763779528
0
LINE
8
BLACK
6
CONTINUOUS
10
5.9561724015748032
20
-2.5215739763779528
11
5.9587268897637795
21
-2.5198670866141732
0
LINE
8
BLACK
6
CONTINUOUS
10
5.9587268897637795
20
-2.5198670866141732
11
5.9617401574803148
21
-2.5192677165354329
0
LINE
8
BLACK
6
CONTINUOUS
10
5.9617401574803148
20
-2.5192677165354329
11
5.9833937007874018
21
-2.5192677165354329
0
LINE
8
BLACK
6
CONTINUOUS
10
5.9833937007874018
20
-2.5192677165354329
11
5.9864069685039372
21
-2.5198670866141732
0
LINE
8
BLACK
6
CONTINUOUS
10
6.0685198818897632
20
-2.6170880314960629
11
6.068667440944882
21
-2.6171732283464566
0
LINE
8
BLACK
6
CONTINUOUS
10
6.068667440944882
20
-2.6171732283464566
11
6.1248568503937006
21
-2.6171732283464566
0
LINE
8
BLACK
6
CONTINUOUS
10
6.1248568503937006
20
-2.6171732283464566
11
6.12696905511811
21
-2.6173812598425195
0
LINE
8
BLACK
6
CONTINUOUS
10
6.12696905511811
20
-2.6173812598425195
11
6.1308718897637791
21
-2.618997874015748
0
LINE
8
BLACK
6
CONTINUOUS
10
6.1308718897637791
20
-2.618997874015748
11
6.1325125196850392
21
-2.6203443307086616
0
LINE
8
BLACK
6
CONTINUOUS
10
6.1325125196850392
20
-2.6203443307086616
11
6.1883059842519685
21
-2.6761377559055117
0
LINE
8
BLACK
6
CONTINUOUS
10
6.1883059842519685
20
-2.6761377559055117
11
6.1896524409448821
21
-2.6777784251968502
0
LINE
8
BLACK
6
CONTINUOUS
10
6.1896524409448821
20
-2.6777784251968502
11
6.1912690551181102
21
-2.6816812598425197
0
LINE
8
BLACK
6
CONTINUOUS
10
6.1912690551181102
20
-2.6816812598425197
11
6.1914770866141735
21
-2.683793464566929
0
LINE
8
BLACK
6
CONTINUOUS
10
6.1914770866141735
20
-2.683793464566929
11
6.1914770866141735
21
-2.6918714566929132
0
LINE
8
BLACK
6
CONTINUOUS
10
6.1914770866141735
20
-2.6918714566929132
11
6.195513779527559
21
-2.6959081496062991
0
LINE
8
BLACK
6
CONTINUOUS
10
6.195513779527559
20
-2.6959081496062991
11
6.1987468110236223
21
-2.7007467322834646
0
LINE
8
BLACK
6
CONTINUOUS
10
6.1987468110236223
20
-2.7007467322834646
11
6.2009737401574805
21
-2.7061230314960629
0
LINE
8
BLACK
6
CONTINUOUS
10
6.2009737401574805
20
-2.7061230314960629
11
6.2021090157480314
21
-2.7118305118110237
0
LINE
8
BLACK
6
CONTINUOUS
10
6.2021090157480314
20
-2.7118305118110237
11
6.2021090157480314
21
-2.7176498031496061
0
LINE
8
BLACK
6
CONTINUOUS
10
6.2021090157480314
20
-2.7176498031496061
11
6.2009737401574805
21
-2.723357283464567
0
LINE
8
BLACK
6
CONTINUOUS
10
6.2009737401574805
20
-2.723357283464567
11
6.1987468110236223
21
-2.7287335826771653
0
LINE
8
BLACK
6
CONTINUOUS
10
6.1987468110236223
20
-2.7287335826771653
11
6.195513779527559
21
-2.7335721653543308
0
LINE
8
BLACK
6
CONTINUOUS
10
6.195513779527559
20
-2.7335721653543308
11
6.1913989370078735
21
-2.7376870078740159
0
LINE
8
BLACK
6
CONTINUOUS
10
6.1913989370078735
20
-2.7376870078740159
11
6.1865603543307088
21
-2.7409200393700788
0
LINE
8
BLACK
6
CONTINUOUS
10
6.1865603543307088
20
-2.7409200393700788
11
6.1811840551181101
21
-2.7431469685039369
0
LINE
8
BLACK
6
CONTINUOUS
10
6.1811840551181101
20
-2.7431469685039369
11
6.1754765748031497
21
-2.7442822440944883
0
LINE
8
BLACK
6
CONTINUOUS
10
6.1754765748031497
20
-2.7442822440944883
11
6.1696572834645664
21
-2.7442822440944883
0
LINE
8
BLACK
6
CONTINUOUS
10
6.1696572834645664
20
-2.7442822440944883
11
6.1639498031496061
21
-2.7431469685039369
0
LINE
8
BLACK
6
CONTINUOUS
10
6.1639498031496061
20
-2.7431469685039369
11
6.1585735039370073
21
-2.7409200393700788
0
LINE
8
BLACK
6
CONTINUOUS
10
6.1585735039370073
20
-2.7409200393700788
11
6.1537349212598427
21
-2.7376870078740159
0
LINE
8
BLACK
6
CONTINUOUS
10
6.1537349212598427
20
-2.7376870078740159
11
6.1496200787401571
21
-2.7335721653543308
0
LINE
8
BLACK
6
CONTINUOUS
10
6.1496200787401571
20
-2.7335721653543308
11
6.1463870472440947
21
-2.7287335826771653
0
LINE
8
BLACK
6
CONTINUOUS
10
6.1463870472440947
20
-2.7287335826771653
11
6.1441601181102357
21
-2.723357283464567
0
LINE
8
BLACK
6
CONTINUOUS
10
6.1441601181102357
20
-2.723357283464567
11
6.1430248425196847
21
-2.7176498031496061
0
LINE
8
BLACK
6
CONTINUOUS
10
6.1430248425196847
20
-2.7176498031496061
11
6.1430248425196847
21
-2.7118305118110237
0
LINE
8
BLACK
6
CONTINUOUS
10
6.1430248425196847
20
-2.7118305118110237
11
6.1441601181102357
21
-2.7061230314960629
0
LINE
8
BLACK
6
CONTINUOUS
10
6.1441601181102357
20
-2.7061230314960629
11
6.1463870472440947
21
-2.7007467322834646
0
LINE
8
BLACK
6
CONTINUOUS
10
6.1463870472440947
20
-2.7007467322834646
11
6.1496200787401571
21
-2.6959081496062991
0
LINE
8
BLACK
6
CONTINUOUS
10
6.1496200787401571
20
-2.6959081496062991
11
6.1537349212598427
21
-2.691793307086614
0
LINE
8
BLACK
6
CONTINUOUS
10
6.1537349212598427
20
-2.691793307086614
11
6.1585735039370073
21
-2.6885602755905511
0
LINE
8
BLACK
6
CONTINUOUS
10
6.1585735039370073
20
-2.6885602755905511
11
6.1639498031496061
21
-2.686333346456693
0
LINE
8
BLACK
6
CONTINUOUS
10
6.1639498031496061
20
-2.686333346456693
11
6.1672269291338582
21
-2.6856814566929135
0
LINE
8
BLACK
6
CONTINUOUS
10
6.1672269291338582
20
-2.6856814566929135
11
6.1203722834645671
21
-2.6388267716535432
0
LINE
8
BLACK
6
CONTINUOUS
10
6.1203722834645671
20
-2.6388267716535432
11
6.068667440944882
21
-2.6388267716535432
0
LINE
8
BLACK
6
CONTINUOUS
10
6.068667440944882
20
-2.6388267716535432
11
6.0685198818897632
21
-2.6389119685039368
0
LINE
8
BLACK
6
CONTINUOUS
10
6.0685198818897632
20
-2.6389119685039368
11
6.0655416535433071
21
-2.6397099606299212
0
LINE
8
BLACK
6
CONTINUOUS
10
6.0655416535433071
20
-2.6397099606299212
11
6.062458346456693
21
-2.6397099606299212
0
LINE
8
BLACK
6
CONTINUOUS
10
6.062458346456693
20
-2.6397099606299212
11
6.059480118110236
21
-2.6389119685039368
0
LINE
8
BLACK
6
CONTINUOUS
10
6.059480118110236
20
-2.6389119685039368
11
6.0568099212598421
21
-2.6373703149606298
0
LINE
8
BLACK
6
CONTINUOUS
10
6.0568099212598421
20
-2.6373703149606298
11
6.0546296850393704
21
-2.6351900787401572
0
LINE
8
BLACK
6
CONTINUOUS
10
6.0546296850393704
20
-2.6351900787401572
11
6.0530880314960624
21
-2.6325198818897637
0
LINE
8
BLACK
6
CONTINUOUS
10
6.0530880314960624
20
-2.6325198818897637
11
6.0522900393700789
21
-2.6295416535433072
0
LINE
8
BLACK
6
CONTINUOUS
10
6.0522900393700789
20
-2.6295416535433072
11
6.0522900393700789
21
-2.6264583464566931
0
LINE
8
BLACK
6
CONTINUOUS
10
6.0522900393700789
20
-2.6264583464566931
11
6.0530880314960624
21
-2.6234801181102361
0
LINE
8
BLACK
6
CONTINUOUS
10
6.0530880314960624
20
-2.6234801181102361
11
6.0546296850393704
21
-2.6208099212598426
0
LINE
8
BLACK
6
CONTINUOUS
10
6.0546296850393704
20
-2.6208099212598426
11
6.0568099212598421
21
-2.61862968503937
0
LINE
8
BLACK
6
CONTINUOUS
10
6.0568099212598421
20
-2.61862968503937
11
6.059480118110236
21
-2.6170880314960629
0
LINE
8
BLACK
6
CONTINUOUS
10
6.059480118110236
20
-2.6170880314960629
11
6.062458346456693
21
-2.6162900393700785
0
LINE
8
BLACK
6
CONTINUOUS
10
6.062458346456693
20
-2.6162900393700785
11
6.0655416535433071
21
-2.6162900393700785
0
LINE
8
BLACK
6
CONTINUOUS
10
6.0655416535433071
20
-2.6162900393700785
11
6.0685198818897632
21
-2.6170880314960629
0
LINE
8
BLACK
6
CONTINUOUS
10
7.0865591732283466
20
-2.4331581889763778
11
7.0884750393700786
21
-2.4344383464566928
0
LINE
8
BLACK
6
CONTINUOUS
10
7.0884750393700786
20
-2.4344383464566928
11
7.0897551968503931
21
-2.4363542125984252
0
LINE
8
BLACK
6
CONTINUOUS
10
7.0897551968503931
20
-2.4363542125984252
11
7.0902047244094488
21
-2.4386141732283466
0
LINE
8
BLACK
6
CONTINUOUS
10
7.0902047244094488
20
-2.4386141732283466
11
7.0902047244094488
21
-2.4504251968503938
0
LINE
8
BLACK
6
CONTINUOUS
10
7.0902047244094488
20
-2.4504251968503938
11
7.0897551968503931
21
-2.4526851574803148
0
LINE
8
BLACK
6
CONTINUOUS
10
7.0897551968503931
20
-2.4526851574803148
11
7.0884750393700786
21
-2.4546010236220472
0
LINE
8
BLACK
6
CONTINUOUS
10
7.0884750393700786
20
-2.4546010236220472
11
7.0865591732283466
21
-2.4558811811023622
0
LINE
8
BLACK
6
CONTINUOUS
10
7.0865591732283466
20
-2.4558811811023622
11
7.0842992125984248
21
-2.4563307086614175
0
LINE
8
BLACK
6
CONTINUOUS
10
7.0842992125984248
20
-2.4563307086614175
11
7.0626456692913386
21
-2.4563307086614175
0
LINE
8
BLACK
6
CONTINUOUS
10
7.0626456692913386
20
-2.4563307086614175
11
7.0626456692913386
21
-2.4827086614173228
0
LINE
8
BLACK
6
CONTINUOUS
10
7.0626456692913386
20
-2.4827086614173228
11
7.0842992125984248
21
-2.4827086614173228
0
LINE
8
BLACK
6
CONTINUOUS
10
7.0842992125984248
20
-2.4827086614173228
11
7.0865591732283466
21
-2.4831581889763781
0
LINE
8
BLACK
6
CONTINUOUS
10
7.0865591732283466
20
-2.4831581889763781
11
7.0884750393700786
21
-2.484438346456693
0
LINE
8
BLACK
6
CONTINUOUS
10
7.0884750393700786
20
-2.484438346456693
11
7.0897551968503931
21
-2.486354212598425
0
LINE
8
BLACK
6
CONTINUOUS
10
7.0897551968503931
20
-2.486354212598425
11
7.0902047244094488
21
-2.4886141732283464
0
LINE
8
BLACK
6
CONTINUOUS
10
7.0902047244094488
20
-2.4886141732283464
11
7.0902047244094488
21
-2.5004251968503937
0
LINE
8
BLACK
6
CONTINUOUS
10
7.0902047244094488
20
-2.5004251968503937
11
7.0897551968503931
21
-2.5026851574803151
0
LINE
8
BLACK
6
CONTINUOUS
10
7.0897551968503931
20
-2.5026851574803151
11
7.0884750393700786
21
-2.5046010236220471
0
LINE
8
BLACK
6
CONTINUOUS
10
7.0884750393700786
20
-2.5046010236220471
11
7.0865591732283466
21
-2.505881181102362
0
LINE
8
BLACK
6
CONTINUOUS
10
7.0865591732283466
20
-2.505881181102362
11
7.0842992125984248
21
-2.5063307086614173
0
LINE
8
BLACK
6
CONTINUOUS
10
7.0842992125984248
20
-2.5063307086614173
11
7.0626456692913386
21
-2.5063307086614173
0
LINE
8
BLACK
6
CONTINUOUS
10
7.0626456692913386
20
-2.5063307086614173
11
7.0626456692913386
21
-2.5327086614173226
0
LINE
8
BLACK
6
CONTINUOUS
10
7.0626456692913386
20
-2.5327086614173226
11
7.0842992125984248
21
-2.5327086614173226
0
LINE
8
BLACK
6
CONTINUOUS
10
7.0842992125984248
20
-2.5327086614173226
11
7.0865591732283466
21
-2.5331581889763779
0
LINE
8
BLACK
6
CONTINUOUS
10
7.0865591732283466
20
-2.5331581889763779
11
7.0884750393700786
21
-2.5344383464566929
0
LINE
8
BLACK
6
CONTINUOUS
10
7.0884750393700786
20
-2.5344383464566929
11
7.0897551968503931
21
-2.5363542125984253
0
LINE
8
BLACK
6
CONTINUOUS
10
7.0897551968503931
20
-2.5363542125984253
11
7.0902047244094488
21
-2.5386141732283463
0
LINE
8
BLACK
6
CONTINUOUS
10
7.0902047244094488
20
-2.5386141732283463
11
7.0902047244094488
21
-2.5504251968503935
0
LINE
8
BLACK
6
CONTINUOUS
10
7.0902047244094488
20
-2.5504251968503935
11
7.0897551968503931
21
-2.5526851574803149
0
LINE
8
BLACK
6
CONTINUOUS
10
7.0897551968503931
20
-2.5526851574803149
11
7.0884750393700786
21
-2.5546010236220473
0
LINE
8
BLACK
6
CONTINUOUS
10
7.0884750393700786
20
-2.5546010236220473
11
7.0865591732283466
21
-2.5558811811023623
0
LINE
8
BLACK
6
CONTINUOUS
10
7.0865591732283466
20
-2.5558811811023623
11
7.0842992125984248
21
-2.5563307086614171
0
LINE
8
BLACK
6
CONTINUOUS
10
7.0842992125984248
20
-2.5563307086614171
11
7.0626456692913386
21
-2.5563307086614171
0
LINE
8
BLACK
6
CONTINUOUS
10
7.0626456692913386
20
-2.5563307086614171
11
7.0626456692913386
21
-2.5827086614173229
0
LINE
8
BLACK
6
CONTINUOUS
10
7.0626456692913386
20
-2.5827086614173229
11
7.0842992125984248
21
-2.5827086614173229
0
LINE
8
BLACK
6
CONTINUOUS
10
7.0842992125984248
20
-2.5827086614173229
11
7.0865591732283466
21
-2.5831581889763777
0
LINE
8
BLACK
6
CONTINUOUS
10
7.0865591732283466
20
-2.5831581889763777
11
7.0884750393700786
21
-2.5844383464566927
0
LINE
8
BLACK
6
CONTINUOUS
10
7.0884750393700786
20
-2.5844383464566927
11
7.0897551968503931
21
-2.5863542125984251
0
LINE
8
BLACK
6
CONTINUOUS
10
7.0897551968503931
20
-2.5863542125984251
11
7.0902047244094488
21
-2.5886141732283465
0
LINE
8
BLACK
6
CONTINUOUS
10
7.0902047244094488
20
-2.5886141732283465
11
7.0902047244094488
21
-2.6004251968503937
0
LINE
8
BLACK
6
CONTINUOUS
10
7.0902047244094488
20
-2.6004251968503937
11
7.0897551968503931
21
-2.6026851574803147
0
LINE
8
BLACK
6
CONTINUOUS
10
7.0897551968503931
20
-2.6026851574803147
11
7.0884750393700786
21
-2.6046010236220472
0
LINE
8
BLACK
6
CONTINUOUS
10
7.0884750393700786
20
-2.6046010236220472
11
7.0865591732283466
21
-2.6058811811023621
0
LINE
8
BLACK
6
CONTINUOUS
10
7.0865591732283466
20
-2.6058811811023621
11
7.0842992125984248
21
-2.6063307086614174
0
LINE
8
BLACK
6
CONTINUOUS
10
7.0842992125984248
20
-2.6063307086614174
11
7.055319212598425
21
-2.6063307086614174
0
LINE
8
BLACK
6
CONTINUOUS
10
7.055319212598425
20
-2.6063307086614174
11
7.0228031496062995
21
-2.6388467716535433
0
LINE
8
BLACK
6
CONTINUOUS
10
7.0228031496062995
20
-2.6388467716535433
11
7.0228031496062995
21
-2.695308897637795
0
LINE
8
BLACK
6
CONTINUOUS
10
7.0228031496062995
20
-2.695308897637795
11
7.0228883464566927
21
-2.6954564960629921
0
LINE
8
BLACK
6
CONTINUOUS
10
7.0228883464566927
20
-2.6954564960629921
11
7.0236863385826771
21
-2.6984347244094486
0
LINE
8
BLACK
6
CONTINUOUS
10
7.0236863385826771
20
-2.6984347244094486
11
7.0236863385826771
21
-2.7015180314960627
0
LINE
8
BLACK
6
CONTINUOUS
10
7.0236863385826771
20
-2.7015180314960627
11
7.0228883464566927
21
-2.7044962598425197
0
LINE
8
BLACK
6
CONTINUOUS
10
7.0228883464566927
20
-2.7044962598425197
11
7.0213466929133856
21
-2.7071664566929132
0
LINE
8
BLACK
6
CONTINUOUS
10
7.0213466929133856
20
-2.7071664566929132
11
7.0191664566929131
21
-2.7093466929133858
0
LINE
8
BLACK
6
CONTINUOUS
10
7.0191664566929131
20
-2.7093466929133858
11
7.0164962598425191
21
-2.7108883464566929
0
LINE
8
BLACK
6
CONTINUOUS
10
7.0164962598425191
20
-2.7108883464566929
11
7.013518031496063
21
-2.7116863385826773
0
LINE
8
BLACK
6
CONTINUOUS
10
7.013518031496063
20
-2.7116863385826773
11
7.0104347244094489
21
-2.7116863385826773
0
LINE
8
BLACK
6
CONTINUOUS
10
7.0104347244094489
20
-2.7116863385826773
11
7.0074564960629919
21
-2.7108883464566929
0
LINE
8
BLACK
6
CONTINUOUS
10
7.0074564960629919
20
-2.7108883464566929
11
7.0073089370078741
21
-2.7108031496062992
0
LINE
8
BLACK
6
CONTINUOUS
10
7.0073089370078741
20
-2.7108031496062992
11
6.995843582677165
21
-2.7108031496062992
0
LINE
8
BLACK
6
CONTINUOUS
10
6.995843582677165
20
-2.7108031496062992
11
6.9953650787401571
21
-2.7132088188976375
0
LINE
8
BLACK
6
CONTINUOUS
10
6.9953650787401571
20
-2.7132088188976375
11
6.9934448425196845
21
-2.7160826377952754
0
LINE
8
BLACK
6
CONTINUOUS
10
6.9934448425196845
20
-2.7160826377952754
11
6.9905710236220475
21
-2.718002874015748
0
LINE
8
BLACK
6
CONTINUOUS
10
6.9905710236220475
20
-2.718002874015748
11
6.9871811023622046
21
-2.7186771653543307
0
LINE
8
BLACK
6
CONTINUOUS
10
6.9871811023622046
20
-2.7186771653543307
11
6.9694645669291333
21
-2.7186771653543307
0
LINE
8
BLACK
6
CONTINUOUS
10
6.9694645669291333
20
-2.7186771653543307
11
6.9660746456692912
21
-2.718002874015748
0
LINE
8
BLACK
6
CONTINUOUS
10
6.9660746456692912
20
-2.718002874015748
11
6.9632008267716534
21
-2.7160826377952754
0
LINE
8
BLACK
6
CONTINUOUS
10
6.9632008267716534
20
-2.7160826377952754
11
6.9612805905511808
21
-2.7132088188976375
0
LINE
8
BLACK
6
CONTINUOUS
10
6.9612805905511808
20
-2.7132088188976375
11
6.9606062992125981
21
-2.709818897637795
0
LINE
8
BLACK
6
CONTINUOUS
10
6.9606062992125981
20
-2.709818897637795
11
6.9606062992125981
21
-2.6901338582677163
0
LINE
8
BLACK
6
CONTINUOUS
10
6.9606062992125981
20
-2.6901338582677163
11
6.9612805905511808
21
-2.6867439370078738
0
LINE
8
BLACK
6
CONTINUOUS
10
6.9612805905511808
20
-2.6867439370078738
11
6.9632008267716534
21
-2.683870118110236
0
LINE
8
BLACK
6
CONTINUOUS
10
6.9632008267716534
20
-2.683870118110236
11
6.9660746456692912
21
-2.6819498818897638
0
LINE
8
BLACK
6
CONTINUOUS
10
6.9660746456692912
20
-2.6819498818897638
11
6.9694645669291333
21
-2.6812755905511811
0
LINE
8
BLACK
6
CONTINUOUS
10
6.9694645669291333
20
-2.6812755905511811
11
6.9871811023622046
21
-2.6812755905511811
0
LINE
8
BLACK
6
CONTINUOUS
10
6.9871811023622046
20
-2.6812755905511811
11
6.9905710236220475
21
-2.6819498818897638
0
LINE
8
BLACK
6
CONTINUOUS
10
6.9905710236220475
20
-2.6819498818897638
11
6.9934448425196845
21
-2.683870118110236
0
LINE
8
BLACK
6
CONTINUOUS
10
6.9934448425196845
20
-2.683870118110236
11
6.9953650787401571
21
-2.6867439370078738
0
LINE
8
BLACK
6
CONTINUOUS
10
6.9953650787401571
20
-2.6867439370078738
11
6.995843582677165
21
-2.6891496062992126
0
LINE
8
BLACK
6
CONTINUOUS
10
6.995843582677165
20
-2.6891496062992126
11
7.0011496062992125
21
-2.6891496062992126
0
LINE
8
BLACK
6
CONTINUOUS
10
7.0011496062992125
20
-2.6891496062992126
11
7.0011496062992125
21
-2.6343622047244093
0
LINE
8
BLACK
6
CONTINUOUS
10
7.0011496062992125
20
-2.6343622047244093
11
7.0013576377952758
21
-2.63225
0
LINE
8
BLACK
6
CONTINUOUS
10
7.0013576377952758
20
-2.63225
11
7.0029742519685039
21
-2.6283471653543304
0
LINE
8
BLACK
6
CONTINUOUS
10
7.0029742519685039
20
-2.6283471653543304
11
7.0043207086614174
21
-2.6267065354330708
0
LINE
8
BLACK
6
CONTINUOUS
10
7.0043207086614174
20
-2.6267065354330708
11
7.0246965354330708
21
-2.6063307086614174
0
LINE
8
BLACK
6
CONTINUOUS
10
7.0246965354330708
20
-2.6063307086614174
11
7.0193385826771655
21
-2.6063307086614174
0
LINE
8
BLACK
6
CONTINUOUS
10
7.0193385826771655
20
-2.6063307086614174
11
7.0170786220472436
21
-2.6058811811023621
0
LINE
8
BLACK
6
CONTINUOUS
10
7.0170786220472436
20
-2.6058811811023621
11
7.0151627559055116
21
-2.6046010236220472
0
LINE
8
BLACK
6
CONTINUOUS
10
7.0151627559055116
20
-2.6046010236220472
11
7.0138825984251971
21
-2.6026851574803147
0
LINE
8
BLACK
6
CONTINUOUS
10
7.0138825984251971
20
-2.6026851574803147
11
7.0134330708661414
21
-2.6004251968503937
0
LINE
8
BLACK
6
CONTINUOUS
10
7.0134330708661414
20
-2.6004251968503937
11
7.0134330708661414
21
-2.5886141732283465
0
LINE
8
BLACK
6
CONTINUOUS
10
7.0134330708661414
20
-2.5886141732283465
11
7.0138825984251971
21
-2.5863542125984251
0
LINE
8
BLACK
6
CONTINUOUS
10
7.0138825984251971
20
-2.5863542125984251
11
7.0151627559055116
21
-2.5844383464566927
0
LINE
8
BLACK
6
CONTINUOUS
10
7.0151627559055116
20
-2.5844383464566927
11
7.0170786220472436
21
-2.5831581889763777
0
LINE
8
BLACK
6
CONTINUOUS
10
7.0170786220472436
20
-2.5831581889763777
11
7.0193385826771655
21
-2.5827086614173229
0
LINE
8
BLACK
6
CONTINUOUS
10
7.0193385826771655
20
-2.5827086614173229
11
7.0409921259842516
21
-2.5827086614173229
0
LINE
8
BLACK
6
CONTINUOUS
10
7.0409921259842516
20
-2.5827086614173229
11
7.0409921259842516
21
-2.5563307086614171
0
LINE
8
BLACK
6
CONTINUOUS
10
7.0409921259842516
20
-2.5563307086614171
11
7.0193385826771655
21
-2.5563307086614171
0
LINE
8
BLACK
6
CONTINUOUS
10
7.0193385826771655
20
-2.5563307086614171
11
7.0170786220472436
21
-2.5558811811023623
0
LINE
8
BLACK
6
CONTINUOUS
10
7.0170786220472436
20
-2.5558811811023623
11
7.0151627559055116
21
-2.5546010236220473
0
LINE
8
BLACK
6
CONTINUOUS
10
7.0151627559055116
20
-2.5546010236220473
11
7.0138825984251971
21
-2.5526851574803149
0
LINE
8
BLACK
6
CONTINUOUS
10
7.0138825984251971
20
-2.5526851574803149
11
7.0134330708661414
21
-2.5504251968503935
0
LINE
8
BLACK
6
CONTINUOUS
10
7.0134330708661414
20
-2.5504251968503935
11
7.0134330708661414
21
-2.5386141732283463
0
LINE
8
BLACK
6
CONTINUOUS
10
7.0134330708661414
20
-2.5386141732283463
11
7.0138825984251971
21
-2.5363542125984253
0
LINE
8
BLACK
6
CONTINUOUS
10
7.0138825984251971
20
-2.5363542125984253
11
7.0151627559055116
21
-2.5344383464566929
0
LINE
8
BLACK
6
CONTINUOUS
10
7.0151627559055116
20
-2.5344383464566929
11
7.0170786220472436
21
-2.5331581889763779
0
LINE
8
BLACK
6
CONTINUOUS
10
7.0170786220472436
20
-2.5331581889763779
11
7.0193385826771655
21
-2.5327086614173226
0
LINE
8
BLACK
6
CONTINUOUS
10
7.0193385826771655
20
-2.5327086614173226
11
7.0409921259842516
21
-2.5327086614173226
0
LINE
8
BLACK
6
CONTINUOUS
10
7.0409921259842516
20
-2.5327086614173226
11
7.0409921259842516
21
-2.5063307086614173
0
LINE
8
BLACK
6
CONTINUOUS
10
7.0409921259842516
20
-2.5063307086614173
11
7.0193385826771655
21
-2.5063307086614173
0
LINE
8
BLACK
6
CONTINUOUS
10
7.0193385826771655
20
-2.5063307086614173
11
7.0170786220472436
21
-2.505881181102362
0
LINE
8
BLACK
6
CONTINUOUS
10
7.0170786220472436
20
-2.505881181102362
11
7.0151627559055116
21
-2.5046010236220471
0
LINE
8
BLACK
6
CONTINUOUS
10
7.0151627559055116
20
-2.5046010236220471
11
7.0138825984251971
21
-2.5026851574803151
0
LINE
8
BLACK
6
CONTINUOUS
10
7.0138825984251971
20
-2.5026851574803151
11
7.0134330708661414
21
-2.5004251968503937
0
LINE
8
BLACK
6
CONTINUOUS
10
7.0134330708661414
20
-2.5004251968503937
11
7.0134330708661414
21
-2.4886141732283464
0
LINE
8
BLACK
6
CONTINUOUS
10
7.0134330708661414
20
-2.4886141732283464
11
7.0138825984251971
21
-2.486354212598425
0
LINE
8
BLACK
6
CONTINUOUS
10
7.0138825984251971
20
-2.486354212598425
11
7.0151627559055116
21
-2.484438346456693
0
LINE
8
BLACK
6
CONTINUOUS
10
7.0151627559055116
20
-2.484438346456693
11
7.0170786220472436
21
-2.4831581889763781
0
LINE
8
BLACK
6
CONTINUOUS
10
7.0170786220472436
20
-2.4831581889763781
11
7.0193385826771655
21
-2.4827086614173228
0
LINE
8
BLACK
6
CONTINUOUS
10
7.0193385826771655
20
-2.4827086614173228
11
7.0409921259842516
21
-2.4827086614173228
0
LINE
8
BLACK
6
CONTINUOUS
10
7.0409921259842516
20
-2.4827086614173228
11
7.0409921259842516
21
-2.4563307086614175
0
LINE
8
BLACK
6
CONTINUOUS
10
7.0409921259842516
20
-2.4563307086614175
11
7.0193385826771655
21
-2.4563307086614175
0
LINE
8
BLACK
6
CONTINUOUS
10
7.0193385826771655
20
-2.4563307086614175
11
7.0170786220472436
21
-2.4558811811023622
0
LINE
8
BLACK
6
CONTINUOUS
10
7.0170786220472436
20
-2.4558811811023622
11
7.0151627559055116
21
-2.4546010236220472
0
LINE
8
BLACK
6
CONTINUOUS
10
7.0151627559055116
20
-2.4546010236220472
11
7.0138825984251971
21
-2.4526851574803148
0
LINE
8
BLACK
6
CONTINUOUS
10
7.0138825984251971
20
-2.4526851574803148
11
7.0134330708661414
21
-2.4504251968503938
0
LINE
8
BLACK
6
CONTINUOUS
10
7.0134330708661414
20
-2.4504251968503938
11
7.0134330708661414
21
-2.4386141732283466
0
LINE
8
BLACK
6
CONTINUOUS
10
7.0134330708661414
20
-2.4386141732283466
11
7.0138825984251971
21
-2.4363542125984252
0
LINE
8
BLACK
6
CONTINUOUS
10
7.0138825984251971
20
-2.4363542125984252
11
7.0151627559055116
21
-2.4344383464566928
0
LINE
8
BLACK
6
CONTINUOUS
10
7.0151627559055116
20
-2.4344383464566928
11
7.0170786220472436
21
-2.4331581889763778
0
LINE
8
BLACK
6
CONTINUOUS
10
7.0170786220472436
20
-2.4331581889763778
11
7.0193385826771655
21
-2.4327086614173226
0
LINE
8
BLACK
6
CONTINUOUS
10
7.0193385826771655
20
-2.4327086614173226
11
7.0842992125984248
21
-2.4327086614173226
0
LINE
8
BLACK
6
CONTINUOUS
10
7.0842992125984248
20
-2.4327086614173226
11
7.0865591732283466
21
-2.4331581889763778
0
LINE
8
BLACK
6
CONTINUOUS
10
6.891677283464567
20
-2.4831581889763781
11
6.893593149606299
21
-2.484438346456693
0
LINE
8
BLACK
6
CONTINUOUS
10
6.893593149606299
20
-2.484438346456693
11
6.8948733070866144
21
-2.486354212598425
0
LINE
8
BLACK
6
CONTINUOUS
10
6.8948733070866144
20
-2.486354212598425
11
6.8953228346456692
21
-2.4886141732283464
0
LINE
8
BLACK
6
CONTINUOUS
10
6.8953228346456692
20
-2.4886141732283464
11
6.8953228346456692
21
-2.5004251968503937
0
LINE
8
BLACK
6
CONTINUOUS
10
6.8953228346456692
20
-2.5004251968503937
11
6.8948733070866144
21
-2.5026851574803151
0
LINE
8
BLACK
6
CONTINUOUS
10
6.8948733070866144
20
-2.5026851574803151
11
6.893593149606299
21
-2.5046010236220471
0
LINE
8
BLACK
6
CONTINUOUS
10
6.893593149606299
20
-2.5046010236220471
11
6.891677283464567
21
-2.505881181102362
0
LINE
8
BLACK
6
CONTINUOUS
10
6.891677283464567
20
-2.505881181102362
11
6.8894173228346451
21
-2.5063307086614173
0
LINE
8
BLACK
6
CONTINUOUS
10
6.8894173228346451
20
-2.5063307086614173
11
6.8244566929133859
21
-2.5063307086614173
0
LINE
8
BLACK
6
CONTINUOUS
10
6.8244566929133859
20
-2.5063307086614173
11
6.822196732283464
21
-2.505881181102362
0
LINE
8
BLACK
6
CONTINUOUS
10
6.822196732283464
20
-2.505881181102362
11
6.8213964566929128
21
-2.5053464566929131
0
LINE
8
BLACK
6
CONTINUOUS
10
6.8213964566929128
20
-2.5053464566929131
11
6.767649960629921
21
-2.5053464566929131
0
LINE
8
BLACK
6
CONTINUOUS
10
6.767649960629921
20
-2.5053464566929131
11
6.6851450393700782
21
-2.5878512992125984
0
LINE
8
BLACK
6
CONTINUOUS
10
6.6851450393700782
20
-2.5878512992125984
11
6.6851009448818894
21
-2.5880159448818896
0
LINE
8
BLACK
6
CONTINUOUS
10
6.6851009448818894
20
-2.5880159448818896
11
6.6835592913385824
21
-2.5906861417322835
0
LINE
8
BLACK
6
CONTINUOUS
10
6.6835592913385824
20
-2.5906861417322835
11
6.6813790551181098
21
-2.5928663779527557
0
LINE
8
BLACK
6
CONTINUOUS
10
6.6813790551181098
20
-2.5928663779527557
11
6.6787088582677168
21
-2.5944080314960631
0
LINE
8
BLACK
6
CONTINUOUS
10
6.6787088582677168
20
-2.5944080314960631
11
6.6757306299212598
21
-2.5952060236220471
0
LINE
8
BLACK
6
CONTINUOUS
10
6.6757306299212598
20
-2.5952060236220471
11
6.6726473228346457
21
-2.5952060236220471
0
LINE
8
BLACK
6
CONTINUOUS
10
6.6726473228346457
20
-2.5952060236220471
11
6.6696690944881887
21
-2.5944080314960631
0
LINE
8
BLACK
6
CONTINUOUS
10
6.6696690944881887
20
-2.5944080314960631
11
6.6669988976377947
21
-2.5928663779527557
0
LINE
8
BLACK
6
CONTINUOUS
10
6.6669988976377947
20
-2.5928663779527557
11
6.664818661417323
21
-2.5906861417322835
0
LINE
8
BLACK
6
CONTINUOUS
10
6.664818661417323
20
-2.5906861417322835
11
6.663277007874016
21
-2.5880159448818896
0
LINE
8
BLACK
6
CONTINUOUS
10
6.663277007874016
20
-2.5880159448818896
11
6.6624790157480316
21
-2.585037716535433
0
LINE
8
BLACK
6
CONTINUOUS
10
6.6624790157480316
20
-2.585037716535433
11
6.6624790157480316
21
-2.5819544094488189
0
LINE
8
BLACK
6
CONTINUOUS
10
6.6624790157480316
20
-2.5819544094488189
11
6.663277007874016
21
-2.5789761811023619
0
LINE
8
BLACK
6
CONTINUOUS
10
6.663277007874016
20
-2.5789761811023619
11
6.664818661417323
21
-2.5763059842519684
0
LINE
8
BLACK
6
CONTINUOUS
10
6.664818661417323
20
-2.5763059842519684
11
6.6669988976377947
21
-2.5741257480314959
0
LINE
8
BLACK
6
CONTINUOUS
10
6.6669988976377947
20
-2.5741257480314959
11
6.6696690944881887
21
-2.5725840944881888
0
LINE
8
BLACK
6
CONTINUOUS
10
6.6696690944881887
20
-2.5725840944881888
11
6.6698337007874011
21
-2.5725399606299213
0
LINE
8
BLACK
6
CONTINUOUS
10
6.6698337007874011
20
-2.5725399606299213
11
6.7555096850393701
21
-2.4868639763779528
0
LINE
8
BLACK
6
CONTINUOUS
10
6.7555096850393701
20
-2.4868639763779528
11
6.7571503543307081
21
-2.4855175196850392
0
LINE
8
BLACK
6
CONTINUOUS
10
6.7571503543307081
20
-2.4855175196850392
11
6.7597557480314956
21
-2.484438346456693
0
LINE
8
BLACK
6
CONTINUOUS
10
6.7597557480314956
20
-2.484438346456693
11
6.7610531496062993
21
-2.4839009448818898
0
LINE
8
BLACK
6
CONTINUOUS
10
6.7610531496062993
20
-2.4839009448818898
11
6.7631653543307086
21
-2.4836929133858265
0
LINE
8
BLACK
6
CONTINUOUS
10
6.7631653543307086
20
-2.4836929133858265
11
6.8213964566929128
21
-2.4836929133858265
0
LINE
8
BLACK
6
CONTINUOUS
10
6.8213964566929128
20
-2.4836929133858265
11
6.822196732283464
21
-2.4831581889763781
0
LINE
8
BLACK
6
CONTINUOUS
10
6.822196732283464
20
-2.4831581889763781
11
6.8244566929133859
21
-2.4827086614173228
0
LINE
8
BLACK
6
CONTINUOUS
10
6.8244566929133859
20
-2.4827086614173228
11
6.8894173228346451
21
-2.4827086614173228
0
LINE
8
BLACK
6
CONTINUOUS
10
6.8894173228346451
20
-2.4827086614173228
11
6.891677283464567
21
-2.4831581889763781
0
LINE
8
BLACK
6
CONTINUOUS
10
7.0018188976377953
20
-2.5844803149606297
11
6.9069370078740153
21
-2.5844803149606297
0
LINE
8
BLACK
6
CONTINUOUS
10
6.9069370078740153
20
-2.5844803149606297
11
6.9069370078740153
21
-2.4545590551181102
0
LINE
8
BLACK
6
CONTINUOUS
10
6.9069370078740153
20
-2.4545590551181102
11
7.0018188976377953
21
-2.4545590551181102
0
LINE
8
BLACK
6
CONTINUOUS
10
7.0018188976377953
20
-2.4545590551181102
11
7.0018188976377953
21
-2.5844803149606297
0
LINE
8
BLACK
6
CONTINUOUS
10
5.8143033070866137
20
-2.5354695669291338
11
5.8171771259842515
21
-2.537389803149606
0
LINE
8
BLACK
6
CONTINUOUS
10
5.8171771259842515
20
-2.537389803149606
11
5.8190973622047242
21
-2.5402636220472439
0
LINE
8
BLACK
6
CONTINUOUS
10
5.8190973622047242
20
-2.5402636220472439
11
5.8197716535433068
21
-2.5436535433070864
0
LINE
8
BLACK
6
CONTINUOUS
10
5.8197716535433068
20
-2.5436535433070864
11
5.8197716535433068
21
-2.5633385826771651
0
LINE
8
BLACK
6
CONTINUOUS
10
5.8197716535433068
20
-2.5633385826771651
11
5.8190973622047242
21
-2.566728503937008
0
LINE
8
BLACK
6
CONTINUOUS
10
5.8190973622047242
20
-2.566728503937008
11
5.8171771259842515
21
-2.5696023228346454
0
LINE
8
BLACK
6
CONTINUOUS
10
5.8171771259842515
20
-2.5696023228346454
11
5.8143033070866137
21
-2.5715225590551181
0
LINE
8
BLACK
6
CONTINUOUS
10
5.8143033070866137
20
-2.5715225590551181
11
5.8109133858267716
21
-2.5721968503937007
0
LINE
8
BLACK
6
CONTINUOUS
10
5.8109133858267716
20
-2.5721968503937007
11
5.7931968503937004
21
-2.5721968503937007
0
LINE
8
BLACK
6
CONTINUOUS
10
5.7931968503937004
20
-2.5721968503937007
11
5.7898069291338583
21
-2.5715225590551181
0
LINE
8
BLACK
6
CONTINUOUS
10
5.7898069291338583
20
-2.5715225590551181
11
5.7869331102362205
21
-2.5696023228346454
0
LINE
8
BLACK
6
CONTINUOUS
10
5.7869331102362205
20
-2.5696023228346454
11
5.7850128740157478
21
-2.566728503937008
0
LINE
8
BLACK
6
CONTINUOUS
10
5.7850128740157478
20
-2.566728503937008
11
5.7845343700787399
21
-2.5643228346456692
0
LINE
8
BLACK
6
CONTINUOUS
10
5.7845343700787399
20
-2.5643228346456692
11
5.7552343700787398
21
-2.5643228346456692
0
LINE
8
BLACK
6
CONTINUOUS
10
5.7552343700787398
20
-2.5643228346456692
11
5.755086811023622
21
-2.5644080314960629
0
LINE
8
BLACK
6
CONTINUOUS
10
5.755086811023622
20
-2.5644080314960629
11
5.752108582677165
21
-2.5652060236220473
0
LINE
8
BLACK
6
CONTINUOUS
10
5.752108582677165
20
-2.5652060236220473
11
5.7490252755905509
21
-2.5652060236220473
0
LINE
8
BLACK
6
CONTINUOUS
10
5.7490252755905509
20
-2.5652060236220473
11
5.7460470472440948
21
-2.5644080314960629
0
LINE
8
BLACK
6
CONTINUOUS
10
5.7460470472440948
20
-2.5644080314960629
11
5.7433768503937008
21
-2.5628663779527558
0
LINE
8
BLACK
6
CONTINUOUS
10
5.7433768503937008
20
-2.5628663779527558
11
5.7411966141732282
21
-2.5606861417322833
0
LINE
8
BLACK
6
CONTINUOUS
10
5.7411966141732282
20
-2.5606861417322833
11
5.7396549606299212
21
-2.5580159448818898
0
LINE
8
BLACK
6
CONTINUOUS
10
5.7396549606299212
20
-2.5580159448818898
11
5.7388569685039368
21
-2.5550377165354332
0
LINE
8
BLACK
6
CONTINUOUS
10
5.7388569685039368
20
-2.5550377165354332
11
5.7388569685039368
21
-2.5519544094488187
0
LINE
8
BLACK
6
CONTINUOUS
10
5.7388569685039368
20
-2.5519544094488187
11
5.7396549606299212
21
-2.5489761811023621
0
LINE
8
BLACK
6
CONTINUOUS
10
5.7396549606299212
20
-2.5489761811023621
11
5.7411966141732282
21
-2.5463059842519686
0
LINE
8
BLACK
6
CONTINUOUS
10
5.7411966141732282
20
-2.5463059842519686
11
5.7433768503937008
21
-2.544125748031496
0
LINE
8
BLACK
6
CONTINUOUS
10
5.7433768503937008
20
-2.544125748031496
11
5.7460470472440948
21
-2.542584094488189
0
LINE
8
BLACK
6
CONTINUOUS
10
5.7460470472440948
20
-2.542584094488189
11
5.7490252755905509
21
-2.5417861023622046
0
LINE
8
BLACK
6
CONTINUOUS
10
5.7490252755905509
20
-2.5417861023622046
11
5.752108582677165
21
-2.5417861023622046
0
LINE
8
BLACK
6
CONTINUOUS
10
5.752108582677165
20
-2.5417861023622046
11
5.755086811023622
21
-2.542584094488189
0
LINE
8
BLACK
6
CONTINUOUS
10
5.755086811023622
20
-2.542584094488189
11
5.7552343700787398
21
-2.5426692913385827
0
LINE
8
BLACK
6
CONTINUOUS
10
5.7552343700787398
20
-2.5426692913385827
11
5.7845343700787399
21
-2.5426692913385827
0
LINE
8
BLACK
6
CONTINUOUS
10
5.7845343700787399
20
-2.5426692913385827
11
5.7850128740157478
21
-2.5402636220472439
0
LINE
8
BLACK
6
CONTINUOUS
10
5.7850128740157478
20
-2.5402636220472439
11
5.7869331102362205
21
-2.537389803149606
0
LINE
8
BLACK
6
CONTINUOUS
10
5.7869331102362205
20
-2.537389803149606
11
5.7898069291338583
21
-2.5354695669291338
0
LINE
8
BLACK
6
CONTINUOUS
10
5.7898069291338583
20
-2.5354695669291338
11
5.7931968503937004
21
-2.5347952755905512
0
LINE
8
BLACK
6
CONTINUOUS
10
5.7931968503937004
20
-2.5347952755905512
11
5.8109133858267716
21
-2.5347952755905512
0
LINE
8
BLACK
6
CONTINUOUS
10
5.8109133858267716
20
-2.5347952755905512
11
5.8143033070866137
21
-2.5354695669291338
0
LINE
8
BLACK
6
CONTINUOUS
10
6.8005198818897634
20
-2.5330880314960629
11
6.8006674409448813
21
-2.5331732283464565
0
LINE
8
BLACK
6
CONTINUOUS
10
6.8006674409448813
20
-2.5331732283464565
11
6.8221742125984246
21
-2.5331732283464565
0
LINE
8
BLACK
6
CONTINUOUS
10
6.8221742125984246
20
-2.5331732283464565
11
6.822196732283464
21
-2.5331581889763779
0
LINE
8
BLACK
6
CONTINUOUS
10
6.822196732283464
20
-2.5331581889763779
11
6.8244566929133859
21
-2.5327086614173226
0
LINE
8
BLACK
6
CONTINUOUS
10
6.8244566929133859
20
-2.5327086614173226
11
6.8894173228346451
21
-2.5327086614173226
0
LINE
8
BLACK
6
CONTINUOUS
10
6.8894173228346451
20
-2.5327086614173226
11
6.891677283464567
21
-2.5331581889763779
0
LINE
8
BLACK
6
CONTINUOUS
10
6.891677283464567
20
-2.5331581889763779
11
6.893593149606299
21
-2.5344383464566929
0
LINE
8
BLACK
6
CONTINUOUS
10
6.893593149606299
20
-2.5344383464566929
11
6.8948733070866144
21
-2.5363542125984253
0
LINE
8
BLACK
6
CONTINUOUS
10
6.8948733070866144
20
-2.5363542125984253
11
6.8953228346456692
21
-2.5386141732283463
0
LINE
8
BLACK
6
CONTINUOUS
10
6.8953228346456692
20
-2.5386141732283463
11
6.8953228346456692
21
-2.5504251968503935
0
LINE
8
BLACK
6
CONTINUOUS
10
6.8953228346456692
20
-2.5504251968503935
11
6.8948733070866144
21
-2.5526851574803149
0
LINE
8
BLACK
6
CONTINUOUS
10
6.8948733070866144
20
-2.5526851574803149
11
6.893593149606299
21
-2.5546010236220473
0
LINE
8
BLACK
6
CONTINUOUS
10
6.893593149606299
20
-2.5546010236220473
11
6.891677283464567
21
-2.5558811811023623
0
LINE
8
BLACK
6
CONTINUOUS
10
6.891677283464567
20
-2.5558811811023623
11
6.8894173228346451
21
-2.5563307086614171
0
LINE
8
BLACK
6
CONTINUOUS
10
6.8894173228346451
20
-2.5563307086614171
11
6.8244566929133859
21
-2.5563307086614171
0
LINE
8
BLACK
6
CONTINUOUS
10
6.8244566929133859
20
-2.5563307086614171
11
6.822196732283464
21
-2.5558811811023623
0
LINE
8
BLACK
6
CONTINUOUS
10
6.822196732283464
20
-2.5558811811023623
11
6.8206187007874011
21
-2.5548267716535431
0
LINE
8
BLACK
6
CONTINUOUS
10
6.8206187007874011
20
-2.5548267716535431
11
6.8006674409448813
21
-2.5548267716535431
0
LINE
8
BLACK
6
CONTINUOUS
10
6.8006674409448813
20
-2.5548267716535431
11
6.8005198818897634
21
-2.5549119685039368
0
LINE
8
BLACK
6
CONTINUOUS
10
6.8005198818897634
20
-2.5549119685039368
11
6.7975416535433073
21
-2.5557099606299212
0
LINE
8
BLACK
6
CONTINUOUS
10
6.7975416535433073
20
-2.5557099606299212
11
6.7944583464566923
21
-2.5557099606299212
0
LINE
8
BLACK
6
CONTINUOUS
10
6.7944583464566923
20
-2.5557099606299212
11
6.7914801181102362
21
-2.5549119685039368
0
LINE
8
BLACK
6
CONTINUOUS
10
6.7914801181102362
20
-2.5549119685039368
11
6.7888099212598423
21
-2.5533703149606297
0
LINE
8
BLACK
6
CONTINUOUS
10
6.7888099212598423
20
-2.5533703149606297
11
6.7866296850393697
21
-2.5511900787401576
0
LINE
8
BLACK
6
CONTINUOUS
10
6.7866296850393697
20
-2.5511900787401576
11
6.7850880314960627
21
-2.5485198818897636
0
LINE
8
BLACK
6
CONTINUOUS
10
6.7850880314960627
20
-2.5485198818897636
11
6.7842900393700782
21
-2.5455416535433071
0
LINE
8
BLACK
6
CONTINUOUS
10
6.7842900393700782
20
-2.5455416535433071
11
6.7842900393700782
21
-2.542458346456693
0
LINE
8
BLACK
6
CONTINUOUS
10
6.7842900393700782
20
-2.542458346456693
11
6.7850880314960627
21
-2.539480118110236
0
LINE
8
BLACK
6
CONTINUOUS
10
6.7850880314960627
20
-2.539480118110236
11
6.7866296850393697
21
-2.5368099212598425
0
LINE
8
BLACK
6
CONTINUOUS
10
6.7866296850393697
20
-2.5368099212598425
11
6.7888099212598423
21
-2.5346296850393699
0
LINE
8
BLACK
6
CONTINUOUS
10
6.7888099212598423
20
-2.5346296850393699
11
6.7914801181102362
21
-2.5330880314960629
0
LINE
8
BLACK
6
CONTINUOUS
10
6.7914801181102362
20
-2.5330880314960629
11
6.7944583464566923
21
-2.5322900393700789
0
LINE
8
BLACK
6
CONTINUOUS
10
6.7944583464566923
20
-2.5322900393700789
11
6.7975416535433073
21
-2.5322900393700789
0
LINE
8
BLACK
6
CONTINUOUS
10
6.7975416535433073
20
-2.5322900393700789
11
6.8005198818897634
21
-2.5330880314960629
0
LINE
8
BLACK
6
CONTINUOUS
10
6.891677283464567
20
-2.4331581889763778
11
6.893593149606299
21
-2.4344383464566928
0
LINE
8
BLACK
6
CONTINUOUS
10
6.893593149606299
20
-2.4344383464566928
11
6.8948733070866144
21
-2.4363542125984252
0
LINE
8
BLACK
6
CONTINUOUS
10
6.8948733070866144
20
-2.4363542125984252
11
6.8953228346456692
21
-2.4386141732283466
0
LINE
8
BLACK
6
CONTINUOUS
10
6.8953228346456692
20
-2.4386141732283466
11
6.8953228346456692
21
-2.4504251968503938
0
LINE
8
BLACK
6
CONTINUOUS
10
6.8953228346456692
20
-2.4504251968503938
11
6.8948733070866144
21
-2.4526851574803148
0
LINE
8
BLACK
6
CONTINUOUS
10
6.8948733070866144
20
-2.4526851574803148
11
6.893593149606299
21
-2.4546010236220472
0
LINE
8
BLACK
6
CONTINUOUS
10
6.893593149606299
20
-2.4546010236220472
11
6.891677283464567
21
-2.4558811811023622
0
LINE
8
BLACK
6
CONTINUOUS
10
6.891677283464567
20
-2.4558811811023622
11
6.8894173228346451
21
-2.4563307086614175
0
LINE
8
BLACK
6
CONTINUOUS
10
6.8894173228346451
20
-2.4563307086614175
11
6.8244566929133859
21
-2.4563307086614175
0
LINE
8
BLACK
6
CONTINUOUS
10
6.8244566929133859
20
-2.4563307086614175
11
6.822196732283464
21
-2.4558811811023622
0
LINE
8
BLACK
6
CONTINUOUS
10
6.822196732283464
20
-2.4558811811023622
11
6.8213964566929128
21
-2.4553464566929133
0
LINE
8
BLACK
6
CONTINUOUS
10
6.8213964566929128
20
-2.4553464566929133
11
6.6819648818897637
21
-2.4553464566929133
0
LINE
8
BLACK
6
CONTINUOUS
10
6.6819648818897637
20
-2.4553464566929133
11
6.5946399212598426
21
-2.5426714173228344
0
LINE
8
BLACK
6
CONTINUOUS
10
6.5946399212598426
20
-2.5426714173228344
11
6.5929992913385824
21
-2.544017874015748
0
LINE
8
BLACK
6
CONTINUOUS
10
6.5929992913385824
20
-2.544017874015748
11
6.5890964566929133
21
-2.5456344881889765
0
LINE
8
BLACK
6
CONTINUOUS
10
6.5890964566929133
20
-2.5456344881889765
11
6.586984251968504
21
-2.5458425196850394
0
LINE
8
BLACK
6
CONTINUOUS
10
6.586984251968504
20
-2.5458425196850394
11
6.190680393700787
21
-2.5458425196850394
0
LINE
8
BLACK
6
CONTINUOUS
10
6.190680393700787
20
-2.5458425196850394
11
6.1906683464566932
21
-2.5459030314960631
0
LINE
8
BLACK
6
CONTINUOUS
10
6.1906683464566932
20
-2.5459030314960631
11
6.1889614566929136
21
-2.5484575196850394
0
LINE
8
BLACK
6
CONTINUOUS
10
6.1889614566929136
20
-2.5484575196850394
11
6.1864069685039365
21
-2.5501644094488189
0
LINE
8
BLACK
6
CONTINUOUS
10
6.1864069685039365
20
-2.5501644094488189
11
6.1833937007874011
21
-2.5507637795275588
0
LINE
8
BLACK
6
CONTINUOUS
10
6.1833937007874011
20
-2.5507637795275588
11
6.161740157480315
21
-2.5507637795275588
0
LINE
8
BLACK
6
CONTINUOUS
10
6.161740157480315
20
-2.5507637795275588
11
6.1587268897637797
21
-2.5501644094488189
0
LINE
8
BLACK
6
CONTINUOUS
10
6.1587268897637797
20
-2.5501644094488189
11
6.1561724015748034
21
-2.5484575196850394
0
LINE
8
BLACK
6
CONTINUOUS
10
6.1561724015748034
20
-2.5484575196850394
11
6.1547460236220468
21
-2.5463228346456694
0
LINE
8
BLACK
6
CONTINUOUS
10
6.1547460236220468
20
-2.5463228346456694
11
6.0652343700787403
21
-2.5463228346456694
0
LINE
8
BLACK
6
CONTINUOUS
10
6.0652343700787403
20
-2.5463228346456694
11
6.0650868110236216
21
-2.5464080314960631
0
LINE
8
BLACK
6
CONTINUOUS
10
6.0650868110236216
20
-2.5464080314960631
11
6.0621085826771655
21
-2.5472060236220471
0
LINE
8
BLACK
6
CONTINUOUS
10
6.0621085826771655
20
-2.5472060236220471
11
6.0590252755905514
21
-2.5472060236220471
0
LINE
8
BLACK
6
CONTINUOUS
10
6.0590252755905514
20
-2.5472060236220471
11
6.0560470472440944
21
-2.5464080314960631
0
LINE
8
BLACK
6
CONTINUOUS
10
6.0560470472440944
20
-2.5464080314960631
11
6.0533768503937004
21
-2.5448663779527561
0
LINE
8
BLACK
6
CONTINUOUS
10
6.0533768503937004
20
-2.5448663779527561
11
6.0511966141732279
21
-2.5426861417322835
0
LINE
8
BLACK
6
CONTINUOUS
10
6.0511966141732279
20
-2.5426861417322835
11
6.0496549606299208
21
-2.5400159448818895
0
LINE
8
BLACK
6
CONTINUOUS
10
6.0496549606299208
20
-2.5400159448818895
11
6.0488569685039373
21
-2.537037716535433
0
LINE
8
BLACK
6
CONTINUOUS
10
6.0488569685039373
20
-2.537037716535433
11
6.0488569685039373
21
-2.5339544094488189
0
LINE
8
BLACK
6
CONTINUOUS
10
6.0488569685039373
20
-2.5339544094488189
11
6.0496549606299208
21
-2.5309761811023623
0
LINE
8
BLACK
6
CONTINUOUS
10
6.0496549606299208
20
-2.5309761811023623
11
6.0511966141732279
21
-2.5283059842519684
0
LINE
8
BLACK
6
CONTINUOUS
10
6.0511966141732279
20
-2.5283059842519684
11
6.0533768503937004
21
-2.5261257480314958
0
LINE
8
BLACK
6
CONTINUOUS
10
6.0533768503937004
20
-2.5261257480314958
11
6.0560470472440944
21
-2.5245840944881888
0
LINE
8
BLACK
6
CONTINUOUS
10
6.0560470472440944
20
-2.5245840944881888
11
6.0590252755905514
21
-2.5237861023622048
0
LINE
8
BLACK
6
CONTINUOUS
10
6.0590252755905514
20
-2.5237861023622048
11
6.0621085826771655
21
-2.5237861023622048
0
LINE
8
BLACK
6
CONTINUOUS
10
6.0621085826771655
20
-2.5237861023622048
11
6.0650868110236216
21
-2.5245840944881888
0
LINE
8
BLACK
6
CONTINUOUS
10
6.0650868110236216
20
-2.5245840944881888
11
6.0652343700787403
21
-2.5246692913385824
0
LINE
8
BLACK
6
CONTINUOUS
10
6.0652343700787403
20
-2.5246692913385824
11
6.1543579527559054
21
-2.5246692913385824
0
LINE
8
BLACK
6
CONTINUOUS
10
6.1543579527559054
20
-2.5246692913385824
11
6.1544655118110239
21
-2.5241284645669291
0
LINE
8
BLACK
6
CONTINUOUS
10
6.1544655118110239
20
-2.5241284645669291
11
6.1561724015748034
21
-2.5215739763779528
0
LINE
8
BLACK
6
CONTINUOUS
10
6.1561724015748034
20
-2.5215739763779528
11
6.1587268897637797
21
-2.5198670866141732
0
LINE
8
BLACK
6
CONTINUOUS
10
6.1587268897637797
20
-2.5198670866141732
11
6.161740157480315
21
-2.5192677165354329
0
LINE
8
BLACK
6
CONTINUOUS
10
6.161740157480315
20
-2.5192677165354329
11
6.1833937007874011
21
-2.5192677165354329
0
LINE
8
BLACK
6
CONTINUOUS
10
6.1833937007874011
20
-2.5192677165354329
11
6.1864069685039365
21
-2.5198670866141732
0
LINE
8
BLACK
6
CONTINUOUS
10
6.1864069685039365
20
-2.5198670866141732
11
6.1889614566929136
21
-2.5215739763779528
0
LINE
8
BLACK
6
CONTINUOUS
10
6.1889614566929136
20
-2.5215739763779528
11
6.1906683464566932
21
-2.5241284645669291
0
LINE
8
BLACK
6
CONTINUOUS
10
6.1906683464566932
20
-2.5241284645669291
11
6.190680393700787
21
-2.5241889763779528
0
LINE
8
BLACK
6
CONTINUOUS
10
6.190680393700787
20
-2.5241889763779528
11
6.5824996850393696
21
-2.5241889763779528
0
LINE
8
BLACK
6
CONTINUOUS
10
6.5824996850393696
20
-2.5241889763779528
11
6.6703443307086614
21
-2.4363443307086614
0
LINE
8
BLACK
6
CONTINUOUS
10
6.6703443307086614
20
-2.4363443307086614
11
6.6719849606299215
21
-2.4349978740157479
0
LINE
8
BLACK
6
CONTINUOUS
10
6.6719849606299215
20
-2.4349978740157479
11
6.6758877952755906
21
-2.4333812598425197
0
LINE
8
BLACK
6
CONTINUOUS
10
6.6758877952755906
20
-2.4333812598425197
11
6.6801122047244093
21
-2.4333812598425197
0
LINE
8
BLACK
6
CONTINUOUS
10
6.6801122047244093
20
-2.4333812598425197
11
6.6808646062992123
21
-2.4336929133858267
0
LINE
8
BLACK
6
CONTINUOUS
10
6.6808646062992123
20
-2.4336929133858267
11
6.8213964566929128
21
-2.4336929133858267
0
LINE
8
BLACK
6
CONTINUOUS
10
6.8213964566929128
20
-2.4336929133858267
11
6.822196732283464
21
-2.4331581889763778
0
LINE
8
BLACK
6
CONTINUOUS
10
6.822196732283464
20
-2.4331581889763778
11
6.8244566929133859
21
-2.4327086614173226
0
LINE
8
BLACK
6
CONTINUOUS
10
6.8244566929133859
20
-2.4327086614173226
11
6.8894173228346451
21
-2.4327086614173226
0
LINE
8
BLACK
6
CONTINUOUS
10
6.8894173228346451
20
-2.4327086614173226
11
6.891677283464567
21
-2.4331581889763778
0
CIRCLE
8
BLACK
10
6.6059999999999999
20
-4.0999999999999996
40
0.0059055118110236
0
CIRCLE
8
BLACK
10
6.6319999999999997
20
-4.3639999999999999
40
0.0059055118110236
0
CIRCLE
8
BLACK
10
6.3239999999999998
20
-4.3179999999999996
40
0.0059055118110236
0
CIRCLE
8
BLACK
10
6.282
20
-4.5359999999999996
40
0.0059055118110236
0
CIRCLE
8
BLACK
10
6.2279999999999998
20
-2.6000000000000001
40
0.0059055118110236
0
CIRCLE
8
BLACK
10
6.0640000000000001
20
-2.6280000000000001
40
0.0059055118110236
0
CIRCLE
8
BLACK
10
6.7960000000000003
20
-2.544
40
0.0059055118110236
0
CIRCLE
8
BLACK
10
5.7505669291338579
20
-2.5534960629921257
40
0.0059055118110236
0
CIRCLE
8
BLACK
10
7.011976377952756
20
-2.6999763779527557
40
0.0059055118110236
0
CIRCLE
8
BLACK
10
6.4785669291338577
20
-3.905496062992126
40
0.0059055118110236
0
CIRCLE
8
BLACK
10
6.3655590551181103
20
-4.0685039370078737
40
0.0059055118110236
0
CIRCLE
8
BLACK
10
7.0258503937007877
20
-3.3979921259842518
40
0.0059055118110236
0
CIRCLE
8
BLACK
10
7.1899999999999995
20
-3.032
40
0.0059055118110236
0
CIRCLE
8
BLACK
10
7.3927795275590551
20
-3.0926603937007875
40
0.0059055118110236
0
CIRCLE
8
BLACK
10
5.4105669291338581
20
-5.3500078740157475
40
0.0059055118110236
0
CIRCLE
8
BLACK
10
6.3505669291338585
20
-5.5494960629921257
40
0.0059055118110236
0
CIRCLE
8
BLACK
10
5.8180629921259843
20
-4.0999999999999996
40
0.0059055118110236
0
CIRCLE
8
BLACK
10
6.1819999999999995
20
-4.2599999999999998
40
0.0059055118110236
0
CIRCLE
8
BLACK
10
6.0939999999999994
20
-4.4654960629921261
40
0.0059055118110236
0
CIRCLE
8
BLACK
10
6.1885669291338585
20
-4.6334960629921262
40
0.0059055118110236
0
CIRCLE
8
BLACK
10
6.0065669291338581
20
-4.4734960629921261
40
0.0059055118110236
0
CIRCLE
8
BLACK
10
6.1625669291338578
20
-4.6854960629921258
40
0.0059055118110236
0
CIRCLE
8
BLACK
10
5.713511811023622
20
-3.8643464566929131
40
0.0059055118110236
0
CIRCLE
8
BLACK
10
5.8725669291338578
20
-3.667496062992126
40
0.0059055118110236
0
CIRCLE
8
BLACK
10
4.7745669291338579
20
-3.6794960629921261
40
0.0059055118110236
0
CIRCLE
8
BLACK
10
5.7556777559055119
20
-3.934228307086614
40
0.0059055118110236
0
CIRCLE
8
BLACK
10
4.6475669291338582
20
-3.7174960629921259
40
0.0059055118110236
0
CIRCLE
8
BLACK
10
5.572566929133858
20
-3.7174960629921259
40
0.0059055118110236
0
CIRCLE
8
BLACK
10
5.8709921259842517
20
-3.8210393700787399
40
0.0059055118110236
0
CIRCLE
8
BLACK
10
5.2213858267716535
20
-3.903716535433071
40
0.0059055118110236
0
CIRCLE
8
BLACK
10
5.8257957480314957
20
-4.0043462992125987
40
0.0059055118110236
0
CIRCLE
8
BLACK
10
5.9345669291338581
20
-3.7894960629921259
40
0.0059055118110236
0
CIRCLE
8
BLACK
10
5.9665669291338581
20
-3.7674960629921257
40
0.0059055118110236
0
CIRCLE
8
BLACK
10
5.8045669291338582
20
-3.8594960629921258
40
0.0059055118110236
0
CIRCLE
8
BLACK
10
6.3745669291338585
20
-3.7074960629921261
40
0.0059055118110236
0
CIRCLE
8
BLACK
10
6.2005669291338581
20
-3.7054960629921259
40
0.0059055118110236
0
CIRCLE
8
BLACK
10
6.2285669291338586
20
-3.7554960629921257
40
0.0059055118110236
0
CIRCLE
8
BLACK
10
6.4105669291338581
20
-3.7534960629921259
40
0.0059055118110236
0
CIRCLE
8
BLACK
10
5.5055748031496066
20
-4.1944881889763774
40
0.0059055118110236
0
CIRCLE
8
BLACK
10
5.7835669291338583
20
-4.3204960629921256
40
0.0059055118110236
0
CIRCLE
8
BLACK
10
5.7955669291338578
20
-4.2624960629921258
40
0.0059055118110236
0
CIRCLE
8
BLACK
10
5.5065669291338581
20
-4.2259842519685042
40
0.0059055118110236
0
CIRCLE
8
BLACK
10
5.9995118110236216
20
-3.8265511811023623
40
0.0059055118110236
0
CIRCLE
8
BLACK
10
6.1569921259842522
20
-3.8279212598425194
40
0.0059055118110236
0
CIRCLE
8
BLACK
10
6.0225669291338582
20
-2.5684749606299211
40
0.0059055118110236
0
CIRCLE
8
BLACK
10
6.0605669291338584
20
-2.5354960629921259
40
0.0059055118110236
0
CIRCLE
8
BLACK
10
6.6741889763779527
20
-2.583496062992126
40
0.0059055118110236
0
CIRCLE
8
BLACK
10
6.2285669291338586
20
-2.4834960629921259
40
0.0059055118110236
0
CIRCLE
8
BLACK
10
5.4730669291338581
20
-5.4609960629921259
40
0.0059055118110236
0
CIRCLE
8
BLACK
10
5.9300472440944878
20
-4.8289133858267714
40
0.0059055118110236
0
CIRCLE
8
BLACK
10
5.775937007874016
20
-4.1629921259842515
40
0.0059055118110236
0
CIRCLE
8
BLACK
10
6.1885669291338585
20
-4.3754960629921262
40
0.0059055118110236
  0
ENDSEC
  0
EOF
