  0
SECTION
  2
HEADER
  9
$ANGBASE
  50
0.0
  9
$ANGDIR
  70
1
  9
$MEASUREMENT
  70
0
  0
ENDSEC
  0
SECTION
  2
TABLES
  0
TABLE
  2
LTYPE
  70
4
  0
LTYPE
  5
40F
  2
CONTINUOUS
  70
0
  3
Solid line
  72
65
  73
0
  40
0.0
  0
LTYPE
  5
410
  2
DASHDOT
 70
0
  3
Dash Dot ____ _ ____ _
 72
65
 73
4
 40
2.0
 49
1.25
 49
-0.25
 49
0.25
 49
-0.25
  0
LTYPE
  5
411
  2
DASHED
 70
0
  3
Dashed __ __ __ __ __
 72
65
 73
2
 40
0.75
 49
0.5
 49
-0.25
  0
LTYPE
  5
43B
  2
DOTTED
 70
0
  3
Dotted .  .  .  .
 72
65
 73
2
 40
0.2
 49
0.0
 49
-0.2
  0
ENDTAB
  0
TABLE
  2
STYLE
  70
4
  0
STYLE
  2
KICAD
  70
0
  40
0
  41
1
  42
1
  50
0
  71
0
  3
isocp.shx
  0
STYLE
  2
KICADB
  70
0
  40
0
  41
1
  42
1
  50
0
  71
0
  3
isocp.shx
  0
STYLE
  2
KICADI
  70
0
  40
0
  41
1
  42
1
  50
15
  71
0
  3
isocp.shx
  0
STYLE
  2
KICADBI
  70
0
  40
0
  41
1
  42
1
  50
15
  71
0
  3
isocp.shx
  0
ENDTAB
  0
TABLE
  2
LAYER
  70
1
  0
LAYER
  2
BLACK
  70
0
  62
7
  6
CONTINUOUS
  0
ENDTAB
  0
ENDSEC
  0
SECTION
  2
ENTITIES
0
LINE
8
BLACK
6
CONTINUOUS
10
5.9618925984251971
20
-5.9236603149606299
11
5.9689588188976375
21
-5.9265872440944882
0
LINE
8
BLACK
6
CONTINUOUS
10
5.9689588188976375
20
-5.9265872440944882
11
5.9753182677165357
21
-5.9308364960629918
0
LINE
8
BLACK
6
CONTINUOUS
10
5.9753182677165357
20
-5.9308364960629918
11
5.9807264960629922
21
-5.9362447244094483
0
LINE
8
BLACK
6
CONTINUOUS
10
5.9807264960629922
20
-5.9362447244094483
11
5.9849757480314958
21
-5.9426041732283466
0
LINE
8
BLACK
6
CONTINUOUS
10
5.9849757480314958
20
-5.9426041732283466
11
5.9879026771653541
21
-5.9496703937007869
0
LINE
8
BLACK
6
CONTINUOUS
10
5.9879026771653541
20
-5.9496703937007869
11
5.9893948031496063
21
-5.957171850393701
0
LINE
8
BLACK
6
CONTINUOUS
10
5.9893948031496063
20
-5.957171850393701
11
5.9893948031496063
21
-5.9648202755905508
0
LINE
8
BLACK
6
CONTINUOUS
10
5.9893948031496063
20
-5.9648202755905508
11
5.9879026771653541
21
-5.9723217322834641
0
LINE
8
BLACK
6
CONTINUOUS
10
5.9879026771653541
20
-5.9723217322834641
11
5.9849757480314958
21
-5.9793879527559053
0
LINE
8
BLACK
6
CONTINUOUS
10
5.9849757480314958
20
-5.9793879527559053
11
5.9807264960629922
21
-5.9857474015748027
0
LINE
8
BLACK
6
CONTINUOUS
10
5.9807264960629922
20
-5.9857474015748027
11
5.9753182677165357
21
-5.9911556299212601
0
LINE
8
BLACK
6
CONTINUOUS
10
5.9753182677165357
20
-5.9911556299212601
11
5.9689588188976375
21
-5.9954048818897636
0
LINE
8
BLACK
6
CONTINUOUS
10
5.9689588188976375
20
-5.9954048818897636
11
5.9618925984251971
21
-5.9983318110236219
0
LINE
8
BLACK
6
CONTINUOUS
10
5.9618925984251971
20
-5.9983318110236219
11
5.954391141732283
21
-5.9998239370078741
0
LINE
8
BLACK
6
CONTINUOUS
10
5.954391141732283
20
-5.9998239370078741
11
5.9467427165354332
21
-5.9998239370078741
0
LINE
8
BLACK
6
CONTINUOUS
10
5.9467427165354332
20
-5.9998239370078741
11
5.9392412598425199
21
-5.9983318110236219
0
LINE
8
BLACK
6
CONTINUOUS
10
5.9392412598425199
20
-5.9983318110236219
11
5.9321750393700787
21
-5.9954048818897636
0
LINE
8
BLACK
6
CONTINUOUS
10
5.9321750393700787
20
-5.9954048818897636
11
5.9258155905511813
21
-5.9911556299212601
0
LINE
8
BLACK
6
CONTINUOUS
10
5.9258155905511813
20
-5.9911556299212601
11
5.920407362204724
21
-5.9857474015748027
0
LINE
8
BLACK
6
CONTINUOUS
10
5.920407362204724
20
-5.9857474015748027
11
5.9161581102362204
21
-5.9793879527559053
0
LINE
8
BLACK
6
CONTINUOUS
10
5.9161581102362204
20
-5.9793879527559053
11
5.9132311811023621
21
-5.9723217322834641
0
LINE
8
BLACK
6
CONTINUOUS
10
5.9132311811023621
20
-5.9723217322834641
11
5.9117390551181099
21
-5.9648202755905508
0
LINE
8
BLACK
6
CONTINUOUS
10
5.9117390551181099
20
-5.9648202755905508
11
5.9117390551181099
21
-5.957171850393701
0
LINE
8
BLACK
6
CONTINUOUS
10
5.9117390551181099
20
-5.957171850393701
11
5.9132311811023621
21
-5.9496703937007869
0
LINE
8
BLACK
6
CONTINUOUS
10
5.9132311811023621
20
-5.9496703937007869
11
5.9161581102362204
21
-5.9426041732283466
0
LINE
8
BLACK
6
CONTINUOUS
10
5.9161581102362204
20
-5.9426041732283466
11
5.920407362204724
21
-5.9362447244094483
0
LINE
8
BLACK
6
CONTINUOUS
10
5.920407362204724
20
-5.9362447244094483
11
5.9258155905511813
21
-5.9308364960629918
0
LINE
8
BLACK
6
CONTINUOUS
10
5.9258155905511813
20
-5.9308364960629918
11
5.9321750393700787
21
-5.9265872440944882
0
LINE
8
BLACK
6
CONTINUOUS
10
5.9321750393700787
20
-5.9265872440944882
11
5.9392412598425199
21
-5.9236603149606299
0
LINE
8
BLACK
6
CONTINUOUS
10
5.9392412598425199
20
-5.9236603149606299
11
5.9467427165354332
21
-5.9221681889763778
0
LINE
8
BLACK
6
CONTINUOUS
10
5.9467427165354332
20
-5.9221681889763778
11
5.954391141732283
21
-5.9221681889763778
0
LINE
8
BLACK
6
CONTINUOUS
10
5.954391141732283
20
-5.9221681889763778
11
5.9618925984251971
21
-5.9236603149606299
0
LINE
8
BLACK
6
CONTINUOUS
10
6.0618925984251968
20
-5.9236603149606299
11
6.068958818897638
21
-5.9265872440944882
0
LINE
8
BLACK
6
CONTINUOUS
10
6.068958818897638
20
-5.9265872440944882
11
6.0753182677165354
21
-5.9308364960629918
0
LINE
8
BLACK
6
CONTINUOUS
10
6.0753182677165354
20
-5.9308364960629918
11
6.0807264960629919
21
-5.9362447244094483
0
LINE
8
BLACK
6
CONTINUOUS
10
6.0807264960629919
20
-5.9362447244094483
11
6.0849757480314963
21
-5.9426041732283466
0
LINE
8
BLACK
6
CONTINUOUS
10
6.0849757480314963
20
-5.9426041732283466
11
6.0879026771653546
21
-5.9496703937007869
0
LINE
8
BLACK
6
CONTINUOUS
10
6.0879026771653546
20
-5.9496703937007869
11
6.0893948031496059
21
-5.957171850393701
0
LINE
8
BLACK
6
CONTINUOUS
10
6.0893948031496059
20
-5.957171850393701
11
6.0893948031496059
21
-5.9648202755905508
0
LINE
8
BLACK
6
CONTINUOUS
10
6.0893948031496059
20
-5.9648202755905508
11
6.0879026771653546
21
-5.9723217322834641
0
LINE
8
BLACK
6
CONTINUOUS
10
6.0879026771653546
20
-5.9723217322834641
11
6.0849757480314963
21
-5.9793879527559053
0
LINE
8
BLACK
6
CONTINUOUS
10
6.0849757480314963
20
-5.9793879527559053
11
6.0807264960629919
21
-5.9857474015748027
0
LINE
8
BLACK
6
CONTINUOUS
10
6.0807264960629919
20
-5.9857474015748027
11
6.0753182677165354
21
-5.9911556299212601
0
LINE
8
BLACK
6
CONTINUOUS
10
6.0753182677165354
20
-5.9911556299212601
11
6.068958818897638
21
-5.9954048818897636
0
LINE
8
BLACK
6
CONTINUOUS
10
6.068958818897638
20
-5.9954048818897636
11
6.0618925984251968
21
-5.9983318110236219
0
LINE
8
BLACK
6
CONTINUOUS
10
6.0618925984251968
20
-5.9983318110236219
11
6.0543911417322835
21
-5.9998239370078741
0
LINE
8
BLACK
6
CONTINUOUS
10
6.0543911417322835
20
-5.9998239370078741
11
6.0467427165354328
21
-5.9998239370078741
0
LINE
8
BLACK
6
CONTINUOUS
10
6.0467427165354328
20
-5.9998239370078741
11
6.0392412598425196
21
-5.9983318110236219
0
LINE
8
BLACK
6
CONTINUOUS
10
6.0392412598425196
20
-5.9983318110236219
11
6.0321750393700784
21
-5.9954048818897636
0
LINE
8
BLACK
6
CONTINUOUS
10
6.0321750393700784
20
-5.9954048818897636
11
6.025815590551181
21
-5.9911556299212601
0
LINE
8
BLACK
6
CONTINUOUS
10
6.025815590551181
20
-5.9911556299212601
11
6.0204073622047245
21
-5.9857474015748027
0
LINE
8
BLACK
6
CONTINUOUS
10
6.0204073622047245
20
-5.9857474015748027
11
6.01615811023622
21
-5.9793879527559053
0
LINE
8
BLACK
6
CONTINUOUS
10
6.01615811023622
20
-5.9793879527559053
11
6.0132311811023618
21
-5.9723217322834641
0
LINE
8
BLACK
6
CONTINUOUS
10
6.0132311811023618
20
-5.9723217322834641
11
6.0117390551181105
21
-5.9648202755905508
0
LINE
8
BLACK
6
CONTINUOUS
10
6.0117390551181105
20
-5.9648202755905508
11
6.0117390551181105
21
-5.957171850393701
0
LINE
8
BLACK
6
CONTINUOUS
10
6.0117390551181105
20
-5.957171850393701
11
6.0132311811023618
21
-5.9496703937007869
0
LINE
8
BLACK
6
CONTINUOUS
10
6.0132311811023618
20
-5.9496703937007869
11
6.01615811023622
21
-5.9426041732283466
0
LINE
8
BLACK
6
CONTINUOUS
10
6.01615811023622
20
-5.9426041732283466
11
6.0204073622047245
21
-5.9362447244094483
0
LINE
8
BLACK
6
CONTINUOUS
10
6.0204073622047245
20
-5.9362447244094483
11
6.025815590551181
21
-5.9308364960629918
0
LINE
8
BLACK
6
CONTINUOUS
10
6.025815590551181
20
-5.9308364960629918
11
6.0321750393700784
21
-5.9265872440944882
0
LINE
8
BLACK
6
CONTINUOUS
10
6.0321750393700784
20
-5.9265872440944882
11
6.0392412598425196
21
-5.9236603149606299
0
LINE
8
BLACK
6
CONTINUOUS
10
6.0392412598425196
20
-5.9236603149606299
11
6.0467427165354328
21
-5.9221681889763778
0
LINE
8
BLACK
6
CONTINUOUS
10
6.0467427165354328
20
-5.9221681889763778
11
6.0543911417322835
21
-5.9221681889763778
0
LINE
8
BLACK
6
CONTINUOUS
10
6.0543911417322835
20
-5.9221681889763778
11
6.0618925984251968
21
-5.9236603149606299
0
LINE
8
BLACK
6
CONTINUOUS
10
6.1618925984251964
20
-5.9236603149606299
11
6.1689588188976376
21
-5.9265872440944882
0
LINE
8
BLACK
6
CONTINUOUS
10
6.1689588188976376
20
-5.9265872440944882
11
6.175318267716535
21
-5.9308364960629918
0
LINE
8
BLACK
6
CONTINUOUS
10
6.175318267716535
20
-5.9308364960629918
11
6.1807264960629924
21
-5.9362447244094483
0
LINE
8
BLACK
6
CONTINUOUS
10
6.1807264960629924
20
-5.9362447244094483
11
6.184975748031496
21
-5.9426041732283466
0
LINE
8
BLACK
6
CONTINUOUS
10
6.184975748031496
20
-5.9426041732283466
11
6.1879026771653542
21
-5.9496703937007869
0
LINE
8
BLACK
6
CONTINUOUS
10
6.1879026771653542
20
-5.9496703937007869
11
6.1893948031496064
21
-5.957171850393701
0
LINE
8
BLACK
6
CONTINUOUS
10
6.1893948031496064
20
-5.957171850393701
11
6.1893948031496064
21
-5.9648202755905508
0
LINE
8
BLACK
6
CONTINUOUS
10
6.1893948031496064
20
-5.9648202755905508
11
6.1879026771653542
21
-5.9723217322834641
0
LINE
8
BLACK
6
CONTINUOUS
10
6.1879026771653542
20
-5.9723217322834641
11
6.184975748031496
21
-5.9793879527559053
0
LINE
8
BLACK
6
CONTINUOUS
10
6.184975748031496
20
-5.9793879527559053
11
6.1807264960629924
21
-5.9857474015748027
0
LINE
8
BLACK
6
CONTINUOUS
10
6.1807264960629924
20
-5.9857474015748027
11
6.175318267716535
21
-5.9911556299212601
0
LINE
8
BLACK
6
CONTINUOUS
10
6.175318267716535
20
-5.9911556299212601
11
6.1689588188976376
21
-5.9954048818897636
0
LINE
8
BLACK
6
CONTINUOUS
10
6.1689588188976376
20
-5.9954048818897636
11
6.1618925984251964
21
-5.9983318110236219
0
LINE
8
BLACK
6
CONTINUOUS
10
6.1618925984251964
20
-5.9983318110236219
11
6.1543911417322832
21
-5.9998239370078741
0
LINE
8
BLACK
6
CONTINUOUS
10
6.1543911417322832
20
-5.9998239370078741
11
6.1467427165354334
21
-5.9998239370078741
0
LINE
8
BLACK
6
CONTINUOUS
10
6.1467427165354334
20
-5.9998239370078741
11
6.1392412598425192
21
-5.9983318110236219
0
LINE
8
BLACK
6
CONTINUOUS
10
6.1392412598425192
20
-5.9983318110236219
11
6.1321750393700789
21
-5.9954048818897636
0
LINE
8
BLACK
6
CONTINUOUS
10
6.1321750393700789
20
-5.9954048818897636
11
6.1258155905511806
21
-5.9911556299212601
0
LINE
8
BLACK
6
CONTINUOUS
10
6.1258155905511806
20
-5.9911556299212601
11
6.1204073622047241
21
-5.9857474015748027
0
LINE
8
BLACK
6
CONTINUOUS
10
6.1204073622047241
20
-5.9857474015748027
11
6.1161581102362206
21
-5.9793879527559053
0
LINE
8
BLACK
6
CONTINUOUS
10
6.1161581102362206
20
-5.9793879527559053
11
6.1132311811023623
21
-5.9723217322834641
0
LINE
8
BLACK
6
CONTINUOUS
10
6.1132311811023623
20
-5.9723217322834641
11
6.1117390551181101
21
-5.9648202755905508
0
LINE
8
BLACK
6
CONTINUOUS
10
6.1117390551181101
20
-5.9648202755905508
11
6.1117390551181101
21
-5.957171850393701
0
LINE
8
BLACK
6
CONTINUOUS
10
6.1117390551181101
20
-5.957171850393701
11
6.1132311811023623
21
-5.9496703937007869
0
LINE
8
BLACK
6
CONTINUOUS
10
6.1132311811023623
20
-5.9496703937007869
11
6.1161581102362206
21
-5.9426041732283466
0
LINE
8
BLACK
6
CONTINUOUS
10
6.1161581102362206
20
-5.9426041732283466
11
6.1204073622047241
21
-5.9362447244094483
0
LINE
8
BLACK
6
CONTINUOUS
10
6.1204073622047241
20
-5.9362447244094483
11
6.1258155905511806
21
-5.9308364960629918
0
LINE
8
BLACK
6
CONTINUOUS
10
6.1258155905511806
20
-5.9308364960629918
11
6.1321750393700789
21
-5.9265872440944882
0
LINE
8
BLACK
6
CONTINUOUS
10
6.1321750393700789
20
-5.9265872440944882
11
6.1392412598425192
21
-5.9236603149606299
0
LINE
8
BLACK
6
CONTINUOUS
10
6.1392412598425192
20
-5.9236603149606299
11
6.1467427165354334
21
-5.9221681889763778
0
LINE
8
BLACK
6
CONTINUOUS
10
6.1467427165354334
20
-5.9221681889763778
11
6.1543911417322832
21
-5.9221681889763778
0
LINE
8
BLACK
6
CONTINUOUS
10
6.1543911417322832
20
-5.9221681889763778
11
6.1618925984251964
21
-5.9236603149606299
0
LINE
8
BLACK
6
CONTINUOUS
10
5.7620094094488188
20
-5.7758346062992123
11
5.7693244488188977
21
-5.7782114173228347
0
LINE
8
BLACK
6
CONTINUOUS
10
5.7693244488188977
20
-5.7782114173228347
11
5.7761775984251971
21
-5.7817032677165354
0
LINE
8
BLACK
6
CONTINUOUS
10
5.7761775984251971
20
-5.7817032677165354
11
5.7824001181102362
21
-5.7862242125984249
0
LINE
8
BLACK
6
CONTINUOUS
10
5.7824001181102362
20
-5.7862242125984249
11
5.7878387795275588
21
-5.7916628740157483
0
LINE
8
BLACK
6
CONTINUOUS
10
5.7878387795275588
20
-5.7916628740157483
11
5.7923597244094491
21
-5.7978853937007875
0
LINE
8
BLACK
6
CONTINUOUS
10
5.7923597244094491
20
-5.7978853937007875
11
5.7958515748031498
21
-5.8047385433070868
0
LINE
8
BLACK
6
CONTINUOUS
10
5.7958515748031498
20
-5.8047385433070868
11
5.7982283858267714
21
-5.8120535826771649
0
LINE
8
BLACK
6
CONTINUOUS
10
5.7982283858267714
20
-5.8120535826771649
11
5.7994315748031493
21
-5.8196503149606293
0
LINE
8
BLACK
6
CONTINUOUS
10
5.7994315748031493
20
-5.8196503149606293
11
5.7994315748031493
21
-5.8273418110236221
0
LINE
8
BLACK
6
CONTINUOUS
10
5.7994315748031493
20
-5.8273418110236221
11
5.7982283858267714
21
-5.8349385433070866
0
LINE
8
BLACK
6
CONTINUOUS
10
5.7982283858267714
20
-5.8349385433070866
11
5.7958515748031498
21
-5.8422535826771655
0
LINE
8
BLACK
6
CONTINUOUS
10
5.7958515748031498
20
-5.8422535826771655
11
5.7923597244094491
21
-5.849106732283464
0
LINE
8
BLACK
6
CONTINUOUS
10
5.7923597244094491
20
-5.849106732283464
11
5.7878387795275588
21
-5.8553292519685041
0
LINE
8
BLACK
6
CONTINUOUS
10
5.7878387795275588
20
-5.8553292519685041
11
5.7824001181102362
21
-5.8607679133858266
0
LINE
8
BLACK
6
CONTINUOUS
10
5.7824001181102362
20
-5.8607679133858266
11
5.7761775984251971
21
-5.8652888582677161
0
LINE
8
BLACK
6
CONTINUOUS
10
5.7761775984251971
20
-5.8652888582677161
11
5.7693244488188977
21
-5.8687807086614168
0
LINE
8
BLACK
6
CONTINUOUS
10
5.7693244488188977
20
-5.8687807086614168
11
5.7620094094488188
21
-5.8711575196850392
0
LINE
8
BLACK
6
CONTINUOUS
10
5.7620094094488188
20
-5.8711575196850392
11
5.7544126771653543
21
-5.8723607086614171
0
LINE
8
BLACK
6
CONTINUOUS
10
5.7544126771653543
20
-5.8723607086614171
11
5.7467211811023624
21
-5.8723607086614171
0
LINE
8
BLACK
6
CONTINUOUS
10
5.7467211811023624
20
-5.8723607086614171
11
5.7391244488188979
21
-5.8711575196850392
0
LINE
8
BLACK
6
CONTINUOUS
10
5.7391244488188979
20
-5.8711575196850392
11
5.731809409448819
21
-5.8687807086614168
0
LINE
8
BLACK
6
CONTINUOUS
10
5.731809409448819
20
-5.8687807086614168
11
5.7249562598425197
21
-5.8652888582677161
0
LINE
8
BLACK
6
CONTINUOUS
10
5.7249562598425197
20
-5.8652888582677161
11
5.7187337401574805
21
-5.8607679133858266
0
LINE
8
BLACK
6
CONTINUOUS
10
5.7187337401574805
20
-5.8607679133858266
11
5.7132950787401571
21
-5.8553292519685041
0
LINE
8
BLACK
6
CONTINUOUS
10
5.7132950787401571
20
-5.8553292519685041
11
5.7087741338582676
21
-5.849106732283464
0
LINE
8
BLACK
6
CONTINUOUS
10
5.7087741338582676
20
-5.849106732283464
11
5.7052822834645669
21
-5.8422535826771655
0
LINE
8
BLACK
6
CONTINUOUS
10
5.7052822834645669
20
-5.8422535826771655
11
5.7029054724409445
21
-5.8349385433070866
0
LINE
8
BLACK
6
CONTINUOUS
10
5.7029054724409445
20
-5.8349385433070866
11
5.7017022834645665
21
-5.8273418110236221
0
LINE
8
BLACK
6
CONTINUOUS
10
5.7017022834645665
20
-5.8273418110236221
11
5.7017022834645665
21
-5.8196503149606293
0
LINE
8
BLACK
6
CONTINUOUS
10
5.7017022834645665
20
-5.8196503149606293
11
5.7029054724409445
21
-5.8120535826771649
0
LINE
8
BLACK
6
CONTINUOUS
10
5.7029054724409445
20
-5.8120535826771649
11
5.7052822834645669
21
-5.8047385433070868
0
LINE
8
BLACK
6
CONTINUOUS
10
5.7052822834645669
20
-5.8047385433070868
11
5.7087741338582676
21
-5.7978853937007875
0
LINE
8
BLACK
6
CONTINUOUS
10
5.7087741338582676
20
-5.7978853937007875
11
5.7132950787401571
21
-5.7916628740157483
0
LINE
8
BLACK
6
CONTINUOUS
10
5.7132950787401571
20
-5.7916628740157483
11
5.7187337401574805
21
-5.7862242125984249
0
LINE
8
BLACK
6
CONTINUOUS
10
5.7187337401574805
20
-5.7862242125984249
11
5.7249562598425197
21
-5.7817032677165354
0
LINE
8
BLACK
6
CONTINUOUS
10
5.7249562598425197
20
-5.7817032677165354
11
5.731809409448819
21
-5.7782114173228347
0
LINE
8
BLACK
6
CONTINUOUS
10
5.731809409448819
20
-5.7782114173228347
11
5.7391244488188979
21
-5.7758346062992123
0
LINE
8
BLACK
6
CONTINUOUS
10
5.7391244488188979
20
-5.7758346062992123
11
5.7467211811023624
21
-5.7746314173228344
0
LINE
8
BLACK
6
CONTINUOUS
10
5.7467211811023624
20
-5.7746314173228344
11
5.7544126771653543
21
-5.7746314173228344
0
LINE
8
BLACK
6
CONTINUOUS
10
5.7544126771653543
20
-5.7746314173228344
11
5.7620094094488188
21
-5.7758346062992123
0
LINE
8
BLACK
6
CONTINUOUS
10
6.3620094094488184
20
-5.7758346062992123
11
6.3693244488188974
21
-5.7782114173228347
0
LINE
8
BLACK
6
CONTINUOUS
10
6.3693244488188974
20
-5.7782114173228347
11
6.3761775984251967
21
-5.7817032677165354
0
LINE
8
BLACK
6
CONTINUOUS
10
6.3761775984251967
20
-5.7817032677165354
11
6.3824001181102359
21
-5.7862242125984249
0
LINE
8
BLACK
6
CONTINUOUS
10
6.3824001181102359
20
-5.7862242125984249
11
6.3878387795275593
21
-5.7916628740157483
0
LINE
8
BLACK
6
CONTINUOUS
10
6.3878387795275593
20
-5.7916628740157483
11
6.3923597244094488
21
-5.7978853937007875
0
LINE
8
BLACK
6
CONTINUOUS
10
6.3923597244094488
20
-5.7978853937007875
11
6.3958515748031495
21
-5.8047385433070868
0
LINE
8
BLACK
6
CONTINUOUS
10
6.3958515748031495
20
-5.8047385433070868
11
6.3982283858267719
21
-5.8120535826771649
0
LINE
8
BLACK
6
CONTINUOUS
10
6.3982283858267719
20
-5.8120535826771649
11
6.3994315748031498
21
-5.8196503149606293
0
LINE
8
BLACK
6
CONTINUOUS
10
6.3994315748031498
20
-5.8196503149606293
11
6.3994315748031498
21
-5.8273418110236221
0
LINE
8
BLACK
6
CONTINUOUS
10
6.3994315748031498
20
-5.8273418110236221
11
6.3982283858267719
21
-5.8349385433070866
0
LINE
8
BLACK
6
CONTINUOUS
10
6.3982283858267719
20
-5.8349385433070866
11
6.3958515748031495
21
-5.8422535826771655
0
LINE
8
BLACK
6
CONTINUOUS
10
6.3958515748031495
20
-5.8422535826771655
11
6.3923597244094488
21
-5.849106732283464
0
LINE
8
BLACK
6
CONTINUOUS
10
6.3923597244094488
20
-5.849106732283464
11
6.3878387795275593
21
-5.8553292519685041
0
LINE
8
BLACK
6
CONTINUOUS
10
6.3878387795275593
20
-5.8553292519685041
11
6.3824001181102359
21
-5.8607679133858266
0
LINE
8
BLACK
6
CONTINUOUS
10
6.3824001181102359
20
-5.8607679133858266
11
6.3761775984251967
21
-5.8652888582677161
0
LINE
8
BLACK
6
CONTINUOUS
10
6.3761775984251967
20
-5.8652888582677161
11
6.3693244488188974
21
-5.8687807086614168
0
LINE
8
BLACK
6
CONTINUOUS
10
6.3693244488188974
20
-5.8687807086614168
11
6.3620094094488184
21
-5.8711575196850392
0
LINE
8
BLACK
6
CONTINUOUS
10
6.3620094094488184
20
-5.8711575196850392
11
6.354412677165354
21
-5.8723607086614171
0
LINE
8
BLACK
6
CONTINUOUS
10
6.354412677165354
20
-5.8723607086614171
11
6.3467211811023621
21
-5.8723607086614171
0
LINE
8
BLACK
6
CONTINUOUS
10
6.3467211811023621
20
-5.8723607086614171
11
6.3391244488188976
21
-5.8711575196850392
0
LINE
8
BLACK
6
CONTINUOUS
10
6.3391244488188976
20
-5.8711575196850392
11
6.3318094094488186
21
-5.8687807086614168
0
LINE
8
BLACK
6
CONTINUOUS
10
6.3318094094488186
20
-5.8687807086614168
11
6.3249562598425193
21
-5.8652888582677161
0
LINE
8
BLACK
6
CONTINUOUS
10
6.3249562598425193
20
-5.8652888582677161
11
6.3187337401574801
21
-5.8607679133858266
0
LINE
8
BLACK
6
CONTINUOUS
10
6.3187337401574801
20
-5.8607679133858266
11
6.3132950787401576
21
-5.8553292519685041
0
LINE
8
BLACK
6
CONTINUOUS
10
6.3132950787401576
20
-5.8553292519685041
11
6.3087741338582672
21
-5.849106732283464
0
LINE
8
BLACK
6
CONTINUOUS
10
6.3087741338582672
20
-5.849106732283464
11
6.3052822834645665
21
-5.8422535826771655
0
LINE
8
BLACK
6
CONTINUOUS
10
6.3052822834645665
20
-5.8422535826771655
11
6.302905472440945
21
-5.8349385433070866
0
LINE
8
BLACK
6
CONTINUOUS
10
6.302905472440945
20
-5.8349385433070866
11
6.3017022834645671
21
-5.8273418110236221
0
LINE
8
BLACK
6
CONTINUOUS
10
6.3017022834645671
20
-5.8273418110236221
11
6.3017022834645671
21
-5.8196503149606293
0
LINE
8
BLACK
6
CONTINUOUS
10
6.3017022834645671
20
-5.8196503149606293
11
6.302905472440945
21
-5.8120535826771649
0
LINE
8
BLACK
6
CONTINUOUS
10
6.302905472440945
20
-5.8120535826771649
11
6.3052822834645665
21
-5.8047385433070868
0
LINE
8
BLACK
6
CONTINUOUS
10
6.3052822834645665
20
-5.8047385433070868
11
6.3087741338582672
21
-5.7978853937007875
0
LINE
8
BLACK
6
CONTINUOUS
10
6.3087741338582672
20
-5.7978853937007875
11
6.3132950787401576
21
-5.7916628740157483
0
LINE
8
BLACK
6
CONTINUOUS
10
6.3132950787401576
20
-5.7916628740157483
11
6.3187337401574801
21
-5.7862242125984249
0
LINE
8
BLACK
6
CONTINUOUS
10
6.3187337401574801
20
-5.7862242125984249
11
6.3249562598425193
21
-5.7817032677165354
0
LINE
8
BLACK
6
CONTINUOUS
10
6.3249562598425193
20
-5.7817032677165354
11
6.3318094094488186
21
-5.7782114173228347
0
LINE
8
BLACK
6
CONTINUOUS
10
6.3318094094488186
20
-5.7782114173228347
11
6.3391244488188976
21
-5.7758346062992123
0
LINE
8
BLACK
6
CONTINUOUS
10
6.3391244488188976
20
-5.7758346062992123
11
6.3467211811023621
21
-5.7746314173228344
0
LINE
8
BLACK
6
CONTINUOUS
10
6.3467211811023621
20
-5.7746314173228344
11
6.354412677165354
21
-5.7746314173228344
0
LINE
8
BLACK
6
CONTINUOUS
10
6.354412677165354
20
-5.7746314173228344
11
6.3620094094488184
21
-5.7758346062992123
0
LINE
8
BLACK
6
CONTINUOUS
10
5.6618925984251964
20
-5.6236603149606301
11
5.6689588188976376
21
-5.6265872440944884
0
LINE
8
BLACK
6
CONTINUOUS
10
5.6689588188976376
20
-5.6265872440944884
11
5.675318267716535
21
-5.630836496062992
0
LINE
8
BLACK
6
CONTINUOUS
10
5.675318267716535
20
-5.630836496062992
11
5.6807264960629924
21
-5.6362447244094485
0
LINE
8
BLACK
6
CONTINUOUS
10
5.6807264960629924
20
-5.6362447244094485
11
5.684975748031496
21
-5.6426041732283467
0
LINE
8
BLACK
6
CONTINUOUS
10
5.684975748031496
20
-5.6426041732283467
11
5.6879026771653542
21
-5.6496703937007871
0
LINE
8
BLACK
6
CONTINUOUS
10
5.6879026771653542
20
-5.6496703937007871
11
5.6893948031496064
21
-5.6571718503937003
0
LINE
8
BLACK
6
CONTINUOUS
10
5.6893948031496064
20
-5.6571718503937003
11
5.6893948031496064
21
-5.664820275590551
0
LINE
8
BLACK
6
CONTINUOUS
10
5.6893948031496064
20
-5.664820275590551
11
5.6879026771653542
21
-5.6723217322834643
0
LINE
8
BLACK
6
CONTINUOUS
10
5.6879026771653542
20
-5.6723217322834643
11
5.684975748031496
21
-5.6793879527559055
0
LINE
8
BLACK
6
CONTINUOUS
10
5.684975748031496
20
-5.6793879527559055
11
5.6807264960629924
21
-5.6857474015748029
0
LINE
8
BLACK
6
CONTINUOUS
10
5.6807264960629924
20
-5.6857474015748029
11
5.675318267716535
21
-5.6911556299212593
0
LINE
8
BLACK
6
CONTINUOUS
10
5.675318267716535
20
-5.6911556299212593
11
5.6689588188976376
21
-5.6954048818897638
0
LINE
8
BLACK
6
CONTINUOUS
10
5.6689588188976376
20
-5.6954048818897638
11
5.6618925984251964
21
-5.6983318110236221
0
LINE
8
BLACK
6
CONTINUOUS
10
5.6618925984251964
20
-5.6983318110236221
11
5.6543911417322832
21
-5.6998239370078743
0
LINE
8
BLACK
6
CONTINUOUS
10
5.6543911417322832
20
-5.6998239370078743
11
5.6467427165354334
21
-5.6998239370078743
0
LINE
8
BLACK
6
CONTINUOUS
10
5.6467427165354334
20
-5.6998239370078743
11
5.6392412598425192
21
-5.6983318110236221
0
LINE
8
BLACK
6
CONTINUOUS
10
5.6392412598425192
20
-5.6983318110236221
11
5.6321750393700789
21
-5.6954048818897638
0
LINE
8
BLACK
6
CONTINUOUS
10
5.6321750393700789
20
-5.6954048818897638
11
5.6258155905511806
21
-5.6911556299212593
0
LINE
8
BLACK
6
CONTINUOUS
10
5.6258155905511806
20
-5.6911556299212593
11
5.6204073622047241
21
-5.6857474015748029
0
LINE
8
BLACK
6
CONTINUOUS
10
5.6204073622047241
20
-5.6857474015748029
11
5.6161581102362206
21
-5.6793879527559055
0
LINE
8
BLACK
6
CONTINUOUS
10
5.6161581102362206
20
-5.6793879527559055
11
5.6132311811023623
21
-5.6723217322834643
0
LINE
8
BLACK
6
CONTINUOUS
10
5.6132311811023623
20
-5.6723217322834643
11
5.6117390551181101
21
-5.664820275590551
0
LINE
8
BLACK
6
CONTINUOUS
10
5.6117390551181101
20
-5.664820275590551
11
5.6117390551181101
21
-5.6571718503937003
0
LINE
8
BLACK
6
CONTINUOUS
10
5.6117390551181101
20
-5.6571718503937003
11
5.6132311811023623
21
-5.6496703937007871
0
LINE
8
BLACK
6
CONTINUOUS
10
5.6132311811023623
20
-5.6496703937007871
11
5.6161581102362206
21
-5.6426041732283467
0
LINE
8
BLACK
6
CONTINUOUS
10
5.6161581102362206
20
-5.6426041732283467
11
5.6204073622047241
21
-5.6362447244094485
0
LINE
8
BLACK
6
CONTINUOUS
10
5.6204073622047241
20
-5.6362447244094485
11
5.6258155905511806
21
-5.630836496062992
0
LINE
8
BLACK
6
CONTINUOUS
10
5.6258155905511806
20
-5.630836496062992
11
5.6321750393700789
21
-5.6265872440944884
0
LINE
8
BLACK
6
CONTINUOUS
10
5.6321750393700789
20
-5.6265872440944884
11
5.6392412598425192
21
-5.6236603149606301
0
LINE
8
BLACK
6
CONTINUOUS
10
5.6392412598425192
20
-5.6236603149606301
11
5.6467427165354334
21
-5.6221681889763779
0
LINE
8
BLACK
6
CONTINUOUS
10
5.6467427165354334
20
-5.6221681889763779
11
5.6543911417322832
21
-5.6221681889763779
0
LINE
8
BLACK
6
CONTINUOUS
10
5.6543911417322832
20
-5.6221681889763779
11
5.6618925984251964
21
-5.6236603149606301
0
LINE
8
BLACK
6
CONTINUOUS
10
5.6618925984251964
20
-5.5236603149606296
11
5.6689588188976376
21
-5.5265872440944879
0
LINE
8
BLACK
6
CONTINUOUS
10
5.6689588188976376
20
-5.5265872440944879
11
5.675318267716535
21
-5.5308364960629923
0
LINE
8
BLACK
6
CONTINUOUS
10
5.675318267716535
20
-5.5308364960629923
11
5.6807264960629924
21
-5.5362447244094488
0
LINE
8
BLACK
6
CONTINUOUS
10
5.6807264960629924
20
-5.5362447244094488
11
5.684975748031496
21
-5.5426041732283462
0
LINE
8
BLACK
6
CONTINUOUS
10
5.684975748031496
20
-5.5426041732283462
11
5.6879026771653542
21
-5.5496703937007874
0
LINE
8
BLACK
6
CONTINUOUS
10
5.6879026771653542
20
-5.5496703937007874
11
5.6893948031496064
21
-5.5571718503937007
0
LINE
8
BLACK
6
CONTINUOUS
10
5.6893948031496064
20
-5.5571718503937007
11
5.6893948031496064
21
-5.5648202755905514
0
LINE
8
BLACK
6
CONTINUOUS
10
5.6893948031496064
20
-5.5648202755905514
11
5.6879026771653542
21
-5.5723217322834646
0
LINE
8
BLACK
6
CONTINUOUS
10
5.6879026771653542
20
-5.5723217322834646
11
5.684975748031496
21
-5.5793879527559058
0
LINE
8
BLACK
6
CONTINUOUS
10
5.684975748031496
20
-5.5793879527559058
11
5.6807264960629924
21
-5.5857474015748032
0
LINE
8
BLACK
6
CONTINUOUS
10
5.6807264960629924
20
-5.5857474015748032
11
5.675318267716535
21
-5.5911556299212597
0
LINE
8
BLACK
6
CONTINUOUS
10
5.675318267716535
20
-5.5911556299212597
11
5.6689588188976376
21
-5.5954048818897633
0
LINE
8
BLACK
6
CONTINUOUS
10
5.6689588188976376
20
-5.5954048818897633
11
5.6618925984251964
21
-5.5983318110236215
0
LINE
8
BLACK
6
CONTINUOUS
10
5.6618925984251964
20
-5.5983318110236215
11
5.6543911417322832
21
-5.5998239370078737
0
LINE
8
BLACK
6
CONTINUOUS
10
5.6543911417322832
20
-5.5998239370078737
11
5.6467427165354334
21
-5.5998239370078737
0
LINE
8
BLACK
6
CONTINUOUS
10
5.6467427165354334
20
-5.5998239370078737
11
5.6392412598425192
21
-5.5983318110236215
0
LINE
8
BLACK
6
CONTINUOUS
10
5.6392412598425192
20
-5.5983318110236215
11
5.6321750393700789
21
-5.5954048818897633
0
LINE
8
BLACK
6
CONTINUOUS
10
5.6321750393700789
20
-5.5954048818897633
11
5.6258155905511806
21
-5.5911556299212597
0
LINE
8
BLACK
6
CONTINUOUS
10
5.6258155905511806
20
-5.5911556299212597
11
5.6204073622047241
21
-5.5857474015748032
0
LINE
8
BLACK
6
CONTINUOUS
10
5.6204073622047241
20
-5.5857474015748032
11
5.6161581102362206
21
-5.5793879527559058
0
LINE
8
BLACK
6
CONTINUOUS
10
5.6161581102362206
20
-5.5793879527559058
11
5.6132311811023623
21
-5.5723217322834646
0
LINE
8
BLACK
6
CONTINUOUS
10
5.6132311811023623
20
-5.5723217322834646
11
5.6117390551181101
21
-5.5648202755905514
0
LINE
8
BLACK
6
CONTINUOUS
10
5.6117390551181101
20
-5.5648202755905514
11
5.6117390551181101
21
-5.5571718503937007
0
LINE
8
BLACK
6
CONTINUOUS
10
5.6117390551181101
20
-5.5571718503937007
11
5.6132311811023623
21
-5.5496703937007874
0
LINE
8
BLACK
6
CONTINUOUS
10
5.6132311811023623
20
-5.5496703937007874
11
5.6161581102362206
21
-5.5426041732283462
0
LINE
8
BLACK
6
CONTINUOUS
10
5.6161581102362206
20
-5.5426041732283462
11
5.6204073622047241
21
-5.5362447244094488
0
LINE
8
BLACK
6
CONTINUOUS
10
5.6204073622047241
20
-5.5362447244094488
11
5.6258155905511806
21
-5.5308364960629923
0
LINE
8
BLACK
6
CONTINUOUS
10
5.6258155905511806
20
-5.5308364960629923
11
5.6321750393700789
21
-5.5265872440944879
0
LINE
8
BLACK
6
CONTINUOUS
10
5.6321750393700789
20
-5.5265872440944879
11
5.6392412598425192
21
-5.5236603149606296
0
LINE
8
BLACK
6
CONTINUOUS
10
5.6392412598425192
20
-5.5236603149606296
11
5.6467427165354334
21
-5.5221681889763774
0
LINE
8
BLACK
6
CONTINUOUS
10
5.6467427165354334
20
-5.5221681889763774
11
5.6543911417322832
21
-5.5221681889763774
0
LINE
8
BLACK
6
CONTINUOUS
10
5.6543911417322832
20
-5.5221681889763774
11
5.6618925984251964
21
-5.5236603149606296
0
LINE
8
BLACK
6
CONTINUOUS
10
5.6618925984251964
20
-5.4236603149606299
11
5.6689588188976376
21
-5.4265872440944882
0
LINE
8
BLACK
6
CONTINUOUS
10
5.6689588188976376
20
-5.4265872440944882
11
5.675318267716535
21
-5.4308364960629918
0
LINE
8
BLACK
6
CONTINUOUS
10
5.675318267716535
20
-5.4308364960629918
11
5.6807264960629924
21
-5.4362447244094483
0
LINE
8
BLACK
6
CONTINUOUS
10
5.6807264960629924
20
-5.4362447244094483
11
5.684975748031496
21
-5.4426041732283466
0
LINE
8
BLACK
6
CONTINUOUS
10
5.684975748031496
20
-5.4426041732283466
11
5.6879026771653542
21
-5.4496703937007869
0
LINE
8
BLACK
6
CONTINUOUS
10
5.6879026771653542
20
-5.4496703937007869
11
5.6893948031496064
21
-5.457171850393701
0
LINE
8
BLACK
6
CONTINUOUS
10
5.6893948031496064
20
-5.457171850393701
11
5.6893948031496064
21
-5.4648202755905508
0
LINE
8
BLACK
6
CONTINUOUS
10
5.6893948031496064
20
-5.4648202755905508
11
5.6879026771653542
21
-5.4723217322834641
0
LINE
8
BLACK
6
CONTINUOUS
10
5.6879026771653542
20
-5.4723217322834641
11
5.684975748031496
21
-5.4793879527559053
0
LINE
8
BLACK
6
CONTINUOUS
10
5.684975748031496
20
-5.4793879527559053
11
5.6807264960629924
21
-5.4857474015748027
0
LINE
8
BLACK
6
CONTINUOUS
10
5.6807264960629924
20
-5.4857474015748027
11
5.675318267716535
21
-5.4911556299212601
0
LINE
8
BLACK
6
CONTINUOUS
10
5.675318267716535
20
-5.4911556299212601
11
5.6689588188976376
21
-5.4954048818897636
0
LINE
8
BLACK
6
CONTINUOUS
10
5.6689588188976376
20
-5.4954048818897636
11
5.6618925984251964
21
-5.4983318110236219
0
LINE
8
BLACK
6
CONTINUOUS
10
5.6618925984251964
20
-5.4983318110236219
11
5.6543911417322832
21
-5.4998239370078741
0
LINE
8
BLACK
6
CONTINUOUS
10
5.6543911417322832
20
-5.4998239370078741
11
5.6467427165354334
21
-5.4998239370078741
0
LINE
8
BLACK
6
CONTINUOUS
10
5.6467427165354334
20
-5.4998239370078741
11
5.6392412598425192
21
-5.4983318110236219
0
LINE
8
BLACK
6
CONTINUOUS
10
5.6392412598425192
20
-5.4983318110236219
11
5.6321750393700789
21
-5.4954048818897636
0
LINE
8
BLACK
6
CONTINUOUS
10
5.6321750393700789
20
-5.4954048818897636
11
5.6258155905511806
21
-5.4911556299212601
0
LINE
8
BLACK
6
CONTINUOUS
10
5.6258155905511806
20
-5.4911556299212601
11
5.6204073622047241
21
-5.4857474015748027
0
LINE
8
BLACK
6
CONTINUOUS
10
5.6204073622047241
20
-5.4857474015748027
11
5.6161581102362206
21
-5.4793879527559053
0
LINE
8
BLACK
6
CONTINUOUS
10
5.6161581102362206
20
-5.4793879527559053
11
5.6132311811023623
21
-5.4723217322834641
0
LINE
8
BLACK
6
CONTINUOUS
10
5.6132311811023623
20
-5.4723217322834641
11
5.6117390551181101
21
-5.4648202755905508
0
LINE
8
BLACK
6
CONTINUOUS
10
5.6117390551181101
20
-5.4648202755905508
11
5.6117390551181101
21
-5.457171850393701
0
LINE
8
BLACK
6
CONTINUOUS
10
5.6117390551181101
20
-5.457171850393701
11
5.6132311811023623
21
-5.4496703937007869
0
LINE
8
BLACK
6
CONTINUOUS
10
5.6132311811023623
20
-5.4496703937007869
11
5.6161581102362206
21
-5.4426041732283466
0
LINE
8
BLACK
6
CONTINUOUS
10
5.6161581102362206
20
-5.4426041732283466
11
5.6204073622047241
21
-5.4362447244094483
0
LINE
8
BLACK
6
CONTINUOUS
10
5.6204073622047241
20
-5.4362447244094483
11
5.6258155905511806
21
-5.4308364960629918
0
LINE
8
BLACK
6
CONTINUOUS
10
5.6258155905511806
20
-5.4308364960629918
11
5.6321750393700789
21
-5.4265872440944882
0
LINE
8
BLACK
6
CONTINUOUS
10
5.6321750393700789
20
-5.4265872440944882
11
5.6392412598425192
21
-5.4236603149606299
0
LINE
8
BLACK
6
CONTINUOUS
10
5.6392412598425192
20
-5.4236603149606299
11
5.6467427165354334
21
-5.4221681889763778
0
LINE
8
BLACK
6
CONTINUOUS
10
5.6467427165354334
20
-5.4221681889763778
11
5.6543911417322832
21
-5.4221681889763778
0
LINE
8
BLACK
6
CONTINUOUS
10
5.6543911417322832
20
-5.4221681889763778
11
5.6618925984251964
21
-5.4236603149606299
0
LINE
8
BLACK
6
CONTINUOUS
10
5.4237993700787399
20
-5.4429656299212601
11
5.4266731889763777
21
-5.4448858661417319
0
LINE
8
BLACK
6
CONTINUOUS
10
5.4266731889763777
20
-5.4448858661417319
11
5.4285934251968504
21
-5.4477596850393697
0
LINE
8
BLACK
6
CONTINUOUS
10
5.4285934251968504
20
-5.4477596850393697
11
5.4292677165354331
21
-5.4511496062992126
0
LINE
8
BLACK
6
CONTINUOUS
10
5.4292677165354331
20
-5.4511496062992126
11
5.4292677165354331
21
-5.468866141732283
0
LINE
8
BLACK
6
CONTINUOUS
10
5.4292677165354331
20
-5.468866141732283
11
5.4285934251968504
21
-5.472256062992126
0
LINE
8
BLACK
6
CONTINUOUS
10
5.4285934251968504
20
-5.472256062992126
11
5.4266731889763777
21
-5.4751298818897638
0
LINE
8
BLACK
6
CONTINUOUS
10
5.4266731889763777
20
-5.4751298818897638
11
5.4237993700787399
21
-5.4770501181102365
0
LINE
8
BLACK
6
CONTINUOUS
10
5.4237993700787399
20
-5.4770501181102365
11
5.4204094488188979
21
-5.4777244094488191
0
LINE
8
BLACK
6
CONTINUOUS
10
5.4204094488188979
20
-5.4777244094488191
11
5.4007244094488192
21
-5.4777244094488191
0
LINE
8
BLACK
6
CONTINUOUS
10
5.4007244094488192
20
-5.4777244094488191
11
5.3973344881889762
21
-5.4770501181102365
0
LINE
8
BLACK
6
CONTINUOUS
10
5.3973344881889762
20
-5.4770501181102365
11
5.3944606692913384
21
-5.4751298818897638
0
LINE
8
BLACK
6
CONTINUOUS
10
5.3944606692913384
20
-5.4751298818897638
11
5.3925404330708657
21
-5.472256062992126
0
LINE
8
BLACK
6
CONTINUOUS
10
5.3925404330708657
20
-5.472256062992126
11
5.3918661417322831
21
-5.468866141732283
0
LINE
8
BLACK
6
CONTINUOUS
10
5.3918661417322831
20
-5.468866141732283
11
5.3918661417322831
21
-5.4511496062992126
0
LINE
8
BLACK
6
CONTINUOUS
10
5.3918661417322831
20
-5.4511496062992126
11
5.3925404330708657
21
-5.4477596850393697
0
LINE
8
BLACK
6
CONTINUOUS
10
5.3925404330708657
20
-5.4477596850393697
11
5.3944606692913384
21
-5.4448858661417319
0
LINE
8
BLACK
6
CONTINUOUS
10
5.3944606692913384
20
-5.4448858661417319
11
5.3973344881889762
21
-5.4429656299212601
0
LINE
8
BLACK
6
CONTINUOUS
10
5.3973344881889762
20
-5.4429656299212601
11
5.4007244094488192
21
-5.4422913385826774
0
LINE
8
BLACK
6
CONTINUOUS
10
5.4007244094488192
20
-5.4422913385826774
11
5.4204094488188979
21
-5.4422913385826774
0
LINE
8
BLACK
6
CONTINUOUS
10
5.4204094488188979
20
-5.4422913385826774
11
5.4237993700787399
21
-5.4429656299212601
0
LINE
8
BLACK
6
CONTINUOUS
10
5.4237993700787399
20
-5.3819420078740157
11
5.4266731889763777
21
-5.3838622440944883
0
LINE
8
BLACK
6
CONTINUOUS
10
5.4266731889763777
20
-5.3838622440944883
11
5.4285934251968504
21
-5.3867360629921262
0
LINE
8
BLACK
6
CONTINUOUS
10
5.4285934251968504
20
-5.3867360629921262
11
5.4292677165354331
21
-5.3901259842519682
0
LINE
8
BLACK
6
CONTINUOUS
10
5.4292677165354331
20
-5.3901259842519682
11
5.4292677165354331
21
-5.4078425196850395
0
LINE
8
BLACK
6
CONTINUOUS
10
5.4292677165354331
20
-5.4078425196850395
11
5.4285934251968504
21
-5.4112324409448815
0
LINE
8
BLACK
6
CONTINUOUS
10
5.4285934251968504
20
-5.4112324409448815
11
5.4266731889763777
21
-5.4141062598425194
0
LINE
8
BLACK
6
CONTINUOUS
10
5.4266731889763777
20
-5.4141062598425194
11
5.4237993700787399
21
-5.416026496062992
0
LINE
8
BLACK
6
CONTINUOUS
10
5.4237993700787399
20
-5.416026496062992
11
5.4204094488188979
21
-5.4167007874015747
0
LINE
8
BLACK
6
CONTINUOUS
10
5.4204094488188979
20
-5.4167007874015747
11
5.4007244094488192
21
-5.4167007874015747
0
LINE
8
BLACK
6
CONTINUOUS
10
5.4007244094488192
20
-5.4167007874015747
11
5.3973344881889762
21
-5.416026496062992
0
LINE
8
BLACK
6
CONTINUOUS
10
5.3973344881889762
20
-5.416026496062992
11
5.3944606692913384
21
-5.4141062598425194
0
LINE
8
BLACK
6
CONTINUOUS
10
5.3944606692913384
20
-5.4141062598425194
11
5.3925404330708657
21
-5.4112324409448815
0
LINE
8
BLACK
6
CONTINUOUS
10
5.3925404330708657
20
-5.4112324409448815
11
5.3918661417322831
21
-5.4078425196850395
0
LINE
8
BLACK
6
CONTINUOUS
10
5.3918661417322831
20
-5.4078425196850395
11
5.3918661417322831
21
-5.3901259842519682
0
LINE
8
BLACK
6
CONTINUOUS
10
5.3918661417322831
20
-5.3901259842519682
11
5.3925404330708657
21
-5.3867360629921262
0
LINE
8
BLACK
6
CONTINUOUS
10
5.3925404330708657
20
-5.3867360629921262
11
5.3944606692913384
21
-5.3838622440944883
0
LINE
8
BLACK
6
CONTINUOUS
10
5.3944606692913384
20
-5.3838622440944883
11
5.3973344881889762
21
-5.3819420078740157
0
LINE
8
BLACK
6
CONTINUOUS
10
5.3973344881889762
20
-5.3819420078740157
11
5.4007244094488192
21
-5.381267716535433
0
LINE
8
BLACK
6
CONTINUOUS
10
5.4007244094488192
20
-5.381267716535433
11
5.4204094488188979
21
-5.381267716535433
0
LINE
8
BLACK
6
CONTINUOUS
10
5.4204094488188979
20
-5.381267716535433
11
5.4237993700787399
21
-5.3819420078740157
0
LINE
8
BLACK
6
CONTINUOUS
10
5.7620094094488188
20
-5.2508346062992128
11
5.7693244488188977
21
-5.2532114173228344
0
LINE
8
BLACK
6
CONTINUOUS
10
5.7693244488188977
20
-5.2532114173228344
11
5.7761775984251971
21
-5.2567032677165351
0
LINE
8
BLACK
6
CONTINUOUS
10
5.7761775984251971
20
-5.2567032677165351
11
5.7824001181102362
21
-5.2612242125984254
0
LINE
8
BLACK
6
CONTINUOUS
10
5.7824001181102362
20
-5.2612242125984254
11
5.7878387795275588
21
-5.266662874015748
0
LINE
8
BLACK
6
CONTINUOUS
10
5.7878387795275588
20
-5.266662874015748
11
5.7923597244094491
21
-5.2728853937007871
0
LINE
8
BLACK
6
CONTINUOUS
10
5.7923597244094491
20
-5.2728853937007871
11
5.7958515748031498
21
-5.2797385433070865
0
LINE
8
BLACK
6
CONTINUOUS
10
5.7958515748031498
20
-5.2797385433070865
11
5.7982283858267714
21
-5.2870535826771654
0
LINE
8
BLACK
6
CONTINUOUS
10
5.7982283858267714
20
-5.2870535826771654
11
5.7994315748031493
21
-5.2946503149606299
0
LINE
8
BLACK
6
CONTINUOUS
10
5.7994315748031493
20
-5.2946503149606299
11
5.7994315748031493
21
-5.3023418110236218
0
LINE
8
BLACK
6
CONTINUOUS
10
5.7994315748031493
20
-5.3023418110236218
11
5.7982283858267714
21
-5.3099385433070863
0
LINE
8
BLACK
6
CONTINUOUS
10
5.7982283858267714
20
-5.3099385433070863
11
5.7958515748031498
21
-5.3172535826771652
0
LINE
8
BLACK
6
CONTINUOUS
10
5.7958515748031498
20
-5.3172535826771652
11
5.7923597244094491
21
-5.3241067322834645
0
LINE
8
BLACK
6
CONTINUOUS
10
5.7923597244094491
20
-5.3241067322834645
11
5.7878387795275588
21
-5.3303292519685037
0
LINE
8
BLACK
6
CONTINUOUS
10
5.7878387795275588
20
-5.3303292519685037
11
5.7824001181102362
21
-5.3357679133858262
0
LINE
8
BLACK
6
CONTINUOUS
10
5.7824001181102362
20
-5.3357679133858262
11
5.7761775984251971
21
-5.3402888582677166
0
LINE
8
BLACK
6
CONTINUOUS
10
5.7761775984251971
20
-5.3402888582677166
11
5.7693244488188977
21
-5.3437807086614173
0
LINE
8
BLACK
6
CONTINUOUS
10
5.7693244488188977
20
-5.3437807086614173
11
5.7620094094488188
21
-5.3461575196850388
0
LINE
8
BLACK
6
CONTINUOUS
10
5.7620094094488188
20
-5.3461575196850388
11
5.7544126771653543
21
-5.3473607086614168
0
LINE
8
BLACK
6
CONTINUOUS
10
5.7544126771653543
20
-5.3473607086614168
11
5.7467211811023624
21
-5.3473607086614168
0
LINE
8
BLACK
6
CONTINUOUS
10
5.7467211811023624
20
-5.3473607086614168
11
5.7391244488188979
21
-5.3461575196850388
0
LINE
8
BLACK
6
CONTINUOUS
10
5.7391244488188979
20
-5.3461575196850388
11
5.731809409448819
21
-5.3437807086614173
0
LINE
8
BLACK
6
CONTINUOUS
10
5.731809409448819
20
-5.3437807086614173
11
5.7249562598425197
21
-5.3402888582677166
0
LINE
8
BLACK
6
CONTINUOUS
10
5.7249562598425197
20
-5.3402888582677166
11
5.7187337401574805
21
-5.3357679133858262
0
LINE
8
BLACK
6
CONTINUOUS
10
5.7187337401574805
20
-5.3357679133858262
11
5.7132950787401571
21
-5.3303292519685037
0
LINE
8
BLACK
6
CONTINUOUS
10
5.7132950787401571
20
-5.3303292519685037
11
5.7087741338582676
21
-5.3241067322834645
0
LINE
8
BLACK
6
CONTINUOUS
10
5.7087741338582676
20
-5.3241067322834645
11
5.7052822834645669
21
-5.3172535826771652
0
LINE
8
BLACK
6
CONTINUOUS
10
5.7052822834645669
20
-5.3172535826771652
11
5.7029054724409445
21
-5.3099385433070863
0
LINE
8
BLACK
6
CONTINUOUS
10
5.7029054724409445
20
-5.3099385433070863
11
5.7017022834645665
21
-5.3023418110236218
0
LINE
8
BLACK
6
CONTINUOUS
10
5.7017022834645665
20
-5.3023418110236218
11
5.7017022834645665
21
-5.2946503149606299
0
LINE
8
BLACK
6
CONTINUOUS
10
5.7017022834645665
20
-5.2946503149606299
11
5.7029054724409445
21
-5.2870535826771654
0
LINE
8
BLACK
6
CONTINUOUS
10
5.7029054724409445
20
-5.2870535826771654
11
5.7052822834645669
21
-5.2797385433070865
0
LINE
8
BLACK
6
CONTINUOUS
10
5.7052822834645669
20
-5.2797385433070865
11
5.7087741338582676
21
-5.2728853937007871
0
LINE
8
BLACK
6
CONTINUOUS
10
5.7087741338582676
20
-5.2728853937007871
11
5.7132950787401571
21
-5.266662874015748
0
LINE
8
BLACK
6
CONTINUOUS
10
5.7132950787401571
20
-5.266662874015748
11
5.7187337401574805
21
-5.2612242125984254
0
LINE
8
BLACK
6
CONTINUOUS
10
5.7187337401574805
20
-5.2612242125984254
11
5.7249562598425197
21
-5.2567032677165351
0
LINE
8
BLACK
6
CONTINUOUS
10
5.7249562598425197
20
-5.2567032677165351
11
5.731809409448819
21
-5.2532114173228344
0
LINE
8
BLACK
6
CONTINUOUS
10
5.731809409448819
20
-5.2532114173228344
11
5.7391244488188979
21
-5.2508346062992128
0
LINE
8
BLACK
6
CONTINUOUS
10
5.7391244488188979
20
-5.2508346062992128
11
5.7467211811023624
21
-5.2496314173228349
0
LINE
8
BLACK
6
CONTINUOUS
10
5.7467211811023624
20
-5.2496314173228349
11
5.7544126771653543
21
-5.2496314173228349
0
LINE
8
BLACK
6
CONTINUOUS
10
5.7544126771653543
20
-5.2496314173228349
11
5.7620094094488188
21
-5.2508346062992128
0
LINE
8
BLACK
6
CONTINUOUS
10
6.3620094094488184
20
-5.2508346062992128
11
6.3693244488188974
21
-5.2532114173228344
0
LINE
8
BLACK
6
CONTINUOUS
10
6.3693244488188974
20
-5.2532114173228344
11
6.3761775984251967
21
-5.2567032677165351
0
LINE
8
BLACK
6
CONTINUOUS
10
6.3761775984251967
20
-5.2567032677165351
11
6.3824001181102359
21
-5.2612242125984254
0
LINE
8
BLACK
6
CONTINUOUS
10
6.3824001181102359
20
-5.2612242125984254
11
6.3878387795275593
21
-5.266662874015748
0
LINE
8
BLACK
6
CONTINUOUS
10
6.3878387795275593
20
-5.266662874015748
11
6.3923597244094488
21
-5.2728853937007871
0
LINE
8
BLACK
6
CONTINUOUS
10
6.3923597244094488
20
-5.2728853937007871
11
6.3958515748031495
21
-5.2797385433070865
0
LINE
8
BLACK
6
CONTINUOUS
10
6.3958515748031495
20
-5.2797385433070865
11
6.3982283858267719
21
-5.2870535826771654
0
LINE
8
BLACK
6
CONTINUOUS
10
6.3982283858267719
20
-5.2870535826771654
11
6.3994315748031498
21
-5.2946503149606299
0
LINE
8
BLACK
6
CONTINUOUS
10
6.3994315748031498
20
-5.2946503149606299
11
6.3994315748031498
21
-5.3023418110236218
0
LINE
8
BLACK
6
CONTINUOUS
10
6.3994315748031498
20
-5.3023418110236218
11
6.3982283858267719
21
-5.3099385433070863
0
LINE
8
BLACK
6
CONTINUOUS
10
6.3982283858267719
20
-5.3099385433070863
11
6.3958515748031495
21
-5.3172535826771652
0
LINE
8
BLACK
6
CONTINUOUS
10
6.3958515748031495
20
-5.3172535826771652
11
6.3923597244094488
21
-5.3241067322834645
0
LINE
8
BLACK
6
CONTINUOUS
10
6.3923597244094488
20
-5.3241067322834645
11
6.3878387795275593
21
-5.3303292519685037
0
LINE
8
BLACK
6
CONTINUOUS
10
6.3878387795275593
20
-5.3303292519685037
11
6.3824001181102359
21
-5.3357679133858262
0
LINE
8
BLACK
6
CONTINUOUS
10
6.3824001181102359
20
-5.3357679133858262
11
6.3761775984251967
21
-5.3402888582677166
0
LINE
8
BLACK
6
CONTINUOUS
10
6.3761775984251967
20
-5.3402888582677166
11
6.3693244488188974
21
-5.3437807086614173
0
LINE
8
BLACK
6
CONTINUOUS
10
6.3693244488188974
20
-5.3437807086614173
11
6.3620094094488184
21
-5.3461575196850388
0
LINE
8
BLACK
6
CONTINUOUS
10
6.3620094094488184
20
-5.3461575196850388
11
6.354412677165354
21
-5.3473607086614168
0
LINE
8
BLACK
6
CONTINUOUS
10
6.354412677165354
20
-5.3473607086614168
11
6.3467211811023621
21
-5.3473607086614168
0
LINE
8
BLACK
6
CONTINUOUS
10
6.3467211811023621
20
-5.3473607086614168
11
6.3391244488188976
21
-5.3461575196850388
0
LINE
8
BLACK
6
CONTINUOUS
10
6.3391244488188976
20
-5.3461575196850388
11
6.3318094094488186
21
-5.3437807086614173
0
LINE
8
BLACK
6
CONTINUOUS
10
6.3318094094488186
20
-5.3437807086614173
11
6.3249562598425193
21
-5.3402888582677166
0
LINE
8
BLACK
6
CONTINUOUS
10
6.3249562598425193
20
-5.3402888582677166
11
6.3187337401574801
21
-5.3357679133858262
0
LINE
8
BLACK
6
CONTINUOUS
10
6.3187337401574801
20
-5.3357679133858262
11
6.3132950787401576
21
-5.3303292519685037
0
LINE
8
BLACK
6
CONTINUOUS
10
6.3132950787401576
20
-5.3303292519685037
11
6.3087741338582672
21
-5.3241067322834645
0
LINE
8
BLACK
6
CONTINUOUS
10
6.3087741338582672
20
-5.3241067322834645
11
6.3052822834645665
21
-5.3172535826771652
0
LINE
8
BLACK
6
CONTINUOUS
10
6.3052822834645665
20
-5.3172535826771652
11
6.302905472440945
21
-5.3099385433070863
0
LINE
8
BLACK
6
CONTINUOUS
10
6.302905472440945
20
-5.3099385433070863
11
6.3017022834645671
21
-5.3023418110236218
0
LINE
8
BLACK
6
CONTINUOUS
10
6.3017022834645671
20
-5.3023418110236218
11
6.3017022834645671
21
-5.2946503149606299
0
LINE
8
BLACK
6
CONTINUOUS
10
6.3017022834645671
20
-5.2946503149606299
11
6.302905472440945
21
-5.2870535826771654
0
LINE
8
BLACK
6
CONTINUOUS
10
6.302905472440945
20
-5.2870535826771654
11
6.3052822834645665
21
-5.2797385433070865
0
LINE
8
BLACK
6
CONTINUOUS
10
6.3052822834645665
20
-5.2797385433070865
11
6.3087741338582672
21
-5.2728853937007871
0
LINE
8
BLACK
6
CONTINUOUS
10
6.3087741338582672
20
-5.2728853937007871
11
6.3132950787401576
21
-5.266662874015748
0
LINE
8
BLACK
6
CONTINUOUS
10
6.3132950787401576
20
-5.266662874015748
11
6.3187337401574801
21
-5.2612242125984254
0
LINE
8
BLACK
6
CONTINUOUS
10
6.3187337401574801
20
-5.2612242125984254
11
6.3249562598425193
21
-5.2567032677165351
0
LINE
8
BLACK
6
CONTINUOUS
10
6.3249562598425193
20
-5.2567032677165351
11
6.3318094094488186
21
-5.2532114173228344
0
LINE
8
BLACK
6
CONTINUOUS
10
6.3318094094488186
20
-5.2532114173228344
11
6.3391244488188976
21
-5.2508346062992128
0
LINE
8
BLACK
6
CONTINUOUS
10
6.3391244488188976
20
-5.2508346062992128
11
6.3467211811023621
21
-5.2496314173228349
0
LINE
8
BLACK
6
CONTINUOUS
10
6.3467211811023621
20
-5.2496314173228349
11
6.354412677165354
21
-5.2496314173228349
0
LINE
8
BLACK
6
CONTINUOUS
10
6.354412677165354
20
-5.2496314173228349
11
6.3620094094488184
21
-5.2508346062992128
0
LINE
8
BLACK
6
CONTINUOUS
10
5.9368925984251968
20
-5.2236603149606298
11
5.943958818897638
21
-5.226587244094488
0
LINE
8
BLACK
6
CONTINUOUS
10
5.943958818897638
20
-5.226587244094488
11
5.9503182677165354
21
-5.2308364960629916
0
LINE
8
BLACK
6
CONTINUOUS
10
5.9503182677165354
20
-5.2308364960629916
11
5.9557264960629919
21
-5.236244724409449
0
LINE
8
BLACK
6
CONTINUOUS
10
5.9557264960629919
20
-5.236244724409449
11
5.9599757480314963
21
-5.2426041732283464
0
LINE
8
BLACK
6
CONTINUOUS
10
5.9599757480314963
20
-5.2426041732283464
11
5.9629026771653546
21
-5.2496703937007876
0
LINE
8
BLACK
6
CONTINUOUS
10
5.9629026771653546
20
-5.2496703937007876
11
5.9643948031496059
21
-5.2571718503937008
0
LINE
8
BLACK
6
CONTINUOUS
10
5.9643948031496059
20
-5.2571718503937008
11
5.9643948031496059
21
-5.2648202755905507
0
LINE
8
BLACK
6
CONTINUOUS
10
5.9643948031496059
20
-5.2648202755905507
11
5.9629026771653546
21
-5.2723217322834648
0
LINE
8
BLACK
6
CONTINUOUS
10
5.9629026771653546
20
-5.2723217322834648
11
5.9599757480314963
21
-5.2793879527559051
0
LINE
8
BLACK
6
CONTINUOUS
10
5.9599757480314963
20
-5.2793879527559051
11
5.9557264960629919
21
-5.2857474015748034
0
LINE
8
BLACK
6
CONTINUOUS
10
5.9557264960629919
20
-5.2857474015748034
11
5.9503182677165354
21
-5.2911556299212599
0
LINE
8
BLACK
6
CONTINUOUS
10
5.9503182677165354
20
-5.2911556299212599
11
5.943958818897638
21
-5.2954048818897634
0
LINE
8
BLACK
6
CONTINUOUS
10
5.943958818897638
20
-5.2954048818897634
11
5.9368925984251968
21
-5.2983318110236217
0
LINE
8
BLACK
6
CONTINUOUS
10
5.9368925984251968
20
-5.2983318110236217
11
5.9293911417322835
21
-5.2998239370078739
0
LINE
8
BLACK
6
CONTINUOUS
10
5.9293911417322835
20
-5.2998239370078739
11
5.9217427165354328
21
-5.2998239370078739
0
LINE
8
BLACK
6
CONTINUOUS
10
5.9217427165354328
20
-5.2998239370078739
11
5.9142412598425196
21
-5.2983318110236217
0
LINE
8
BLACK
6
CONTINUOUS
10
5.9142412598425196
20
-5.2983318110236217
11
5.9071750393700784
21
-5.2954048818897634
0
LINE
8
BLACK
6
CONTINUOUS
10
5.9071750393700784
20
-5.2954048818897634
11
5.900815590551181
21
-5.2911556299212599
0
LINE
8
BLACK
6
CONTINUOUS
10
5.900815590551181
20
-5.2911556299212599
11
5.8954073622047245
21
-5.2857474015748034
0
LINE
8
BLACK
6
CONTINUOUS
10
5.8954073622047245
20
-5.2857474015748034
11
5.89115811023622
21
-5.2793879527559051
0
LINE
8
BLACK
6
CONTINUOUS
10
5.89115811023622
20
-5.2793879527559051
11
5.8882311811023618
21
-5.2723217322834648
0
LINE
8
BLACK
6
CONTINUOUS
10
5.8882311811023618
20
-5.2723217322834648
11
5.8867390551181105
21
-5.2648202755905507
0
LINE
8
BLACK
6
CONTINUOUS
10
5.8867390551181105
20
-5.2648202755905507
11
5.8867390551181105
21
-5.2571718503937008
0
LINE
8
BLACK
6
CONTINUOUS
10
5.8867390551181105
20
-5.2571718503937008
11
5.8882311811023618
21
-5.2496703937007876
0
LINE
8
BLACK
6
CONTINUOUS
10
5.8882311811023618
20
-5.2496703937007876
11
5.89115811023622
21
-5.2426041732283464
0
LINE
8
BLACK
6
CONTINUOUS
10
5.89115811023622
20
-5.2426041732283464
11
5.8954073622047245
21
-5.236244724409449
0
LINE
8
BLACK
6
CONTINUOUS
10
5.8954073622047245
20
-5.236244724409449
11
5.900815590551181
21
-5.2308364960629916
0
LINE
8
BLACK
6
CONTINUOUS
10
5.900815590551181
20
-5.2308364960629916
11
5.9071750393700784
21
-5.226587244094488
0
LINE
8
BLACK
6
CONTINUOUS
10
5.9071750393700784
20
-5.226587244094488
11
5.9142412598425196
21
-5.2236603149606298
0
LINE
8
BLACK
6
CONTINUOUS
10
5.9142412598425196
20
-5.2236603149606298
11
5.9217427165354328
21
-5.2221681889763776
0
LINE
8
BLACK
6
CONTINUOUS
10
5.9217427165354328
20
-5.2221681889763776
11
5.9293911417322835
21
-5.2221681889763776
0
LINE
8
BLACK
6
CONTINUOUS
10
5.9293911417322835
20
-5.2221681889763776
11
5.9368925984251968
21
-5.2236603149606298
0
LINE
8
BLACK
6
CONTINUOUS
10
6.1868925984251968
20
-5.2236603149606298
11
6.193958818897638
21
-5.226587244094488
0
LINE
8
BLACK
6
CONTINUOUS
10
6.193958818897638
20
-5.226587244094488
11
6.2003182677165354
21
-5.2308364960629916
0
LINE
8
BLACK
6
CONTINUOUS
10
6.2003182677165354
20
-5.2308364960629916
11
6.2057264960629919
21
-5.236244724409449
0
LINE
8
BLACK
6
CONTINUOUS
10
6.2057264960629919
20
-5.236244724409449
11
6.2099757480314963
21
-5.2426041732283464
0
LINE
8
BLACK
6
CONTINUOUS
10
6.2099757480314963
20
-5.2426041732283464
11
6.2129026771653546
21
-5.2496703937007876
0
LINE
8
BLACK
6
CONTINUOUS
10
6.2129026771653546
20
-5.2496703937007876
11
6.2143948031496059
21
-5.2571718503937008
0
LINE
8
BLACK
6
CONTINUOUS
10
6.2143948031496059
20
-5.2571718503937008
11
6.2143948031496059
21
-5.2648202755905507
0
LINE
8
BLACK
6
CONTINUOUS
10
6.2143948031496059
20
-5.2648202755905507
11
6.2129026771653546
21
-5.2723217322834648
0
LINE
8
BLACK
6
CONTINUOUS
10
6.2129026771653546
20
-5.2723217322834648
11
6.2099757480314963
21
-5.2793879527559051
0
LINE
8
BLACK
6
CONTINUOUS
10
6.2099757480314963
20
-5.2793879527559051
11
6.2057264960629919
21
-5.2857474015748034
0
LINE
8
BLACK
6
CONTINUOUS
10
6.2057264960629919
20
-5.2857474015748034
11
6.2003182677165354
21
-5.2911556299212599
0
LINE
8
BLACK
6
CONTINUOUS
10
6.2003182677165354
20
-5.2911556299212599
11
6.193958818897638
21
-5.2954048818897634
0
LINE
8
BLACK
6
CONTINUOUS
10
6.193958818897638
20
-5.2954048818897634
11
6.1868925984251968
21
-5.2983318110236217
0
LINE
8
BLACK
6
CONTINUOUS
10
6.1868925984251968
20
-5.2983318110236217
11
6.1793911417322835
21
-5.2998239370078739
0
LINE
8
BLACK
6
CONTINUOUS
10
6.1793911417322835
20
-5.2998239370078739
11
6.1717427165354328
21
-5.2998239370078739
0
LINE
8
BLACK
6
CONTINUOUS
10
6.1717427165354328
20
-5.2998239370078739
11
6.1642412598425196
21
-5.2983318110236217
0
LINE
8
BLACK
6
CONTINUOUS
10
6.1642412598425196
20
-5.2983318110236217
11
6.1571750393700784
21
-5.2954048818897634
0
LINE
8
BLACK
6
CONTINUOUS
10
6.1571750393700784
20
-5.2954048818897634
11
6.150815590551181
21
-5.2911556299212599
0
LINE
8
BLACK
6
CONTINUOUS
10
6.150815590551181
20
-5.2911556299212599
11
6.1454073622047245
21
-5.2857474015748034
0
LINE
8
BLACK
6
CONTINUOUS
10
6.1454073622047245
20
-5.2857474015748034
11
6.14115811023622
21
-5.2793879527559051
0
LINE
8
BLACK
6
CONTINUOUS
10
6.14115811023622
20
-5.2793879527559051
11
6.1382311811023618
21
-5.2723217322834648
0
LINE
8
BLACK
6
CONTINUOUS
10
6.1382311811023618
20
-5.2723217322834648
11
6.1367390551181105
21
-5.2648202755905507
0
LINE
8
BLACK
6
CONTINUOUS
10
6.1367390551181105
20
-5.2648202755905507
11
6.1367390551181105
21
-5.2571718503937008
0
LINE
8
BLACK
6
CONTINUOUS
10
6.1367390551181105
20
-5.2571718503937008
11
6.1382311811023618
21
-5.2496703937007876
0
LINE
8
BLACK
6
CONTINUOUS
10
6.1382311811023618
20
-5.2496703937007876
11
6.14115811023622
21
-5.2426041732283464
0
LINE
8
BLACK
6
CONTINUOUS
10
6.14115811023622
20
-5.2426041732283464
11
6.1454073622047245
21
-5.236244724409449
0
LINE
8
BLACK
6
CONTINUOUS
10
6.1454073622047245
20
-5.236244724409449
11
6.150815590551181
21
-5.2308364960629916
0
LINE
8
BLACK
6
CONTINUOUS
10
6.150815590551181
20
-5.2308364960629916
11
6.1571750393700784
21
-5.226587244094488
0
LINE
8
BLACK
6
CONTINUOUS
10
6.1571750393700784
20
-5.226587244094488
11
6.1642412598425196
21
-5.2236603149606298
0
LINE
8
BLACK
6
CONTINUOUS
10
6.1642412598425196
20
-5.2236603149606298
11
6.1717427165354328
21
-5.2221681889763776
0
LINE
8
BLACK
6
CONTINUOUS
10
6.1717427165354328
20
-5.2221681889763776
11
6.1793911417322835
21
-5.2221681889763776
0
LINE
8
BLACK
6
CONTINUOUS
10
6.1793911417322835
20
-5.2221681889763776
11
6.1868925984251968
21
-5.2236603149606298
0
LINE
8
BLACK
6
CONTINUOUS
10
4.1942811811023617
20
-5.1214724803149609
11
4.2003420078740152
21
-5.1239829527559051
0
LINE
8
BLACK
6
CONTINUOUS
10
4.2003420078740152
20
-5.1239829527559051
11
4.2057966141732281
21
-5.1276275984251969
0
LINE
8
BLACK
6
CONTINUOUS
10
4.2057966141732281
20
-5.1276275984251969
11
4.210435393700787
21
-5.1322663779527558
0
LINE
8
BLACK
6
CONTINUOUS
10
4.210435393700787
20
-5.1322663779527558
11
4.2140800393700788
21
-5.1377209842519687
0
LINE
8
BLACK
6
CONTINUOUS
10
4.2140800393700788
20
-5.1377209842519687
11
4.2165905118110238
21
-5.1437818110236222
0
LINE
8
BLACK
6
CONTINUOUS
10
4.2165905118110238
20
-5.1437818110236222
11
4.2178703543307083
21
-5.1502159448818894
0
LINE
8
BLACK
6
CONTINUOUS
10
4.2178703543307083
20
-5.1502159448818894
11
4.2178703543307083
21
-5.1567761811023622
0
LINE
8
BLACK
6
CONTINUOUS
10
4.2178703543307083
20
-5.1567761811023622
11
4.2165905118110238
21
-5.1632103149606294
0
LINE
8
BLACK
6
CONTINUOUS
10
4.2165905118110238
20
-5.1632103149606294
11
4.2140800393700788
21
-5.169271141732283
0
LINE
8
BLACK
6
CONTINUOUS
10
4.2140800393700788
20
-5.169271141732283
11
4.210435393700787
21
-5.1747257480314959
0
LINE
8
BLACK
6
CONTINUOUS
10
4.210435393700787
20
-5.1747257480314959
11
4.2057966141732281
21
-5.1793645275590547
0
LINE
8
BLACK
6
CONTINUOUS
10
4.2057966141732281
20
-5.1793645275590547
11
4.2003420078740152
21
-5.1830091732283465
0
LINE
8
BLACK
6
CONTINUOUS
10
4.2003420078740152
20
-5.1830091732283465
11
4.1942811811023617
21
-5.1855196456692916
0
LINE
8
BLACK
6
CONTINUOUS
10
4.1942811811023617
20
-5.1855196456692916
11
4.1878470472440945
21
-5.1867994881889761
0
LINE
8
BLACK
6
CONTINUOUS
10
4.1878470472440945
20
-5.1867994881889761
11
4.1812868110236217
21
-5.1867994881889761
0
LINE
8
BLACK
6
CONTINUOUS
10
4.1812868110236217
20
-5.1867994881889761
11
4.1748526771653545
21
-5.1855196456692916
0
LINE
8
BLACK
6
CONTINUOUS
10
4.1748526771653545
20
-5.1855196456692916
11
4.1687918503937009
21
-5.1830091732283465
0
LINE
8
BLACK
6
CONTINUOUS
10
4.1687918503937009
20
-5.1830091732283465
11
4.163337244094488
21
-5.1793645275590547
0
LINE
8
BLACK
6
CONTINUOUS
10
4.163337244094488
20
-5.1793645275590547
11
4.1586984645669292
21
-5.1747257480314959
0
LINE
8
BLACK
6
CONTINUOUS
10
4.1586984645669292
20
-5.1747257480314959
11
4.1550538188976374
21
-5.169271141732283
0
LINE
8
BLACK
6
CONTINUOUS
10
4.1550538188976374
20
-5.169271141732283
11
4.1525433464566932
21
-5.1632103149606294
0
LINE
8
BLACK
6
CONTINUOUS
10
4.1525433464566932
20
-5.1632103149606294
11
4.1512635039370078
21
-5.1567761811023622
0
LINE
8
BLACK
6
CONTINUOUS
10
4.1512635039370078
20
-5.1567761811023622
11
4.1512635039370078
21
-5.1502159448818894
0
LINE
8
BLACK
6
CONTINUOUS
10
4.1512635039370078
20
-5.1502159448818894
11
4.1525433464566932
21
-5.1437818110236222
0
LINE
8
BLACK
6
CONTINUOUS
10
4.1525433464566932
20
-5.1437818110236222
11
4.1550538188976374
21
-5.1377209842519687
0
LINE
8
BLACK
6
CONTINUOUS
10
4.1550538188976374
20
-5.1377209842519687
11
4.1586984645669292
21
-5.1322663779527558
0
LINE
8
BLACK
6
CONTINUOUS
10
4.1586984645669292
20
-5.1322663779527558
11
4.163337244094488
21
-5.1276275984251969
0
LINE
8
BLACK
6
CONTINUOUS
10
4.163337244094488
20
-5.1276275984251969
11
4.1687918503937009
21
-5.1239829527559051
0
LINE
8
BLACK
6
CONTINUOUS
10
4.1687918503937009
20
-5.1239829527559051
11
4.1748526771653545
21
-5.1214724803149609
0
LINE
8
BLACK
6
CONTINUOUS
10
4.1748526771653545
20
-5.1214724803149609
11
4.1812868110236217
21
-5.1201926377952756
0
LINE
8
BLACK
6
CONTINUOUS
10
4.1812868110236217
20
-5.1201926377952756
11
4.1878470472440945
21
-5.1201926377952756
0
LINE
8
BLACK
6
CONTINUOUS
10
4.1878470472440945
20
-5.1201926377952756
11
4.1942811811023617
21
-5.1214724803149609
0
LINE
8
BLACK
6
CONTINUOUS
10
5.9368925984251968
20
-5.0236603149606296
11
5.943958818897638
21
-5.0265872440944879
0
LINE
8
BLACK
6
CONTINUOUS
10
5.943958818897638
20
-5.0265872440944879
11
5.9503182677165354
21
-5.0308364960629923
0
LINE
8
BLACK
6
CONTINUOUS
10
5.9503182677165354
20
-5.0308364960629923
11
5.9557264960629919
21
-5.0362447244094488
0
LINE
8
BLACK
6
CONTINUOUS
10
5.9557264960629919
20
-5.0362447244094488
11
5.9599757480314963
21
-5.0426041732283462
0
LINE
8
BLACK
6
CONTINUOUS
10
5.9599757480314963
20
-5.0426041732283462
11
5.9629026771653546
21
-5.0496703937007874
0
LINE
8
BLACK
6
CONTINUOUS
10
5.9629026771653546
20
-5.0496703937007874
11
5.9643948031496059
21
-5.0571718503937007
0
LINE
8
BLACK
6
CONTINUOUS
10
5.9643948031496059
20
-5.0571718503937007
11
5.9643948031496059
21
-5.0648202755905514
0
LINE
8
BLACK
6
CONTINUOUS
10
5.9643948031496059
20
-5.0648202755905514
11
5.9629026771653546
21
-5.0723217322834646
0
LINE
8
BLACK
6
CONTINUOUS
10
5.9629026771653546
20
-5.0723217322834646
11
5.9599757480314963
21
-5.0793879527559058
0
LINE
8
BLACK
6
CONTINUOUS
10
5.9599757480314963
20
-5.0793879527559058
11
5.9557264960629919
21
-5.0857474015748032
0
LINE
8
BLACK
6
CONTINUOUS
10
5.9557264960629919
20
-5.0857474015748032
11
5.9503182677165354
21
-5.0911556299212597
0
LINE
8
BLACK
6
CONTINUOUS
10
5.9503182677165354
20
-5.0911556299212597
11
5.943958818897638
21
-5.0954048818897633
0
LINE
8
BLACK
6
CONTINUOUS
10
5.943958818897638
20
-5.0954048818897633
11
5.9368925984251968
21
-5.0983318110236215
0
LINE
8
BLACK
6
CONTINUOUS
10
5.9368925984251968
20
-5.0983318110236215
11
5.9293911417322835
21
-5.0998239370078737
0
LINE
8
BLACK
6
CONTINUOUS
10
5.9293911417322835
20
-5.0998239370078737
11
5.9217427165354328
21
-5.0998239370078737
0
LINE
8
BLACK
6
CONTINUOUS
10
5.9217427165354328
20
-5.0998239370078737
11
5.9142412598425196
21
-5.0983318110236215
0
LINE
8
BLACK
6
CONTINUOUS
10
5.9142412598425196
20
-5.0983318110236215
11
5.9071750393700784
21
-5.0954048818897633
0
LINE
8
BLACK
6
CONTINUOUS
10
5.9071750393700784
20
-5.0954048818897633
11
5.900815590551181
21
-5.0911556299212597
0
LINE
8
BLACK
6
CONTINUOUS
10
5.900815590551181
20
-5.0911556299212597
11
5.8954073622047245
21
-5.0857474015748032
0
LINE
8
BLACK
6
CONTINUOUS
10
5.8954073622047245
20
-5.0857474015748032
11
5.89115811023622
21
-5.0793879527559058
0
LINE
8
BLACK
6
CONTINUOUS
10
5.89115811023622
20
-5.0793879527559058
11
5.8882311811023618
21
-5.0723217322834646
0
LINE
8
BLACK
6
CONTINUOUS
10
5.8882311811023618
20
-5.0723217322834646
11
5.8867390551181105
21
-5.0648202755905514
0
LINE
8
BLACK
6
CONTINUOUS
10
5.8867390551181105
20
-5.0648202755905514
11
5.8867390551181105
21
-5.0571718503937007
0
LINE
8
BLACK
6
CONTINUOUS
10
5.8867390551181105
20
-5.0571718503937007
11
5.8882311811023618
21
-5.0496703937007874
0
LINE
8
BLACK
6
CONTINUOUS
10
5.8882311811023618
20
-5.0496703937007874
11
5.89115811023622
21
-5.0426041732283462
0
LINE
8
BLACK
6
CONTINUOUS
10
5.89115811023622
20
-5.0426041732283462
11
5.8954073622047245
21
-5.0362447244094488
0
LINE
8
BLACK
6
CONTINUOUS
10
5.8954073622047245
20
-5.0362447244094488
11
5.900815590551181
21
-5.0308364960629923
0
LINE
8
BLACK
6
CONTINUOUS
10
5.900815590551181
20
-5.0308364960629923
11
5.9071750393700784
21
-5.0265872440944879
0
LINE
8
BLACK
6
CONTINUOUS
10
5.9071750393700784
20
-5.0265872440944879
11
5.9142412598425196
21
-5.0236603149606296
0
LINE
8
BLACK
6
CONTINUOUS
10
5.9142412598425196
20
-5.0236603149606296
11
5.9217427165354328
21
-5.0221681889763774
0
LINE
8
BLACK
6
CONTINUOUS
10
5.9217427165354328
20
-5.0221681889763774
11
5.9293911417322835
21
-5.0221681889763774
0
LINE
8
BLACK
6
CONTINUOUS
10
5.9293911417322835
20
-5.0221681889763774
11
5.9368925984251968
21
-5.0236603149606296
0
LINE
8
BLACK
6
CONTINUOUS
10
6.1868925984251968
20
-5.0236603149606296
11
6.193958818897638
21
-5.0265872440944879
0
LINE
8
BLACK
6
CONTINUOUS
10
6.193958818897638
20
-5.0265872440944879
11
6.2003182677165354
21
-5.0308364960629923
0
LINE
8
BLACK
6
CONTINUOUS
10
6.2003182677165354
20
-5.0308364960629923
11
6.2057264960629919
21
-5.0362447244094488
0
LINE
8
BLACK
6
CONTINUOUS
10
6.2057264960629919
20
-5.0362447244094488
11
6.2099757480314963
21
-5.0426041732283462
0
LINE
8
BLACK
6
CONTINUOUS
10
6.2099757480314963
20
-5.0426041732283462
11
6.2129026771653546
21
-5.0496703937007874
0
LINE
8
BLACK
6
CONTINUOUS
10
6.2129026771653546
20
-5.0496703937007874
11
6.2143948031496059
21
-5.0571718503937007
0
LINE
8
BLACK
6
CONTINUOUS
10
6.2143948031496059
20
-5.0571718503937007
11
6.2143948031496059
21
-5.0648202755905514
0
LINE
8
BLACK
6
CONTINUOUS
10
6.2143948031496059
20
-5.0648202755905514
11
6.2129026771653546
21
-5.0723217322834646
0
LINE
8
BLACK
6
CONTINUOUS
10
6.2129026771653546
20
-5.0723217322834646
11
6.2099757480314963
21
-5.0793879527559058
0
LINE
8
BLACK
6
CONTINUOUS
10
6.2099757480314963
20
-5.0793879527559058
11
6.2057264960629919
21
-5.0857474015748032
0
LINE
8
BLACK
6
CONTINUOUS
10
6.2057264960629919
20
-5.0857474015748032
11
6.2003182677165354
21
-5.0911556299212597
0
LINE
8
BLACK
6
CONTINUOUS
10
6.2003182677165354
20
-5.0911556299212597
11
6.193958818897638
21
-5.0954048818897633
0
LINE
8
BLACK
6
CONTINUOUS
10
6.193958818897638
20
-5.0954048818897633
11
6.1868925984251968
21
-5.0983318110236215
0
LINE
8
BLACK
6
CONTINUOUS
10
6.1868925984251968
20
-5.0983318110236215
11
6.1793911417322835
21
-5.0998239370078737
0
LINE
8
BLACK
6
CONTINUOUS
10
6.1793911417322835
20
-5.0998239370078737
11
6.1717427165354328
21
-5.0998239370078737
0
LINE
8
BLACK
6
CONTINUOUS
10
6.1717427165354328
20
-5.0998239370078737
11
6.1642412598425196
21
-5.0983318110236215
0
LINE
8
BLACK
6
CONTINUOUS
10
6.1642412598425196
20
-5.0983318110236215
11
6.1571750393700784
21
-5.0954048818897633
0
LINE
8
BLACK
6
CONTINUOUS
10
6.1571750393700784
20
-5.0954048818897633
11
6.150815590551181
21
-5.0911556299212597
0
LINE
8
BLACK
6
CONTINUOUS
10
6.150815590551181
20
-5.0911556299212597
11
6.1454073622047245
21
-5.0857474015748032
0
LINE
8
BLACK
6
CONTINUOUS
10
6.1454073622047245
20
-5.0857474015748032
11
6.14115811023622
21
-5.0793879527559058
0
LINE
8
BLACK
6
CONTINUOUS
10
6.14115811023622
20
-5.0793879527559058
11
6.1382311811023618
21
-5.0723217322834646
0
LINE
8
BLACK
6
CONTINUOUS
10
6.1382311811023618
20
-5.0723217322834646
11
6.1367390551181105
21
-5.0648202755905514
0
LINE
8
BLACK
6
CONTINUOUS
10
6.1367390551181105
20
-5.0648202755905514
11
6.1367390551181105
21
-5.0571718503937007
0
LINE
8
BLACK
6
CONTINUOUS
10
6.1367390551181105
20
-5.0571718503937007
11
6.1382311811023618
21
-5.0496703937007874
0
LINE
8
BLACK
6
CONTINUOUS
10
6.1382311811023618
20
-5.0496703937007874
11
6.14115811023622
21
-5.0426041732283462
0
LINE
8
BLACK
6
CONTINUOUS
10
6.14115811023622
20
-5.0426041732283462
11
6.1454073622047245
21
-5.0362447244094488
0
LINE
8
BLACK
6
CONTINUOUS
10
6.1454073622047245
20
-5.0362447244094488
11
6.150815590551181
21
-5.0308364960629923
0
LINE
8
BLACK
6
CONTINUOUS
10
6.150815590551181
20
-5.0308364960629923
11
6.1571750393700784
21
-5.0265872440944879
0
LINE
8
BLACK
6
CONTINUOUS
10
6.1571750393700784
20
-5.0265872440944879
11
6.1642412598425196
21
-5.0236603149606296
0
LINE
8
BLACK
6
CONTINUOUS
10
6.1642412598425196
20
-5.0236603149606296
11
6.1717427165354328
21
-5.0221681889763774
0
LINE
8
BLACK
6
CONTINUOUS
10
6.1717427165354328
20
-5.0221681889763774
11
6.1793911417322835
21
-5.0221681889763774
0
LINE
8
BLACK
6
CONTINUOUS
10
6.1793911417322835
20
-5.0221681889763774
11
6.1868925984251968
21
-5.0236603149606296
0
LINE
8
BLACK
6
CONTINUOUS
10
4.1942811811023617
20
-5.0214724803149604
11
4.2003420078740152
21
-5.0239829527559055
0
LINE
8
BLACK
6
CONTINUOUS
10
4.2003420078740152
20
-5.0239829527559055
11
4.2057966141732281
21
-5.0276275984251964
0
LINE
8
BLACK
6
CONTINUOUS
10
4.2057966141732281
20
-5.0276275984251964
11
4.210435393700787
21
-5.0322663779527561
0
LINE
8
BLACK
6
CONTINUOUS
10
4.210435393700787
20
-5.0322663779527561
11
4.2140800393700788
21
-5.0377209842519681
0
LINE
8
BLACK
6
CONTINUOUS
10
4.2140800393700788
20
-5.0377209842519681
11
4.2165905118110238
21
-5.0437818110236217
0
LINE
8
BLACK
6
CONTINUOUS
10
4.2165905118110238
20
-5.0437818110236217
11
4.2178703543307083
21
-5.0502159448818897
0
LINE
8
BLACK
6
CONTINUOUS
10
4.2178703543307083
20
-5.0502159448818897
11
4.2178703543307083
21
-5.0567761811023617
0
LINE
8
BLACK
6
CONTINUOUS
10
4.2178703543307083
20
-5.0567761811023617
11
4.2165905118110238
21
-5.0632103149606298
0
LINE
8
BLACK
6
CONTINUOUS
10
4.2165905118110238
20
-5.0632103149606298
11
4.2140800393700788
21
-5.0692711417322833
0
LINE
8
BLACK
6
CONTINUOUS
10
4.2140800393700788
20
-5.0692711417322833
11
4.210435393700787
21
-5.0747257480314962
0
LINE
8
BLACK
6
CONTINUOUS
10
4.210435393700787
20
-5.0747257480314962
11
4.2057966141732281
21
-5.0793645275590551
0
LINE
8
BLACK
6
CONTINUOUS
10
4.2057966141732281
20
-5.0793645275590551
11
4.2003420078740152
21
-5.083009173228346
0
LINE
8
BLACK
6
CONTINUOUS
10
4.2003420078740152
20
-5.083009173228346
11
4.1942811811023617
21
-5.085519645669291
0
LINE
8
BLACK
6
CONTINUOUS
10
4.1942811811023617
20
-5.085519645669291
11
4.1878470472440945
21
-5.0867994881889764
0
LINE
8
BLACK
6
CONTINUOUS
10
4.1878470472440945
20
-5.0867994881889764
11
4.1812868110236217
21
-5.0867994881889764
0
LINE
8
BLACK
6
CONTINUOUS
10
4.1812868110236217
20
-5.0867994881889764
11
4.1748526771653545
21
-5.085519645669291
0
LINE
8
BLACK
6
CONTINUOUS
10
4.1748526771653545
20
-5.085519645669291
11
4.1687918503937009
21
-5.083009173228346
0
LINE
8
BLACK
6
CONTINUOUS
10
4.1687918503937009
20
-5.083009173228346
11
4.163337244094488
21
-5.0793645275590551
0
LINE
8
BLACK
6
CONTINUOUS
10
4.163337244094488
20
-5.0793645275590551
11
4.1586984645669292
21
-5.0747257480314962
0
LINE
8
BLACK
6
CONTINUOUS
10
4.1586984645669292
20
-5.0747257480314962
11
4.1550538188976374
21
-5.0692711417322833
0
LINE
8
BLACK
6
CONTINUOUS
10
4.1550538188976374
20
-5.0692711417322833
11
4.1525433464566932
21
-5.0632103149606298
0
LINE
8
BLACK
6
CONTINUOUS
10
4.1525433464566932
20
-5.0632103149606298
11
4.1512635039370078
21
-5.0567761811023617
0
LINE
8
BLACK
6
CONTINUOUS
10
4.1512635039370078
20
-5.0567761811023617
11
4.1512635039370078
21
-5.0502159448818897
0
LINE
8
BLACK
6
CONTINUOUS
10
4.1512635039370078
20
-5.0502159448818897
11
4.1525433464566932
21
-5.0437818110236217
0
LINE
8
BLACK
6
CONTINUOUS
10
4.1525433464566932
20
-5.0437818110236217
11
4.1550538188976374
21
-5.0377209842519681
0
LINE
8
BLACK
6
CONTINUOUS
10
4.1550538188976374
20
-5.0377209842519681
11
4.1586984645669292
21
-5.0322663779527561
0
LINE
8
BLACK
6
CONTINUOUS
10
4.1586984645669292
20
-5.0322663779527561
11
4.163337244094488
21
-5.0276275984251964
0
LINE
8
BLACK
6
CONTINUOUS
10
4.163337244094488
20
-5.0276275984251964
11
4.1687918503937009
21
-5.0239829527559055
0
LINE
8
BLACK
6
CONTINUOUS
10
4.1687918503937009
20
-5.0239829527559055
11
4.1748526771653545
21
-5.0214724803149604
0
LINE
8
BLACK
6
CONTINUOUS
10
4.1748526771653545
20
-5.0214724803149604
11
4.1812868110236217
21
-5.0201926377952759
0
LINE
8
BLACK
6
CONTINUOUS
10
4.1812868110236217
20
-5.0201926377952759
11
4.1878470472440945
21
-5.0201926377952759
0
LINE
8
BLACK
6
CONTINUOUS
10
4.1878470472440945
20
-5.0201926377952759
11
4.1942811811023617
21
-5.0214724803149604
0
LINE
8
BLACK
6
CONTINUOUS
10
4.1942811811023617
20
-4.9214724803149608
11
4.2003420078740152
21
-4.9239829527559058
0
LINE
8
BLACK
6
CONTINUOUS
10
4.2003420078740152
20
-4.9239829527559058
11
4.2057966141732281
21
-4.9276275984251967
0
LINE
8
BLACK
6
CONTINUOUS
10
4.2057966141732281
20
-4.9276275984251967
11
4.210435393700787
21
-4.9322663779527556
0
LINE
8
BLACK
6
CONTINUOUS
10
4.210435393700787
20
-4.9322663779527556
11
4.2140800393700788
21
-4.9377209842519685
0
LINE
8
BLACK
6
CONTINUOUS
10
4.2140800393700788
20
-4.9377209842519685
11
4.2165905118110238
21
-4.943781811023622
0
LINE
8
BLACK
6
CONTINUOUS
10
4.2165905118110238
20
-4.943781811023622
11
4.2178703543307083
21
-4.9502159448818892
0
LINE
8
BLACK
6
CONTINUOUS
10
4.2178703543307083
20
-4.9502159448818892
11
4.2178703543307083
21
-4.9567761811023621
0
LINE
8
BLACK
6
CONTINUOUS
10
4.2178703543307083
20
-4.9567761811023621
11
4.2165905118110238
21
-4.9632103149606301
0
LINE
8
BLACK
6
CONTINUOUS
10
4.2165905118110238
20
-4.9632103149606301
11
4.2140800393700788
21
-4.9692711417322837
0
LINE
8
BLACK
6
CONTINUOUS
10
4.2140800393700788
20
-4.9692711417322837
11
4.210435393700787
21
-4.9747257480314957
0
LINE
8
BLACK
6
CONTINUOUS
10
4.210435393700787
20
-4.9747257480314957
11
4.2057966141732281
21
-4.9793645275590546
0
LINE
8
BLACK
6
CONTINUOUS
10
4.2057966141732281
20
-4.9793645275590546
11
4.2003420078740152
21
-4.9830091732283464
0
LINE
8
BLACK
6
CONTINUOUS
10
4.2003420078740152
20
-4.9830091732283464
11
4.1942811811023617
21
-4.9855196456692914
0
LINE
8
BLACK
6
CONTINUOUS
10
4.1942811811023617
20
-4.9855196456692914
11
4.1878470472440945
21
-4.9867994881889759
0
LINE
8
BLACK
6
CONTINUOUS
10
4.1878470472440945
20
-4.9867994881889759
11
4.1812868110236217
21
-4.9867994881889759
0
LINE
8
BLACK
6
CONTINUOUS
10
4.1812868110236217
20
-4.9867994881889759
11
4.1748526771653545
21
-4.9855196456692914
0
LINE
8
BLACK
6
CONTINUOUS
10
4.1748526771653545
20
-4.9855196456692914
11
4.1687918503937009
21
-4.9830091732283464
0
LINE
8
BLACK
6
CONTINUOUS
10
4.1687918503937009
20
-4.9830091732283464
11
4.163337244094488
21
-4.9793645275590546
0
LINE
8
BLACK
6
CONTINUOUS
10
4.163337244094488
20
-4.9793645275590546
11
4.1586984645669292
21
-4.9747257480314957
0
LINE
8
BLACK
6
CONTINUOUS
10
4.1586984645669292
20
-4.9747257480314957
11
4.1550538188976374
21
-4.9692711417322837
0
LINE
8
BLACK
6
CONTINUOUS
10
4.1550538188976374
20
-4.9692711417322837
11
4.1525433464566932
21
-4.9632103149606301
0
LINE
8
BLACK
6
CONTINUOUS
10
4.1525433464566932
20
-4.9632103149606301
11
4.1512635039370078
21
-4.9567761811023621
0
LINE
8
BLACK
6
CONTINUOUS
10
4.1512635039370078
20
-4.9567761811023621
11
4.1512635039370078
21
-4.9502159448818892
0
LINE
8
BLACK
6
CONTINUOUS
10
4.1512635039370078
20
-4.9502159448818892
11
4.1525433464566932
21
-4.943781811023622
0
LINE
8
BLACK
6
CONTINUOUS
10
4.1525433464566932
20
-4.943781811023622
11
4.1550538188976374
21
-4.9377209842519685
0
LINE
8
BLACK
6
CONTINUOUS
10
4.1550538188976374
20
-4.9377209842519685
11
4.1586984645669292
21
-4.9322663779527556
0
LINE
8
BLACK
6
CONTINUOUS
10
4.1586984645669292
20
-4.9322663779527556
11
4.163337244094488
21
-4.9276275984251967
0
LINE
8
BLACK
6
CONTINUOUS
10
4.163337244094488
20
-4.9276275984251967
11
4.1687918503937009
21
-4.9239829527559058
0
LINE
8
BLACK
6
CONTINUOUS
10
4.1687918503937009
20
-4.9239829527559058
11
4.1748526771653545
21
-4.9214724803149608
0
LINE
8
BLACK
6
CONTINUOUS
10
4.1748526771653545
20
-4.9214724803149608
11
4.1812868110236217
21
-4.9201926377952754
0
LINE
8
BLACK
6
CONTINUOUS
10
4.1812868110236217
20
-4.9201926377952754
11
4.1878470472440945
21
-4.9201926377952754
0
LINE
8
BLACK
6
CONTINUOUS
10
4.1878470472440945
20
-4.9201926377952754
11
4.1942811811023617
21
-4.9214724803149608
0
LINE
8
BLACK
6
CONTINUOUS
10
7.6620314960629923
20
-4.9735511811023621
11
7.5951023622047247
21
-4.9735511811023621
0
LINE
8
BLACK
6
CONTINUOUS
10
7.5951023622047247
20
-4.9735511811023621
11
7.5951023622047247
21
-4.9066220472440945
0
LINE
8
BLACK
6
CONTINUOUS
10
7.5951023622047247
20
-4.9066220472440945
11
7.6620314960629923
21
-4.9066220472440945
0
LINE
8
BLACK
6
CONTINUOUS
10
7.6620314960629923
20
-4.9066220472440945
11
7.6620314960629923
21
-4.9735511811023621
0
LINE
8
BLACK
6
CONTINUOUS
10
5.940454212598425
20
-4.8758946456692911
11
5.9430087007874013
21
-4.8776015354330706
0
LINE
8
BLACK
6
CONTINUOUS
10
5.9430087007874013
20
-4.8776015354330706
11
5.9447155905511808
21
-4.8801560236220469
0
LINE
8
BLACK
6
CONTINUOUS
10
5.9447155905511808
20
-4.8801560236220469
11
5.9453149606299212
21
-4.8831692913385822
0
LINE
8
BLACK
6
CONTINUOUS
10
5.9453149606299212
20
-4.8831692913385822
11
5.9453149606299212
21
-4.9048228346456693
0
LINE
8
BLACK
6
CONTINUOUS
10
5.9453149606299212
20
-4.9048228346456693
11
5.9447155905511808
21
-4.9078361023622046
0
LINE
8
BLACK
6
CONTINUOUS
10
5.9447155905511808
20
-4.9078361023622046
11
5.9430087007874013
21
-4.9103905905511809
0
LINE
8
BLACK
6
CONTINUOUS
10
5.9430087007874013
20
-4.9103905905511809
11
5.940454212598425
21
-4.9120974803149604
0
LINE
8
BLACK
6
CONTINUOUS
10
5.940454212598425
20
-4.9120974803149604
11
5.9374409448818897
21
-4.9126968503937007
0
LINE
8
BLACK
6
CONTINUOUS
10
5.9374409448818897
20
-4.9126968503937007
11
5.9216929133858267
21
-4.9126968503937007
0
LINE
8
BLACK
6
CONTINUOUS
10
5.9216929133858267
20
-4.9126968503937007
11
5.9186796456692914
21
-4.9120974803149604
0
LINE
8
BLACK
6
CONTINUOUS
10
5.9186796456692914
20
-4.9120974803149604
11
5.9161251574803151
21
-4.9103905905511809
0
LINE
8
BLACK
6
CONTINUOUS
10
5.9161251574803151
20
-4.9103905905511809
11
5.9144182677165356
21
-4.9078361023622046
0
LINE
8
BLACK
6
CONTINUOUS
10
5.9144182677165356
20
-4.9078361023622046
11
5.9138188976377952
21
-4.9048228346456693
0
LINE
8
BLACK
6
CONTINUOUS
10
5.9138188976377952
20
-4.9048228346456693
11
5.9138188976377952
21
-4.8831692913385822
0
LINE
8
BLACK
6
CONTINUOUS
10
5.9138188976377952
20
-4.8831692913385822
11
5.9144182677165356
21
-4.8801560236220469
0
LINE
8
BLACK
6
CONTINUOUS
10
5.9144182677165356
20
-4.8801560236220469
11
5.9161251574803151
21
-4.8776015354330706
0
LINE
8
BLACK
6
CONTINUOUS
10
5.9161251574803151
20
-4.8776015354330706
11
5.9186796456692914
21
-4.8758946456692911
0
LINE
8
BLACK
6
CONTINUOUS
10
5.9186796456692914
20
-4.8758946456692911
11
5.9216929133858267
21
-4.8752952755905508
0
LINE
8
BLACK
6
CONTINUOUS
10
5.9216929133858267
20
-4.8752952755905508
11
5.9374409448818897
21
-4.8752952755905508
0
LINE
8
BLACK
6
CONTINUOUS
10
5.9374409448818897
20
-4.8752952755905508
11
5.940454212598425
21
-4.8758946456692911
0
LINE
8
BLACK
6
CONTINUOUS
10
6.0054148425196852
20
-4.8758946456692911
11
6.0079693307086615
21
-4.8776015354330706
0
LINE
8
BLACK
6
CONTINUOUS
10
6.0079693307086615
20
-4.8776015354330706
11
6.009676220472441
21
-4.8801560236220469
0
LINE
8
BLACK
6
CONTINUOUS
10
6.009676220472441
20
-4.8801560236220469
11
6.0102755905511813
21
-4.8831692913385822
0
LINE
8
BLACK
6
CONTINUOUS
10
6.0102755905511813
20
-4.8831692913385822
11
6.0102755905511813
21
-4.9048228346456693
0
LINE
8
BLACK
6
CONTINUOUS
10
6.0102755905511813
20
-4.9048228346456693
11
6.009676220472441
21
-4.9078361023622046
0
LINE
8
BLACK
6
CONTINUOUS
10
6.009676220472441
20
-4.9078361023622046
11
6.0079693307086615
21
-4.9103905905511809
0
LINE
8
BLACK
6
CONTINUOUS
10
6.0079693307086615
20
-4.9103905905511809
11
6.0054148425196852
21
-4.9120974803149604
0
LINE
8
BLACK
6
CONTINUOUS
10
6.0054148425196852
20
-4.9120974803149604
11
6.0024015748031498
21
-4.9126968503937007
0
LINE
8
BLACK
6
CONTINUOUS
10
6.0024015748031498
20
-4.9126968503937007
11
5.9866535433070869
21
-4.9126968503937007
0
LINE
8
BLACK
6
CONTINUOUS
10
5.9866535433070869
20
-4.9126968503937007
11
5.9836402755905507
21
-4.9120974803149604
0
LINE
8
BLACK
6
CONTINUOUS
10
5.9836402755905507
20
-4.9120974803149604
11
5.9810857874015744
21
-4.9103905905511809
0
LINE
8
BLACK
6
CONTINUOUS
10
5.9810857874015744
20
-4.9103905905511809
11
5.9793788976377948
21
-4.9078361023622046
0
LINE
8
BLACK
6
CONTINUOUS
10
5.9793788976377948
20
-4.9078361023622046
11
5.9787795275590554
21
-4.9048228346456693
0
LINE
8
BLACK
6
CONTINUOUS
10
5.9787795275590554
20
-4.9048228346456693
11
5.9787795275590554
21
-4.8831692913385822
0
LINE
8
BLACK
6
CONTINUOUS
10
5.9787795275590554
20
-4.8831692913385822
11
5.9793788976377948
21
-4.8801560236220469
0
LINE
8
BLACK
6
CONTINUOUS
10
5.9793788976377948
20
-4.8801560236220469
11
5.9810857874015744
21
-4.8776015354330706
0
LINE
8
BLACK
6
CONTINUOUS
10
5.9810857874015744
20
-4.8776015354330706
11
5.9836402755905507
21
-4.8758946456692911
0
LINE
8
BLACK
6
CONTINUOUS
10
5.9836402755905507
20
-4.8758946456692911
11
5.9866535433070869
21
-4.8752952755905508
0
LINE
8
BLACK
6
CONTINUOUS
10
5.9866535433070869
20
-4.8752952755905508
11
6.0024015748031498
21
-4.8752952755905508
0
LINE
8
BLACK
6
CONTINUOUS
10
6.0024015748031498
20
-4.8752952755905508
11
6.0054148425196852
21
-4.8758946456692911
0
LINE
8
BLACK
6
CONTINUOUS
10
4.1942811811023617
20
-4.8214724803149602
11
4.2003420078740152
21
-4.8239829527559053
0
LINE
8
BLACK
6
CONTINUOUS
10
4.2003420078740152
20
-4.8239829527559053
11
4.2057966141732281
21
-4.8276275984251971
0
LINE
8
BLACK
6
CONTINUOUS
10
4.2057966141732281
20
-4.8276275984251971
11
4.210435393700787
21
-4.8322663779527559
0
LINE
8
BLACK
6
CONTINUOUS
10
4.210435393700787
20
-4.8322663779527559
11
4.2140800393700788
21
-4.8377209842519688
0
LINE
8
BLACK
6
CONTINUOUS
10
4.2140800393700788
20
-4.8377209842519688
11
4.2165905118110238
21
-4.8437818110236224
0
LINE
8
BLACK
6
CONTINUOUS
10
4.2165905118110238
20
-4.8437818110236224
11
4.2178703543307083
21
-4.8502159448818896
0
LINE
8
BLACK
6
CONTINUOUS
10
4.2178703543307083
20
-4.8502159448818896
11
4.2178703543307083
21
-4.8567761811023624
0
LINE
8
BLACK
6
CONTINUOUS
10
4.2178703543307083
20
-4.8567761811023624
11
4.2165905118110238
21
-4.8632103149606296
0
LINE
8
BLACK
6
CONTINUOUS
10
4.2165905118110238
20
-4.8632103149606296
11
4.2140800393700788
21
-4.8692711417322831
0
LINE
8
BLACK
6
CONTINUOUS
10
4.2140800393700788
20
-4.8692711417322831
11
4.210435393700787
21
-4.8747257480314961
0
LINE
8
BLACK
6
CONTINUOUS
10
4.210435393700787
20
-4.8747257480314961
11
4.2057966141732281
21
-4.8793645275590549
0
LINE
8
BLACK
6
CONTINUOUS
10
4.2057966141732281
20
-4.8793645275590549
11
4.2003420078740152
21
-4.8830091732283467
0
LINE
8
BLACK
6
CONTINUOUS
10
4.2003420078740152
20
-4.8830091732283467
11
4.1942811811023617
21
-4.8855196456692909
0
LINE
8
BLACK
6
CONTINUOUS
10
4.1942811811023617
20
-4.8855196456692909
11
4.1878470472440945
21
-4.8867994881889762
0
LINE
8
BLACK
6
CONTINUOUS
10
4.1878470472440945
20
-4.8867994881889762
11
4.1812868110236217
21
-4.8867994881889762
0
LINE
8
BLACK
6
CONTINUOUS
10
4.1812868110236217
20
-4.8867994881889762
11
4.1748526771653545
21
-4.8855196456692909
0
LINE
8
BLACK
6
CONTINUOUS
10
4.1748526771653545
20
-4.8855196456692909
11
4.1687918503937009
21
-4.8830091732283467
0
LINE
8
BLACK
6
CONTINUOUS
10
4.1687918503937009
20
-4.8830091732283467
11
4.163337244094488
21
-4.8793645275590549
0
LINE
8
BLACK
6
CONTINUOUS
10
4.163337244094488
20
-4.8793645275590549
11
4.1586984645669292
21
-4.8747257480314961
0
LINE
8
BLACK
6
CONTINUOUS
10
4.1586984645669292
20
-4.8747257480314961
11
4.1550538188976374
21
-4.8692711417322831
0
LINE
8
BLACK
6
CONTINUOUS
10
4.1550538188976374
20
-4.8692711417322831
11
4.1525433464566932
21
-4.8632103149606296
0
LINE
8
BLACK
6
CONTINUOUS
10
4.1525433464566932
20
-4.8632103149606296
11
4.1512635039370078
21
-4.8567761811023624
0
LINE
8
BLACK
6
CONTINUOUS
10
4.1512635039370078
20
-4.8567761811023624
11
4.1512635039370078
21
-4.8502159448818896
0
LINE
8
BLACK
6
CONTINUOUS
10
4.1512635039370078
20
-4.8502159448818896
11
4.1525433464566932
21
-4.8437818110236224
0
LINE
8
BLACK
6
CONTINUOUS
10
4.1525433464566932
20
-4.8437818110236224
11
4.1550538188976374
21
-4.8377209842519688
0
LINE
8
BLACK
6
CONTINUOUS
10
4.1550538188976374
20
-4.8377209842519688
11
4.1586984645669292
21
-4.8322663779527559
0
LINE
8
BLACK
6
CONTINUOUS
10
4.1586984645669292
20
-4.8322663779527559
11
4.163337244094488
21
-4.8276275984251971
0
LINE
8
BLACK
6
CONTINUOUS
10
4.163337244094488
20
-4.8276275984251971
11
4.1687918503937009
21
-4.8239829527559053
0
LINE
8
BLACK
6
CONTINUOUS
10
4.1687918503937009
20
-4.8239829527559053
11
4.1748526771653545
21
-4.8214724803149602
0
LINE
8
BLACK
6
CONTINUOUS
10
4.1748526771653545
20
-4.8214724803149602
11
4.1812868110236217
21
-4.8201926377952757
0
LINE
8
BLACK
6
CONTINUOUS
10
4.1812868110236217
20
-4.8201926377952757
11
4.1878470472440945
21
-4.8201926377952757
0
LINE
8
BLACK
6
CONTINUOUS
10
4.1878470472440945
20
-4.8201926377952757
11
4.1942811811023617
21
-4.8214724803149602
0
LINE
8
BLACK
6
CONTINUOUS
10
7.6382811811023616
20
-4.8080630314960633
11
7.6443420078740152
21
-4.8105735039370074
0
LINE
8
BLACK
6
CONTINUOUS
10
7.6443420078740152
20
-4.8105735039370074
11
7.6497966141732281
21
-4.8142181496062992
0
LINE
8
BLACK
6
CONTINUOUS
10
7.6497966141732281
20
-4.8142181496062992
11
7.654435393700787
21
-4.8188569291338581
0
LINE
8
BLACK
6
CONTINUOUS
10
7.654435393700787
20
-4.8188569291338581
11
7.6580800393700788
21
-4.824311535433071
0
LINE
8
BLACK
6
CONTINUOUS
10
7.6580800393700788
20
-4.824311535433071
11
7.6605905118110238
21
-4.8303723622047245
0
LINE
8
BLACK
6
CONTINUOUS
10
7.6605905118110238
20
-4.8303723622047245
11
7.6618703543307083
21
-4.8368064960629917
0
LINE
8
BLACK
6
CONTINUOUS
10
7.6618703543307083
20
-4.8368064960629917
11
7.6618703543307083
21
-4.8433667322834646
0
LINE
8
BLACK
6
CONTINUOUS
10
7.6618703543307083
20
-4.8433667322834646
11
7.6605905118110238
21
-4.8498008661417318
0
LINE
8
BLACK
6
CONTINUOUS
10
7.6605905118110238
20
-4.8498008661417318
11
7.6580800393700788
21
-4.8558616929133853
0
LINE
8
BLACK
6
CONTINUOUS
10
7.6580800393700788
20
-4.8558616929133853
11
7.654435393700787
21
-4.8613162992125982
0
LINE
8
BLACK
6
CONTINUOUS
10
7.654435393700787
20
-4.8613162992125982
11
7.6497966141732281
21
-4.8659550787401571
0
LINE
8
BLACK
6
CONTINUOUS
10
7.6497966141732281
20
-4.8659550787401571
11
7.6443420078740152
21
-4.8695997244094489
0
LINE
8
BLACK
6
CONTINUOUS
10
7.6443420078740152
20
-4.8695997244094489
11
7.6382811811023616
21
-4.8721101968503939
0
LINE
8
BLACK
6
CONTINUOUS
10
7.6382811811023616
20
-4.8721101968503939
11
7.6318470472440945
21
-4.8733900393700784
0
LINE
8
BLACK
6
CONTINUOUS
10
7.6318470472440945
20
-4.8733900393700784
11
7.6252868110236216
21
-4.8733900393700784
0
LINE
8
BLACK
6
CONTINUOUS
10
7.6252868110236216
20
-4.8733900393700784
11
7.6188526771653544
21
-4.8721101968503939
0
LINE
8
BLACK
6
CONTINUOUS
10
7.6188526771653544
20
-4.8721101968503939
11
7.6127918503937009
21
-4.8695997244094489
0
LINE
8
BLACK
6
CONTINUOUS
10
7.6127918503937009
20
-4.8695997244094489
11
7.607337244094488
21
-4.8659550787401571
0
LINE
8
BLACK
6
CONTINUOUS
10
7.607337244094488
20
-4.8659550787401571
11
7.6026984645669291
21
-4.8613162992125982
0
LINE
8
BLACK
6
CONTINUOUS
10
7.6026984645669291
20
-4.8613162992125982
11
7.5990538188976373
21
-4.8558616929133853
0
LINE
8
BLACK
6
CONTINUOUS
10
7.5990538188976373
20
-4.8558616929133853
11
7.5965433464566932
21
-4.8498008661417318
0
LINE
8
BLACK
6
CONTINUOUS
10
7.5965433464566932
20
-4.8498008661417318
11
7.5952635039370078
21
-4.8433667322834646
0
LINE
8
BLACK
6
CONTINUOUS
10
7.5952635039370078
20
-4.8433667322834646
11
7.5952635039370078
21
-4.8368064960629917
0
LINE
8
BLACK
6
CONTINUOUS
10
7.5952635039370078
20
-4.8368064960629917
11
7.5965433464566932
21
-4.8303723622047245
0
LINE
8
BLACK
6
CONTINUOUS
10
7.5965433464566932
20
-4.8303723622047245
11
7.5990538188976373
21
-4.824311535433071
0
LINE
8
BLACK
6
CONTINUOUS
10
7.5990538188976373
20
-4.824311535433071
11
7.6026984645669291
21
-4.8188569291338581
0
LINE
8
BLACK
6
CONTINUOUS
10
7.6026984645669291
20
-4.8188569291338581
11
7.607337244094488
21
-4.8142181496062992
0
LINE
8
BLACK
6
CONTINUOUS
10
7.607337244094488
20
-4.8142181496062992
11
7.6127918503937009
21
-4.8105735039370074
0
LINE
8
BLACK
6
CONTINUOUS
10
7.6127918503937009
20
-4.8105735039370074
11
7.6188526771653544
21
-4.8080630314960633
0
LINE
8
BLACK
6
CONTINUOUS
10
7.6188526771653544
20
-4.8080630314960633
11
7.6252868110236216
21
-4.8067831889763779
0
LINE
8
BLACK
6
CONTINUOUS
10
7.6252868110236216
20
-4.8067831889763779
11
7.6318470472440945
21
-4.8067831889763779
0
LINE
8
BLACK
6
CONTINUOUS
10
7.6318470472440945
20
-4.8067831889763779
11
7.6382811811023616
21
-4.8080630314960633
0
LINE
8
BLACK
6
CONTINUOUS
10
7.1540314960629923
20
-4.84896062992126
11
7.0871023622047247
21
-4.84896062992126
0
LINE
8
BLACK
6
CONTINUOUS
10
7.0871023622047247
20
-4.84896062992126
11
7.0871023622047247
21
-4.7820314960629924
0
LINE
8
BLACK
6
CONTINUOUS
10
7.0871023622047247
20
-4.7820314960629924
11
7.1540314960629923
21
-4.7820314960629924
0
LINE
8
BLACK
6
CONTINUOUS
10
7.1540314960629923
20
-4.7820314960629924
11
7.1540314960629923
21
-4.84896062992126
0
LINE
8
BLACK
6
CONTINUOUS
10
6.7302811811023622
20
-4.7834724803149609
11
6.7363420078740157
21
-4.785982952755905
0
LINE
8
BLACK
6
CONTINUOUS
10
6.7363420078740157
20
-4.785982952755905
11
6.7417966141732286
21
-4.7896275984251968
0
LINE
8
BLACK
6
CONTINUOUS
10
6.7417966141732286
20
-4.7896275984251968
11
6.7464353937007875
21
-4.7942663779527557
0
LINE
8
BLACK
6
CONTINUOUS
10
6.7464353937007875
20
-4.7942663779527557
11
6.7500800393700784
21
-4.7997209842519686
0
LINE
8
BLACK
6
CONTINUOUS
10
6.7500800393700784
20
-4.7997209842519686
11
6.7525905118110234
21
-4.8057818110236221
0
LINE
8
BLACK
6
CONTINUOUS
10
6.7525905118110234
20
-4.8057818110236221
11
6.7538703543307088
21
-4.8122159448818893
0
LINE
8
BLACK
6
CONTINUOUS
10
6.7538703543307088
20
-4.8122159448818893
11
6.7538703543307088
21
-4.8187761811023622
0
LINE
8
BLACK
6
CONTINUOUS
10
6.7538703543307088
20
-4.8187761811023622
11
6.7525905118110234
21
-4.8252103149606302
0
LINE
8
BLACK
6
CONTINUOUS
10
6.7525905118110234
20
-4.8252103149606302
11
6.7500800393700784
21
-4.8312711417322838
0
LINE
8
BLACK
6
CONTINUOUS
10
6.7500800393700784
20
-4.8312711417322838
11
6.7464353937007875
21
-4.8367257480314958
0
LINE
8
BLACK
6
CONTINUOUS
10
6.7464353937007875
20
-4.8367257480314958
11
6.7417966141732286
21
-4.8413645275590547
0
LINE
8
BLACK
6
CONTINUOUS
10
6.7417966141732286
20
-4.8413645275590547
11
6.7363420078740157
21
-4.8450091732283465
0
LINE
8
BLACK
6
CONTINUOUS
10
6.7363420078740157
20
-4.8450091732283465
11
6.7302811811023622
21
-4.8475196456692915
0
LINE
8
BLACK
6
CONTINUOUS
10
6.7302811811023622
20
-4.8475196456692915
11
6.7238470472440941
21
-4.848799488188976
0
LINE
8
BLACK
6
CONTINUOUS
10
6.7238470472440941
20
-4.848799488188976
11
6.7172868110236221
21
-4.848799488188976
0
LINE
8
BLACK
6
CONTINUOUS
10
6.7172868110236221
20
-4.848799488188976
11
6.7108526771653541
21
-4.8475196456692915
0
LINE
8
BLACK
6
CONTINUOUS
10
6.7108526771653541
20
-4.8475196456692915
11
6.7047918503937005
21
-4.8450091732283465
0
LINE
8
BLACK
6
CONTINUOUS
10
6.7047918503937005
20
-4.8450091732283465
11
6.6993372440944876
21
-4.8413645275590547
0
LINE
8
BLACK
6
CONTINUOUS
10
6.6993372440944876
20
-4.8413645275590547
11
6.6946984645669287
21
-4.8367257480314958
0
LINE
8
BLACK
6
CONTINUOUS
10
6.6946984645669287
20
-4.8367257480314958
11
6.6910538188976378
21
-4.8312711417322838
0
LINE
8
BLACK
6
CONTINUOUS
10
6.6910538188976378
20
-4.8312711417322838
11
6.6885433464566928
21
-4.8252103149606302
0
LINE
8
BLACK
6
CONTINUOUS
10
6.6885433464566928
20
-4.8252103149606302
11
6.6872635039370074
21
-4.8187761811023622
0
LINE
8
BLACK
6
CONTINUOUS
10
6.6872635039370074
20
-4.8187761811023622
11
6.6872635039370074
21
-4.8122159448818893
0
LINE
8
BLACK
6
CONTINUOUS
10
6.6872635039370074
20
-4.8122159448818893
11
6.6885433464566928
21
-4.8057818110236221
0
LINE
8
BLACK
6
CONTINUOUS
10
6.6885433464566928
20
-4.8057818110236221
11
6.6910538188976378
21
-4.7997209842519686
0
LINE
8
BLACK
6
CONTINUOUS
10
6.6910538188976378
20
-4.7997209842519686
11
6.6946984645669287
21
-4.7942663779527557
0
LINE
8
BLACK
6
CONTINUOUS
10
6.6946984645669287
20
-4.7942663779527557
11
6.6993372440944876
21
-4.7896275984251968
0
LINE
8
BLACK
6
CONTINUOUS
10
6.6993372440944876
20
-4.7896275984251968
11
6.7047918503937005
21
-4.785982952755905
0
LINE
8
BLACK
6
CONTINUOUS
10
6.7047918503937005
20
-4.785982952755905
11
6.7108526771653541
21
-4.7834724803149609
0
LINE
8
BLACK
6
CONTINUOUS
10
6.7108526771653541
20
-4.7834724803149609
11
6.7172868110236221
21
-4.7821926377952755
0
LINE
8
BLACK
6
CONTINUOUS
10
6.7172868110236221
20
-4.7821926377952755
11
6.7238470472440941
21
-4.7821926377952755
0
LINE
8
BLACK
6
CONTINUOUS
10
6.7238470472440941
20
-4.7821926377952755
11
6.7302811811023622
21
-4.7834724803149609
0
LINE
8
BLACK
6
CONTINUOUS
10
6.8302811811023618
20
-4.7834724803149609
11
6.8363420078740154
21
-4.785982952755905
0
LINE
8
BLACK
6
CONTINUOUS
10
6.8363420078740154
20
-4.785982952755905
11
6.8417966141732283
21
-4.7896275984251968
0
LINE
8
BLACK
6
CONTINUOUS
10
6.8417966141732283
20
-4.7896275984251968
11
6.8464353937007871
21
-4.7942663779527557
0
LINE
8
BLACK
6
CONTINUOUS
10
6.8464353937007871
20
-4.7942663779527557
11
6.8500800393700789
21
-4.7997209842519686
0
LINE
8
BLACK
6
CONTINUOUS
10
6.8500800393700789
20
-4.7997209842519686
11
6.8525905118110231
21
-4.8057818110236221
0
LINE
8
BLACK
6
CONTINUOUS
10
6.8525905118110231
20
-4.8057818110236221
11
6.8538703543307085
21
-4.8122159448818893
0
LINE
8
BLACK
6
CONTINUOUS
10
6.8538703543307085
20
-4.8122159448818893
11
6.8538703543307085
21
-4.8187761811023622
0
LINE
8
BLACK
6
CONTINUOUS
10
6.8538703543307085
20
-4.8187761811023622
11
6.8525905118110231
21
-4.8252103149606302
0
LINE
8
BLACK
6
CONTINUOUS
10
6.8525905118110231
20
-4.8252103149606302
11
6.8500800393700789
21
-4.8312711417322838
0
LINE
8
BLACK
6
CONTINUOUS
10
6.8500800393700789
20
-4.8312711417322838
11
6.8464353937007871
21
-4.8367257480314958
0
LINE
8
BLACK
6
CONTINUOUS
10
6.8464353937007871
20
-4.8367257480314958
11
6.8417966141732283
21
-4.8413645275590547
0
LINE
8
BLACK
6
CONTINUOUS
10
6.8417966141732283
20
-4.8413645275590547
11
6.8363420078740154
21
-4.8450091732283465
0
LINE
8
BLACK
6
CONTINUOUS
10
6.8363420078740154
20
-4.8450091732283465
11
6.8302811811023618
21
-4.8475196456692915
0
LINE
8
BLACK
6
CONTINUOUS
10
6.8302811811023618
20
-4.8475196456692915
11
6.8238470472440946
21
-4.848799488188976
0
LINE
8
BLACK
6
CONTINUOUS
10
6.8238470472440946
20
-4.848799488188976
11
6.8172868110236218
21
-4.848799488188976
0
LINE
8
BLACK
6
CONTINUOUS
10
6.8172868110236218
20
-4.848799488188976
11
6.8108526771653546
21
-4.8475196456692915
0
LINE
8
BLACK
6
CONTINUOUS
10
6.8108526771653546
20
-4.8475196456692915
11
6.804791850393701
21
-4.8450091732283465
0
LINE
8
BLACK
6
CONTINUOUS
10
6.804791850393701
20
-4.8450091732283465
11
6.7993372440944881
21
-4.8413645275590547
0
LINE
8
BLACK
6
CONTINUOUS
10
6.7993372440944881
20
-4.8413645275590547
11
6.7946984645669293
21
-4.8367257480314958
0
LINE
8
BLACK
6
CONTINUOUS
10
6.7946984645669293
20
-4.8367257480314958
11
6.7910538188976375
21
-4.8312711417322838
0
LINE
8
BLACK
6
CONTINUOUS
10
6.7910538188976375
20
-4.8312711417322838
11
6.7885433464566924
21
-4.8252103149606302
0
LINE
8
BLACK
6
CONTINUOUS
10
6.7885433464566924
20
-4.8252103149606302
11
6.7872635039370079
21
-4.8187761811023622
0
LINE
8
BLACK
6
CONTINUOUS
10
6.7872635039370079
20
-4.8187761811023622
11
6.7872635039370079
21
-4.8122159448818893
0
LINE
8
BLACK
6
CONTINUOUS
10
6.7872635039370079
20
-4.8122159448818893
11
6.7885433464566924
21
-4.8057818110236221
0
LINE
8
BLACK
6
CONTINUOUS
10
6.7885433464566924
20
-4.8057818110236221
11
6.7910538188976375
21
-4.7997209842519686
0
LINE
8
BLACK
6
CONTINUOUS
10
6.7910538188976375
20
-4.7997209842519686
11
6.7946984645669293
21
-4.7942663779527557
0
LINE
8
BLACK
6
CONTINUOUS
10
6.7946984645669293
20
-4.7942663779527557
11
6.7993372440944881
21
-4.7896275984251968
0
LINE
8
BLACK
6
CONTINUOUS
10
6.7993372440944881
20
-4.7896275984251968
11
6.804791850393701
21
-4.785982952755905
0
LINE
8
BLACK
6
CONTINUOUS
10
6.804791850393701
20
-4.785982952755905
11
6.8108526771653546
21
-4.7834724803149609
0
LINE
8
BLACK
6
CONTINUOUS
10
6.8108526771653546
20
-4.7834724803149609
11
6.8172868110236218
21
-4.7821926377952755
0
LINE
8
BLACK
6
CONTINUOUS
10
6.8172868110236218
20
-4.7821926377952755
11
6.8238470472440946
21
-4.7821926377952755
0
LINE
8
BLACK
6
CONTINUOUS
10
6.8238470472440946
20
-4.7821926377952755
11
6.8302811811023618
21
-4.7834724803149609
0
LINE
8
BLACK
6
CONTINUOUS
10
6.9302811811023624
20
-4.7834724803149609
11
6.9363420078740159
21
-4.785982952755905
0
LINE
8
BLACK
6
CONTINUOUS
10
6.9363420078740159
20
-4.785982952755905
11
6.9417966141732279
21
-4.7896275984251968
0
LINE
8
BLACK
6
CONTINUOUS
10
6.9417966141732279
20
-4.7896275984251968
11
6.9464353937007877
21
-4.7942663779527557
0
LINE
8
BLACK
6
CONTINUOUS
10
6.9464353937007877
20
-4.7942663779527557
11
6.9500800393700786
21
-4.7997209842519686
0
LINE
8
BLACK
6
CONTINUOUS
10
6.9500800393700786
20
-4.7997209842519686
11
6.9525905118110236
21
-4.8057818110236221
0
LINE
8
BLACK
6
CONTINUOUS
10
6.9525905118110236
20
-4.8057818110236221
11
6.9538703543307081
21
-4.8122159448818893
0
LINE
8
BLACK
6
CONTINUOUS
10
6.9538703543307081
20
-4.8122159448818893
11
6.9538703543307081
21
-4.8187761811023622
0
LINE
8
BLACK
6
CONTINUOUS
10
6.9538703543307081
20
-4.8187761811023622
11
6.9525905118110236
21
-4.8252103149606302
0
LINE
8
BLACK
6
CONTINUOUS
10
6.9525905118110236
20
-4.8252103149606302
11
6.9500800393700786
21
-4.8312711417322838
0
LINE
8
BLACK
6
CONTINUOUS
10
6.9500800393700786
20
-4.8312711417322838
11
6.9464353937007877
21
-4.8367257480314958
0
LINE
8
BLACK
6
CONTINUOUS
10
6.9464353937007877
20
-4.8367257480314958
11
6.9417966141732279
21
-4.8413645275590547
0
LINE
8
BLACK
6
CONTINUOUS
10
6.9417966141732279
20
-4.8413645275590547
11
6.9363420078740159
21
-4.8450091732283465
0
LINE
8
BLACK
6
CONTINUOUS
10
6.9363420078740159
20
-4.8450091732283465
11
6.9302811811023624
21
-4.8475196456692915
0
LINE
8
BLACK
6
CONTINUOUS
10
6.9302811811023624
20
-4.8475196456692915
11
6.9238470472440943
21
-4.848799488188976
0
LINE
8
BLACK
6
CONTINUOUS
10
6.9238470472440943
20
-4.848799488188976
11
6.9172868110236223
21
-4.848799488188976
0
LINE
8
BLACK
6
CONTINUOUS
10
6.9172868110236223
20
-4.848799488188976
11
6.9108526771653542
21
-4.8475196456692915
0
LINE
8
BLACK
6
CONTINUOUS
10
6.9108526771653542
20
-4.8475196456692915
11
6.9047918503937007
21
-4.8450091732283465
0
LINE
8
BLACK
6
CONTINUOUS
10
6.9047918503937007
20
-4.8450091732283465
11
6.8993372440944878
21
-4.8413645275590547
0
LINE
8
BLACK
6
CONTINUOUS
10
6.8993372440944878
20
-4.8413645275590547
11
6.8946984645669289
21
-4.8367257480314958
0
LINE
8
BLACK
6
CONTINUOUS
10
6.8946984645669289
20
-4.8367257480314958
11
6.891053818897638
21
-4.8312711417322838
0
LINE
8
BLACK
6
CONTINUOUS
10
6.891053818897638
20
-4.8312711417322838
11
6.888543346456693
21
-4.8252103149606302
0
LINE
8
BLACK
6
CONTINUOUS
10
6.888543346456693
20
-4.8252103149606302
11
6.8872635039370076
21
-4.8187761811023622
0
LINE
8
BLACK
6
CONTINUOUS
10
6.8872635039370076
20
-4.8187761811023622
11
6.8872635039370076
21
-4.8122159448818893
0
LINE
8
BLACK
6
CONTINUOUS
10
6.8872635039370076
20
-4.8122159448818893
11
6.888543346456693
21
-4.8057818110236221
0
LINE
8
BLACK
6
CONTINUOUS
10
6.888543346456693
20
-4.8057818110236221
11
6.891053818897638
21
-4.7997209842519686
0
LINE
8
BLACK
6
CONTINUOUS
10
6.891053818897638
20
-4.7997209842519686
11
6.8946984645669289
21
-4.7942663779527557
0
LINE
8
BLACK
6
CONTINUOUS
10
6.8946984645669289
20
-4.7942663779527557
11
6.8993372440944878
21
-4.7896275984251968
0
LINE
8
BLACK
6
CONTINUOUS
10
6.8993372440944878
20
-4.7896275984251968
11
6.9047918503937007
21
-4.785982952755905
0
LINE
8
BLACK
6
CONTINUOUS
10
6.9047918503937007
20
-4.785982952755905
11
6.9108526771653542
21
-4.7834724803149609
0
LINE
8
BLACK
6
CONTINUOUS
10
6.9108526771653542
20
-4.7834724803149609
11
6.9172868110236223
21
-4.7821926377952755
0
LINE
8
BLACK
6
CONTINUOUS
10
6.9172868110236223
20
-4.7821926377952755
11
6.9238470472440943
21
-4.7821926377952755
0
LINE
8
BLACK
6
CONTINUOUS
10
6.9238470472440943
20
-4.7821926377952755
11
6.9302811811023624
21
-4.7834724803149609
0
LINE
8
BLACK
6
CONTINUOUS
10
7.030281181102362
20
-4.7834724803149609
11
7.0363420078740155
21
-4.785982952755905
0
LINE
8
BLACK
6
CONTINUOUS
10
7.0363420078740155
20
-4.785982952755905
11
7.0417966141732284
21
-4.7896275984251968
0
LINE
8
BLACK
6
CONTINUOUS
10
7.0417966141732284
20
-4.7896275984251968
11
7.0464353937007873
21
-4.7942663779527557
0
LINE
8
BLACK
6
CONTINUOUS
10
7.0464353937007873
20
-4.7942663779527557
11
7.0500800393700782
21
-4.7997209842519686
0
LINE
8
BLACK
6
CONTINUOUS
10
7.0500800393700782
20
-4.7997209842519686
11
7.0525905118110233
21
-4.8057818110236221
0
LINE
8
BLACK
6
CONTINUOUS
10
7.0525905118110233
20
-4.8057818110236221
11
7.0538703543307086
21
-4.8122159448818893
0
LINE
8
BLACK
6
CONTINUOUS
10
7.0538703543307086
20
-4.8122159448818893
11
7.0538703543307086
21
-4.8187761811023622
0
LINE
8
BLACK
6
CONTINUOUS
10
7.0538703543307086
20
-4.8187761811023622
11
7.0525905118110233
21
-4.8252103149606302
0
LINE
8
BLACK
6
CONTINUOUS
10
7.0525905118110233
20
-4.8252103149606302
11
7.0500800393700782
21
-4.8312711417322838
0
LINE
8
BLACK
6
CONTINUOUS
10
7.0500800393700782
20
-4.8312711417322838
11
7.0464353937007873
21
-4.8367257480314958
0
LINE
8
BLACK
6
CONTINUOUS
10
7.0464353937007873
20
-4.8367257480314958
11
7.0417966141732284
21
-4.8413645275590547
0
LINE
8
BLACK
6
CONTINUOUS
10
7.0417966141732284
20
-4.8413645275590547
11
7.0363420078740155
21
-4.8450091732283465
0
LINE
8
BLACK
6
CONTINUOUS
10
7.0363420078740155
20
-4.8450091732283465
11
7.030281181102362
21
-4.8475196456692915
0
LINE
8
BLACK
6
CONTINUOUS
10
7.030281181102362
20
-4.8475196456692915
11
7.0238470472440939
21
-4.848799488188976
0
LINE
8
BLACK
6
CONTINUOUS
10
7.0238470472440939
20
-4.848799488188976
11
7.017286811023622
21
-4.848799488188976
0
LINE
8
BLACK
6
CONTINUOUS
10
7.017286811023622
20
-4.848799488188976
11
7.0108526771653539
21
-4.8475196456692915
0
LINE
8
BLACK
6
CONTINUOUS
10
7.0108526771653539
20
-4.8475196456692915
11
7.0047918503937003
21
-4.8450091732283465
0
LINE
8
BLACK
6
CONTINUOUS
10
7.0047918503937003
20
-4.8450091732283465
11
6.9993372440944883
21
-4.8413645275590547
0
LINE
8
BLACK
6
CONTINUOUS
10
6.9993372440944883
20
-4.8413645275590547
11
6.9946984645669286
21
-4.8367257480314958
0
LINE
8
BLACK
6
CONTINUOUS
10
6.9946984645669286
20
-4.8367257480314958
11
6.9910538188976377
21
-4.8312711417322838
0
LINE
8
BLACK
6
CONTINUOUS
10
6.9910538188976377
20
-4.8312711417322838
11
6.9885433464566926
21
-4.8252103149606302
0
LINE
8
BLACK
6
CONTINUOUS
10
6.9885433464566926
20
-4.8252103149606302
11
6.9872635039370081
21
-4.8187761811023622
0
LINE
8
BLACK
6
CONTINUOUS
10
6.9872635039370081
20
-4.8187761811023622
11
6.9872635039370081
21
-4.8122159448818893
0
LINE
8
BLACK
6
CONTINUOUS
10
6.9872635039370081
20
-4.8122159448818893
11
6.9885433464566926
21
-4.8057818110236221
0
LINE
8
BLACK
6
CONTINUOUS
10
6.9885433464566926
20
-4.8057818110236221
11
6.9910538188976377
21
-4.7997209842519686
0
LINE
8
BLACK
6
CONTINUOUS
10
6.9910538188976377
20
-4.7997209842519686
11
6.9946984645669286
21
-4.7942663779527557
0
LINE
8
BLACK
6
CONTINUOUS
10
6.9946984645669286
20
-4.7942663779527557
11
6.9993372440944883
21
-4.7896275984251968
0
LINE
8
BLACK
6
CONTINUOUS
10
6.9993372440944883
20
-4.7896275984251968
11
7.0047918503937003
21
-4.785982952755905
0
LINE
8
BLACK
6
CONTINUOUS
10
7.0047918503937003
20
-4.785982952755905
11
7.0108526771653539
21
-4.7834724803149609
0
LINE
8
BLACK
6
CONTINUOUS
10
7.0108526771653539
20
-4.7834724803149609
11
7.017286811023622
21
-4.7821926377952755
0
LINE
8
BLACK
6
CONTINUOUS
10
7.017286811023622
20
-4.7821926377952755
11
7.0238470472440939
21
-4.7821926377952755
0
LINE
8
BLACK
6
CONTINUOUS
10
7.0238470472440939
20
-4.7821926377952755
11
7.030281181102362
21
-4.7834724803149609
0
LINE
8
BLACK
6
CONTINUOUS
10
4.2180314960629923
20
-4.7869606299212597
11
4.1511023622047247
21
-4.7869606299212597
0
LINE
8
BLACK
6
CONTINUOUS
10
4.1511023622047247
20
-4.7869606299212597
11
4.1511023622047247
21
-4.7200314960629921
0
LINE
8
BLACK
6
CONTINUOUS
10
4.1511023622047247
20
-4.7200314960629921
11
4.2180314960629923
21
-4.7200314960629921
0
LINE
8
BLACK
6
CONTINUOUS
10
4.2180314960629923
20
-4.7200314960629921
11
4.2180314960629923
21
-4.7869606299212597
0
LINE
8
BLACK
6
CONTINUOUS
10
7.6382811811023616
20
-4.7080630314960628
11
7.6443420078740152
21
-4.7105735039370078
0
LINE
8
BLACK
6
CONTINUOUS
10
7.6443420078740152
20
-4.7105735039370078
11
7.6497966141732281
21
-4.7142181496062987
0
LINE
8
BLACK
6
CONTINUOUS
10
7.6497966141732281
20
-4.7142181496062987
11
7.654435393700787
21
-4.7188569291338585
0
LINE
8
BLACK
6
CONTINUOUS
10
7.654435393700787
20
-4.7188569291338585
11
7.6580800393700788
21
-4.7243115354330705
0
LINE
8
BLACK
6
CONTINUOUS
10
7.6580800393700788
20
-4.7243115354330705
11
7.6605905118110238
21
-4.730372362204724
0
LINE
8
BLACK
6
CONTINUOUS
10
7.6605905118110238
20
-4.730372362204724
11
7.6618703543307083
21
-4.7368064960629921
0
LINE
8
BLACK
6
CONTINUOUS
10
7.6618703543307083
20
-4.7368064960629921
11
7.6618703543307083
21
-4.7433667322834641
0
LINE
8
BLACK
6
CONTINUOUS
10
7.6618703543307083
20
-4.7433667322834641
11
7.6605905118110238
21
-4.7498008661417321
0
LINE
8
BLACK
6
CONTINUOUS
10
7.6605905118110238
20
-4.7498008661417321
11
7.6580800393700788
21
-4.7558616929133857
0
LINE
8
BLACK
6
CONTINUOUS
10
7.6580800393700788
20
-4.7558616929133857
11
7.654435393700787
21
-4.7613162992125986
0
LINE
8
BLACK
6
CONTINUOUS
10
7.654435393700787
20
-4.7613162992125986
11
7.6497966141732281
21
-4.7659550787401574
0
LINE
8
BLACK
6
CONTINUOUS
10
7.6497966141732281
20
-4.7659550787401574
11
7.6443420078740152
21
-4.7695997244094483
0
LINE
8
BLACK
6
CONTINUOUS
10
7.6443420078740152
20
-4.7695997244094483
11
7.6382811811023616
21
-4.7721101968503934
0
LINE
8
BLACK
6
CONTINUOUS
10
7.6382811811023616
20
-4.7721101968503934
11
7.6318470472440945
21
-4.7733900393700788
0
LINE
8
BLACK
6
CONTINUOUS
10
7.6318470472440945
20
-4.7733900393700788
11
7.6252868110236216
21
-4.7733900393700788
0
LINE
8
BLACK
6
CONTINUOUS
10
7.6252868110236216
20
-4.7733900393700788
11
7.6188526771653544
21
-4.7721101968503934
0
LINE
8
BLACK
6
CONTINUOUS
10
7.6188526771653544
20
-4.7721101968503934
11
7.6127918503937009
21
-4.7695997244094483
0
LINE
8
BLACK
6
CONTINUOUS
10
7.6127918503937009
20
-4.7695997244094483
11
7.607337244094488
21
-4.7659550787401574
0
LINE
8
BLACK
6
CONTINUOUS
10
7.607337244094488
20
-4.7659550787401574
11
7.6026984645669291
21
-4.7613162992125986
0
LINE
8
BLACK
6
CONTINUOUS
10
7.6026984645669291
20
-4.7613162992125986
11
7.5990538188976373
21
-4.7558616929133857
0
LINE
8
BLACK
6
CONTINUOUS
10
7.5990538188976373
20
-4.7558616929133857
11
7.5965433464566932
21
-4.7498008661417321
0
LINE
8
BLACK
6
CONTINUOUS
10
7.5965433464566932
20
-4.7498008661417321
11
7.5952635039370078
21
-4.7433667322834641
0
LINE
8
BLACK
6
CONTINUOUS
10
7.5952635039370078
20
-4.7433667322834641
11
7.5952635039370078
21
-4.7368064960629921
0
LINE
8
BLACK
6
CONTINUOUS
10
7.5952635039370078
20
-4.7368064960629921
11
7.5965433464566932
21
-4.730372362204724
0
LINE
8
BLACK
6
CONTINUOUS
10
7.5965433464566932
20
-4.730372362204724
11
7.5990538188976373
21
-4.7243115354330705
0
LINE
8
BLACK
6
CONTINUOUS
10
7.5990538188976373
20
-4.7243115354330705
11
7.6026984645669291
21
-4.7188569291338585
0
LINE
8
BLACK
6
CONTINUOUS
10
7.6026984645669291
20
-4.7188569291338585
11
7.607337244094488
21
-4.7142181496062987
0
LINE
8
BLACK
6
CONTINUOUS
10
7.607337244094488
20
-4.7142181496062987
11
7.6127918503937009
21
-4.7105735039370078
0
LINE
8
BLACK
6
CONTINUOUS
10
7.6127918503937009
20
-4.7105735039370078
11
7.6188526771653544
21
-4.7080630314960628
0
LINE
8
BLACK
6
CONTINUOUS
10
7.6188526771653544
20
-4.7080630314960628
11
7.6252868110236216
21
-4.7067831889763783
0
LINE
8
BLACK
6
CONTINUOUS
10
7.6252868110236216
20
-4.7067831889763783
11
7.6318470472440945
21
-4.7067831889763783
0
LINE
8
BLACK
6
CONTINUOUS
10
7.6318470472440945
20
-4.7067831889763783
11
7.6382811811023616
21
-4.7080630314960628
0
LINE
8
BLACK
6
CONTINUOUS
10
7.6382811811023616
20
-4.6080630314960631
11
7.6443420078740152
21
-4.6105735039370082
0
LINE
8
BLACK
6
CONTINUOUS
10
7.6443420078740152
20
-4.6105735039370082
11
7.6497966141732281
21
-4.6142181496062991
0
LINE
8
BLACK
6
CONTINUOUS
10
7.6497966141732281
20
-4.6142181496062991
11
7.654435393700787
21
-4.6188569291338579
0
LINE
8
BLACK
6
CONTINUOUS
10
7.654435393700787
20
-4.6188569291338579
11
7.6580800393700788
21
-4.6243115354330708
0
LINE
8
BLACK
6
CONTINUOUS
10
7.6580800393700788
20
-4.6243115354330708
11
7.6605905118110238
21
-4.6303723622047244
0
LINE
8
BLACK
6
CONTINUOUS
10
7.6605905118110238
20
-4.6303723622047244
11
7.6618703543307083
21
-4.6368064960629924
0
LINE
8
BLACK
6
CONTINUOUS
10
7.6618703543307083
20
-4.6368064960629924
11
7.6618703543307083
21
-4.6433667322834644
0
LINE
8
BLACK
6
CONTINUOUS
10
7.6618703543307083
20
-4.6433667322834644
11
7.6605905118110238
21
-4.6498008661417325
0
LINE
8
BLACK
6
CONTINUOUS
10
7.6605905118110238
20
-4.6498008661417325
11
7.6580800393700788
21
-4.655861692913386
0
LINE
8
BLACK
6
CONTINUOUS
10
7.6580800393700788
20
-4.655861692913386
11
7.654435393700787
21
-4.661316299212598
0
LINE
8
BLACK
6
CONTINUOUS
10
7.654435393700787
20
-4.661316299212598
11
7.6497966141732281
21
-4.6659550787401578
0
LINE
8
BLACK
6
CONTINUOUS
10
7.6497966141732281
20
-4.6659550787401578
11
7.6443420078740152
21
-4.6695997244094487
0
LINE
8
BLACK
6
CONTINUOUS
10
7.6443420078740152
20
-4.6695997244094487
11
7.6382811811023616
21
-4.6721101968503937
0
LINE
8
BLACK
6
CONTINUOUS
10
7.6382811811023616
20
-4.6721101968503937
11
7.6318470472440945
21
-4.6733900393700782
0
LINE
8
BLACK
6
CONTINUOUS
10
7.6318470472440945
20
-4.6733900393700782
11
7.6252868110236216
21
-4.6733900393700782
0
LINE
8
BLACK
6
CONTINUOUS
10
7.6252868110236216
20
-4.6733900393700782
11
7.6188526771653544
21
-4.6721101968503937
0
LINE
8
BLACK
6
CONTINUOUS
10
7.6188526771653544
20
-4.6721101968503937
11
7.6127918503937009
21
-4.6695997244094487
0
LINE
8
BLACK
6
CONTINUOUS
10
7.6127918503937009
20
-4.6695997244094487
11
7.607337244094488
21
-4.6659550787401578
0
LINE
8
BLACK
6
CONTINUOUS
10
7.607337244094488
20
-4.6659550787401578
11
7.6026984645669291
21
-4.661316299212598
0
LINE
8
BLACK
6
CONTINUOUS
10
7.6026984645669291
20
-4.661316299212598
11
7.5990538188976373
21
-4.655861692913386
0
LINE
8
BLACK
6
CONTINUOUS
10
7.5990538188976373
20
-4.655861692913386
11
7.5965433464566932
21
-4.6498008661417325
0
LINE
8
BLACK
6
CONTINUOUS
10
7.5965433464566932
20
-4.6498008661417325
11
7.5952635039370078
21
-4.6433667322834644
0
LINE
8
BLACK
6
CONTINUOUS
10
7.5952635039370078
20
-4.6433667322834644
11
7.5952635039370078
21
-4.6368064960629924
0
LINE
8
BLACK
6
CONTINUOUS
10
7.5952635039370078
20
-4.6368064960629924
11
7.5965433464566932
21
-4.6303723622047244
0
LINE
8
BLACK
6
CONTINUOUS
10
7.5965433464566932
20
-4.6303723622047244
11
7.5990538188976373
21
-4.6243115354330708
0
LINE
8
BLACK
6
CONTINUOUS
10
7.5990538188976373
20
-4.6243115354330708
11
7.6026984645669291
21
-4.6188569291338579
0
LINE
8
BLACK
6
CONTINUOUS
10
7.6026984645669291
20
-4.6188569291338579
11
7.607337244094488
21
-4.6142181496062991
0
LINE
8
BLACK
6
CONTINUOUS
10
7.607337244094488
20
-4.6142181496062991
11
7.6127918503937009
21
-4.6105735039370082
0
LINE
8
BLACK
6
CONTINUOUS
10
7.6127918503937009
20
-4.6105735039370082
11
7.6188526771653544
21
-4.6080630314960631
0
LINE
8
BLACK
6
CONTINUOUS
10
7.6188526771653544
20
-4.6080630314960631
11
7.6252868110236216
21
-4.6067831889763777
0
LINE
8
BLACK
6
CONTINUOUS
10
7.6252868110236216
20
-4.6067831889763777
11
7.6318470472440945
21
-4.6067831889763777
0
LINE
8
BLACK
6
CONTINUOUS
10
7.6318470472440945
20
-4.6067831889763777
11
7.6382811811023616
21
-4.6080630314960631
0
LINE
8
BLACK
6
CONTINUOUS
10
4.1942811811023617
20
-4.5740551574803145
11
4.2003420078740152
21
-4.5765656299212596
0
LINE
8
BLACK
6
CONTINUOUS
10
4.2003420078740152
20
-4.5765656299212596
11
4.2057966141732281
21
-4.5802102755905514
0
LINE
8
BLACK
6
CONTINUOUS
10
4.2057966141732281
20
-4.5802102755905514
11
4.210435393700787
21
-4.5848490551181103
0
LINE
8
BLACK
6
CONTINUOUS
10
4.210435393700787
20
-4.5848490551181103
11
4.2140800393700788
21
-4.5903036614173232
0
LINE
8
BLACK
6
CONTINUOUS
10
4.2140800393700788
20
-4.5903036614173232
11
4.2165905118110238
21
-4.5963644881889767
0
LINE
8
BLACK
6
CONTINUOUS
10
4.2165905118110238
20
-4.5963644881889767
11
4.2178703543307083
21
-4.6027986220472439
0
LINE
8
BLACK
6
CONTINUOUS
10
4.2178703543307083
20
-4.6027986220472439
11
4.2178703543307083
21
-4.6093588582677167
0
LINE
8
BLACK
6
CONTINUOUS
10
4.2178703543307083
20
-4.6093588582677167
11
4.2165905118110238
21
-4.6157929921259839
0
LINE
8
BLACK
6
CONTINUOUS
10
4.2165905118110238
20
-4.6157929921259839
11
4.2140800393700788
21
-4.6218538188976375
0
LINE
8
BLACK
6
CONTINUOUS
10
4.2140800393700788
20
-4.6218538188976375
11
4.210435393700787
21
-4.6273084251968504
0
LINE
8
BLACK
6
CONTINUOUS
10
4.210435393700787
20
-4.6273084251968504
11
4.2057966141732281
21
-4.6319472047244092
0
LINE
8
BLACK
6
CONTINUOUS
10
4.2057966141732281
20
-4.6319472047244092
11
4.2003420078740152
21
-4.635591850393701
0
LINE
8
BLACK
6
CONTINUOUS
10
4.2003420078740152
20
-4.635591850393701
11
4.1942811811023617
21
-4.6381023228346452
0
LINE
8
BLACK
6
CONTINUOUS
10
4.1942811811023617
20
-4.6381023228346452
11
4.1878470472440945
21
-4.6393821653543306
0
LINE
8
BLACK
6
CONTINUOUS
10
4.1878470472440945
20
-4.6393821653543306
11
4.1812868110236217
21
-4.6393821653543306
0
LINE
8
BLACK
6
CONTINUOUS
10
4.1812868110236217
20
-4.6393821653543306
11
4.1748526771653545
21
-4.6381023228346452
0
LINE
8
BLACK
6
CONTINUOUS
10
4.1748526771653545
20
-4.6381023228346452
11
4.1687918503937009
21
-4.635591850393701
0
LINE
8
BLACK
6
CONTINUOUS
10
4.1687918503937009
20
-4.635591850393701
11
4.163337244094488
21
-4.6319472047244092
0
LINE
8
BLACK
6
CONTINUOUS
10
4.163337244094488
20
-4.6319472047244092
11
4.1586984645669292
21
-4.6273084251968504
0
LINE
8
BLACK
6
CONTINUOUS
10
4.1586984645669292
20
-4.6273084251968504
11
4.1550538188976374
21
-4.6218538188976375
0
LINE
8
BLACK
6
CONTINUOUS
10
4.1550538188976374
20
-4.6218538188976375
11
4.1525433464566932
21
-4.6157929921259839
0
LINE
8
BLACK
6
CONTINUOUS
10
4.1525433464566932
20
-4.6157929921259839
11
4.1512635039370078
21
-4.6093588582677167
0
LINE
8
BLACK
6
CONTINUOUS
10
4.1512635039370078
20
-4.6093588582677167
11
4.1512635039370078
21
-4.6027986220472439
0
LINE
8
BLACK
6
CONTINUOUS
10
4.1512635039370078
20
-4.6027986220472439
11
4.1525433464566932
21
-4.5963644881889767
0
LINE
8
BLACK
6
CONTINUOUS
10
4.1525433464566932
20
-4.5963644881889767
11
4.1550538188976374
21
-4.5903036614173232
0
LINE
8
BLACK
6
CONTINUOUS
10
4.1550538188976374
20
-4.5903036614173232
11
4.1586984645669292
21
-4.5848490551181103
0
LINE
8
BLACK
6
CONTINUOUS
10
4.1586984645669292
20
-4.5848490551181103
11
4.163337244094488
21
-4.5802102755905514
0
LINE
8
BLACK
6
CONTINUOUS
10
4.163337244094488
20
-4.5802102755905514
11
4.1687918503937009
21
-4.5765656299212596
0
LINE
8
BLACK
6
CONTINUOUS
10
4.1687918503937009
20
-4.5765656299212596
11
4.1748526771653545
21
-4.5740551574803145
0
LINE
8
BLACK
6
CONTINUOUS
10
4.1748526771653545
20
-4.5740551574803145
11
4.1812868110236217
21
-4.5727753149606301
0
LINE
8
BLACK
6
CONTINUOUS
10
4.1812868110236217
20
-4.5727753149606301
11
4.1878470472440945
21
-4.5727753149606301
0
LINE
8
BLACK
6
CONTINUOUS
10
4.1878470472440945
20
-4.5727753149606301
11
4.1942811811023617
21
-4.5740551574803145
0
LINE
8
BLACK
6
CONTINUOUS
10
4.1942811811023617
20
-4.4740551574803149
11
4.2003420078740152
21
-4.4765656299212599
0
LINE
8
BLACK
6
CONTINUOUS
10
4.2003420078740152
20
-4.4765656299212599
11
4.2057966141732281
21
-4.4802102755905509
0
LINE
8
BLACK
6
CONTINUOUS
10
4.2057966141732281
20
-4.4802102755905509
11
4.210435393700787
21
-4.4848490551181097
0
LINE
8
BLACK
6
CONTINUOUS
10
4.210435393700787
20
-4.4848490551181097
11
4.2140800393700788
21
-4.4903036614173226
0
LINE
8
BLACK
6
CONTINUOUS
10
4.2140800393700788
20
-4.4903036614173226
11
4.2165905118110238
21
-4.4963644881889762
0
LINE
8
BLACK
6
CONTINUOUS
10
4.2165905118110238
20
-4.4963644881889762
11
4.2178703543307083
21
-4.5027986220472442
0
LINE
8
BLACK
6
CONTINUOUS
10
4.2178703543307083
20
-4.5027986220472442
11
4.2178703543307083
21
-4.5093588582677162
0
LINE
8
BLACK
6
CONTINUOUS
10
4.2178703543307083
20
-4.5093588582677162
11
4.2165905118110238
21
-4.5157929921259843
0
LINE
8
BLACK
6
CONTINUOUS
10
4.2165905118110238
20
-4.5157929921259843
11
4.2140800393700788
21
-4.5218538188976378
0
LINE
8
BLACK
6
CONTINUOUS
10
4.2140800393700788
20
-4.5218538188976378
11
4.210435393700787
21
-4.5273084251968507
0
LINE
8
BLACK
6
CONTINUOUS
10
4.210435393700787
20
-4.5273084251968507
11
4.2057966141732281
21
-4.5319472047244096
0
LINE
8
BLACK
6
CONTINUOUS
10
4.2057966141732281
20
-4.5319472047244096
11
4.2003420078740152
21
-4.5355918503937005
0
LINE
8
BLACK
6
CONTINUOUS
10
4.2003420078740152
20
-4.5355918503937005
11
4.1942811811023617
21
-4.5381023228346455
0
LINE
8
BLACK
6
CONTINUOUS
10
4.1942811811023617
20
-4.5381023228346455
11
4.1878470472440945
21
-4.5393821653543309
0
LINE
8
BLACK
6
CONTINUOUS
10
4.1878470472440945
20
-4.5393821653543309
11
4.1812868110236217
21
-4.5393821653543309
0
LINE
8
BLACK
6
CONTINUOUS
10
4.1812868110236217
20
-4.5393821653543309
11
4.1748526771653545
21
-4.5381023228346455
0
LINE
8
BLACK
6
CONTINUOUS
10
4.1748526771653545
20
-4.5381023228346455
11
4.1687918503937009
21
-4.5355918503937005
0
LINE
8
BLACK
6
CONTINUOUS
10
4.1687918503937009
20
-4.5355918503937005
11
4.163337244094488
21
-4.5319472047244096
0
LINE
8
BLACK
6
CONTINUOUS
10
4.163337244094488
20
-4.5319472047244096
11
4.1586984645669292
21
-4.5273084251968507
0
LINE
8
BLACK
6
CONTINUOUS
10
4.1586984645669292
20
-4.5273084251968507
11
4.1550538188976374
21
-4.5218538188976378
0
LINE
8
BLACK
6
CONTINUOUS
10
4.1550538188976374
20
-4.5218538188976378
11
4.1525433464566932
21
-4.5157929921259843
0
LINE
8
BLACK
6
CONTINUOUS
10
4.1525433464566932
20
-4.5157929921259843
11
4.1512635039370078
21
-4.5093588582677162
0
LINE
8
BLACK
6
CONTINUOUS
10
4.1512635039370078
20
-4.5093588582677162
11
4.1512635039370078
21
-4.5027986220472442
0
LINE
8
BLACK
6
CONTINUOUS
10
4.1512635039370078
20
-4.5027986220472442
11
4.1525433464566932
21
-4.4963644881889762
0
LINE
8
BLACK
6
CONTINUOUS
10
4.1525433464566932
20
-4.4963644881889762
11
4.1550538188976374
21
-4.4903036614173226
0
LINE
8
BLACK
6
CONTINUOUS
10
4.1550538188976374
20
-4.4903036614173226
11
4.1586984645669292
21
-4.4848490551181097
0
LINE
8
BLACK
6
CONTINUOUS
10
4.1586984645669292
20
-4.4848490551181097
11
4.163337244094488
21
-4.4802102755905509
0
LINE
8
BLACK
6
CONTINUOUS
10
4.163337244094488
20
-4.4802102755905509
11
4.1687918503937009
21
-4.4765656299212599
0
LINE
8
BLACK
6
CONTINUOUS
10
4.1687918503937009
20
-4.4765656299212599
11
4.1748526771653545
21
-4.4740551574803149
0
LINE
8
BLACK
6
CONTINUOUS
10
4.1748526771653545
20
-4.4740551574803149
11
4.1812868110236217
21
-4.4727753149606295
0
LINE
8
BLACK
6
CONTINUOUS
10
4.1812868110236217
20
-4.4727753149606295
11
4.1878470472440945
21
-4.4727753149606295
0
LINE
8
BLACK
6
CONTINUOUS
10
4.1878470472440945
20
-4.4727753149606295
11
4.1942811811023617
21
-4.4740551574803149
0
LINE
8
BLACK
6
CONTINUOUS
10
7.6640314960629921
20
-4.5249606299212601
11
7.5971023622047245
21
-4.5249606299212601
0
LINE
8
BLACK
6
CONTINUOUS
10
7.5971023622047245
20
-4.5249606299212601
11
7.5971023622047245
21
-4.4580314960629916
0
LINE
8
BLACK
6
CONTINUOUS
10
7.5971023622047245
20
-4.4580314960629916
11
7.6640314960629921
21
-4.4580314960629916
0
LINE
8
BLACK
6
CONTINUOUS
10
7.6640314960629921
20
-4.4580314960629916
11
7.6640314960629921
21
-4.5249606299212601
0
LINE
8
BLACK
6
CONTINUOUS
10
4.1942811811023617
20
-4.3740551574803153
11
4.2003420078740152
21
-4.3765656299212594
0
LINE
8
BLACK
6
CONTINUOUS
10
4.2003420078740152
20
-4.3765656299212594
11
4.2057966141732281
21
-4.3802102755905512
0
LINE
8
BLACK
6
CONTINUOUS
10
4.2057966141732281
20
-4.3802102755905512
11
4.210435393700787
21
-4.3848490551181101
0
LINE
8
BLACK
6
CONTINUOUS
10
4.210435393700787
20
-4.3848490551181101
11
4.2140800393700788
21
-4.390303661417323
0
LINE
8
BLACK
6
CONTINUOUS
10
4.2140800393700788
20
-4.390303661417323
11
4.2165905118110238
21
-4.3963644881889765
0
LINE
8
BLACK
6
CONTINUOUS
10
4.2165905118110238
20
-4.3963644881889765
11
4.2178703543307083
21
-4.4027986220472437
0
LINE
8
BLACK
6
CONTINUOUS
10
4.2178703543307083
20
-4.4027986220472437
11
4.2178703543307083
21
-4.4093588582677166
0
LINE
8
BLACK
6
CONTINUOUS
10
4.2178703543307083
20
-4.4093588582677166
11
4.2165905118110238
21
-4.4157929921259838
0
LINE
8
BLACK
6
CONTINUOUS
10
4.2165905118110238
20
-4.4157929921259838
11
4.2140800393700788
21
-4.4218538188976373
0
LINE
8
BLACK
6
CONTINUOUS
10
4.2140800393700788
20
-4.4218538188976373
11
4.210435393700787
21
-4.4273084251968502
0
LINE
8
BLACK
6
CONTINUOUS
10
4.210435393700787
20
-4.4273084251968502
11
4.2057966141732281
21
-4.4319472047244091
0
LINE
8
BLACK
6
CONTINUOUS
10
4.2057966141732281
20
-4.4319472047244091
11
4.2003420078740152
21
-4.4355918503937009
0
LINE
8
BLACK
6
CONTINUOUS
10
4.2003420078740152
20
-4.4355918503937009
11
4.1942811811023617
21
-4.4381023228346459
0
LINE
8
BLACK
6
CONTINUOUS
10
4.1942811811023617
20
-4.4381023228346459
11
4.1878470472440945
21
-4.4393821653543304
0
LINE
8
BLACK
6
CONTINUOUS
10
4.1878470472440945
20
-4.4393821653543304
11
4.1812868110236217
21
-4.4393821653543304
0
LINE
8
BLACK
6
CONTINUOUS
10
4.1812868110236217
20
-4.4393821653543304
11
4.1748526771653545
21
-4.4381023228346459
0
LINE
8
BLACK
6
CONTINUOUS
10
4.1748526771653545
20
-4.4381023228346459
11
4.1687918503937009
21
-4.4355918503937009
0
LINE
8
BLACK
6
CONTINUOUS
10
4.1687918503937009
20
-4.4355918503937009
11
4.163337244094488
21
-4.4319472047244091
0
LINE
8
BLACK
6
CONTINUOUS
10
4.163337244094488
20
-4.4319472047244091
11
4.1586984645669292
21
-4.4273084251968502
0
LINE
8
BLACK
6
CONTINUOUS
10
4.1586984645669292
20
-4.4273084251968502
11
4.1550538188976374
21
-4.4218538188976373
0
LINE
8
BLACK
6
CONTINUOUS
10
4.1550538188976374
20
-4.4218538188976373
11
4.1525433464566932
21
-4.4157929921259838
0
LINE
8
BLACK
6
CONTINUOUS
10
4.1525433464566932
20
-4.4157929921259838
11
4.1512635039370078
21
-4.4093588582677166
0
LINE
8
BLACK
6
CONTINUOUS
10
4.1512635039370078
20
-4.4093588582677166
11
4.1512635039370078
21
-4.4027986220472437
0
LINE
8
BLACK
6
CONTINUOUS
10
4.1512635039370078
20
-4.4027986220472437
11
4.1525433464566932
21
-4.3963644881889765
0
LINE
8
BLACK
6
CONTINUOUS
10
4.1525433464566932
20
-4.3963644881889765
11
4.1550538188976374
21
-4.390303661417323
0
LINE
8
BLACK
6
CONTINUOUS
10
4.1550538188976374
20
-4.390303661417323
11
4.1586984645669292
21
-4.3848490551181101
0
LINE
8
BLACK
6
CONTINUOUS
10
4.1586984645669292
20
-4.3848490551181101
11
4.163337244094488
21
-4.3802102755905512
0
LINE
8
BLACK
6
CONTINUOUS
10
4.163337244094488
20
-4.3802102755905512
11
4.1687918503937009
21
-4.3765656299212594
0
LINE
8
BLACK
6
CONTINUOUS
10
4.1687918503937009
20
-4.3765656299212594
11
4.1748526771653545
21
-4.3740551574803153
0
LINE
8
BLACK
6
CONTINUOUS
10
4.1748526771653545
20
-4.3740551574803153
11
4.1812868110236217
21
-4.3727753149606299
0
LINE
8
BLACK
6
CONTINUOUS
10
4.1812868110236217
20
-4.3727753149606299
11
4.1878470472440945
21
-4.3727753149606299
0
LINE
8
BLACK
6
CONTINUOUS
10
4.1878470472440945
20
-4.3727753149606299
11
4.1942811811023617
21
-4.3740551574803153
0
LINE
8
BLACK
6
CONTINUOUS
10
7.6402811811023623
20
-4.3594724803149605
11
7.6463420078740159
21
-4.3619829527559055
0
LINE
8
BLACK
6
CONTINUOUS
10
7.6463420078740159
20
-4.3619829527559055
11
7.6517966141732279
21
-4.3656275984251964
0
LINE
8
BLACK
6
CONTINUOUS
10
7.6517966141732279
20
-4.3656275984251964
11
7.6564353937007876
21
-4.3702663779527562
0
LINE
8
BLACK
6
CONTINUOUS
10
7.6564353937007876
20
-4.3702663779527562
11
7.6600800393700785
21
-4.3757209842519682
0
LINE
8
BLACK
6
CONTINUOUS
10
7.6600800393700785
20
-4.3757209842519682
11
7.6625905118110236
21
-4.3817818110236217
0
LINE
8
BLACK
6
CONTINUOUS
10
7.6625905118110236
20
-4.3817818110236217
11
7.6638703543307081
21
-4.3882159448818898
0
LINE
8
BLACK
6
CONTINUOUS
10
7.6638703543307081
20
-4.3882159448818898
11
7.6638703543307081
21
-4.3947761811023618
0
LINE
8
BLACK
6
CONTINUOUS
10
7.6638703543307081
20
-4.3947761811023618
11
7.6625905118110236
21
-4.4012103149606299
0
LINE
8
BLACK
6
CONTINUOUS
10
7.6625905118110236
20
-4.4012103149606299
11
7.6600800393700785
21
-4.4072711417322834
0
LINE
8
BLACK
6
CONTINUOUS
10
7.6600800393700785
20
-4.4072711417322834
11
7.6564353937007876
21
-4.4127257480314963
0
LINE
8
BLACK
6
CONTINUOUS
10
7.6564353937007876
20
-4.4127257480314963
11
7.6517966141732279
21
-4.4173645275590552
0
LINE
8
BLACK
6
CONTINUOUS
10
7.6517966141732279
20
-4.4173645275590552
11
7.6463420078740159
21
-4.4210091732283461
0
LINE
8
BLACK
6
CONTINUOUS
10
7.6463420078740159
20
-4.4210091732283461
11
7.6402811811023623
21
-4.4235196456692911
0
LINE
8
BLACK
6
CONTINUOUS
10
7.6402811811023623
20
-4.4235196456692911
11
7.6338470472440942
21
-4.4247994881889765
0
LINE
8
BLACK
6
CONTINUOUS
10
7.6338470472440942
20
-4.4247994881889765
11
7.6272868110236223
21
-4.4247994881889765
0
LINE
8
BLACK
6
CONTINUOUS
10
7.6272868110236223
20
-4.4247994881889765
11
7.6208526771653542
21
-4.4235196456692911
0
LINE
8
BLACK
6
CONTINUOUS
10
7.6208526771653542
20
-4.4235196456692911
11
7.6147918503937007
21
-4.4210091732283461
0
LINE
8
BLACK
6
CONTINUOUS
10
7.6147918503937007
20
-4.4210091732283461
11
7.6093372440944878
21
-4.4173645275590552
0
LINE
8
BLACK
6
CONTINUOUS
10
7.6093372440944878
20
-4.4173645275590552
11
7.6046984645669289
21
-4.4127257480314963
0
LINE
8
BLACK
6
CONTINUOUS
10
7.6046984645669289
20
-4.4127257480314963
11
7.601053818897638
21
-4.4072711417322834
0
LINE
8
BLACK
6
CONTINUOUS
10
7.601053818897638
20
-4.4072711417322834
11
7.5985433464566929
21
-4.4012103149606299
0
LINE
8
BLACK
6
CONTINUOUS
10
7.5985433464566929
20
-4.4012103149606299
11
7.5972635039370076
21
-4.3947761811023618
0
LINE
8
BLACK
6
CONTINUOUS
10
7.5972635039370076
20
-4.3947761811023618
11
7.5972635039370076
21
-4.3882159448818898
0
LINE
8
BLACK
6
CONTINUOUS
10
7.5972635039370076
20
-4.3882159448818898
11
7.5985433464566929
21
-4.3817818110236217
0
LINE
8
BLACK
6
CONTINUOUS
10
7.5985433464566929
20
-4.3817818110236217
11
7.601053818897638
21
-4.3757209842519682
0
LINE
8
BLACK
6
CONTINUOUS
10
7.601053818897638
20
-4.3757209842519682
11
7.6046984645669289
21
-4.3702663779527562
0
LINE
8
BLACK
6
CONTINUOUS
10
7.6046984645669289
20
-4.3702663779527562
11
7.6093372440944878
21
-4.3656275984251964
0
LINE
8
BLACK
6
CONTINUOUS
10
7.6093372440944878
20
-4.3656275984251964
11
7.6147918503937007
21
-4.3619829527559055
0
LINE
8
BLACK
6
CONTINUOUS
10
7.6147918503937007
20
-4.3619829527559055
11
7.6208526771653542
21
-4.3594724803149605
0
LINE
8
BLACK
6
CONTINUOUS
10
7.6208526771653542
20
-4.3594724803149605
11
7.6272868110236223
21
-4.3581926377952751
0
LINE
8
BLACK
6
CONTINUOUS
10
7.6272868110236223
20
-4.3581926377952751
11
7.6338470472440942
21
-4.3581926377952751
0
LINE
8
BLACK
6
CONTINUOUS
10
7.6338470472440942
20
-4.3581926377952751
11
7.6402811811023623
21
-4.3594724803149605
0
LINE
8
BLACK
6
CONTINUOUS
10
5.4479167322834643
20
-4.3106874015748033
11
5.4550471259842519
21
-4.3136409055118108
0
LINE
8
BLACK
6
CONTINUOUS
10
5.4550471259842519
20
-4.3136409055118108
11
5.4614642913385829
21
-4.3179287401574804
0
LINE
8
BLACK
6
CONTINUOUS
10
5.4614642913385829
20
-4.3179287401574804
11
5.4669216535433067
21
-4.3233861023622042
0
LINE
8
BLACK
6
CONTINUOUS
10
5.4669216535433067
20
-4.3233861023622042
11
5.4712094881889763
21
-4.3298032677165352
0
LINE
8
BLACK
6
CONTINUOUS
10
5.4712094881889763
20
-4.3298032677165352
11
5.4741629921259838
21
-4.3369336614173228
0
LINE
8
BLACK
6
CONTINUOUS
10
5.4741629921259838
20
-4.3369336614173228
11
5.4756687007874012
21
-4.3445032677165356
0
LINE
8
BLACK
6
CONTINUOUS
10
5.4756687007874012
20
-4.3445032677165356
11
5.4756687007874012
21
-4.3522211417322838
0
LINE
8
BLACK
6
CONTINUOUS
10
5.4756687007874012
20
-4.3522211417322838
11
5.4741629921259838
21
-4.3597907480314957
0
LINE
8
BLACK
6
CONTINUOUS
10
5.4741629921259838
20
-4.3597907480314957
11
5.4712094881889763
21
-4.3669211417322833
0
LINE
8
BLACK
6
CONTINUOUS
10
5.4712094881889763
20
-4.3669211417322833
11
5.4669216535433067
21
-4.3733383070866143
0
LINE
8
BLACK
6
CONTINUOUS
10
5.4669216535433067
20
-4.3733383070866143
11
5.4614642913385829
21
-4.3787956692913381
0
LINE
8
BLACK
6
CONTINUOUS
10
5.4614642913385829
20
-4.3787956692913381
11
5.4550471259842519
21
-4.3830835039370077
0
LINE
8
BLACK
6
CONTINUOUS
10
5.4550471259842519
20
-4.3830835039370077
11
5.4479167322834643
21
-4.3860370078740161
0
LINE
8
BLACK
6
CONTINUOUS
10
5.4479167322834643
20
-4.3860370078740161
11
5.4403471259842515
21
-4.3875427165354326
0
LINE
8
BLACK
6
CONTINUOUS
10
5.4403471259842515
20
-4.3875427165354326
11
5.4326292519685042
21
-4.3875427165354326
0
LINE
8
BLACK
6
CONTINUOUS
10
5.4326292519685042
20
-4.3875427165354326
11
5.4250596456692914
21
-4.3860370078740161
0
LINE
8
BLACK
6
CONTINUOUS
10
5.4250596456692914
20
-4.3860370078740161
11
5.4179292519685038
21
-4.3830835039370077
0
LINE
8
BLACK
6
CONTINUOUS
10
5.4179292519685038
20
-4.3830835039370077
11
5.4115120866141728
21
-4.3787956692913381
0
LINE
8
BLACK
6
CONTINUOUS
10
5.4115120866141728
20
-4.3787956692913381
11
5.406054724409449
21
-4.3733383070866143
0
LINE
8
BLACK
6
CONTINUOUS
10
5.406054724409449
20
-4.3733383070866143
11
5.4017668897637794
21
-4.3669211417322833
0
LINE
8
BLACK
6
CONTINUOUS
10
5.4017668897637794
20
-4.3669211417322833
11
5.3988133858267719
21
-4.3597907480314957
0
LINE
8
BLACK
6
CONTINUOUS
10
5.3988133858267719
20
-4.3597907480314957
11
5.3973076771653545
21
-4.3522211417322838
0
LINE
8
BLACK
6
CONTINUOUS
10
5.3973076771653545
20
-4.3522211417322838
11
5.3973076771653545
21
-4.3445032677165356
0
LINE
8
BLACK
6
CONTINUOUS
10
5.3973076771653545
20
-4.3445032677165356
11
5.3988133858267719
21
-4.3369336614173228
0
LINE
8
BLACK
6
CONTINUOUS
10
5.3988133858267719
20
-4.3369336614173228
11
5.4017668897637794
21
-4.3298032677165352
0
LINE
8
BLACK
6
CONTINUOUS
10
5.4017668897637794
20
-4.3298032677165352
11
5.406054724409449
21
-4.3233861023622042
0
LINE
8
BLACK
6
CONTINUOUS
10
5.406054724409449
20
-4.3233861023622042
11
5.4115120866141728
21
-4.3179287401574804
0
LINE
8
BLACK
6
CONTINUOUS
10
5.4115120866141728
20
-4.3179287401574804
11
5.4179292519685038
21
-4.3136409055118108
0
LINE
8
BLACK
6
CONTINUOUS
10
5.4179292519685038
20
-4.3136409055118108
11
5.4250596456692914
21
-4.3106874015748033
0
LINE
8
BLACK
6
CONTINUOUS
10
5.4250596456692914
20
-4.3106874015748033
11
5.4326292519685042
21
-4.3091816929133859
0
LINE
8
BLACK
6
CONTINUOUS
10
5.4326292519685042
20
-4.3091816929133859
11
5.4403471259842515
21
-4.3091816929133859
0
LINE
8
BLACK
6
CONTINUOUS
10
5.4403471259842515
20
-4.3091816929133859
11
5.4479167322834643
21
-4.3106874015748033
0
LINE
8
BLACK
6
CONTINUOUS
10
5.6250820866141735
20
-4.3106874015748033
11
5.6322124803149602
21
-4.3136409055118108
0
LINE
8
BLACK
6
CONTINUOUS
10
5.6322124803149602
20
-4.3136409055118108
11
5.6386296456692913
21
-4.3179287401574804
0
LINE
8
BLACK
6
CONTINUOUS
10
5.6386296456692913
20
-4.3179287401574804
11
5.644087007874016
21
-4.3233861023622042
0
LINE
8
BLACK
6
CONTINUOUS
10
5.644087007874016
20
-4.3233861023622042
11
5.6483748425196847
21
-4.3298032677165352
0
LINE
8
BLACK
6
CONTINUOUS
10
5.6483748425196847
20
-4.3298032677165352
11
5.651328346456693
21
-4.3369336614173228
0
LINE
8
BLACK
6
CONTINUOUS
10
5.651328346456693
20
-4.3369336614173228
11
5.6528340551181104
21
-4.3445032677165356
0
LINE
8
BLACK
6
CONTINUOUS
10
5.6528340551181104
20
-4.3445032677165356
11
5.6528340551181104
21
-4.3522211417322838
0
LINE
8
BLACK
6
CONTINUOUS
10
5.6528340551181104
20
-4.3522211417322838
11
5.651328346456693
21
-4.3597907480314957
0
LINE
8
BLACK
6
CONTINUOUS
10
5.651328346456693
20
-4.3597907480314957
11
5.6483748425196847
21
-4.3669211417322833
0
LINE
8
BLACK
6
CONTINUOUS
10
5.6483748425196847
20
-4.3669211417322833
11
5.644087007874016
21
-4.3733383070866143
0
LINE
8
BLACK
6
CONTINUOUS
10
5.644087007874016
20
-4.3733383070866143
11
5.6386296456692913
21
-4.3787956692913381
0
LINE
8
BLACK
6
CONTINUOUS
10
5.6386296456692913
20
-4.3787956692913381
11
5.6322124803149602
21
-4.3830835039370077
0
LINE
8
BLACK
6
CONTINUOUS
10
5.6322124803149602
20
-4.3830835039370077
11
5.6250820866141735
21
-4.3860370078740161
0
LINE
8
BLACK
6
CONTINUOUS
10
5.6250820866141735
20
-4.3860370078740161
11
5.6175124803149608
21
-4.3875427165354326
0
LINE
8
BLACK
6
CONTINUOUS
10
5.6175124803149608
20
-4.3875427165354326
11
5.6097946062992126
21
-4.3875427165354326
0
LINE
8
BLACK
6
CONTINUOUS
10
5.6097946062992126
20
-4.3875427165354326
11
5.6022249999999998
21
-4.3860370078740161
0
LINE
8
BLACK
6
CONTINUOUS
10
5.6022249999999998
20
-4.3860370078740161
11
5.5950946062992122
21
-4.3830835039370077
0
LINE
8
BLACK
6
CONTINUOUS
10
5.5950946062992122
20
-4.3830835039370077
11
5.5886774409448821
21
-4.3787956692913381
0
LINE
8
BLACK
6
CONTINUOUS
10
5.5886774409448821
20
-4.3787956692913381
11
5.5832200787401574
21
-4.3733383070866143
0
LINE
8
BLACK
6
CONTINUOUS
10
5.5832200787401574
20
-4.3733383070866143
11
5.5789322440944877
21
-4.3669211417322833
0
LINE
8
BLACK
6
CONTINUOUS
10
5.5789322440944877
20
-4.3669211417322833
11
5.5759787401574803
21
-4.3597907480314957
0
LINE
8
BLACK
6
CONTINUOUS
10
5.5759787401574803
20
-4.3597907480314957
11
5.5744730314960629
21
-4.3522211417322838
0
LINE
8
BLACK
6
CONTINUOUS
10
5.5744730314960629
20
-4.3522211417322838
11
5.5744730314960629
21
-4.3445032677165356
0
LINE
8
BLACK
6
CONTINUOUS
10
5.5744730314960629
20
-4.3445032677165356
11
5.5759787401574803
21
-4.3369336614173228
0
LINE
8
BLACK
6
CONTINUOUS
10
5.5759787401574803
20
-4.3369336614173228
11
5.5789322440944877
21
-4.3298032677165352
0
LINE
8
BLACK
6
CONTINUOUS
10
5.5789322440944877
20
-4.3298032677165352
11
5.5832200787401574
21
-4.3233861023622042
0
LINE
8
BLACK
6
CONTINUOUS
10
5.5832200787401574
20
-4.3233861023622042
11
5.5886774409448821
21
-4.3179287401574804
0
LINE
8
BLACK
6
CONTINUOUS
10
5.5886774409448821
20
-4.3179287401574804
11
5.5950946062992122
21
-4.3136409055118108
0
LINE
8
BLACK
6
CONTINUOUS
10
5.5950946062992122
20
-4.3136409055118108
11
5.6022249999999998
21
-4.3106874015748033
0
LINE
8
BLACK
6
CONTINUOUS
10
5.6022249999999998
20
-4.3106874015748033
11
5.6097946062992126
21
-4.3091816929133859
0
LINE
8
BLACK
6
CONTINUOUS
10
5.6097946062992126
20
-4.3091816929133859
11
5.6175124803149608
21
-4.3091816929133859
0
LINE
8
BLACK
6
CONTINUOUS
10
5.6175124803149608
20
-4.3091816929133859
11
5.6250820866141735
21
-4.3106874015748033
0
LINE
8
BLACK
6
CONTINUOUS
10
5.9473464566929133
20
-4.3539370078740154
11
5.9256929133858263
21
-4.3539370078740154
0
LINE
8
BLACK
6
CONTINUOUS
10
5.9256929133858263
20
-4.3539370078740154
11
5.9256929133858263
21
-4.2948818897637793
0
LINE
8
BLACK
6
CONTINUOUS
10
5.9256929133858263
20
-4.2948818897637793
11
5.9473464566929133
21
-4.2948818897637793
0
LINE
8
BLACK
6
CONTINUOUS
10
5.9473464566929133
20
-4.2948818897637793
11
5.9473464566929133
21
-4.3539370078740154
0
LINE
8
BLACK
6
CONTINUOUS
10
5.9788425196850392
20
-4.3539370078740154
11
5.9571889763779522
21
-4.3539370078740154
0
LINE
8
BLACK
6
CONTINUOUS
10
5.9571889763779522
20
-4.3539370078740154
11
5.9571889763779522
21
-4.2948818897637793
0
LINE
8
BLACK
6
CONTINUOUS
10
5.9571889763779522
20
-4.2948818897637793
11
5.9788425196850392
21
-4.2948818897637793
0
LINE
8
BLACK
6
CONTINUOUS
10
5.9788425196850392
20
-4.2948818897637793
11
5.9788425196850392
21
-4.3539370078740154
0
LINE
8
BLACK
6
CONTINUOUS
10
6.0103385826771651
20
-4.3539370078740154
11
5.988685039370079
21
-4.3539370078740154
0
LINE
8
BLACK
6
CONTINUOUS
10
5.988685039370079
20
-4.3539370078740154
11
5.988685039370079
21
-4.2948818897637793
0
LINE
8
BLACK
6
CONTINUOUS
10
5.988685039370079
20
-4.2948818897637793
11
6.0103385826771651
21
-4.2948818897637793
0
LINE
8
BLACK
6
CONTINUOUS
10
6.0103385826771651
20
-4.2948818897637793
11
6.0103385826771651
21
-4.3539370078740154
0
LINE
8
BLACK
6
CONTINUOUS
10
6.0418346456692911
20
-4.3539370078740154
11
6.0201811023622049
21
-4.3539370078740154
0
LINE
8
BLACK
6
CONTINUOUS
10
6.0201811023622049
20
-4.3539370078740154
11
6.0201811023622049
21
-4.2948818897637793
0
LINE
8
BLACK
6
CONTINUOUS
10
6.0201811023622049
20
-4.2948818897637793
11
6.0418346456692911
21
-4.2948818897637793
0
LINE
8
BLACK
6
CONTINUOUS
10
6.0418346456692911
20
-4.2948818897637793
11
6.0418346456692911
21
-4.3539370078740154
0
LINE
8
BLACK
6
CONTINUOUS
10
6.073330708661417
20
-4.3539370078740154
11
6.0516771653543309
21
-4.3539370078740154
0
LINE
8
BLACK
6
CONTINUOUS
10
6.0516771653543309
20
-4.3539370078740154
11
6.0516771653543309
21
-4.2948818897637793
0
LINE
8
BLACK
6
CONTINUOUS
10
6.0516771653543309
20
-4.2948818897637793
11
6.073330708661417
21
-4.2948818897637793
0
LINE
8
BLACK
6
CONTINUOUS
10
6.073330708661417
20
-4.2948818897637793
11
6.073330708661417
21
-4.3539370078740154
0
LINE
8
BLACK
6
CONTINUOUS
10
6.1048267716535429
20
-4.3539370078740154
11
6.0831732283464568
21
-4.3539370078740154
0
LINE
8
BLACK
6
CONTINUOUS
10
6.0831732283464568
20
-4.3539370078740154
11
6.0831732283464568
21
-4.2948818897637793
0
LINE
8
BLACK
6
CONTINUOUS
10
6.0831732283464568
20
-4.2948818897637793
11
6.1048267716535429
21
-4.2948818897637793
0
LINE
8
BLACK
6
CONTINUOUS
10
6.1048267716535429
20
-4.2948818897637793
11
6.1048267716535429
21
-4.3539370078740154
0
LINE
8
BLACK
6
CONTINUOUS
10
6.1363228346456689
20
-4.3539370078740154
11
6.1146692913385827
21
-4.3539370078740154
0
LINE
8
BLACK
6
CONTINUOUS
10
6.1146692913385827
20
-4.3539370078740154
11
6.1146692913385827
21
-4.2948818897637793
0
LINE
8
BLACK
6
CONTINUOUS
10
6.1146692913385827
20
-4.2948818897637793
11
6.1363228346456689
21
-4.2948818897637793
0
LINE
8
BLACK
6
CONTINUOUS
10
6.1363228346456689
20
-4.2948818897637793
11
6.1363228346456689
21
-4.3539370078740154
0
LINE
8
BLACK
6
CONTINUOUS
10
6.1678188976377948
20
-4.3539370078740154
11
6.1461653543307087
21
-4.3539370078740154
0
LINE
8
BLACK
6
CONTINUOUS
10
6.1461653543307087
20
-4.3539370078740154
11
6.1461653543307087
21
-4.2948818897637793
0
LINE
8
BLACK
6
CONTINUOUS
10
6.1461653543307087
20
-4.2948818897637793
11
6.1678188976377948
21
-4.2948818897637793
0
LINE
8
BLACK
6
CONTINUOUS
10
6.1678188976377948
20
-4.2948818897637793
11
6.1678188976377948
21
-4.3539370078740154
0
LINE
8
BLACK
6
CONTINUOUS
10
6.1993149606299207
20
-4.3539370078740154
11
6.1776614173228346
21
-4.3539370078740154
0
LINE
8
BLACK
6
CONTINUOUS
10
6.1776614173228346
20
-4.3539370078740154
11
6.1776614173228346
21
-4.2948818897637793
0
LINE
8
BLACK
6
CONTINUOUS
10
6.1776614173228346
20
-4.2948818897637793
11
6.1993149606299207
21
-4.2948818897637793
0
LINE
8
BLACK
6
CONTINUOUS
10
6.1993149606299207
20
-4.2948818897637793
11
6.1993149606299207
21
-4.3539370078740154
0
LINE
8
BLACK
6
CONTINUOUS
10
6.2308110236220475
20
-4.3539370078740154
11
6.2091574803149605
21
-4.3539370078740154
0
LINE
8
BLACK
6
CONTINUOUS
10
6.2091574803149605
20
-4.3539370078740154
11
6.2091574803149605
21
-4.2948818897637793
0
LINE
8
BLACK
6
CONTINUOUS
10
6.2091574803149605
20
-4.2948818897637793
11
6.2308110236220475
21
-4.2948818897637793
0
LINE
8
BLACK
6
CONTINUOUS
10
6.2308110236220475
20
-4.2948818897637793
11
6.2308110236220475
21
-4.3539370078740154
0
LINE
8
BLACK
6
CONTINUOUS
10
6.2623070866141735
20
-4.3539370078740154
11
6.2406535433070864
21
-4.3539370078740154
0
LINE
8
BLACK
6
CONTINUOUS
10
6.2406535433070864
20
-4.3539370078740154
11
6.2406535433070864
21
-4.2948818897637793
0
LINE
8
BLACK
6
CONTINUOUS
10
6.2406535433070864
20
-4.2948818897637793
11
6.2623070866141735
21
-4.2948818897637793
0
LINE
8
BLACK
6
CONTINUOUS
10
6.2623070866141735
20
-4.2948818897637793
11
6.2623070866141735
21
-4.3539370078740154
0
LINE
8
BLACK
6
CONTINUOUS
10
4.1942811811023617
20
-4.2740551574803147
11
4.2003420078740152
21
-4.2765656299212598
0
LINE
8
BLACK
6
CONTINUOUS
10
4.2003420078740152
20
-4.2765656299212598
11
4.2057966141732281
21
-4.2802102755905507
0
LINE
8
BLACK
6
CONTINUOUS
10
4.2057966141732281
20
-4.2802102755905507
11
4.210435393700787
21
-4.2848490551181104
0
LINE
8
BLACK
6
CONTINUOUS
10
4.210435393700787
20
-4.2848490551181104
11
4.2140800393700788
21
-4.2903036614173224
0
LINE
8
BLACK
6
CONTINUOUS
10
4.2140800393700788
20
-4.2903036614173224
11
4.2165905118110238
21
-4.296364488188976
0
LINE
8
BLACK
6
CONTINUOUS
10
4.2165905118110238
20
-4.296364488188976
11
4.2178703543307083
21
-4.3027986220472441
0
LINE
8
BLACK
6
CONTINUOUS
10
4.2178703543307083
20
-4.3027986220472441
11
4.2178703543307083
21
-4.309358858267716
0
LINE
8
BLACK
6
CONTINUOUS
10
4.2178703543307083
20
-4.309358858267716
11
4.2165905118110238
21
-4.3157929921259841
0
LINE
8
BLACK
6
CONTINUOUS
10
4.2165905118110238
20
-4.3157929921259841
11
4.2140800393700788
21
-4.3218538188976376
0
LINE
8
BLACK
6
CONTINUOUS
10
4.2140800393700788
20
-4.3218538188976376
11
4.210435393700787
21
-4.3273084251968505
0
LINE
8
BLACK
6
CONTINUOUS
10
4.210435393700787
20
-4.3273084251968505
11
4.2057966141732281
21
-4.3319472047244094
0
LINE
8
BLACK
6
CONTINUOUS
10
4.2057966141732281
20
-4.3319472047244094
11
4.2003420078740152
21
-4.3355918503937003
0
LINE
8
BLACK
6
CONTINUOUS
10
4.2003420078740152
20
-4.3355918503937003
11
4.1942811811023617
21
-4.3381023228346454
0
LINE
8
BLACK
6
CONTINUOUS
10
4.1942811811023617
20
-4.3381023228346454
11
4.1878470472440945
21
-4.3393821653543307
0
LINE
8
BLACK
6
CONTINUOUS
10
4.1878470472440945
20
-4.3393821653543307
11
4.1812868110236217
21
-4.3393821653543307
0
LINE
8
BLACK
6
CONTINUOUS
10
4.1812868110236217
20
-4.3393821653543307
11
4.1748526771653545
21
-4.3381023228346454
0
LINE
8
BLACK
6
CONTINUOUS
10
4.1748526771653545
20
-4.3381023228346454
11
4.1687918503937009
21
-4.3355918503937003
0
LINE
8
BLACK
6
CONTINUOUS
10
4.1687918503937009
20
-4.3355918503937003
11
4.163337244094488
21
-4.3319472047244094
0
LINE
8
BLACK
6
CONTINUOUS
10
4.163337244094488
20
-4.3319472047244094
11
4.1586984645669292
21
-4.3273084251968505
0
LINE
8
BLACK
6
CONTINUOUS
10
4.1586984645669292
20
-4.3273084251968505
11
4.1550538188976374
21
-4.3218538188976376
0
LINE
8
BLACK
6
CONTINUOUS
10
4.1550538188976374
20
-4.3218538188976376
11
4.1525433464566932
21
-4.3157929921259841
0
LINE
8
BLACK
6
CONTINUOUS
10
4.1525433464566932
20
-4.3157929921259841
11
4.1512635039370078
21
-4.309358858267716
0
LINE
8
BLACK
6
CONTINUOUS
10
4.1512635039370078
20
-4.309358858267716
11
4.1512635039370078
21
-4.3027986220472441
0
LINE
8
BLACK
6
CONTINUOUS
10
4.1512635039370078
20
-4.3027986220472441
11
4.1525433464566932
21
-4.296364488188976
0
LINE
8
BLACK
6
CONTINUOUS
10
4.1525433464566932
20
-4.296364488188976
11
4.1550538188976374
21
-4.2903036614173224
0
LINE
8
BLACK
6
CONTINUOUS
10
4.1550538188976374
20
-4.2903036614173224
11
4.1586984645669292
21
-4.2848490551181104
0
LINE
8
BLACK
6
CONTINUOUS
10
4.1586984645669292
20
-4.2848490551181104
11
4.163337244094488
21
-4.2802102755905507
0
LINE
8
BLACK
6
CONTINUOUS
10
4.163337244094488
20
-4.2802102755905507
11
4.1687918503937009
21
-4.2765656299212598
0
LINE
8
BLACK
6
CONTINUOUS
10
4.1687918503937009
20
-4.2765656299212598
11
4.1748526771653545
21
-4.2740551574803147
0
LINE
8
BLACK
6
CONTINUOUS
10
4.1748526771653545
20
-4.2740551574803147
11
4.1812868110236217
21
-4.2727753149606302
0
LINE
8
BLACK
6
CONTINUOUS
10
4.1812868110236217
20
-4.2727753149606302
11
4.1878470472440945
21
-4.2727753149606302
0
LINE
8
BLACK
6
CONTINUOUS
10
4.1878470472440945
20
-4.2727753149606302
11
4.1942811811023617
21
-4.2740551574803147
0
LINE
8
BLACK
6
CONTINUOUS
10
7.6402811811023623
20
-4.2594724803149608
11
7.6463420078740159
21
-4.261982952755905
0
LINE
8
BLACK
6
CONTINUOUS
10
7.6463420078740159
20
-4.261982952755905
11
7.6517966141732279
21
-4.2656275984251968
0
LINE
8
BLACK
6
CONTINUOUS
10
7.6517966141732279
20
-4.2656275984251968
11
7.6564353937007876
21
-4.2702663779527557
0
LINE
8
BLACK
6
CONTINUOUS
10
7.6564353937007876
20
-4.2702663779527557
11
7.6600800393700785
21
-4.2757209842519686
0
LINE
8
BLACK
6
CONTINUOUS
10
7.6600800393700785
20
-4.2757209842519686
11
7.6625905118110236
21
-4.2817818110236221
0
LINE
8
BLACK
6
CONTINUOUS
10
7.6625905118110236
20
-4.2817818110236221
11
7.6638703543307081
21
-4.2882159448818893
0
LINE
8
BLACK
6
CONTINUOUS
10
7.6638703543307081
20
-4.2882159448818893
11
7.6638703543307081
21
-4.2947761811023621
0
LINE
8
BLACK
6
CONTINUOUS
10
7.6638703543307081
20
-4.2947761811023621
11
7.6625905118110236
21
-4.3012103149606302
0
LINE
8
BLACK
6
CONTINUOUS
10
7.6625905118110236
20
-4.3012103149606302
11
7.6600800393700785
21
-4.3072711417322838
0
LINE
8
BLACK
6
CONTINUOUS
10
7.6600800393700785
20
-4.3072711417322838
11
7.6564353937007876
21
-4.3127257480314958
0
LINE
8
BLACK
6
CONTINUOUS
10
7.6564353937007876
20
-4.3127257480314958
11
7.6517966141732279
21
-4.3173645275590546
0
LINE
8
BLACK
6
CONTINUOUS
10
7.6517966141732279
20
-4.3173645275590546
11
7.6463420078740159
21
-4.3210091732283464
0
LINE
8
BLACK
6
CONTINUOUS
10
7.6463420078740159
20
-4.3210091732283464
11
7.6402811811023623
21
-4.3235196456692915
0
LINE
8
BLACK
6
CONTINUOUS
10
7.6402811811023623
20
-4.3235196456692915
11
7.6338470472440942
21
-4.324799488188976
0
LINE
8
BLACK
6
CONTINUOUS
10
7.6338470472440942
20
-4.324799488188976
11
7.6272868110236223
21
-4.324799488188976
0
LINE
8
BLACK
6
CONTINUOUS
10
7.6272868110236223
20
-4.324799488188976
11
7.6208526771653542
21
-4.3235196456692915
0
LINE
8
BLACK
6
CONTINUOUS
10
7.6208526771653542
20
-4.3235196456692915
11
7.6147918503937007
21
-4.3210091732283464
0
LINE
8
BLACK
6
CONTINUOUS
10
7.6147918503937007
20
-4.3210091732283464
11
7.6093372440944878
21
-4.3173645275590546
0
LINE
8
BLACK
6
CONTINUOUS
10
7.6093372440944878
20
-4.3173645275590546
11
7.6046984645669289
21
-4.3127257480314958
0
LINE
8
BLACK
6
CONTINUOUS
10
7.6046984645669289
20
-4.3127257480314958
11
7.601053818897638
21
-4.3072711417322838
0
LINE
8
BLACK
6
CONTINUOUS
10
7.601053818897638
20
-4.3072711417322838
11
7.5985433464566929
21
-4.3012103149606302
0
LINE
8
BLACK
6
CONTINUOUS
10
7.5985433464566929
20
-4.3012103149606302
11
7.5972635039370076
21
-4.2947761811023621
0
LINE
8
BLACK
6
CONTINUOUS
10
7.5972635039370076
20
-4.2947761811023621
11
7.5972635039370076
21
-4.2882159448818893
0
LINE
8
BLACK
6
CONTINUOUS
10
7.5972635039370076
20
-4.2882159448818893
11
7.5985433464566929
21
-4.2817818110236221
0
LINE
8
BLACK
6
CONTINUOUS
10
7.5985433464566929
20
-4.2817818110236221
11
7.601053818897638
21
-4.2757209842519686
0
LINE
8
BLACK
6
CONTINUOUS
10
7.601053818897638
20
-4.2757209842519686
11
7.6046984645669289
21
-4.2702663779527557
0
LINE
8
BLACK
6
CONTINUOUS
10
7.6046984645669289
20
-4.2702663779527557
11
7.6093372440944878
21
-4.2656275984251968
0
LINE
8
BLACK
6
CONTINUOUS
10
7.6093372440944878
20
-4.2656275984251968
11
7.6147918503937007
21
-4.261982952755905
0
LINE
8
BLACK
6
CONTINUOUS
10
7.6147918503937007
20
-4.261982952755905
11
7.6208526771653542
21
-4.2594724803149608
0
LINE
8
BLACK
6
CONTINUOUS
10
7.6208526771653542
20
-4.2594724803149608
11
7.6272868110236223
21
-4.2581926377952755
0
LINE
8
BLACK
6
CONTINUOUS
10
7.6272868110236223
20
-4.2581926377952755
11
7.6338470472440942
21
-4.2581926377952755
0
LINE
8
BLACK
6
CONTINUOUS
10
7.6338470472440942
20
-4.2581926377952755
11
7.6402811811023623
21
-4.2594724803149608
0
LINE
8
BLACK
6
CONTINUOUS
10
5.8991181102362207
20
-4.2683070866141728
11
5.8400629921259837
21
-4.2683070866141728
0
LINE
8
BLACK
6
CONTINUOUS
10
5.8400629921259837
20
-4.2683070866141728
11
5.8400629921259837
21
-4.2466535433070867
0
LINE
8
BLACK
6
CONTINUOUS
10
5.8400629921259837
20
-4.2466535433070867
11
5.8991181102362207
21
-4.2466535433070867
0
LINE
8
BLACK
6
CONTINUOUS
10
5.8991181102362207
20
-4.2466535433070867
11
5.8991181102362207
21
-4.2683070866141728
0
LINE
8
BLACK
6
CONTINUOUS
10
6.347937007874016
20
-4.2683070866141728
11
6.288881889763779
21
-4.2683070866141728
0
LINE
8
BLACK
6
CONTINUOUS
10
6.288881889763779
20
-4.2683070866141728
11
6.288881889763779
21
-4.2466535433070867
0
LINE
8
BLACK
6
CONTINUOUS
10
6.288881889763779
20
-4.2466535433070867
11
6.347937007874016
21
-4.2466535433070867
0
LINE
8
BLACK
6
CONTINUOUS
10
6.347937007874016
20
-4.2466535433070867
11
6.347937007874016
21
-4.2683070866141728
0
LINE
8
BLACK
6
CONTINUOUS
10
4.1942811811023617
20
-4.1740551574803151
11
4.2003420078740152
21
-4.1765656299212601
0
LINE
8
BLACK
6
CONTINUOUS
10
4.2003420078740152
20
-4.1765656299212601
11
4.2057966141732281
21
-4.180210275590551
0
LINE
8
BLACK
6
CONTINUOUS
10
4.2057966141732281
20
-4.180210275590551
11
4.210435393700787
21
-4.1848490551181099
0
LINE
8
BLACK
6
CONTINUOUS
10
4.210435393700787
20
-4.1848490551181099
11
4.2140800393700788
21
-4.1903036614173228
0
LINE
8
BLACK
6
CONTINUOUS
10
4.2140800393700788
20
-4.1903036614173228
11
4.2165905118110238
21
-4.1963644881889763
0
LINE
8
BLACK
6
CONTINUOUS
10
4.2165905118110238
20
-4.1963644881889763
11
4.2178703543307083
21
-4.2027986220472444
0
LINE
8
BLACK
6
CONTINUOUS
10
4.2178703543307083
20
-4.2027986220472444
11
4.2178703543307083
21
-4.2093588582677164
0
LINE
8
BLACK
6
CONTINUOUS
10
4.2178703543307083
20
-4.2093588582677164
11
4.2165905118110238
21
-4.2157929921259845
0
LINE
8
BLACK
6
CONTINUOUS
10
4.2165905118110238
20
-4.2157929921259845
11
4.2140800393700788
21
-4.221853818897638
0
LINE
8
BLACK
6
CONTINUOUS
10
4.2140800393700788
20
-4.221853818897638
11
4.210435393700787
21
-4.22730842519685
0
LINE
8
BLACK
6
CONTINUOUS
10
4.210435393700787
20
-4.22730842519685
11
4.2057966141732281
21
-4.2319472047244098
0
LINE
8
BLACK
6
CONTINUOUS
10
4.2057966141732281
20
-4.2319472047244098
11
4.2003420078740152
21
-4.2355918503937007
0
LINE
8
BLACK
6
CONTINUOUS
10
4.2003420078740152
20
-4.2355918503937007
11
4.1942811811023617
21
-4.2381023228346457
0
LINE
8
BLACK
6
CONTINUOUS
10
4.1942811811023617
20
-4.2381023228346457
11
4.1878470472440945
21
-4.2393821653543302
0
LINE
8
BLACK
6
CONTINUOUS
10
4.1878470472440945
20
-4.2393821653543302
11
4.1812868110236217
21
-4.2393821653543302
0
LINE
8
BLACK
6
CONTINUOUS
10
4.1812868110236217
20
-4.2393821653543302
11
4.1748526771653545
21
-4.2381023228346457
0
LINE
8
BLACK
6
CONTINUOUS
10
4.1748526771653545
20
-4.2381023228346457
11
4.1687918503937009
21
-4.2355918503937007
0
LINE
8
BLACK
6
CONTINUOUS
10
4.1687918503937009
20
-4.2355918503937007
11
4.163337244094488
21
-4.2319472047244098
0
LINE
8
BLACK
6
CONTINUOUS
10
4.163337244094488
20
-4.2319472047244098
11
4.1586984645669292
21
-4.22730842519685
0
LINE
8
BLACK
6
CONTINUOUS
10
4.1586984645669292
20
-4.22730842519685
11
4.1550538188976374
21
-4.221853818897638
0
LINE
8
BLACK
6
CONTINUOUS
10
4.1550538188976374
20
-4.221853818897638
11
4.1525433464566932
21
-4.2157929921259845
0
LINE
8
BLACK
6
CONTINUOUS
10
4.1525433464566932
20
-4.2157929921259845
11
4.1512635039370078
21
-4.2093588582677164
0
LINE
8
BLACK
6
CONTINUOUS
10
4.1512635039370078
20
-4.2093588582677164
11
4.1512635039370078
21
-4.2027986220472444
0
LINE
8
BLACK
6
CONTINUOUS
10
4.1512635039370078
20
-4.2027986220472444
11
4.1525433464566932
21
-4.1963644881889763
0
LINE
8
BLACK
6
CONTINUOUS
10
4.1525433464566932
20
-4.1963644881889763
11
4.1550538188976374
21
-4.1903036614173228
0
LINE
8
BLACK
6
CONTINUOUS
10
4.1550538188976374
20
-4.1903036614173228
11
4.1586984645669292
21
-4.1848490551181099
0
LINE
8
BLACK
6
CONTINUOUS
10
4.1586984645669292
20
-4.1848490551181099
11
4.163337244094488
21
-4.180210275590551
0
LINE
8
BLACK
6
CONTINUOUS
10
4.163337244094488
20
-4.180210275590551
11
4.1687918503937009
21
-4.1765656299212601
0
LINE
8
BLACK
6
CONTINUOUS
10
4.1687918503937009
20
-4.1765656299212601
11
4.1748526771653545
21
-4.1740551574803151
0
LINE
8
BLACK
6
CONTINUOUS
10
4.1748526771653545
20
-4.1740551574803151
11
4.1812868110236217
21
-4.1727753149606297
0
LINE
8
BLACK
6
CONTINUOUS
10
4.1812868110236217
20
-4.1727753149606297
11
4.1878470472440945
21
-4.1727753149606297
0
LINE
8
BLACK
6
CONTINUOUS
10
4.1878470472440945
20
-4.1727753149606297
11
4.1942811811023617
21
-4.1740551574803151
0
LINE
8
BLACK
6
CONTINUOUS
10
5.8991181102362207
20
-4.2368110236220469
11
5.8400629921259837
21
-4.2368110236220469
0
LINE
8
BLACK
6
CONTINUOUS
10
5.8400629921259837
20
-4.2368110236220469
11
5.8400629921259837
21
-4.2151574803149607
0
LINE
8
BLACK
6
CONTINUOUS
10
5.8400629921259837
20
-4.2151574803149607
11
5.8991181102362207
21
-4.2151574803149607
0
LINE
8
BLACK
6
CONTINUOUS
10
5.8991181102362207
20
-4.2151574803149607
11
5.8991181102362207
21
-4.2368110236220469
0
LINE
8
BLACK
6
CONTINUOUS
10
6.347937007874016
20
-4.2368110236220469
11
6.288881889763779
21
-4.2368110236220469
0
LINE
8
BLACK
6
CONTINUOUS
10
6.288881889763779
20
-4.2368110236220469
11
6.288881889763779
21
-4.2151574803149607
0
LINE
8
BLACK
6
CONTINUOUS
10
6.288881889763779
20
-4.2151574803149607
11
6.347937007874016
21
-4.2151574803149607
0
LINE
8
BLACK
6
CONTINUOUS
10
6.347937007874016
20
-4.2151574803149607
11
6.347937007874016
21
-4.2368110236220469
0
LINE
8
BLACK
6
CONTINUOUS
10
5.8991181102362207
20
-4.2053149606299209
11
5.8400629921259837
21
-4.2053149606299209
0
LINE
8
BLACK
6
CONTINUOUS
10
5.8400629921259837
20
-4.2053149606299209
11
5.8400629921259837
21
-4.1836614173228348
0
LINE
8
BLACK
6
CONTINUOUS
10
5.8400629921259837
20
-4.1836614173228348
11
5.8991181102362207
21
-4.1836614173228348
0
LINE
8
BLACK
6
CONTINUOUS
10
5.8991181102362207
20
-4.1836614173228348
11
5.8991181102362207
21
-4.2053149606299209
0
LINE
8
BLACK
6
CONTINUOUS
10
6.347937007874016
20
-4.2053149606299209
11
6.288881889763779
21
-4.2053149606299209
0
LINE
8
BLACK
6
CONTINUOUS
10
6.288881889763779
20
-4.2053149606299209
11
6.288881889763779
21
-4.1836614173228348
0
LINE
8
BLACK
6
CONTINUOUS
10
6.288881889763779
20
-4.1836614173228348
11
6.347937007874016
21
-4.1836614173228348
0
LINE
8
BLACK
6
CONTINUOUS
10
6.347937007874016
20
-4.1836614173228348
11
6.347937007874016
21
-4.2053149606299209
0
LINE
8
BLACK
6
CONTINUOUS
10
7.6640314960629921
20
-4.1777480314960629
11
7.5971023622047245
21
-4.1777480314960629
0
LINE
8
BLACK
6
CONTINUOUS
10
7.5971023622047245
20
-4.1777480314960629
11
7.5971023622047245
21
-4.1108188976377953
0
LINE
8
BLACK
6
CONTINUOUS
10
7.5971023622047245
20
-4.1108188976377953
11
7.6640314960629921
21
-4.1108188976377953
0
LINE
8
BLACK
6
CONTINUOUS
10
7.6640314960629921
20
-4.1108188976377953
11
7.6640314960629921
21
-4.1777480314960629
0
LINE
8
BLACK
6
CONTINUOUS
10
5.8991181102362207
20
-4.173818897637795
11
5.8400629921259837
21
-4.173818897637795
0
LINE
8
BLACK
6
CONTINUOUS
10
5.8400629921259837
20
-4.173818897637795
11
5.8400629921259837
21
-4.1521653543307089
0
LINE
8
BLACK
6
CONTINUOUS
10
5.8400629921259837
20
-4.1521653543307089
11
5.8991181102362207
21
-4.1521653543307089
0
LINE
8
BLACK
6
CONTINUOUS
10
5.8991181102362207
20
-4.1521653543307089
11
5.8991181102362207
21
-4.173818897637795
0
LINE
8
BLACK
6
CONTINUOUS
10
6.347937007874016
20
-4.173818897637795
11
6.288881889763779
21
-4.173818897637795
0
LINE
8
BLACK
6
CONTINUOUS
10
6.288881889763779
20
-4.173818897637795
11
6.288881889763779
21
-4.1521653543307089
0
LINE
8
BLACK
6
CONTINUOUS
10
6.288881889763779
20
-4.1521653543307089
11
6.347937007874016
21
-4.1521653543307089
0
LINE
8
BLACK
6
CONTINUOUS
10
6.347937007874016
20
-4.1521653543307089
11
6.347937007874016
21
-4.173818897637795
0
LINE
8
BLACK
6
CONTINUOUS
10
5.8991181102362207
20
-4.1423228346456691
11
5.8400629921259837
21
-4.1423228346456691
0
LINE
8
BLACK
6
CONTINUOUS
10
5.8400629921259837
20
-4.1423228346456691
11
5.8400629921259837
21
-4.120669291338583
0
LINE
8
BLACK
6
CONTINUOUS
10
5.8400629921259837
20
-4.120669291338583
11
5.8991181102362207
21
-4.120669291338583
0
LINE
8
BLACK
6
CONTINUOUS
10
5.8991181102362207
20
-4.120669291338583
11
5.8991181102362207
21
-4.1423228346456691
0
LINE
8
BLACK
6
CONTINUOUS
10
6.347937007874016
20
-4.1423228346456691
11
6.288881889763779
21
-4.1423228346456691
0
LINE
8
BLACK
6
CONTINUOUS
10
6.288881889763779
20
-4.1423228346456691
11
6.288881889763779
21
-4.120669291338583
0
LINE
8
BLACK
6
CONTINUOUS
10
6.288881889763779
20
-4.120669291338583
11
6.347937007874016
21
-4.120669291338583
0
LINE
8
BLACK
6
CONTINUOUS
10
6.347937007874016
20
-4.120669291338583
11
6.347937007874016
21
-4.1423228346456691
0
LINE
8
BLACK
6
CONTINUOUS
10
4.2180314960629923
20
-4.1395433070866137
11
4.1511023622047247
21
-4.1395433070866137
0
LINE
8
BLACK
6
CONTINUOUS
10
4.1511023622047247
20
-4.1395433070866137
11
4.1511023622047247
21
-4.0726141732283461
0
LINE
8
BLACK
6
CONTINUOUS
10
4.1511023622047247
20
-4.0726141732283461
11
4.2180314960629923
21
-4.0726141732283461
0
LINE
8
BLACK
6
CONTINUOUS
10
4.2180314960629923
20
-4.0726141732283461
11
4.2180314960629923
21
-4.1395433070866137
0
LINE
8
BLACK
6
CONTINUOUS
10
5.4479167322834643
20
-4.0547818897637793
11
5.4550471259842519
21
-4.0577353937007876
0
LINE
8
BLACK
6
CONTINUOUS
10
5.4550471259842519
20
-4.0577353937007876
11
5.4614642913385829
21
-4.0620232283464563
0
LINE
8
BLACK
6
CONTINUOUS
10
5.4614642913385829
20
-4.0620232283464563
11
5.4669216535433067
21
-4.0674805905511811
0
LINE
8
BLACK
6
CONTINUOUS
10
5.4669216535433067
20
-4.0674805905511811
11
5.4712094881889763
21
-4.0738977559055121
0
LINE
8
BLACK
6
CONTINUOUS
10
5.4712094881889763
20
-4.0738977559055121
11
5.4741629921259838
21
-4.0810281496062988
0
LINE
8
BLACK
6
CONTINUOUS
10
5.4741629921259838
20
-4.0810281496062988
11
5.4756687007874012
21
-4.0885977559055116
0
LINE
8
BLACK
6
CONTINUOUS
10
5.4756687007874012
20
-4.0885977559055116
11
5.4756687007874012
21
-4.0963156299212597
0
LINE
8
BLACK
6
CONTINUOUS
10
5.4756687007874012
20
-4.0963156299212597
11
5.4741629921259838
21
-4.1038852362204725
0
LINE
8
BLACK
6
CONTINUOUS
10
5.4741629921259838
20
-4.1038852362204725
11
5.4712094881889763
21
-4.1110156299212601
0
LINE
8
BLACK
6
CONTINUOUS
10
5.4712094881889763
20
-4.1110156299212601
11
5.4669216535433067
21
-4.1174327952755903
0
LINE
8
BLACK
6
CONTINUOUS
10
5.4669216535433067
20
-4.1174327952755903
11
5.4614642913385829
21
-4.122890157480315
0
LINE
8
BLACK
6
CONTINUOUS
10
5.4614642913385829
20
-4.122890157480315
11
5.4550471259842519
21
-4.1271779921259846
0
LINE
8
BLACK
6
CONTINUOUS
10
5.4550471259842519
20
-4.1271779921259846
11
5.4479167322834643
21
-4.130131496062992
0
LINE
8
BLACK
6
CONTINUOUS
10
5.4479167322834643
20
-4.130131496062992
11
5.4403471259842515
21
-4.1316372047244094
0
LINE
8
BLACK
6
CONTINUOUS
10
5.4403471259842515
20
-4.1316372047244094
11
5.4326292519685042
21
-4.1316372047244094
0
LINE
8
BLACK
6
CONTINUOUS
10
5.4326292519685042
20
-4.1316372047244094
11
5.4250596456692914
21
-4.130131496062992
0
LINE
8
BLACK
6
CONTINUOUS
10
5.4250596456692914
20
-4.130131496062992
11
5.4179292519685038
21
-4.1271779921259846
0
LINE
8
BLACK
6
CONTINUOUS
10
5.4179292519685038
20
-4.1271779921259846
11
5.4115120866141728
21
-4.122890157480315
0
LINE
8
BLACK
6
CONTINUOUS
10
5.4115120866141728
20
-4.122890157480315
11
5.406054724409449
21
-4.1174327952755903
0
LINE
8
BLACK
6
CONTINUOUS
10
5.406054724409449
20
-4.1174327952755903
11
5.4017668897637794
21
-4.1110156299212601
0
LINE
8
BLACK
6
CONTINUOUS
10
5.4017668897637794
20
-4.1110156299212601
11
5.3988133858267719
21
-4.1038852362204725
0
LINE
8
BLACK
6
CONTINUOUS
10
5.3988133858267719
20
-4.1038852362204725
11
5.3973076771653545
21
-4.0963156299212597
0
LINE
8
BLACK
6
CONTINUOUS
10
5.3973076771653545
20
-4.0963156299212597
11
5.3973076771653545
21
-4.0885977559055116
0
LINE
8
BLACK
6
CONTINUOUS
10
5.3973076771653545
20
-4.0885977559055116
11
5.3988133858267719
21
-4.0810281496062988
0
LINE
8
BLACK
6
CONTINUOUS
10
5.3988133858267719
20
-4.0810281496062988
11
5.4017668897637794
21
-4.0738977559055121
0
LINE
8
BLACK
6
CONTINUOUS
10
5.4017668897637794
20
-4.0738977559055121
11
5.406054724409449
21
-4.0674805905511811
0
LINE
8
BLACK
6
CONTINUOUS
10
5.406054724409449
20
-4.0674805905511811
11
5.4115120866141728
21
-4.0620232283464563
0
LINE
8
BLACK
6
CONTINUOUS
10
5.4115120866141728
20
-4.0620232283464563
11
5.4179292519685038
21
-4.0577353937007876
0
LINE
8
BLACK
6
CONTINUOUS
10
5.4179292519685038
20
-4.0577353937007876
11
5.4250596456692914
21
-4.0547818897637793
0
LINE
8
BLACK
6
CONTINUOUS
10
5.4250596456692914
20
-4.0547818897637793
11
5.4326292519685042
21
-4.0532761811023619
0
LINE
8
BLACK
6
CONTINUOUS
10
5.4326292519685042
20
-4.0532761811023619
11
5.4403471259842515
21
-4.0532761811023619
0
LINE
8
BLACK
6
CONTINUOUS
10
5.4403471259842515
20
-4.0532761811023619
11
5.4479167322834643
21
-4.0547818897637793
0
LINE
8
BLACK
6
CONTINUOUS
10
5.6250820866141735
20
-4.0547818897637793
11
5.6322124803149602
21
-4.0577353937007876
0
LINE
8
BLACK
6
CONTINUOUS
10
5.6322124803149602
20
-4.0577353937007876
11
5.6386296456692913
21
-4.0620232283464563
0
LINE
8
BLACK
6
CONTINUOUS
10
5.6386296456692913
20
-4.0620232283464563
11
5.644087007874016
21
-4.0674805905511811
0
LINE
8
BLACK
6
CONTINUOUS
10
5.644087007874016
20
-4.0674805905511811
11
5.6483748425196847
21
-4.0738977559055121
0
LINE
8
BLACK
6
CONTINUOUS
10
5.6483748425196847
20
-4.0738977559055121
11
5.651328346456693
21
-4.0810281496062988
0
LINE
8
BLACK
6
CONTINUOUS
10
5.651328346456693
20
-4.0810281496062988
11
5.6528340551181104
21
-4.0885977559055116
0
LINE
8
BLACK
6
CONTINUOUS
10
5.6528340551181104
20
-4.0885977559055116
11
5.6528340551181104
21
-4.0963156299212597
0
LINE
8
BLACK
6
CONTINUOUS
10
5.6528340551181104
20
-4.0963156299212597
11
5.651328346456693
21
-4.1038852362204725
0
LINE
8
BLACK
6
CONTINUOUS
10
5.651328346456693
20
-4.1038852362204725
11
5.6483748425196847
21
-4.1110156299212601
0
LINE
8
BLACK
6
CONTINUOUS
10
5.6483748425196847
20
-4.1110156299212601
11
5.644087007874016
21
-4.1174327952755903
0
LINE
8
BLACK
6
CONTINUOUS
10
5.644087007874016
20
-4.1174327952755903
11
5.6386296456692913
21
-4.122890157480315
0
LINE
8
BLACK
6
CONTINUOUS
10
5.6386296456692913
20
-4.122890157480315
11
5.6322124803149602
21
-4.1271779921259846
0
LINE
8
BLACK
6
CONTINUOUS
10
5.6322124803149602
20
-4.1271779921259846
11
5.6250820866141735
21
-4.130131496062992
0
LINE
8
BLACK
6
CONTINUOUS
10
5.6250820866141735
20
-4.130131496062992
11
5.6175124803149608
21
-4.1316372047244094
0
LINE
8
BLACK
6
CONTINUOUS
10
5.6175124803149608
20
-4.1316372047244094
11
5.6097946062992126
21
-4.1316372047244094
0
LINE
8
BLACK
6
CONTINUOUS
10
5.6097946062992126
20
-4.1316372047244094
11
5.6022249999999998
21
-4.130131496062992
0
LINE
8
BLACK
6
CONTINUOUS
10
5.6022249999999998
20
-4.130131496062992
11
5.5950946062992122
21
-4.1271779921259846
0
LINE
8
BLACK
6
CONTINUOUS
10
5.5950946062992122
20
-4.1271779921259846
11
5.5886774409448821
21
-4.122890157480315
0
LINE
8
BLACK
6
CONTINUOUS
10
5.5886774409448821
20
-4.122890157480315
11
5.5832200787401574
21
-4.1174327952755903
0
LINE
8
BLACK
6
CONTINUOUS
10
5.5832200787401574
20
-4.1174327952755903
11
5.5789322440944877
21
-4.1110156299212601
0
LINE
8
BLACK
6
CONTINUOUS
10
5.5789322440944877
20
-4.1110156299212601
11
5.5759787401574803
21
-4.1038852362204725
0
LINE
8
BLACK
6
CONTINUOUS
10
5.5759787401574803
20
-4.1038852362204725
11
5.5744730314960629
21
-4.0963156299212597
0
LINE
8
BLACK
6
CONTINUOUS
10
5.5744730314960629
20
-4.0963156299212597
11
5.5744730314960629
21
-4.0885977559055116
0
LINE
8
BLACK
6
CONTINUOUS
10
5.5744730314960629
20
-4.0885977559055116
11
5.5759787401574803
21
-4.0810281496062988
0
LINE
8
BLACK
6
CONTINUOUS
10
5.5759787401574803
20
-4.0810281496062988
11
5.5789322440944877
21
-4.0738977559055121
0
LINE
8
BLACK
6
CONTINUOUS
10
5.5789322440944877
20
-4.0738977559055121
11
5.5832200787401574
21
-4.0674805905511811
0
LINE
8
BLACK
6
CONTINUOUS
10
5.5832200787401574
20
-4.0674805905511811
11
5.5886774409448821
21
-4.0620232283464563
0
LINE
8
BLACK
6
CONTINUOUS
10
5.5886774409448821
20
-4.0620232283464563
11
5.5950946062992122
21
-4.0577353937007876
0
LINE
8
BLACK
6
CONTINUOUS
10
5.5950946062992122
20
-4.0577353937007876
11
5.6022249999999998
21
-4.0547818897637793
0
LINE
8
BLACK
6
CONTINUOUS
10
5.6022249999999998
20
-4.0547818897637793
11
5.6097946062992126
21
-4.0532761811023619
0
LINE
8
BLACK
6
CONTINUOUS
10
5.6097946062992126
20
-4.0532761811023619
11
5.6175124803149608
21
-4.0532761811023619
0
LINE
8
BLACK
6
CONTINUOUS
10
5.6175124803149608
20
-4.0532761811023619
11
5.6250820866141735
21
-4.0547818897637793
0
LINE
8
BLACK
6
CONTINUOUS
10
5.8991181102362207
20
-4.1108267716535432
11
5.8400629921259837
21
-4.1108267716535432
0
LINE
8
BLACK
6
CONTINUOUS
10
5.8400629921259837
20
-4.1108267716535432
11
5.8400629921259837
21
-4.089173228346457
0
LINE
8
BLACK
6
CONTINUOUS
10
5.8400629921259837
20
-4.089173228346457
11
5.8991181102362207
21
-4.089173228346457
0
LINE
8
BLACK
6
CONTINUOUS
10
5.8991181102362207
20
-4.089173228346457
11
5.8991181102362207
21
-4.1108267716535432
0
LINE
8
BLACK
6
CONTINUOUS
10
6.347937007874016
20
-4.1108267716535432
11
6.288881889763779
21
-4.1108267716535432
0
LINE
8
BLACK
6
CONTINUOUS
10
6.288881889763779
20
-4.1108267716535432
11
6.288881889763779
21
-4.089173228346457
0
LINE
8
BLACK
6
CONTINUOUS
10
6.288881889763779
20
-4.089173228346457
11
6.347937007874016
21
-4.089173228346457
0
LINE
8
BLACK
6
CONTINUOUS
10
6.347937007874016
20
-4.089173228346457
11
6.347937007874016
21
-4.1108267716535432
0
LINE
8
BLACK
6
CONTINUOUS
10
5.8991181102362207
20
-4.0793307086614172
11
5.8400629921259837
21
-4.0793307086614172
0
LINE
8
BLACK
6
CONTINUOUS
10
5.8400629921259837
20
-4.0793307086614172
11
5.8400629921259837
21
-4.0576771653543302
0
LINE
8
BLACK
6
CONTINUOUS
10
5.8400629921259837
20
-4.0576771653543302
11
5.8991181102362207
21
-4.0576771653543302
0
LINE
8
BLACK
6
CONTINUOUS
10
5.8991181102362207
20
-4.0576771653543302
11
5.8991181102362207
21
-4.0793307086614172
0
LINE
8
BLACK
6
CONTINUOUS
10
6.347937007874016
20
-4.0793307086614172
11
6.288881889763779
21
-4.0793307086614172
0
LINE
8
BLACK
6
CONTINUOUS
10
6.288881889763779
20
-4.0793307086614172
11
6.288881889763779
21
-4.0576771653543302
0
LINE
8
BLACK
6
CONTINUOUS
10
6.288881889763779
20
-4.0576771653543302
11
6.347937007874016
21
-4.0576771653543302
0
LINE
8
BLACK
6
CONTINUOUS
10
6.347937007874016
20
-4.0576771653543302
11
6.347937007874016
21
-4.0793307086614172
0
LINE
8
BLACK
6
CONTINUOUS
10
7.6402811811023623
20
-4.0122598818897641
11
7.6463420078740159
21
-4.0147703543307083
0
LINE
8
BLACK
6
CONTINUOUS
10
7.6463420078740159
20
-4.0147703543307083
11
7.6517966141732279
21
-4.0184150000000001
0
LINE
8
BLACK
6
CONTINUOUS
10
7.6517966141732279
20
-4.0184150000000001
11
7.6564353937007876
21
-4.0230537795275589
0
LINE
8
BLACK
6
CONTINUOUS
10
7.6564353937007876
20
-4.0230537795275589
11
7.6600800393700785
21
-4.0285083858267718
0
LINE
8
BLACK
6
CONTINUOUS
10
7.6600800393700785
20
-4.0285083858267718
11
7.6625905118110236
21
-4.0345692125984254
0
LINE
8
BLACK
6
CONTINUOUS
10
7.6625905118110236
20
-4.0345692125984254
11
7.6638703543307081
21
-4.0410033464566926
0
LINE
8
BLACK
6
CONTINUOUS
10
7.6638703543307081
20
-4.0410033464566926
11
7.6638703543307081
21
-4.0475635826771654
0
LINE
8
BLACK
6
CONTINUOUS
10
7.6638703543307081
20
-4.0475635826771654
11
7.6625905118110236
21
-4.0539977165354326
0
LINE
8
BLACK
6
CONTINUOUS
10
7.6625905118110236
20
-4.0539977165354326
11
7.6600800393700785
21
-4.0600585433070862
0
LINE
8
BLACK
6
CONTINUOUS
10
7.6600800393700785
20
-4.0600585433070862
11
7.6564353937007876
21
-4.0655131496062991
0
LINE
8
BLACK
6
CONTINUOUS
10
7.6564353937007876
20
-4.0655131496062991
11
7.6517966141732279
21
-4.0701519291338579
0
LINE
8
BLACK
6
CONTINUOUS
10
7.6517966141732279
20
-4.0701519291338579
11
7.6463420078740159
21
-4.0737965748031497
0
LINE
8
BLACK
6
CONTINUOUS
10
7.6463420078740159
20
-4.0737965748031497
11
7.6402811811023623
21
-4.0763070472440948
0
LINE
8
BLACK
6
CONTINUOUS
10
7.6402811811023623
20
-4.0763070472440948
11
7.6338470472440942
21
-4.0775868897637793
0
LINE
8
BLACK
6
CONTINUOUS
10
7.6338470472440942
20
-4.0775868897637793
11
7.6272868110236223
21
-4.0775868897637793
0
LINE
8
BLACK
6
CONTINUOUS
10
7.6272868110236223
20
-4.0775868897637793
11
7.6208526771653542
21
-4.0763070472440948
0
LINE
8
BLACK
6
CONTINUOUS
10
7.6208526771653542
20
-4.0763070472440948
11
7.6147918503937007
21
-4.0737965748031497
0
LINE
8
BLACK
6
CONTINUOUS
10
7.6147918503937007
20
-4.0737965748031497
11
7.6093372440944878
21
-4.0701519291338579
0
LINE
8
BLACK
6
CONTINUOUS
10
7.6093372440944878
20
-4.0701519291338579
11
7.6046984645669289
21
-4.0655131496062991
0
LINE
8
BLACK
6
CONTINUOUS
10
7.6046984645669289
20
-4.0655131496062991
11
7.601053818897638
21
-4.0600585433070862
0
LINE
8
BLACK
6
CONTINUOUS
10
7.601053818897638
20
-4.0600585433070862
11
7.5985433464566929
21
-4.0539977165354326
0
LINE
8
BLACK
6
CONTINUOUS
10
7.5985433464566929
20
-4.0539977165354326
11
7.5972635039370076
21
-4.0475635826771654
0
LINE
8
BLACK
6
CONTINUOUS
10
7.5972635039370076
20
-4.0475635826771654
11
7.5972635039370076
21
-4.0410033464566926
0
LINE
8
BLACK
6
CONTINUOUS
10
7.5972635039370076
20
-4.0410033464566926
11
7.5985433464566929
21
-4.0345692125984254
0
LINE
8
BLACK
6
CONTINUOUS
10
7.5985433464566929
20
-4.0345692125984254
11
7.601053818897638
21
-4.0285083858267718
0
LINE
8
BLACK
6
CONTINUOUS
10
7.601053818897638
20
-4.0285083858267718
11
7.6046984645669289
21
-4.0230537795275589
0
LINE
8
BLACK
6
CONTINUOUS
10
7.6046984645669289
20
-4.0230537795275589
11
7.6093372440944878
21
-4.0184150000000001
0
LINE
8
BLACK
6
CONTINUOUS
10
7.6093372440944878
20
-4.0184150000000001
11
7.6147918503937007
21
-4.0147703543307083
0
LINE
8
BLACK
6
CONTINUOUS
10
7.6147918503937007
20
-4.0147703543307083
11
7.6208526771653542
21
-4.0122598818897641
0
LINE
8
BLACK
6
CONTINUOUS
10
7.6208526771653542
20
-4.0122598818897641
11
7.6272868110236223
21
-4.0109800393700787
0
LINE
8
BLACK
6
CONTINUOUS
10
7.6272868110236223
20
-4.0109800393700787
11
7.6338470472440942
21
-4.0109800393700787
0
LINE
8
BLACK
6
CONTINUOUS
10
7.6338470472440942
20
-4.0109800393700787
11
7.6402811811023623
21
-4.0122598818897641
0
LINE
8
BLACK
6
CONTINUOUS
10
5.8991181102362207
20
-4.0478346456692913
11
5.8400629921259837
21
-4.0478346456692913
0
LINE
8
BLACK
6
CONTINUOUS
10
5.8400629921259837
20
-4.0478346456692913
11
5.8400629921259837
21
-4.0261811023622043
0
LINE
8
BLACK
6
CONTINUOUS
10
5.8400629921259837
20
-4.0261811023622043
11
5.8991181102362207
21
-4.0261811023622043
0
LINE
8
BLACK
6
CONTINUOUS
10
5.8991181102362207
20
-4.0261811023622043
11
5.8991181102362207
21
-4.0478346456692913
0
LINE
8
BLACK
6
CONTINUOUS
10
6.347937007874016
20
-4.0478346456692913
11
6.288881889763779
21
-4.0478346456692913
0
LINE
8
BLACK
6
CONTINUOUS
10
6.288881889763779
20
-4.0478346456692913
11
6.288881889763779
21
-4.0261811023622043
0
LINE
8
BLACK
6
CONTINUOUS
10
6.288881889763779
20
-4.0261811023622043
11
6.347937007874016
21
-4.0261811023622043
0
LINE
8
BLACK
6
CONTINUOUS
10
6.347937007874016
20
-4.0261811023622043
11
6.347937007874016
21
-4.0478346456692913
0
LINE
8
BLACK
6
CONTINUOUS
10
5.299910905511811
20
-3.9927411023622046
11
5.3024653937007873
21
-3.9944479921259841
0
LINE
8
BLACK
6
CONTINUOUS
10
5.3024653937007873
20
-3.9944479921259841
11
5.3041722834645668
21
-3.9970024803149604
0
LINE
8
BLACK
6
CONTINUOUS
10
5.3041722834645668
20
-3.9970024803149604
11
5.3047716535433072
21
-4.0000157480314957
0
LINE
8
BLACK
6
CONTINUOUS
10
5.3047716535433072
20
-4.0000157480314957
11
5.3047716535433072
21
-4.0157637795275587
0
LINE
8
BLACK
6
CONTINUOUS
10
5.3047716535433072
20
-4.0157637795275587
11
5.3041722834645668
21
-4.018777047244094
0
LINE
8
BLACK
6
CONTINUOUS
10
5.3041722834645668
20
-4.018777047244094
11
5.3024653937007873
21
-4.0213315354330712
0
LINE
8
BLACK
6
CONTINUOUS
10
5.3024653937007873
20
-4.0213315354330712
11
5.299910905511811
21
-4.0230384251968507
0
LINE
8
BLACK
6
CONTINUOUS
10
5.299910905511811
20
-4.0230384251968507
11
5.2968976377952757
21
-4.0236377952755902
0
LINE
8
BLACK
6
CONTINUOUS
10
5.2968976377952757
20
-4.0236377952755902
11
5.2752440944881887
21
-4.0236377952755902
0
LINE
8
BLACK
6
CONTINUOUS
10
5.2752440944881887
20
-4.0236377952755902
11
5.2722308267716533
21
-4.0230384251968507
0
LINE
8
BLACK
6
CONTINUOUS
10
5.2722308267716533
20
-4.0230384251968507
11
5.269676338582677
21
-4.0213315354330712
0
LINE
8
BLACK
6
CONTINUOUS
10
5.269676338582677
20
-4.0213315354330712
11
5.2679694488188975
21
-4.018777047244094
0
LINE
8
BLACK
6
CONTINUOUS
10
5.2679694488188975
20
-4.018777047244094
11
5.2673700787401572
21
-4.0157637795275587
0
LINE
8
BLACK
6
CONTINUOUS
10
5.2673700787401572
20
-4.0157637795275587
11
5.2673700787401572
21
-4.0000157480314957
0
LINE
8
BLACK
6
CONTINUOUS
10
5.2673700787401572
20
-4.0000157480314957
11
5.2679694488188975
21
-3.9970024803149604
0
LINE
8
BLACK
6
CONTINUOUS
10
5.2679694488188975
20
-3.9970024803149604
11
5.269676338582677
21
-3.9944479921259841
0
LINE
8
BLACK
6
CONTINUOUS
10
5.269676338582677
20
-3.9944479921259841
11
5.2722308267716533
21
-3.9927411023622046
0
LINE
8
BLACK
6
CONTINUOUS
10
5.2722308267716533
20
-3.9927411023622046
11
5.2752440944881887
21
-3.9921417322834647
0
LINE
8
BLACK
6
CONTINUOUS
10
5.2752440944881887
20
-3.9921417322834647
11
5.2968976377952757
21
-3.9921417322834647
0
LINE
8
BLACK
6
CONTINUOUS
10
5.2968976377952757
20
-3.9921417322834647
11
5.299910905511811
21
-3.9927411023622046
0
LINE
8
BLACK
6
CONTINUOUS
10
5.4499109055118113
20
-3.9927411023622046
11
5.4524653937007876
21
-3.9944479921259841
0
LINE
8
BLACK
6
CONTINUOUS
10
5.4524653937007876
20
-3.9944479921259841
11
5.4541722834645672
21
-3.9970024803149604
0
LINE
8
BLACK
6
CONTINUOUS
10
5.4541722834645672
20
-3.9970024803149604
11
5.4547716535433066
21
-4.0000157480314957
0
LINE
8
BLACK
6
CONTINUOUS
10
5.4547716535433066
20
-4.0000157480314957
11
5.4547716535433066
21
-4.0157637795275587
0
LINE
8
BLACK
6
CONTINUOUS
10
5.4547716535433066
20
-4.0157637795275587
11
5.4541722834645672
21
-4.018777047244094
0
LINE
8
BLACK
6
CONTINUOUS
10
5.4541722834645672
20
-4.018777047244094
11
5.4524653937007876
21
-4.0213315354330712
0
LINE
8
BLACK
6
CONTINUOUS
10
5.4524653937007876
20
-4.0213315354330712
11
5.4499109055118113
21
-4.0230384251968507
0
LINE
8
BLACK
6
CONTINUOUS
10
5.4499109055118113
20
-4.0230384251968507
11
5.4468976377952751
21
-4.0236377952755902
0
LINE
8
BLACK
6
CONTINUOUS
10
5.4468976377952751
20
-4.0236377952755902
11
5.425244094488189
21
-4.0236377952755902
0
LINE
8
BLACK
6
CONTINUOUS
10
5.425244094488189
20
-4.0236377952755902
11
5.4222308267716537
21
-4.0230384251968507
0
LINE
8
BLACK
6
CONTINUOUS
10
5.4222308267716537
20
-4.0230384251968507
11
5.4196763385826774
21
-4.0213315354330712
0
LINE
8
BLACK
6
CONTINUOUS
10
5.4196763385826774
20
-4.0213315354330712
11
5.4179694488188979
21
-4.018777047244094
0
LINE
8
BLACK
6
CONTINUOUS
10
5.4179694488188979
20
-4.018777047244094
11
5.4173700787401575
21
-4.0157637795275587
0
LINE
8
BLACK
6
CONTINUOUS
10
5.4173700787401575
20
-4.0157637795275587
11
5.4173700787401575
21
-4.0000157480314957
0
LINE
8
BLACK
6
CONTINUOUS
10
5.4173700787401575
20
-4.0000157480314957
11
5.4179694488188979
21
-3.9970024803149604
0
LINE
8
BLACK
6
CONTINUOUS
10
5.4179694488188979
20
-3.9970024803149604
11
5.4196763385826774
21
-3.9944479921259841
0
LINE
8
BLACK
6
CONTINUOUS
10
5.4196763385826774
20
-3.9944479921259841
11
5.4222308267716537
21
-3.9927411023622046
0
LINE
8
BLACK
6
CONTINUOUS
10
5.4222308267716537
20
-3.9927411023622046
11
5.425244094488189
21
-3.9921417322834647
0
LINE
8
BLACK
6
CONTINUOUS
10
5.425244094488189
20
-3.9921417322834647
11
5.4468976377952751
21
-3.9921417322834647
0
LINE
8
BLACK
6
CONTINUOUS
10
5.4468976377952751
20
-3.9921417322834647
11
5.4499109055118113
21
-3.9927411023622046
0
LINE
8
BLACK
6
CONTINUOUS
10
5.6273033070866143
20
-3.9868790157480314
11
5.6301771259842521
21
-3.988799251968504
0
LINE
8
BLACK
6
CONTINUOUS
10
5.6301771259842521
20
-3.988799251968504
11
5.6320973622047239
21
-3.9916730708661414
0
LINE
8
BLACK
6
CONTINUOUS
10
5.6320973622047239
20
-3.9916730708661414
11
5.6327716535433066
21
-3.9950629921259844
0
LINE
8
BLACK
6
CONTINUOUS
10
5.6327716535433066
20
-3.9950629921259844
11
5.6327716535433066
21
-4.0127795275590552
0
LINE
8
BLACK
6
CONTINUOUS
10
5.6327716535433066
20
-4.0127795275590552
11
5.6320973622047239
21
-4.0161694488188973
0
LINE
8
BLACK
6
CONTINUOUS
10
5.6320973622047239
20
-4.0161694488188973
11
5.6301771259842521
21
-4.0190432677165351
0
LINE
8
BLACK
6
CONTINUOUS
10
5.6301771259842521
20
-4.0190432677165351
11
5.6273033070866143
21
-4.0209635039370077
0
LINE
8
BLACK
6
CONTINUOUS
10
5.6273033070866143
20
-4.0209635039370077
11
5.6239133858267714
21
-4.0216377952755904
0
LINE
8
BLACK
6
CONTINUOUS
10
5.6239133858267714
20
-4.0216377952755904
11
5.6042283464566927
21
-4.0216377952755904
0
LINE
8
BLACK
6
CONTINUOUS
10
5.6042283464566927
20
-4.0216377952755904
11
5.6008384251968506
21
-4.0209635039370077
0
LINE
8
BLACK
6
CONTINUOUS
10
5.6008384251968506
20
-4.0209635039370077
11
5.5979646062992128
21
-4.0190432677165351
0
LINE
8
BLACK
6
CONTINUOUS
10
5.5979646062992128
20
-4.0190432677165351
11
5.5960443700787401
21
-4.0161694488188973
0
LINE
8
BLACK
6
CONTINUOUS
10
5.5960443700787401
20
-4.0161694488188973
11
5.5953700787401575
21
-4.0127795275590552
0
LINE
8
BLACK
6
CONTINUOUS
10
5.5953700787401575
20
-4.0127795275590552
11
5.5953700787401575
21
-3.9950629921259844
0
LINE
8
BLACK
6
CONTINUOUS
10
5.5953700787401575
20
-3.9950629921259844
11
5.5960443700787401
21
-3.9916730708661414
0
LINE
8
BLACK
6
CONTINUOUS
10
5.5960443700787401
20
-3.9916730708661414
11
5.5979646062992128
21
-3.988799251968504
0
LINE
8
BLACK
6
CONTINUOUS
10
5.5979646062992128
20
-3.988799251968504
11
5.6008384251968506
21
-3.9868790157480314
0
LINE
8
BLACK
6
CONTINUOUS
10
5.6008384251968506
20
-3.9868790157480314
11
5.6042283464566927
21
-3.9862047244094487
0
LINE
8
BLACK
6
CONTINUOUS
10
5.6042283464566927
20
-3.9862047244094487
11
5.6239133858267714
21
-3.9862047244094487
0
LINE
8
BLACK
6
CONTINUOUS
10
5.6239133858267714
20
-3.9862047244094487
11
5.6273033070866143
21
-3.9868790157480314
0
LINE
8
BLACK
6
CONTINUOUS
10
5.8991181102362207
20
-4.0163385826771654
11
5.8400629921259837
21
-4.0163385826771654
0
LINE
8
BLACK
6
CONTINUOUS
10
5.8400629921259837
20
-4.0163385826771654
11
5.8400629921259837
21
-3.9946850393700788
0
LINE
8
BLACK
6
CONTINUOUS
10
5.8400629921259837
20
-3.9946850393700788
11
5.8991181102362207
21
-3.9946850393700788
0
LINE
8
BLACK
6
CONTINUOUS
10
5.8991181102362207
20
-3.9946850393700788
11
5.8991181102362207
21
-4.0163385826771654
0
LINE
8
BLACK
6
CONTINUOUS
10
6.347937007874016
20
-4.0163385826771654
11
6.288881889763779
21
-4.0163385826771654
0
LINE
8
BLACK
6
CONTINUOUS
10
6.288881889763779
20
-4.0163385826771654
11
6.288881889763779
21
-3.9946850393700788
0
LINE
8
BLACK
6
CONTINUOUS
10
6.288881889763779
20
-3.9946850393700788
11
6.347937007874016
21
-3.9946850393700788
0
LINE
8
BLACK
6
CONTINUOUS
10
6.347937007874016
20
-3.9946850393700788
11
6.347937007874016
21
-4.0163385826771654
0
LINE
8
BLACK
6
CONTINUOUS
10
5.8991181102362207
20
-3.9848425196850394
11
5.8400629921259837
21
-3.9848425196850394
0
LINE
8
BLACK
6
CONTINUOUS
10
5.8400629921259837
20
-3.9848425196850394
11
5.8400629921259837
21
-3.9631889763779529
0
LINE
8
BLACK
6
CONTINUOUS
10
5.8400629921259837
20
-3.9631889763779529
11
5.8991181102362207
21
-3.9631889763779529
0
LINE
8
BLACK
6
CONTINUOUS
10
5.8991181102362207
20
-3.9631889763779529
11
5.8991181102362207
21
-3.9848425196850394
0
LINE
8
BLACK
6
CONTINUOUS
10
6.347937007874016
20
-3.9848425196850394
11
6.288881889763779
21
-3.9848425196850394
0
LINE
8
BLACK
6
CONTINUOUS
10
6.288881889763779
20
-3.9848425196850394
11
6.288881889763779
21
-3.9631889763779529
0
LINE
8
BLACK
6
CONTINUOUS
10
6.288881889763779
20
-3.9631889763779529
11
6.347937007874016
21
-3.9631889763779529
0
LINE
8
BLACK
6
CONTINUOUS
10
6.347937007874016
20
-3.9631889763779529
11
6.347937007874016
21
-3.9848425196850394
0
LINE
8
BLACK
6
CONTINUOUS
10
4.1942811811023617
20
-3.9147323228346456
11
4.2003420078740152
21
-3.9172427952755906
0
LINE
8
BLACK
6
CONTINUOUS
10
4.2003420078740152
20
-3.9172427952755906
11
4.2057966141732281
21
-3.920887440944882
0
LINE
8
BLACK
6
CONTINUOUS
10
4.2057966141732281
20
-3.920887440944882
11
4.210435393700787
21
-3.9255262204724408
0
LINE
8
BLACK
6
CONTINUOUS
10
4.210435393700787
20
-3.9255262204724408
11
4.2140800393700788
21
-3.9309808267716533
0
LINE
8
BLACK
6
CONTINUOUS
10
4.2140800393700788
20
-3.9309808267716533
11
4.2165905118110238
21
-3.9370416535433068
0
LINE
8
BLACK
6
CONTINUOUS
10
4.2165905118110238
20
-3.9370416535433068
11
4.2178703543307083
21
-3.9434757874015749
0
LINE
8
BLACK
6
CONTINUOUS
10
4.2178703543307083
20
-3.9434757874015749
11
4.2178703543307083
21
-3.9500360236220473
0
LINE
8
BLACK
6
CONTINUOUS
10
4.2178703543307083
20
-3.9500360236220473
11
4.2165905118110238
21
-3.9564701574803149
0
LINE
8
BLACK
6
CONTINUOUS
10
4.2165905118110238
20
-3.9564701574803149
11
4.2140800393700788
21
-3.9625309842519685
0
LINE
8
BLACK
6
CONTINUOUS
10
4.2140800393700788
20
-3.9625309842519685
11
4.210435393700787
21
-3.9679855905511809
0
LINE
8
BLACK
6
CONTINUOUS
10
4.210435393700787
20
-3.9679855905511809
11
4.2057966141732281
21
-3.9726243700787403
0
LINE
8
BLACK
6
CONTINUOUS
10
4.2057966141732281
20
-3.9726243700787403
11
4.2003420078740152
21
-3.9762690157480316
0
LINE
8
BLACK
6
CONTINUOUS
10
4.2003420078740152
20
-3.9762690157480316
11
4.1942811811023617
21
-3.9787794881889762
0
LINE
8
BLACK
6
CONTINUOUS
10
4.1942811811023617
20
-3.9787794881889762
11
4.1878470472440945
21
-3.9800593307086611
0
LINE
8
BLACK
6
CONTINUOUS
10
4.1878470472440945
20
-3.9800593307086611
11
4.1812868110236217
21
-3.9800593307086611
0
LINE
8
BLACK
6
CONTINUOUS
10
4.1812868110236217
20
-3.9800593307086611
11
4.1748526771653545
21
-3.9787794881889762
0
LINE
8
BLACK
6
CONTINUOUS
10
4.1748526771653545
20
-3.9787794881889762
11
4.1687918503937009
21
-3.9762690157480316
0
LINE
8
BLACK
6
CONTINUOUS
10
4.1687918503937009
20
-3.9762690157480316
11
4.163337244094488
21
-3.9726243700787403
0
LINE
8
BLACK
6
CONTINUOUS
10
4.163337244094488
20
-3.9726243700787403
11
4.1586984645669292
21
-3.9679855905511809
0
LINE
8
BLACK
6
CONTINUOUS
10
4.1586984645669292
20
-3.9679855905511809
11
4.1550538188976374
21
-3.9625309842519685
0
LINE
8
BLACK
6
CONTINUOUS
10
4.1550538188976374
20
-3.9625309842519685
11
4.1525433464566932
21
-3.9564701574803149
0
LINE
8
BLACK
6
CONTINUOUS
10
4.1525433464566932
20
-3.9564701574803149
11
4.1512635039370078
21
-3.9500360236220473
0
LINE
8
BLACK
6
CONTINUOUS
10
4.1512635039370078
20
-3.9500360236220473
11
4.1512635039370078
21
-3.9434757874015749
0
LINE
8
BLACK
6
CONTINUOUS
10
4.1512635039370078
20
-3.9434757874015749
11
4.1525433464566932
21
-3.9370416535433068
0
LINE
8
BLACK
6
CONTINUOUS
10
4.1525433464566932
20
-3.9370416535433068
11
4.1550538188976374
21
-3.9309808267716533
0
LINE
8
BLACK
6
CONTINUOUS
10
4.1550538188976374
20
-3.9309808267716533
11
4.1586984645669292
21
-3.9255262204724408
0
LINE
8
BLACK
6
CONTINUOUS
10
4.1586984645669292
20
-3.9255262204724408
11
4.163337244094488
21
-3.920887440944882
0
LINE
8
BLACK
6
CONTINUOUS
10
4.163337244094488
20
-3.920887440944882
11
4.1687918503937009
21
-3.9172427952755906
0
LINE
8
BLACK
6
CONTINUOUS
10
4.1687918503937009
20
-3.9172427952755906
11
4.1748526771653545
21
-3.9147323228346456
0
LINE
8
BLACK
6
CONTINUOUS
10
4.1748526771653545
20
-3.9147323228346456
11
4.1812868110236217
21
-3.9134524803149606
0
LINE
8
BLACK
6
CONTINUOUS
10
4.1812868110236217
20
-3.9134524803149606
11
4.1878470472440945
21
-3.9134524803149606
0
LINE
8
BLACK
6
CONTINUOUS
10
4.1878470472440945
20
-3.9134524803149606
11
4.1942811811023617
21
-3.9147323228346456
0
LINE
8
BLACK
6
CONTINUOUS
10
5.6273033070866143
20
-3.9258553937007874
11
5.6301771259842521
21
-3.9277756299212596
0
LINE
8
BLACK
6
CONTINUOUS
10
5.6301771259842521
20
-3.9277756299212596
11
5.6320973622047239
21
-3.9306494488188974
0
LINE
8
BLACK
6
CONTINUOUS
10
5.6320973622047239
20
-3.9306494488188974
11
5.6327716535433066
21
-3.9340393700787399
0
LINE
8
BLACK
6
CONTINUOUS
10
5.6327716535433066
20
-3.9340393700787399
11
5.6327716535433066
21
-3.9517559055118108
0
LINE
8
BLACK
6
CONTINUOUS
10
5.6327716535433066
20
-3.9517559055118108
11
5.6320973622047239
21
-3.9551458267716533
0
LINE
8
BLACK
6
CONTINUOUS
10
5.6320973622047239
20
-3.9551458267716533
11
5.6301771259842521
21
-3.9580196456692911
0
LINE
8
BLACK
6
CONTINUOUS
10
5.6301771259842521
20
-3.9580196456692911
11
5.6273033070866143
21
-3.9599398818897638
0
LINE
8
BLACK
6
CONTINUOUS
10
5.6273033070866143
20
-3.9599398818897638
11
5.6239133858267714
21
-3.9606141732283464
0
LINE
8
BLACK
6
CONTINUOUS
10
5.6239133858267714
20
-3.9606141732283464
11
5.6042283464566927
21
-3.9606141732283464
0
LINE
8
BLACK
6
CONTINUOUS
10
5.6042283464566927
20
-3.9606141732283464
11
5.6008384251968506
21
-3.9599398818897638
0
LINE
8
BLACK
6
CONTINUOUS
10
5.6008384251968506
20
-3.9599398818897638
11
5.5979646062992128
21
-3.9580196456692911
0
LINE
8
BLACK
6
CONTINUOUS
10
5.5979646062992128
20
-3.9580196456692911
11
5.5960443700787401
21
-3.9551458267716533
0
LINE
8
BLACK
6
CONTINUOUS
10
5.5960443700787401
20
-3.9551458267716533
11
5.5953700787401575
21
-3.9517559055118108
0
LINE
8
BLACK
6
CONTINUOUS
10
5.5953700787401575
20
-3.9517559055118108
11
5.5953700787401575
21
-3.9340393700787399
0
LINE
8
BLACK
6
CONTINUOUS
10
5.5953700787401575
20
-3.9340393700787399
11
5.5960443700787401
21
-3.9306494488188974
0
LINE
8
BLACK
6
CONTINUOUS
10
5.5960443700787401
20
-3.9306494488188974
11
5.5979646062992128
21
-3.9277756299212596
0
LINE
8
BLACK
6
CONTINUOUS
10
5.5979646062992128
20
-3.9277756299212596
11
5.6008384251968506
21
-3.9258553937007874
0
LINE
8
BLACK
6
CONTINUOUS
10
5.6008384251968506
20
-3.9258553937007874
11
5.6042283464566927
21
-3.9251811023622047
0
LINE
8
BLACK
6
CONTINUOUS
10
5.6042283464566927
20
-3.9251811023622047
11
5.6239133858267714
21
-3.9251811023622047
0
LINE
8
BLACK
6
CONTINUOUS
10
5.6239133858267714
20
-3.9251811023622047
11
5.6273033070866143
21
-3.9258553937007874
0
LINE
8
BLACK
6
CONTINUOUS
10
5.299910905511811
20
-3.9277804724409449
11
5.3024653937007873
21
-3.9294873622047244
0
LINE
8
BLACK
6
CONTINUOUS
10
5.3024653937007873
20
-3.9294873622047244
11
5.3041722834645668
21
-3.9320418503937007
0
LINE
8
BLACK
6
CONTINUOUS
10
5.3041722834645668
20
-3.9320418503937007
11
5.3047716535433072
21
-3.935055118110236
0
LINE
8
BLACK
6
CONTINUOUS
10
5.3047716535433072
20
-3.935055118110236
11
5.3047716535433072
21
-3.950803149606299
0
LINE
8
BLACK
6
CONTINUOUS
10
5.3047716535433072
20
-3.950803149606299
11
5.3041722834645668
21
-3.9538164173228347
0
LINE
8
BLACK
6
CONTINUOUS
10
5.3041722834645668
20
-3.9538164173228347
11
5.3024653937007873
21
-3.956370905511811
0
LINE
8
BLACK
6
CONTINUOUS
10
5.3024653937007873
20
-3.956370905511811
11
5.299910905511811
21
-3.9580777952755906
0
LINE
8
BLACK
6
CONTINUOUS
10
5.299910905511811
20
-3.9580777952755906
11
5.2968976377952757
21
-3.9586771653543305
0
LINE
8
BLACK
6
CONTINUOUS
10
5.2968976377952757
20
-3.9586771653543305
11
5.2752440944881887
21
-3.9586771653543305
0
LINE
8
BLACK
6
CONTINUOUS
10
5.2752440944881887
20
-3.9586771653543305
11
5.2722308267716533
21
-3.9580777952755906
0
LINE
8
BLACK
6
CONTINUOUS
10
5.2722308267716533
20
-3.9580777952755906
11
5.269676338582677
21
-3.956370905511811
0
LINE
8
BLACK
6
CONTINUOUS
10
5.269676338582677
20
-3.956370905511811
11
5.2679694488188975
21
-3.9538164173228347
0
LINE
8
BLACK
6
CONTINUOUS
10
5.2679694488188975
20
-3.9538164173228347
11
5.2673700787401572
21
-3.950803149606299
0
LINE
8
BLACK
6
CONTINUOUS
10
5.2673700787401572
20
-3.950803149606299
11
5.2673700787401572
21
-3.935055118110236
0
LINE
8
BLACK
6
CONTINUOUS
10
5.2673700787401572
20
-3.935055118110236
11
5.2679694488188975
21
-3.9320418503937007
0
LINE
8
BLACK
6
CONTINUOUS
10
5.2679694488188975
20
-3.9320418503937007
11
5.269676338582677
21
-3.9294873622047244
0
LINE
8
BLACK
6
CONTINUOUS
10
5.269676338582677
20
-3.9294873622047244
11
5.2722308267716533
21
-3.9277804724409449
0
LINE
8
BLACK
6
CONTINUOUS
10
5.2722308267716533
20
-3.9277804724409449
11
5.2752440944881887
21
-3.9271811023622045
0
LINE
8
BLACK
6
CONTINUOUS
10
5.2752440944881887
20
-3.9271811023622045
11
5.2968976377952757
21
-3.9271811023622045
0
LINE
8
BLACK
6
CONTINUOUS
10
5.2968976377952757
20
-3.9271811023622045
11
5.299910905511811
21
-3.9277804724409449
0
LINE
8
BLACK
6
CONTINUOUS
10
5.4499109055118113
20
-3.9277804724409449
11
5.4524653937007876
21
-3.9294873622047244
0
LINE
8
BLACK
6
CONTINUOUS
10
5.4524653937007876
20
-3.9294873622047244
11
5.4541722834645672
21
-3.9320418503937007
0
LINE
8
BLACK
6
CONTINUOUS
10
5.4541722834645672
20
-3.9320418503937007
11
5.4547716535433066
21
-3.935055118110236
0
LINE
8
BLACK
6
CONTINUOUS
10
5.4547716535433066
20
-3.935055118110236
11
5.4547716535433066
21
-3.950803149606299
0
LINE
8
BLACK
6
CONTINUOUS
10
5.4547716535433066
20
-3.950803149606299
11
5.4541722834645672
21
-3.9538164173228347
0
LINE
8
BLACK
6
CONTINUOUS
10
5.4541722834645672
20
-3.9538164173228347
11
5.4524653937007876
21
-3.956370905511811
0
LINE
8
BLACK
6
CONTINUOUS
10
5.4524653937007876
20
-3.956370905511811
11
5.4499109055118113
21
-3.9580777952755906
0
LINE
8
BLACK
6
CONTINUOUS
10
5.4499109055118113
20
-3.9580777952755906
11
5.4468976377952751
21
-3.9586771653543305
0
LINE
8
BLACK
6
CONTINUOUS
10
5.4468976377952751
20
-3.9586771653543305
11
5.425244094488189
21
-3.9586771653543305
0
LINE
8
BLACK
6
CONTINUOUS
10
5.425244094488189
20
-3.9586771653543305
11
5.4222308267716537
21
-3.9580777952755906
0
LINE
8
BLACK
6
CONTINUOUS
10
5.4222308267716537
20
-3.9580777952755906
11
5.4196763385826774
21
-3.956370905511811
0
LINE
8
BLACK
6
CONTINUOUS
10
5.4196763385826774
20
-3.956370905511811
11
5.4179694488188979
21
-3.9538164173228347
0
LINE
8
BLACK
6
CONTINUOUS
10
5.4179694488188979
20
-3.9538164173228347
11
5.4173700787401575
21
-3.950803149606299
0
LINE
8
BLACK
6
CONTINUOUS
10
5.4173700787401575
20
-3.950803149606299
11
5.4173700787401575
21
-3.935055118110236
0
LINE
8
BLACK
6
CONTINUOUS
10
5.4173700787401575
20
-3.935055118110236
11
5.4179694488188979
21
-3.9320418503937007
0
LINE
8
BLACK
6
CONTINUOUS
10
5.4179694488188979
20
-3.9320418503937007
11
5.4196763385826774
21
-3.9294873622047244
0
LINE
8
BLACK
6
CONTINUOUS
10
5.4196763385826774
20
-3.9294873622047244
11
5.4222308267716537
21
-3.9277804724409449
0
LINE
8
BLACK
6
CONTINUOUS
10
5.4222308267716537
20
-3.9277804724409449
11
5.425244094488189
21
-3.9271811023622045
0
LINE
8
BLACK
6
CONTINUOUS
10
5.425244094488189
20
-3.9271811023622045
11
5.4468976377952751
21
-3.9271811023622045
0
LINE
8
BLACK
6
CONTINUOUS
10
5.4468976377952751
20
-3.9271811023622045
11
5.4499109055118113
21
-3.9277804724409449
0
LINE
8
BLACK
6
CONTINUOUS
10
5.8991181102362207
20
-3.9533464566929135
11
5.8400629921259837
21
-3.9533464566929135
0
LINE
8
BLACK
6
CONTINUOUS
10
5.8400629921259837
20
-3.9533464566929135
11
5.8400629921259837
21
-3.9316929133858265
0
LINE
8
BLACK
6
CONTINUOUS
10
5.8400629921259837
20
-3.9316929133858265
11
5.8991181102362207
21
-3.9316929133858265
0
LINE
8
BLACK
6
CONTINUOUS
10
5.8991181102362207
20
-3.9316929133858265
11
5.8991181102362207
21
-3.9533464566929135
0
LINE
8
BLACK
6
CONTINUOUS
10
6.347937007874016
20
-3.9533464566929135
11
6.288881889763779
21
-3.9533464566929135
0
LINE
8
BLACK
6
CONTINUOUS
10
6.288881889763779
20
-3.9533464566929135
11
6.288881889763779
21
-3.9316929133858265
0
LINE
8
BLACK
6
CONTINUOUS
10
6.288881889763779
20
-3.9316929133858265
11
6.347937007874016
21
-3.9316929133858265
0
LINE
8
BLACK
6
CONTINUOUS
10
6.347937007874016
20
-3.9316929133858265
11
6.347937007874016
21
-3.9533464566929135
0
LINE
8
BLACK
6
CONTINUOUS
10
7.6640314960629921
20
-3.9349606299212598
11
7.5971023622047245
21
-3.9349606299212598
0
LINE
8
BLACK
6
CONTINUOUS
10
7.5971023622047245
20
-3.9349606299212598
11
7.5971023622047245
21
-3.8680314960629922
0
LINE
8
BLACK
6
CONTINUOUS
10
7.5971023622047245
20
-3.8680314960629922
11
7.6640314960629921
21
-3.8680314960629922
0
LINE
8
BLACK
6
CONTINUOUS
10
7.6640314960629921
20
-3.8680314960629922
11
7.6640314960629921
21
-3.9349606299212598
0
LINE
8
BLACK
6
CONTINUOUS
10
5.9473464566929133
20
-3.9051181102362205
11
5.9256929133858263
21
-3.9051181102362205
0
LINE
8
BLACK
6
CONTINUOUS
10
5.9256929133858263
20
-3.9051181102362205
11
5.9256929133858263
21
-3.8460629921259843
0
LINE
8
BLACK
6
CONTINUOUS
10
5.9256929133858263
20
-3.8460629921259843
11
5.9473464566929133
21
-3.8460629921259843
0
LINE
8
BLACK
6
CONTINUOUS
10
5.9473464566929133
20
-3.8460629921259843
11
5.9473464566929133
21
-3.9051181102362205
0
LINE
8
BLACK
6
CONTINUOUS
10
5.9788425196850392
20
-3.9051181102362205
11
5.9571889763779522
21
-3.9051181102362205
0
LINE
8
BLACK
6
CONTINUOUS
10
5.9571889763779522
20
-3.9051181102362205
11
5.9571889763779522
21
-3.8460629921259843
0
LINE
8
BLACK
6
CONTINUOUS
10
5.9571889763779522
20
-3.8460629921259843
11
5.9788425196850392
21
-3.8460629921259843
0
LINE
8
BLACK
6
CONTINUOUS
10
5.9788425196850392
20
-3.8460629921259843
11
5.9788425196850392
21
-3.9051181102362205
0
LINE
8
BLACK
6
CONTINUOUS
10
6.0103385826771651
20
-3.9051181102362205
11
5.988685039370079
21
-3.9051181102362205
0
LINE
8
BLACK
6
CONTINUOUS
10
5.988685039370079
20
-3.9051181102362205
11
5.988685039370079
21
-3.8460629921259843
0
LINE
8
BLACK
6
CONTINUOUS
10
5.988685039370079
20
-3.8460629921259843
11
6.0103385826771651
21
-3.8460629921259843
0
LINE
8
BLACK
6
CONTINUOUS
10
6.0103385826771651
20
-3.8460629921259843
11
6.0103385826771651
21
-3.9051181102362205
0
LINE
8
BLACK
6
CONTINUOUS
10
6.0418346456692911
20
-3.9051181102362205
11
6.0201811023622049
21
-3.9051181102362205
0
LINE
8
BLACK
6
CONTINUOUS
10
6.0201811023622049
20
-3.9051181102362205
11
6.0201811023622049
21
-3.8460629921259843
0
LINE
8
BLACK
6
CONTINUOUS
10
6.0201811023622049
20
-3.8460629921259843
11
6.0418346456692911
21
-3.8460629921259843
0
LINE
8
BLACK
6
CONTINUOUS
10
6.0418346456692911
20
-3.8460629921259843
11
6.0418346456692911
21
-3.9051181102362205
0
LINE
8
BLACK
6
CONTINUOUS
10
6.073330708661417
20
-3.9051181102362205
11
6.0516771653543309
21
-3.9051181102362205
0
LINE
8
BLACK
6
CONTINUOUS
10
6.0516771653543309
20
-3.9051181102362205
11
6.0516771653543309
21
-3.8460629921259843
0
LINE
8
BLACK
6
CONTINUOUS
10
6.0516771653543309
20
-3.8460629921259843
11
6.073330708661417
21
-3.8460629921259843
0
LINE
8
BLACK
6
CONTINUOUS
10
6.073330708661417
20
-3.8460629921259843
11
6.073330708661417
21
-3.9051181102362205
0
LINE
8
BLACK
6
CONTINUOUS
10
6.1048267716535429
20
-3.9051181102362205
11
6.0831732283464568
21
-3.9051181102362205
0
LINE
8
BLACK
6
CONTINUOUS
10
6.0831732283464568
20
-3.9051181102362205
11
6.0831732283464568
21
-3.8460629921259843
0
LINE
8
BLACK
6
CONTINUOUS
10
6.0831732283464568
20
-3.8460629921259843
11
6.1048267716535429
21
-3.8460629921259843
0
LINE
8
BLACK
6
CONTINUOUS
10
6.1048267716535429
20
-3.8460629921259843
11
6.1048267716535429
21
-3.9051181102362205
0
LINE
8
BLACK
6
CONTINUOUS
10
6.1363228346456689
20
-3.9051181102362205
11
6.1146692913385827
21
-3.9051181102362205
0
LINE
8
BLACK
6
CONTINUOUS
10
6.1146692913385827
20
-3.9051181102362205
11
6.1146692913385827
21
-3.8460629921259843
0
LINE
8
BLACK
6
CONTINUOUS
10
6.1146692913385827
20
-3.8460629921259843
11
6.1363228346456689
21
-3.8460629921259843
0
LINE
8
BLACK
6
CONTINUOUS
10
6.1363228346456689
20
-3.8460629921259843
11
6.1363228346456689
21
-3.9051181102362205
0
LINE
8
BLACK
6
CONTINUOUS
10
6.1678188976377948
20
-3.9051181102362205
11
6.1461653543307087
21
-3.9051181102362205
0
LINE
8
BLACK
6
CONTINUOUS
10
6.1461653543307087
20
-3.9051181102362205
11
6.1461653543307087
21
-3.8460629921259843
0
LINE
8
BLACK
6
CONTINUOUS
10
6.1461653543307087
20
-3.8460629921259843
11
6.1678188976377948
21
-3.8460629921259843
0
LINE
8
BLACK
6
CONTINUOUS
10
6.1678188976377948
20
-3.8460629921259843
11
6.1678188976377948
21
-3.9051181102362205
0
LINE
8
BLACK
6
CONTINUOUS
10
6.1993149606299207
20
-3.9051181102362205
11
6.1776614173228346
21
-3.9051181102362205
0
LINE
8
BLACK
6
CONTINUOUS
10
6.1776614173228346
20
-3.9051181102362205
11
6.1776614173228346
21
-3.8460629921259843
0
LINE
8
BLACK
6
CONTINUOUS
10
6.1776614173228346
20
-3.8460629921259843
11
6.1993149606299207
21
-3.8460629921259843
0
LINE
8
BLACK
6
CONTINUOUS
10
6.1993149606299207
20
-3.8460629921259843
11
6.1993149606299207
21
-3.9051181102362205
0
LINE
8
BLACK
6
CONTINUOUS
10
6.2308110236220475
20
-3.9051181102362205
11
6.2091574803149605
21
-3.9051181102362205
0
LINE
8
BLACK
6
CONTINUOUS
10
6.2091574803149605
20
-3.9051181102362205
11
6.2091574803149605
21
-3.8460629921259843
0
LINE
8
BLACK
6
CONTINUOUS
10
6.2091574803149605
20
-3.8460629921259843
11
6.2308110236220475
21
-3.8460629921259843
0
LINE
8
BLACK
6
CONTINUOUS
10
6.2308110236220475
20
-3.8460629921259843
11
6.2308110236220475
21
-3.9051181102362205
0
LINE
8
BLACK
6
CONTINUOUS
10
6.2623070866141735
20
-3.9051181102362205
11
6.2406535433070864
21
-3.9051181102362205
0
LINE
8
BLACK
6
CONTINUOUS
10
6.2406535433070864
20
-3.9051181102362205
11
6.2406535433070864
21
-3.8460629921259843
0
LINE
8
BLACK
6
CONTINUOUS
10
6.2406535433070864
20
-3.8460629921259843
11
6.2623070866141735
21
-3.8460629921259843
0
LINE
8
BLACK
6
CONTINUOUS
10
6.2623070866141735
20
-3.8460629921259843
11
6.2623070866141735
21
-3.9051181102362205
0
LINE
8
BLACK
6
CONTINUOUS
10
6.4017993700787397
20
-3.8489656299212598
11
6.4046731889763775
21
-3.850885866141732
0
LINE
8
BLACK
6
CONTINUOUS
10
6.4046731889763775
20
-3.850885866141732
11
6.4065934251968502
21
-3.8537596850393698
0
LINE
8
BLACK
6
CONTINUOUS
10
6.4065934251968502
20
-3.8537596850393698
11
6.4072677165354328
21
-3.8571496062992123
0
LINE
8
BLACK
6
CONTINUOUS
10
6.4072677165354328
20
-3.8571496062992123
11
6.4072677165354328
21
-3.8748661417322832
0
LINE
8
BLACK
6
CONTINUOUS
10
6.4072677165354328
20
-3.8748661417322832
11
6.4065934251968502
21
-3.8782560629921261
0
LINE
8
BLACK
6
CONTINUOUS
10
6.4065934251968502
20
-3.8782560629921261
11
6.4046731889763775
21
-3.8811298818897635
0
LINE
8
BLACK
6
CONTINUOUS
10
6.4046731889763775
20
-3.8811298818897635
11
6.4017993700787397
21
-3.8830501181102361
0
LINE
8
BLACK
6
CONTINUOUS
10
6.4017993700787397
20
-3.8830501181102361
11
6.3984094488188976
21
-3.8837244094488188
0
LINE
8
BLACK
6
CONTINUOUS
10
6.3984094488188976
20
-3.8837244094488188
11
6.3787244094488189
21
-3.8837244094488188
0
LINE
8
BLACK
6
CONTINUOUS
10
6.3787244094488189
20
-3.8837244094488188
11
6.375334488188976
21
-3.8830501181102361
0
LINE
8
BLACK
6
CONTINUOUS
10
6.375334488188976
20
-3.8830501181102361
11
6.3724606692913381
21
-3.8811298818897635
0
LINE
8
BLACK
6
CONTINUOUS
10
6.3724606692913381
20
-3.8811298818897635
11
6.3705404330708664
21
-3.8782560629921261
0
LINE
8
BLACK
6
CONTINUOUS
10
6.3705404330708664
20
-3.8782560629921261
11
6.3698661417322837
21
-3.8748661417322832
0
LINE
8
BLACK
6
CONTINUOUS
10
6.3698661417322837
20
-3.8748661417322832
11
6.3698661417322837
21
-3.8571496062992123
0
LINE
8
BLACK
6
CONTINUOUS
10
6.3698661417322837
20
-3.8571496062992123
11
6.3705404330708664
21
-3.8537596850393698
0
LINE
8
BLACK
6
CONTINUOUS
10
6.3705404330708664
20
-3.8537596850393698
11
6.3724606692913381
21
-3.850885866141732
0
LINE
8
BLACK
6
CONTINUOUS
10
6.3724606692913381
20
-3.850885866141732
11
6.375334488188976
21
-3.8489656299212598
0
LINE
8
BLACK
6
CONTINUOUS
10
6.375334488188976
20
-3.8489656299212598
11
6.3787244094488189
21
-3.8482913385826771
0
LINE
8
BLACK
6
CONTINUOUS
10
6.3787244094488189
20
-3.8482913385826771
11
6.3984094488188976
21
-3.8482913385826771
0
LINE
8
BLACK
6
CONTINUOUS
10
6.3984094488188976
20
-3.8482913385826771
11
6.4017993700787397
21
-3.8489656299212598
0
LINE
8
BLACK
6
CONTINUOUS
10
6.4617993700787402
20
-3.8489656299212598
11
6.464673188976378
21
-3.850885866141732
0
LINE
8
BLACK
6
CONTINUOUS
10
6.464673188976378
20
-3.850885866141732
11
6.4665934251968507
21
-3.8537596850393698
0
LINE
8
BLACK
6
CONTINUOUS
10
6.4665934251968507
20
-3.8537596850393698
11
6.4672677165354333
21
-3.8571496062992123
0
LINE
8
BLACK
6
CONTINUOUS
10
6.4672677165354333
20
-3.8571496062992123
11
6.4672677165354333
21
-3.8748661417322832
0
LINE
8
BLACK
6
CONTINUOUS
10
6.4672677165354333
20
-3.8748661417322832
11
6.4665934251968507
21
-3.8782560629921261
0
LINE
8
BLACK
6
CONTINUOUS
10
6.4665934251968507
20
-3.8782560629921261
11
6.464673188976378
21
-3.8811298818897635
0
LINE
8
BLACK
6
CONTINUOUS
10
6.464673188976378
20
-3.8811298818897635
11
6.4617993700787402
21
-3.8830501181102361
0
LINE
8
BLACK
6
CONTINUOUS
10
6.4617993700787402
20
-3.8830501181102361
11
6.4584094488188972
21
-3.8837244094488188
0
LINE
8
BLACK
6
CONTINUOUS
10
6.4584094488188972
20
-3.8837244094488188
11
6.4387244094488185
21
-3.8837244094488188
0
LINE
8
BLACK
6
CONTINUOUS
10
6.4387244094488185
20
-3.8837244094488188
11
6.4353344881889765
21
-3.8830501181102361
0
LINE
8
BLACK
6
CONTINUOUS
10
6.4353344881889765
20
-3.8830501181102361
11
6.4324606692913386
21
-3.8811298818897635
0
LINE
8
BLACK
6
CONTINUOUS
10
6.4324606692913386
20
-3.8811298818897635
11
6.430540433070866
21
-3.8782560629921261
0
LINE
8
BLACK
6
CONTINUOUS
10
6.430540433070866
20
-3.8782560629921261
11
6.4298661417322833
21
-3.8748661417322832
0
LINE
8
BLACK
6
CONTINUOUS
10
6.4298661417322833
20
-3.8748661417322832
11
6.4298661417322833
21
-3.8571496062992123
0
LINE
8
BLACK
6
CONTINUOUS
10
6.4298661417322833
20
-3.8571496062992123
11
6.430540433070866
21
-3.8537596850393698
0
LINE
8
BLACK
6
CONTINUOUS
10
6.430540433070866
20
-3.8537596850393698
11
6.4324606692913386
21
-3.850885866141732
0
LINE
8
BLACK
6
CONTINUOUS
10
6.4324606692913386
20
-3.850885866141732
11
6.4353344881889765
21
-3.8489656299212598
0
LINE
8
BLACK
6
CONTINUOUS
10
6.4353344881889765
20
-3.8489656299212598
11
6.4387244094488185
21
-3.8482913385826771
0
LINE
8
BLACK
6
CONTINUOUS
10
6.4387244094488185
20
-3.8482913385826771
11
6.4584094488188972
21
-3.8482913385826771
0
LINE
8
BLACK
6
CONTINUOUS
10
6.4584094488188972
20
-3.8482913385826771
11
6.4617993700787402
21
-3.8489656299212598
0
LINE
8
BLACK
6
CONTINUOUS
10
6.5217993700787398
20
-3.8489656299212598
11
6.5246731889763776
21
-3.850885866141732
0
LINE
8
BLACK
6
CONTINUOUS
10
6.5246731889763776
20
-3.850885866141732
11
6.5265934251968503
21
-3.8537596850393698
0
LINE
8
BLACK
6
CONTINUOUS
10
6.5265934251968503
20
-3.8537596850393698
11
6.5272677165354329
21
-3.8571496062992123
0
LINE
8
BLACK
6
CONTINUOUS
10
6.5272677165354329
20
-3.8571496062992123
11
6.5272677165354329
21
-3.8748661417322832
0
LINE
8
BLACK
6
CONTINUOUS
10
6.5272677165354329
20
-3.8748661417322832
11
6.5265934251968503
21
-3.8782560629921261
0
LINE
8
BLACK
6
CONTINUOUS
10
6.5265934251968503
20
-3.8782560629921261
11
6.5246731889763776
21
-3.8811298818897635
0
LINE
8
BLACK
6
CONTINUOUS
10
6.5246731889763776
20
-3.8811298818897635
11
6.5217993700787398
21
-3.8830501181102361
0
LINE
8
BLACK
6
CONTINUOUS
10
6.5217993700787398
20
-3.8830501181102361
11
6.5184094488188977
21
-3.8837244094488188
0
LINE
8
BLACK
6
CONTINUOUS
10
6.5184094488188977
20
-3.8837244094488188
11
6.498724409448819
21
-3.8837244094488188
0
LINE
8
BLACK
6
CONTINUOUS
10
6.498724409448819
20
-3.8837244094488188
11
6.4953344881889761
21
-3.8830501181102361
0
LINE
8
BLACK
6
CONTINUOUS
10
6.4953344881889761
20
-3.8830501181102361
11
6.4924606692913382
21
-3.8811298818897635
0
LINE
8
BLACK
6
CONTINUOUS
10
6.4924606692913382
20
-3.8811298818897635
11
6.4905404330708656
21
-3.8782560629921261
0
LINE
8
BLACK
6
CONTINUOUS
10
6.4905404330708656
20
-3.8782560629921261
11
6.4898661417322829
21
-3.8748661417322832
0
LINE
8
BLACK
6
CONTINUOUS
10
6.4898661417322829
20
-3.8748661417322832
11
6.4898661417322829
21
-3.8571496062992123
0
LINE
8
BLACK
6
CONTINUOUS
10
6.4898661417322829
20
-3.8571496062992123
11
6.4905404330708656
21
-3.8537596850393698
0
LINE
8
BLACK
6
CONTINUOUS
10
6.4905404330708656
20
-3.8537596850393698
11
6.4924606692913382
21
-3.850885866141732
0
LINE
8
BLACK
6
CONTINUOUS
10
6.4924606692913382
20
-3.850885866141732
11
6.4953344881889761
21
-3.8489656299212598
0
LINE
8
BLACK
6
CONTINUOUS
10
6.4953344881889761
20
-3.8489656299212598
11
6.498724409448819
21
-3.8482913385826771
0
LINE
8
BLACK
6
CONTINUOUS
10
6.498724409448819
20
-3.8482913385826771
11
6.5184094488188977
21
-3.8482913385826771
0
LINE
8
BLACK
6
CONTINUOUS
10
6.5184094488188977
20
-3.8482913385826771
11
6.5217993700787398
21
-3.8489656299212598
0
LINE
8
BLACK
6
CONTINUOUS
10
6.5817993700787403
20
-3.8489656299212598
11
6.5846731889763781
21
-3.850885866141732
0
LINE
8
BLACK
6
CONTINUOUS
10
6.5846731889763781
20
-3.850885866141732
11
6.5865934251968499
21
-3.8537596850393698
0
LINE
8
BLACK
6
CONTINUOUS
10
6.5865934251968499
20
-3.8537596850393698
11
6.5872677165354325
21
-3.8571496062992123
0
LINE
8
BLACK
6
CONTINUOUS
10
6.5872677165354325
20
-3.8571496062992123
11
6.5872677165354325
21
-3.8748661417322832
0
LINE
8
BLACK
6
CONTINUOUS
10
6.5872677165354325
20
-3.8748661417322832
11
6.5865934251968499
21
-3.8782560629921261
0
LINE
8
BLACK
6
CONTINUOUS
10
6.5865934251968499
20
-3.8782560629921261
11
6.5846731889763781
21
-3.8811298818897635
0
LINE
8
BLACK
6
CONTINUOUS
10
6.5846731889763781
20
-3.8811298818897635
11
6.5817993700787403
21
-3.8830501181102361
0
LINE
8
BLACK
6
CONTINUOUS
10
6.5817993700787403
20
-3.8830501181102361
11
6.5784094488188973
21
-3.8837244094488188
0
LINE
8
BLACK
6
CONTINUOUS
10
6.5784094488188973
20
-3.8837244094488188
11
6.5587244094488186
21
-3.8837244094488188
0
LINE
8
BLACK
6
CONTINUOUS
10
6.5587244094488186
20
-3.8837244094488188
11
6.5553344881889766
21
-3.8830501181102361
0
LINE
8
BLACK
6
CONTINUOUS
10
6.5553344881889766
20
-3.8830501181102361
11
6.5524606692913387
21
-3.8811298818897635
0
LINE
8
BLACK
6
CONTINUOUS
10
6.5524606692913387
20
-3.8811298818897635
11
6.5505404330708661
21
-3.8782560629921261
0
LINE
8
BLACK
6
CONTINUOUS
10
6.5505404330708661
20
-3.8782560629921261
11
6.5498661417322834
21
-3.8748661417322832
0
LINE
8
BLACK
6
CONTINUOUS
10
6.5498661417322834
20
-3.8748661417322832
11
6.5498661417322834
21
-3.8571496062992123
0
LINE
8
BLACK
6
CONTINUOUS
10
6.5498661417322834
20
-3.8571496062992123
11
6.5505404330708661
21
-3.8537596850393698
0
LINE
8
BLACK
6
CONTINUOUS
10
6.5505404330708661
20
-3.8537596850393698
11
6.5524606692913387
21
-3.850885866141732
0
LINE
8
BLACK
6
CONTINUOUS
10
6.5524606692913387
20
-3.850885866141732
11
6.5553344881889766
21
-3.8489656299212598
0
LINE
8
BLACK
6
CONTINUOUS
10
6.5553344881889766
20
-3.8489656299212598
11
6.5587244094488186
21
-3.8482913385826771
0
LINE
8
BLACK
6
CONTINUOUS
10
6.5587244094488186
20
-3.8482913385826771
11
6.5784094488188973
21
-3.8482913385826771
0
LINE
8
BLACK
6
CONTINUOUS
10
6.5784094488188973
20
-3.8482913385826771
11
6.5817993700787403
21
-3.8489656299212598
0
LINE
8
BLACK
6
CONTINUOUS
10
4.1942811811023617
20
-3.8147323228346455
11
4.2003420078740152
21
-3.8172427952755905
0
LINE
8
BLACK
6
CONTINUOUS
10
4.2003420078740152
20
-3.8172427952755905
11
4.2057966141732281
21
-3.8208874409448819
0
LINE
8
BLACK
6
CONTINUOUS
10
4.2057966141732281
20
-3.8208874409448819
11
4.210435393700787
21
-3.8255262204724407
0
LINE
8
BLACK
6
CONTINUOUS
10
4.210435393700787
20
-3.8255262204724407
11
4.2140800393700788
21
-3.8309808267716536
0
LINE
8
BLACK
6
CONTINUOUS
10
4.2140800393700788
20
-3.8309808267716536
11
4.2165905118110238
21
-3.8370416535433072
0
LINE
8
BLACK
6
CONTINUOUS
10
4.2165905118110238
20
-3.8370416535433072
11
4.2178703543307083
21
-3.8434757874015748
0
LINE
8
BLACK
6
CONTINUOUS
10
4.2178703543307083
20
-3.8434757874015748
11
4.2178703543307083
21
-3.8500360236220472
0
LINE
8
BLACK
6
CONTINUOUS
10
4.2178703543307083
20
-3.8500360236220472
11
4.2165905118110238
21
-3.8564701574803149
0
LINE
8
BLACK
6
CONTINUOUS
10
4.2165905118110238
20
-3.8564701574803149
11
4.2140800393700788
21
-3.8625309842519684
0
LINE
8
BLACK
6
CONTINUOUS
10
4.2140800393700788
20
-3.8625309842519684
11
4.210435393700787
21
-3.8679855905511809
0
LINE
8
BLACK
6
CONTINUOUS
10
4.210435393700787
20
-3.8679855905511809
11
4.2057966141732281
21
-3.8726243700787402
0
LINE
8
BLACK
6
CONTINUOUS
10
4.2057966141732281
20
-3.8726243700787402
11
4.2003420078740152
21
-3.8762690157480315
0
LINE
8
BLACK
6
CONTINUOUS
10
4.2003420078740152
20
-3.8762690157480315
11
4.1942811811023617
21
-3.8787794881889761
0
LINE
8
BLACK
6
CONTINUOUS
10
4.1942811811023617
20
-3.8787794881889761
11
4.1878470472440945
21
-3.8800593307086615
0
LINE
8
BLACK
6
CONTINUOUS
10
4.1878470472440945
20
-3.8800593307086615
11
4.1812868110236217
21
-3.8800593307086615
0
LINE
8
BLACK
6
CONTINUOUS
10
4.1812868110236217
20
-3.8800593307086615
11
4.1748526771653545
21
-3.8787794881889761
0
LINE
8
BLACK
6
CONTINUOUS
10
4.1748526771653545
20
-3.8787794881889761
11
4.1687918503937009
21
-3.8762690157480315
0
LINE
8
BLACK
6
CONTINUOUS
10
4.1687918503937009
20
-3.8762690157480315
11
4.163337244094488
21
-3.8726243700787402
0
LINE
8
BLACK
6
CONTINUOUS
10
4.163337244094488
20
-3.8726243700787402
11
4.1586984645669292
21
-3.8679855905511809
0
LINE
8
BLACK
6
CONTINUOUS
10
4.1586984645669292
20
-3.8679855905511809
11
4.1550538188976374
21
-3.8625309842519684
0
LINE
8
BLACK
6
CONTINUOUS
10
4.1550538188976374
20
-3.8625309842519684
11
4.1525433464566932
21
-3.8564701574803149
0
LINE
8
BLACK
6
CONTINUOUS
10
4.1525433464566932
20
-3.8564701574803149
11
4.1512635039370078
21
-3.8500360236220472
0
LINE
8
BLACK
6
CONTINUOUS
10
4.1512635039370078
20
-3.8500360236220472
11
4.1512635039370078
21
-3.8434757874015748
0
LINE
8
BLACK
6
CONTINUOUS
10
4.1512635039370078
20
-3.8434757874015748
11
4.1525433464566932
21
-3.8370416535433072
0
LINE
8
BLACK
6
CONTINUOUS
10
4.1525433464566932
20
-3.8370416535433072
11
4.1550538188976374
21
-3.8309808267716536
0
LINE
8
BLACK
6
CONTINUOUS
10
4.1550538188976374
20
-3.8309808267716536
11
4.1586984645669292
21
-3.8255262204724407
0
LINE
8
BLACK
6
CONTINUOUS
10
4.1586984645669292
20
-3.8255262204724407
11
4.163337244094488
21
-3.8208874409448819
0
LINE
8
BLACK
6
CONTINUOUS
10
4.163337244094488
20
-3.8208874409448819
11
4.1687918503937009
21
-3.8172427952755905
0
LINE
8
BLACK
6
CONTINUOUS
10
4.1687918503937009
20
-3.8172427952755905
11
4.1748526771653545
21
-3.8147323228346455
0
LINE
8
BLACK
6
CONTINUOUS
10
4.1748526771653545
20
-3.8147323228346455
11
4.1812868110236217
21
-3.8134524803149605
0
LINE
8
BLACK
6
CONTINUOUS
10
4.1812868110236217
20
-3.8134524803149605
11
4.1878470472440945
21
-3.8134524803149605
0
LINE
8
BLACK
6
CONTINUOUS
10
4.1878470472440945
20
-3.8134524803149605
11
4.1942811811023617
21
-3.8147323228346455
0
LINE
8
BLACK
6
CONTINUOUS
10
7.6402811811023623
20
-3.7694724803149606
11
7.6463420078740159
21
-3.7719829527559052
0
LINE
8
BLACK
6
CONTINUOUS
10
7.6463420078740159
20
-3.7719829527559052
11
7.6517966141732279
21
-3.7756275984251966
0
LINE
8
BLACK
6
CONTINUOUS
10
7.6517966141732279
20
-3.7756275984251966
11
7.6564353937007876
21
-3.7802663779527559
0
LINE
8
BLACK
6
CONTINUOUS
10
7.6564353937007876
20
-3.7802663779527559
11
7.6600800393700785
21
-3.7857209842519683
0
LINE
8
BLACK
6
CONTINUOUS
10
7.6600800393700785
20
-3.7857209842519683
11
7.6625905118110236
21
-3.7917818110236219
0
LINE
8
BLACK
6
CONTINUOUS
10
7.6625905118110236
20
-3.7917818110236219
11
7.6638703543307081
21
-3.7982159448818895
0
LINE
8
BLACK
6
CONTINUOUS
10
7.6638703543307081
20
-3.7982159448818895
11
7.6638703543307081
21
-3.8047761811023619
0
LINE
8
BLACK
6
CONTINUOUS
10
7.6638703543307081
20
-3.8047761811023619
11
7.6625905118110236
21
-3.81121031496063
0
LINE
8
BLACK
6
CONTINUOUS
10
7.6625905118110236
20
-3.81121031496063
11
7.6600800393700785
21
-3.8172711417322835
0
LINE
8
BLACK
6
CONTINUOUS
10
7.6600800393700785
20
-3.8172711417322835
11
7.6564353937007876
21
-3.822725748031496
0
LINE
8
BLACK
6
CONTINUOUS
10
7.6564353937007876
20
-3.822725748031496
11
7.6517966141732279
21
-3.8273645275590549
0
LINE
8
BLACK
6
CONTINUOUS
10
7.6517966141732279
20
-3.8273645275590549
11
7.6463420078740159
21
-3.8310091732283462
0
LINE
8
BLACK
6
CONTINUOUS
10
7.6463420078740159
20
-3.8310091732283462
11
7.6402811811023623
21
-3.8335196456692913
0
LINE
8
BLACK
6
CONTINUOUS
10
7.6402811811023623
20
-3.8335196456692913
11
7.6338470472440942
21
-3.8347994881889762
0
LINE
8
BLACK
6
CONTINUOUS
10
7.6338470472440942
20
-3.8347994881889762
11
7.6272868110236223
21
-3.8347994881889762
0
LINE
8
BLACK
6
CONTINUOUS
10
7.6272868110236223
20
-3.8347994881889762
11
7.6208526771653542
21
-3.8335196456692913
0
LINE
8
BLACK
6
CONTINUOUS
10
7.6208526771653542
20
-3.8335196456692913
11
7.6147918503937007
21
-3.8310091732283462
0
LINE
8
BLACK
6
CONTINUOUS
10
7.6147918503937007
20
-3.8310091732283462
11
7.6093372440944878
21
-3.8273645275590549
0
LINE
8
BLACK
6
CONTINUOUS
10
7.6093372440944878
20
-3.8273645275590549
11
7.6046984645669289
21
-3.822725748031496
0
LINE
8
BLACK
6
CONTINUOUS
10
7.6046984645669289
20
-3.822725748031496
11
7.601053818897638
21
-3.8172711417322835
0
LINE
8
BLACK
6
CONTINUOUS
10
7.601053818897638
20
-3.8172711417322835
11
7.5985433464566929
21
-3.81121031496063
0
LINE
8
BLACK
6
CONTINUOUS
10
7.5985433464566929
20
-3.81121031496063
11
7.5972635039370076
21
-3.8047761811023619
0
LINE
8
BLACK
6
CONTINUOUS
10
7.5972635039370076
20
-3.8047761811023619
11
7.5972635039370076
21
-3.7982159448818895
0
LINE
8
BLACK
6
CONTINUOUS
10
7.5972635039370076
20
-3.7982159448818895
11
7.5985433464566929
21
-3.7917818110236219
0
LINE
8
BLACK
6
CONTINUOUS
10
7.5985433464566929
20
-3.7917818110236219
11
7.601053818897638
21
-3.7857209842519683
0
LINE
8
BLACK
6
CONTINUOUS
10
7.601053818897638
20
-3.7857209842519683
11
7.6046984645669289
21
-3.7802663779527559
0
LINE
8
BLACK
6
CONTINUOUS
10
7.6046984645669289
20
-3.7802663779527559
11
7.6093372440944878
21
-3.7756275984251966
0
LINE
8
BLACK
6
CONTINUOUS
10
7.6093372440944878
20
-3.7756275984251966
11
7.6147918503937007
21
-3.7719829527559052
0
LINE
8
BLACK
6
CONTINUOUS
10
7.6147918503937007
20
-3.7719829527559052
11
7.6208526771653542
21
-3.7694724803149606
0
LINE
8
BLACK
6
CONTINUOUS
10
7.6208526771653542
20
-3.7694724803149606
11
7.6272868110236223
21
-3.7681926377952757
0
LINE
8
BLACK
6
CONTINUOUS
10
7.6272868110236223
20
-3.7681926377952757
11
7.6338470472440942
21
-3.7681926377952757
0
LINE
8
BLACK
6
CONTINUOUS
10
7.6338470472440942
20
-3.7681926377952757
11
7.6402811811023623
21
-3.7694724803149606
0
LINE
8
BLACK
6
CONTINUOUS
10
6.4017993700787397
20
-3.7879420078740158
11
6.4046731889763775
21
-3.789862244094488
0
LINE
8
BLACK
6
CONTINUOUS
10
6.4046731889763775
20
-3.789862244094488
11
6.4065934251968502
21
-3.7927360629921258
0
LINE
8
BLACK
6
CONTINUOUS
10
6.4065934251968502
20
-3.7927360629921258
11
6.4072677165354328
21
-3.7961259842519683
0
LINE
8
BLACK
6
CONTINUOUS
10
6.4072677165354328
20
-3.7961259842519683
11
6.4072677165354328
21
-3.8138425196850392
0
LINE
8
BLACK
6
CONTINUOUS
10
6.4072677165354328
20
-3.8138425196850392
11
6.4065934251968502
21
-3.8172324409448817
0
LINE
8
BLACK
6
CONTINUOUS
10
6.4065934251968502
20
-3.8172324409448817
11
6.4046731889763775
21
-3.8201062598425195
0
LINE
8
BLACK
6
CONTINUOUS
10
6.4046731889763775
20
-3.8201062598425195
11
6.4017993700787397
21
-3.8220264960629922
0
LINE
8
BLACK
6
CONTINUOUS
10
6.4017993700787397
20
-3.8220264960629922
11
6.3984094488188976
21
-3.8227007874015748
0
LINE
8
BLACK
6
CONTINUOUS
10
6.3984094488188976
20
-3.8227007874015748
11
6.3787244094488189
21
-3.8227007874015748
0
LINE
8
BLACK
6
CONTINUOUS
10
6.3787244094488189
20
-3.8227007874015748
11
6.375334488188976
21
-3.8220264960629922
0
LINE
8
BLACK
6
CONTINUOUS
10
6.375334488188976
20
-3.8220264960629922
11
6.3724606692913381
21
-3.8201062598425195
0
LINE
8
BLACK
6
CONTINUOUS
10
6.3724606692913381
20
-3.8201062598425195
11
6.3705404330708664
21
-3.8172324409448817
0
LINE
8
BLACK
6
CONTINUOUS
10
6.3705404330708664
20
-3.8172324409448817
11
6.3698661417322837
21
-3.8138425196850392
0
LINE
8
BLACK
6
CONTINUOUS
10
6.3698661417322837
20
-3.8138425196850392
11
6.3698661417322837
21
-3.7961259842519683
0
LINE
8
BLACK
6
CONTINUOUS
10
6.3698661417322837
20
-3.7961259842519683
11
6.3705404330708664
21
-3.7927360629921258
0
LINE
8
BLACK
6
CONTINUOUS
10
6.3705404330708664
20
-3.7927360629921258
11
6.3724606692913381
21
-3.789862244094488
0
LINE
8
BLACK
6
CONTINUOUS
10
6.3724606692913381
20
-3.789862244094488
11
6.375334488188976
21
-3.7879420078740158
0
LINE
8
BLACK
6
CONTINUOUS
10
6.375334488188976
20
-3.7879420078740158
11
6.3787244094488189
21
-3.7872677165354331
0
LINE
8
BLACK
6
CONTINUOUS
10
6.3787244094488189
20
-3.7872677165354331
11
6.3984094488188976
21
-3.7872677165354331
0
LINE
8
BLACK
6
CONTINUOUS
10
6.3984094488188976
20
-3.7872677165354331
11
6.4017993700787397
21
-3.7879420078740158
0
LINE
8
BLACK
6
CONTINUOUS
10
6.4617993700787402
20
-3.7879420078740158
11
6.464673188976378
21
-3.789862244094488
0
LINE
8
BLACK
6
CONTINUOUS
10
6.464673188976378
20
-3.789862244094488
11
6.4665934251968507
21
-3.7927360629921258
0
LINE
8
BLACK
6
CONTINUOUS
10
6.4665934251968507
20
-3.7927360629921258
11
6.4672677165354333
21
-3.7961259842519683
0
LINE
8
BLACK
6
CONTINUOUS
10
6.4672677165354333
20
-3.7961259842519683
11
6.4672677165354333
21
-3.8138425196850392
0
LINE
8
BLACK
6
CONTINUOUS
10
6.4672677165354333
20
-3.8138425196850392
11
6.4665934251968507
21
-3.8172324409448817
0
LINE
8
BLACK
6
CONTINUOUS
10
6.4665934251968507
20
-3.8172324409448817
11
6.464673188976378
21
-3.8201062598425195
0
LINE
8
BLACK
6
CONTINUOUS
10
6.464673188976378
20
-3.8201062598425195
11
6.4617993700787402
21
-3.8220264960629922
0
LINE
8
BLACK
6
CONTINUOUS
10
6.4617993700787402
20
-3.8220264960629922
11
6.4584094488188972
21
-3.8227007874015748
0
LINE
8
BLACK
6
CONTINUOUS
10
6.4584094488188972
20
-3.8227007874015748
11
6.4387244094488185
21
-3.8227007874015748
0
LINE
8
BLACK
6
CONTINUOUS
10
6.4387244094488185
20
-3.8227007874015748
11
6.4353344881889765
21
-3.8220264960629922
0
LINE
8
BLACK
6
CONTINUOUS
10
6.4353344881889765
20
-3.8220264960629922
11
6.4324606692913386
21
-3.8201062598425195
0
LINE
8
BLACK
6
CONTINUOUS
10
6.4324606692913386
20
-3.8201062598425195
11
6.430540433070866
21
-3.8172324409448817
0
LINE
8
BLACK
6
CONTINUOUS
10
6.430540433070866
20
-3.8172324409448817
11
6.4298661417322833
21
-3.8138425196850392
0
LINE
8
BLACK
6
CONTINUOUS
10
6.4298661417322833
20
-3.8138425196850392
11
6.4298661417322833
21
-3.7961259842519683
0
LINE
8
BLACK
6
CONTINUOUS
10
6.4298661417322833
20
-3.7961259842519683
11
6.430540433070866
21
-3.7927360629921258
0
LINE
8
BLACK
6
CONTINUOUS
10
6.430540433070866
20
-3.7927360629921258
11
6.4324606692913386
21
-3.789862244094488
0
LINE
8
BLACK
6
CONTINUOUS
10
6.4324606692913386
20
-3.789862244094488
11
6.4353344881889765
21
-3.7879420078740158
0
LINE
8
BLACK
6
CONTINUOUS
10
6.4353344881889765
20
-3.7879420078740158
11
6.4387244094488185
21
-3.7872677165354331
0
LINE
8
BLACK
6
CONTINUOUS
10
6.4387244094488185
20
-3.7872677165354331
11
6.4584094488188972
21
-3.7872677165354331
0
LINE
8
BLACK
6
CONTINUOUS
10
6.4584094488188972
20
-3.7872677165354331
11
6.4617993700787402
21
-3.7879420078740158
0
LINE
8
BLACK
6
CONTINUOUS
10
6.5217993700787398
20
-3.7879420078740158
11
6.5246731889763776
21
-3.789862244094488
0
LINE
8
BLACK
6
CONTINUOUS
10
6.5246731889763776
20
-3.789862244094488
11
6.5265934251968503
21
-3.7927360629921258
0
LINE
8
BLACK
6
CONTINUOUS
10
6.5265934251968503
20
-3.7927360629921258
11
6.5272677165354329
21
-3.7961259842519683
0
LINE
8
BLACK
6
CONTINUOUS
10
6.5272677165354329
20
-3.7961259842519683
11
6.5272677165354329
21
-3.8138425196850392
0
LINE
8
BLACK
6
CONTINUOUS
10
6.5272677165354329
20
-3.8138425196850392
11
6.5265934251968503
21
-3.8172324409448817
0
LINE
8
BLACK
6
CONTINUOUS
10
6.5265934251968503
20
-3.8172324409448817
11
6.5246731889763776
21
-3.8201062598425195
0
LINE
8
BLACK
6
CONTINUOUS
10
6.5246731889763776
20
-3.8201062598425195
11
6.5217993700787398
21
-3.8220264960629922
0
LINE
8
BLACK
6
CONTINUOUS
10
6.5217993700787398
20
-3.8220264960629922
11
6.5184094488188977
21
-3.8227007874015748
0
LINE
8
BLACK
6
CONTINUOUS
10
6.5184094488188977
20
-3.8227007874015748
11
6.498724409448819
21
-3.8227007874015748
0
LINE
8
BLACK
6
CONTINUOUS
10
6.498724409448819
20
-3.8227007874015748
11
6.4953344881889761
21
-3.8220264960629922
0
LINE
8
BLACK
6
CONTINUOUS
10
6.4953344881889761
20
-3.8220264960629922
11
6.4924606692913382
21
-3.8201062598425195
0
LINE
8
BLACK
6
CONTINUOUS
10
6.4924606692913382
20
-3.8201062598425195
11
6.4905404330708656
21
-3.8172324409448817
0
LINE
8
BLACK
6
CONTINUOUS
10
6.4905404330708656
20
-3.8172324409448817
11
6.4898661417322829
21
-3.8138425196850392
0
LINE
8
BLACK
6
CONTINUOUS
10
6.4898661417322829
20
-3.8138425196850392
11
6.4898661417322829
21
-3.7961259842519683
0
LINE
8
BLACK
6
CONTINUOUS
10
6.4898661417322829
20
-3.7961259842519683
11
6.4905404330708656
21
-3.7927360629921258
0
LINE
8
BLACK
6
CONTINUOUS
10
6.4905404330708656
20
-3.7927360629921258
11
6.4924606692913382
21
-3.789862244094488
0
LINE
8
BLACK
6
CONTINUOUS
10
6.4924606692913382
20
-3.789862244094488
11
6.4953344881889761
21
-3.7879420078740158
0
LINE
8
BLACK
6
CONTINUOUS
10
6.4953344881889761
20
-3.7879420078740158
11
6.498724409448819
21
-3.7872677165354331
0
LINE
8
BLACK
6
CONTINUOUS
10
6.498724409448819
20
-3.7872677165354331
11
6.5184094488188977
21
-3.7872677165354331
0
LINE
8
BLACK
6
CONTINUOUS
10
6.5184094488188977
20
-3.7872677165354331
11
6.5217993700787398
21
-3.7879420078740158
0
LINE
8
BLACK
6
CONTINUOUS
10
6.5817993700787403
20
-3.7879420078740158
11
6.5846731889763781
21
-3.789862244094488
0
LINE
8
BLACK
6
CONTINUOUS
10
6.5846731889763781
20
-3.789862244094488
11
6.5865934251968499
21
-3.7927360629921258
0
LINE
8
BLACK
6
CONTINUOUS
10
6.5865934251968499
20
-3.7927360629921258
11
6.5872677165354325
21
-3.7961259842519683
0
LINE
8
BLACK
6
CONTINUOUS
10
6.5872677165354325
20
-3.7961259842519683
11
6.5872677165354325
21
-3.8138425196850392
0
LINE
8
BLACK
6
CONTINUOUS
10
6.5872677165354325
20
-3.8138425196850392
11
6.5865934251968499
21
-3.8172324409448817
0
LINE
8
BLACK
6
CONTINUOUS
10
6.5865934251968499
20
-3.8172324409448817
11
6.5846731889763781
21
-3.8201062598425195
0
LINE
8
BLACK
6
CONTINUOUS
10
6.5846731889763781
20
-3.8201062598425195
11
6.5817993700787403
21
-3.8220264960629922
0
LINE
8
BLACK
6
CONTINUOUS
10
6.5817993700787403
20
-3.8220264960629922
11
6.5784094488188973
21
-3.8227007874015748
0
LINE
8
BLACK
6
CONTINUOUS
10
6.5784094488188973
20
-3.8227007874015748
11
6.5587244094488186
21
-3.8227007874015748
0
LINE
8
BLACK
6
CONTINUOUS
10
6.5587244094488186
20
-3.8227007874015748
11
6.5553344881889766
21
-3.8220264960629922
0
LINE
8
BLACK
6
CONTINUOUS
10
6.5553344881889766
20
-3.8220264960629922
11
6.5524606692913387
21
-3.8201062598425195
0
LINE
8
BLACK
6
CONTINUOUS
10
6.5524606692913387
20
-3.8201062598425195
11
6.5505404330708661
21
-3.8172324409448817
0
LINE
8
BLACK
6
CONTINUOUS
10
6.5505404330708661
20
-3.8172324409448817
11
6.5498661417322834
21
-3.8138425196850392
0
LINE
8
BLACK
6
CONTINUOUS
10
6.5498661417322834
20
-3.8138425196850392
11
6.5498661417322834
21
-3.7961259842519683
0
LINE
8
BLACK
6
CONTINUOUS
10
6.5498661417322834
20
-3.7961259842519683
11
6.5505404330708661
21
-3.7927360629921258
0
LINE
8
BLACK
6
CONTINUOUS
10
6.5505404330708661
20
-3.7927360629921258
11
6.5524606692913387
21
-3.789862244094488
0
LINE
8
BLACK
6
CONTINUOUS
10
6.5524606692913387
20
-3.789862244094488
11
6.5553344881889766
21
-3.7879420078740158
0
LINE
8
BLACK
6
CONTINUOUS
10
6.5553344881889766
20
-3.7879420078740158
11
6.5587244094488186
21
-3.7872677165354331
0
LINE
8
BLACK
6
CONTINUOUS
10
6.5587244094488186
20
-3.7872677165354331
11
6.5784094488188973
21
-3.7872677165354331
0
LINE
8
BLACK
6
CONTINUOUS
10
6.5784094488188973
20
-3.7872677165354331
11
6.5817993700787403
21
-3.7879420078740158
0
LINE
8
BLACK
6
CONTINUOUS
10
4.2180314960629923
20
-3.7802204724409449
11
4.1511023622047247
21
-3.7802204724409449
0
LINE
8
BLACK
6
CONTINUOUS
10
4.1511023622047247
20
-3.7802204724409449
11
4.1511023622047247
21
-3.7132913385826769
0
LINE
8
BLACK
6
CONTINUOUS
10
4.1511023622047247
20
-3.7132913385826769
11
4.2180314960629923
21
-3.7132913385826769
0
LINE
8
BLACK
6
CONTINUOUS
10
4.2180314960629923
20
-3.7132913385826769
11
4.2180314960629923
21
-3.7802204724409449
0
LINE
8
BLACK
6
CONTINUOUS
10
7.6402811811023623
20
-3.6694724803149605
11
7.6463420078740159
21
-3.6719829527559056
0
LINE
8
BLACK
6
CONTINUOUS
10
7.6463420078740159
20
-3.6719829527559056
11
7.6517966141732279
21
-3.6756275984251969
0
LINE
8
BLACK
6
CONTINUOUS
10
7.6517966141732279
20
-3.6756275984251969
11
7.6564353937007876
21
-3.6802663779527558
0
LINE
8
BLACK
6
CONTINUOUS
10
7.6564353937007876
20
-3.6802663779527558
11
7.6600800393700785
21
-3.6857209842519683
0
LINE
8
BLACK
6
CONTINUOUS
10
7.6600800393700785
20
-3.6857209842519683
11
7.6625905118110236
21
-3.6917818110236218
0
LINE
8
BLACK
6
CONTINUOUS
10
7.6625905118110236
20
-3.6917818110236218
11
7.6638703543307081
21
-3.6982159448818899
0
LINE
8
BLACK
6
CONTINUOUS
10
7.6638703543307081
20
-3.6982159448818899
11
7.6638703543307081
21
-3.7047761811023623
0
LINE
8
BLACK
6
CONTINUOUS
10
7.6638703543307081
20
-3.7047761811023623
11
7.6625905118110236
21
-3.7112103149606299
0
LINE
8
BLACK
6
CONTINUOUS
10
7.6625905118110236
20
-3.7112103149606299
11
7.6600800393700785
21
-3.7172711417322835
0
LINE
8
BLACK
6
CONTINUOUS
10
7.6600800393700785
20
-3.7172711417322835
11
7.6564353937007876
21
-3.7227257480314959
0
LINE
8
BLACK
6
CONTINUOUS
10
7.6564353937007876
20
-3.7227257480314959
11
7.6517966141732279
21
-3.7273645275590552
0
LINE
8
BLACK
6
CONTINUOUS
10
7.6517966141732279
20
-3.7273645275590552
11
7.6463420078740159
21
-3.7310091732283466
0
LINE
8
BLACK
6
CONTINUOUS
10
7.6463420078740159
20
-3.7310091732283466
11
7.6402811811023623
21
-3.7335196456692912
0
LINE
8
BLACK
6
CONTINUOUS
10
7.6402811811023623
20
-3.7335196456692912
11
7.6338470472440942
21
-3.7347994881889761
0
LINE
8
BLACK
6
CONTINUOUS
10
7.6338470472440942
20
-3.7347994881889761
11
7.6272868110236223
21
-3.7347994881889761
0
LINE
8
BLACK
6
CONTINUOUS
10
7.6272868110236223
20
-3.7347994881889761
11
7.6208526771653542
21
-3.7335196456692912
0
LINE
8
BLACK
6
CONTINUOUS
10
7.6208526771653542
20
-3.7335196456692912
11
7.6147918503937007
21
-3.7310091732283466
0
LINE
8
BLACK
6
CONTINUOUS
10
7.6147918503937007
20
-3.7310091732283466
11
7.6093372440944878
21
-3.7273645275590552
0
LINE
8
BLACK
6
CONTINUOUS
10
7.6093372440944878
20
-3.7273645275590552
11
7.6046984645669289
21
-3.7227257480314959
0
LINE
8
BLACK
6
CONTINUOUS
10
7.6046984645669289
20
-3.7227257480314959
11
7.601053818897638
21
-3.7172711417322835
0
LINE
8
BLACK
6
CONTINUOUS
10
7.601053818897638
20
-3.7172711417322835
11
7.5985433464566929
21
-3.7112103149606299
0
LINE
8
BLACK
6
CONTINUOUS
10
7.5985433464566929
20
-3.7112103149606299
11
7.5972635039370076
21
-3.7047761811023623
0
LINE
8
BLACK
6
CONTINUOUS
10
7.5972635039370076
20
-3.7047761811023623
11
7.5972635039370076
21
-3.6982159448818899
0
LINE
8
BLACK
6
CONTINUOUS
10
7.5972635039370076
20
-3.6982159448818899
11
7.5985433464566929
21
-3.6917818110236218
0
LINE
8
BLACK
6
CONTINUOUS
10
7.5985433464566929
20
-3.6917818110236218
11
7.601053818897638
21
-3.6857209842519683
0
LINE
8
BLACK
6
CONTINUOUS
10
7.601053818897638
20
-3.6857209842519683
11
7.6046984645669289
21
-3.6802663779527558
0
LINE
8
BLACK
6
CONTINUOUS
10
7.6046984645669289
20
-3.6802663779527558
11
7.6093372440944878
21
-3.6756275984251969
0
LINE
8
BLACK
6
CONTINUOUS
10
7.6093372440944878
20
-3.6756275984251969
11
7.6147918503937007
21
-3.6719829527559056
0
LINE
8
BLACK
6
CONTINUOUS
10
7.6147918503937007
20
-3.6719829527559056
11
7.6208526771653542
21
-3.6694724803149605
0
LINE
8
BLACK
6
CONTINUOUS
10
7.6208526771653542
20
-3.6694724803149605
11
7.6272868110236223
21
-3.6681926377952756
0
LINE
8
BLACK
6
CONTINUOUS
10
7.6272868110236223
20
-3.6681926377952756
11
7.6338470472440942
21
-3.6681926377952756
0
LINE
8
BLACK
6
CONTINUOUS
10
7.6338470472440942
20
-3.6681926377952756
11
7.6402811811023623
21
-3.6694724803149605
0
LINE
8
BLACK
6
CONTINUOUS
10
5.604219645669291
20
-3.5392387007874015
11
5.6136322440944877
21
-3.5422970472440944
0
LINE
8
BLACK
6
CONTINUOUS
10
5.6136322440944877
20
-3.5422970472440944
11
5.6224505118110235
21
-3.5467901574803147
0
LINE
8
BLACK
6
CONTINUOUS
10
5.6224505118110235
20
-3.5467901574803147
11
5.630457322834646
21
-3.5526074803149608
0
LINE
8
BLACK
6
CONTINUOUS
10
5.630457322834646
20
-3.5526074803149608
11
5.6374555118110239
21
-3.5596056692913387
0
LINE
8
BLACK
6
CONTINUOUS
10
5.6374555118110239
20
-3.5596056692913387
11
5.6432728346456695
21
-3.5676124803149607
0
LINE
8
BLACK
6
CONTINUOUS
10
5.6432728346456695
20
-3.5676124803149607
11
5.6477659448818898
21
-3.5764307480314961
0
LINE
8
BLACK
6
CONTINUOUS
10
5.6477659448818898
20
-3.5764307480314961
11
5.6508242913385827
21
-3.5858433464566928
0
LINE
8
BLACK
6
CONTINUOUS
10
5.6508242913385827
20
-3.5858433464566928
11
5.6523725196850396
21
-3.5956184645669289
0
LINE
8
BLACK
6
CONTINUOUS
10
5.6523725196850396
20
-3.5956184645669289
11
5.6523725196850396
21
-3.6055153937007871
0
LINE
8
BLACK
6
CONTINUOUS
10
5.6523725196850396
20
-3.6055153937007871
11
5.6508242913385827
21
-3.6152905118110237
0
LINE
8
BLACK
6
CONTINUOUS
10
5.6508242913385827
20
-3.6152905118110237
11
5.6477659448818898
21
-3.6247031102362204
0
LINE
8
BLACK
6
CONTINUOUS
10
5.6477659448818898
20
-3.6247031102362204
11
5.6432728346456695
21
-3.6335213779527558
0
LINE
8
BLACK
6
CONTINUOUS
10
5.6432728346456695
20
-3.6335213779527558
11
5.6374555118110239
21
-3.6415281889763778
0
LINE
8
BLACK
6
CONTINUOUS
10
5.6374555118110239
20
-3.6415281889763778
11
5.630457322834646
21
-3.6485263779527557
0
LINE
8
BLACK
6
CONTINUOUS
10
5.630457322834646
20
-3.6485263779527557
11
5.6224505118110235
21
-3.6543437007874013
0
LINE
8
BLACK
6
CONTINUOUS
10
5.6224505118110235
20
-3.6543437007874013
11
5.6136322440944877
21
-3.658836811023622
0
LINE
8
BLACK
6
CONTINUOUS
10
5.6136322440944877
20
-3.658836811023622
11
5.604219645669291
21
-3.6618951574803149
0
LINE
8
BLACK
6
CONTINUOUS
10
5.604219645669291
20
-3.6618951574803149
11
5.5944445275590553
21
-3.6634433858267714
0
LINE
8
BLACK
6
CONTINUOUS
10
5.5944445275590553
20
-3.6634433858267714
11
5.5845475984251971
21
-3.6634433858267714
0
LINE
8
BLACK
6
CONTINUOUS
10
5.5845475984251971
20
-3.6634433858267714
11
5.5747724803149605
21
-3.6618951574803149
0
LINE
8
BLACK
6
CONTINUOUS
10
5.5747724803149605
20
-3.6618951574803149
11
5.5653598818897638
21
-3.658836811023622
0
LINE
8
BLACK
6
CONTINUOUS
10
5.5653598818897638
20
-3.658836811023622
11
5.556541614173228
21
-3.6543437007874013
0
LINE
8
BLACK
6
CONTINUOUS
10
5.556541614173228
20
-3.6543437007874013
11
5.5485348031496065
21
-3.6485263779527557
0
LINE
8
BLACK
6
CONTINUOUS
10
5.5485348031496065
20
-3.6485263779527557
11
5.5415366141732285
21
-3.6415281889763778
0
LINE
8
BLACK
6
CONTINUOUS
10
5.5415366141732285
20
-3.6415281889763778
11
5.5357192913385829
21
-3.6335213779527558
0
LINE
8
BLACK
6
CONTINUOUS
10
5.5357192913385829
20
-3.6335213779527558
11
5.5312261811023617
21
-3.6247031102362204
0
LINE
8
BLACK
6
CONTINUOUS
10
5.5312261811023617
20
-3.6247031102362204
11
5.5281678346456689
21
-3.6152905118110237
0
LINE
8
BLACK
6
CONTINUOUS
10
5.5281678346456689
20
-3.6152905118110237
11
5.5266196062992128
21
-3.6055153937007871
0
LINE
8
BLACK
6
CONTINUOUS
10
5.5266196062992128
20
-3.6055153937007871
11
5.5266196062992128
21
-3.5956184645669289
0
LINE
8
BLACK
6
CONTINUOUS
10
5.5266196062992128
20
-3.5956184645669289
11
5.5281678346456689
21
-3.5858433464566928
0
LINE
8
BLACK
6
CONTINUOUS
10
5.5281678346456689
20
-3.5858433464566928
11
5.5312261811023617
21
-3.5764307480314961
0
LINE
8
BLACK
6
CONTINUOUS
10
5.5312261811023617
20
-3.5764307480314961
11
5.5357192913385829
21
-3.5676124803149607
0
LINE
8
BLACK
6
CONTINUOUS
10
5.5357192913385829
20
-3.5676124803149607
11
5.5415366141732285
21
-3.5596056692913387
0
LINE
8
BLACK
6
CONTINUOUS
10
5.5415366141732285
20
-3.5596056692913387
11
5.5485348031496065
21
-3.5526074803149608
0
LINE
8
BLACK
6
CONTINUOUS
10
5.5485348031496065
20
-3.5526074803149608
11
5.556541614173228
21
-3.5467901574803147
0
LINE
8
BLACK
6
CONTINUOUS
10
5.556541614173228
20
-3.5467901574803147
11
5.5653598818897638
21
-3.5422970472440944
0
LINE
8
BLACK
6
CONTINUOUS
10
5.5653598818897638
20
-3.5422970472440944
11
5.5747724803149605
21
-3.5392387007874015
0
LINE
8
BLACK
6
CONTINUOUS
10
5.5747724803149605
20
-3.5392387007874015
11
5.5845475984251971
21
-3.5376904724409446
0
LINE
8
BLACK
6
CONTINUOUS
10
5.5845475984251971
20
-3.5376904724409446
11
5.5944445275590553
21
-3.5376904724409446
0
LINE
8
BLACK
6
CONTINUOUS
10
5.5944445275590553
20
-3.5376904724409446
11
5.604219645669291
21
-3.5392387007874015
0
LINE
8
BLACK
6
CONTINUOUS
10
6.4703613779527558
20
-3.5392387007874015
11
6.4797739763779525
21
-3.5422970472440944
0
LINE
8
BLACK
6
CONTINUOUS
10
6.4797739763779525
20
-3.5422970472440944
11
6.4885922440944883
21
-3.5467901574803147
0
LINE
8
BLACK
6
CONTINUOUS
10
6.4885922440944883
20
-3.5467901574803147
11
6.4965990551181099
21
-3.5526074803149608
0
LINE
8
BLACK
6
CONTINUOUS
10
6.4965990551181099
20
-3.5526074803149608
11
6.5035972440944878
21
-3.5596056692913387
0
LINE
8
BLACK
6
CONTINUOUS
10
6.5035972440944878
20
-3.5596056692913387
11
6.5094145669291334
21
-3.5676124803149607
0
LINE
8
BLACK
6
CONTINUOUS
10
6.5094145669291334
20
-3.5676124803149607
11
6.5139076771653546
21
-3.5764307480314961
0
LINE
8
BLACK
6
CONTINUOUS
10
6.5139076771653546
20
-3.5764307480314961
11
6.5169660236220475
21
-3.5858433464566928
0
LINE
8
BLACK
6
CONTINUOUS
10
6.5169660236220475
20
-3.5858433464566928
11
6.5185142519685035
21
-3.5956184645669289
0
LINE
8
BLACK
6
CONTINUOUS
10
6.5185142519685035
20
-3.5956184645669289
11
6.5185142519685035
21
-3.6055153937007871
0
LINE
8
BLACK
6
CONTINUOUS
10
6.5185142519685035
20
-3.6055153937007871
11
6.5169660236220475
21
-3.6152905118110237
0
LINE
8
BLACK
6
CONTINUOUS
10
6.5169660236220475
20
-3.6152905118110237
11
6.5139076771653546
21
-3.6247031102362204
0
LINE
8
BLACK
6
CONTINUOUS
10
6.5139076771653546
20
-3.6247031102362204
11
6.5094145669291334
21
-3.6335213779527558
0
LINE
8
BLACK
6
CONTINUOUS
10
6.5094145669291334
20
-3.6335213779527558
11
6.5035972440944878
21
-3.6415281889763778
0
LINE
8
BLACK
6
CONTINUOUS
10
6.5035972440944878
20
-3.6415281889763778
11
6.4965990551181099
21
-3.6485263779527557
0
LINE
8
BLACK
6
CONTINUOUS
10
6.4965990551181099
20
-3.6485263779527557
11
6.4885922440944883
21
-3.6543437007874013
0
LINE
8
BLACK
6
CONTINUOUS
10
6.4885922440944883
20
-3.6543437007874013
11
6.4797739763779525
21
-3.658836811023622
0
LINE
8
BLACK
6
CONTINUOUS
10
6.4797739763779525
20
-3.658836811023622
11
6.4703613779527558
21
-3.6618951574803149
0
LINE
8
BLACK
6
CONTINUOUS
10
6.4703613779527558
20
-3.6618951574803149
11
6.4605862598425192
21
-3.6634433858267714
0
LINE
8
BLACK
6
CONTINUOUS
10
6.4605862598425192
20
-3.6634433858267714
11
6.450689330708661
21
-3.6634433858267714
0
LINE
8
BLACK
6
CONTINUOUS
10
6.450689330708661
20
-3.6634433858267714
11
6.4409142125984253
21
-3.6618951574803149
0
LINE
8
BLACK
6
CONTINUOUS
10
6.4409142125984253
20
-3.6618951574803149
11
6.4315016141732286
21
-3.658836811023622
0
LINE
8
BLACK
6
CONTINUOUS
10
6.4315016141732286
20
-3.658836811023622
11
6.4226833464566928
21
-3.6543437007874013
0
LINE
8
BLACK
6
CONTINUOUS
10
6.4226833464566928
20
-3.6543437007874013
11
6.4146765354330704
21
-3.6485263779527557
0
LINE
8
BLACK
6
CONTINUOUS
10
6.4146765354330704
20
-3.6485263779527557
11
6.4076783464566924
21
-3.6415281889763778
0
LINE
8
BLACK
6
CONTINUOUS
10
6.4076783464566924
20
-3.6415281889763778
11
6.4018610236220468
21
-3.6335213779527558
0
LINE
8
BLACK
6
CONTINUOUS
10
6.4018610236220468
20
-3.6335213779527558
11
6.3973679133858266
21
-3.6247031102362204
0
LINE
8
BLACK
6
CONTINUOUS
10
6.3973679133858266
20
-3.6247031102362204
11
6.3943095669291337
21
-3.6152905118110237
0
LINE
8
BLACK
6
CONTINUOUS
10
6.3943095669291337
20
-3.6152905118110237
11
6.3927613385826767
21
-3.6055153937007871
0
LINE
8
BLACK
6
CONTINUOUS
10
6.3927613385826767
20
-3.6055153937007871
11
6.3927613385826767
21
-3.5956184645669289
0
LINE
8
BLACK
6
CONTINUOUS
10
6.3927613385826767
20
-3.5956184645669289
11
6.3943095669291337
21
-3.5858433464566928
0
LINE
8
BLACK
6
CONTINUOUS
10
6.3943095669291337
20
-3.5858433464566928
11
6.3973679133858266
21
-3.5764307480314961
0
LINE
8
BLACK
6
CONTINUOUS
10
6.3973679133858266
20
-3.5764307480314961
11
6.4018610236220468
21
-3.5676124803149607
0
LINE
8
BLACK
6
CONTINUOUS
10
6.4018610236220468
20
-3.5676124803149607
11
6.4076783464566924
21
-3.5596056692913387
0
LINE
8
BLACK
6
CONTINUOUS
10
6.4076783464566924
20
-3.5596056692913387
11
6.4146765354330704
21
-3.5526074803149608
0
LINE
8
BLACK
6
CONTINUOUS
10
6.4146765354330704
20
-3.5526074803149608
11
6.4226833464566928
21
-3.5467901574803147
0
LINE
8
BLACK
6
CONTINUOUS
10
6.4226833464566928
20
-3.5467901574803147
11
6.4315016141732286
21
-3.5422970472440944
0
LINE
8
BLACK
6
CONTINUOUS
10
6.4315016141732286
20
-3.5422970472440944
11
6.4409142125984253
21
-3.5392387007874015
0
LINE
8
BLACK
6
CONTINUOUS
10
6.4409142125984253
20
-3.5392387007874015
11
6.450689330708661
21
-3.5376904724409446
0
LINE
8
BLACK
6
CONTINUOUS
10
6.450689330708661
20
-3.5376904724409446
11
6.4605862598425192
21
-3.5376904724409446
0
LINE
8
BLACK
6
CONTINUOUS
10
6.4605862598425192
20
-3.5376904724409446
11
6.4703613779527558
21
-3.5392387007874015
0
LINE
8
BLACK
6
CONTINUOUS
10
7.5942444881889761
20
-3.5356544094488189
11
7.5982154724409448
21
-3.5367184251968502
0
LINE
8
BLACK
6
CONTINUOUS
10
7.5982154724409448
20
-3.5367184251968502
11
7.601775787401575
21
-3.5387739763779527
0
LINE
8
BLACK
6
CONTINUOUS
10
7.601775787401575
20
-3.5387739763779527
11
7.6046827165354332
21
-3.5416809055118108
0
LINE
8
BLACK
6
CONTINUOUS
10
7.6046827165354332
20
-3.5416809055118108
11
7.6067382677165352
21
-3.5452412204724411
0
LINE
8
BLACK
6
CONTINUOUS
10
7.6067382677165352
20
-3.5452412204724411
11
7.6078022834645669
21
-3.5492122047244092
0
LINE
8
BLACK
6
CONTINUOUS
10
7.6078022834645669
20
-3.5492122047244092
11
7.6078022834645669
21
-3.5533232283464566
0
LINE
8
BLACK
6
CONTINUOUS
10
7.6078022834645669
20
-3.5533232283464566
11
7.6067382677165352
21
-3.5572942125984253
0
LINE
8
BLACK
6
CONTINUOUS
10
7.6067382677165352
20
-3.5572942125984253
11
7.6046827165354332
21
-3.5608545275590551
0
LINE
8
BLACK
6
CONTINUOUS
10
7.6046827165354332
20
-3.5608545275590551
11
7.601775787401575
21
-3.5637614566929132
0
LINE
8
BLACK
6
CONTINUOUS
10
7.601775787401575
20
-3.5637614566929132
11
7.5982154724409448
21
-3.5658170078740157
0
LINE
8
BLACK
6
CONTINUOUS
10
7.5982154724409448
20
-3.5658170078740157
11
7.5942444881889761
21
-3.566881023622047
0
LINE
8
BLACK
6
CONTINUOUS
10
7.5942444881889761
20
-3.566881023622047
11
7.5921889763779529
21
-3.5670157480314959
0
LINE
8
BLACK
6
CONTINUOUS
10
7.5921889763779529
20
-3.5670157480314959
11
7.5685669291338584
21
-3.5670157480314959
0
LINE
8
BLACK
6
CONTINUOUS
10
7.5685669291338584
20
-3.5670157480314959
11
7.5665114173228343
21
-3.566881023622047
0
LINE
8
BLACK
6
CONTINUOUS
10
7.5665114173228343
20
-3.566881023622047
11
7.5625404330708657
21
-3.5658170078740157
0
LINE
8
BLACK
6
CONTINUOUS
10
7.5625404330708657
20
-3.5658170078740157
11
7.5589801181102363
21
-3.5637614566929132
0
LINE
8
BLACK
6
CONTINUOUS
10
7.5589801181102363
20
-3.5637614566929132
11
7.5560731889763781
21
-3.5608545275590551
0
LINE
8
BLACK
6
CONTINUOUS
10
7.5560731889763781
20
-3.5608545275590551
11
7.5540176377952752
21
-3.5572942125984253
0
LINE
8
BLACK
6
CONTINUOUS
10
7.5540176377952752
20
-3.5572942125984253
11
7.5529536220472435
21
-3.5533232283464566
0
LINE
8
BLACK
6
CONTINUOUS
10
7.5529536220472435
20
-3.5533232283464566
11
7.5529536220472435
21
-3.5492122047244092
0
LINE
8
BLACK
6
CONTINUOUS
10
7.5529536220472435
20
-3.5492122047244092
11
7.5540176377952752
21
-3.5452412204724411
0
LINE
8
BLACK
6
CONTINUOUS
10
7.5540176377952752
20
-3.5452412204724411
11
7.5560731889763781
21
-3.5416809055118108
0
LINE
8
BLACK
6
CONTINUOUS
10
7.5560731889763781
20
-3.5416809055118108
11
7.5589801181102363
21
-3.5387739763779527
0
LINE
8
BLACK
6
CONTINUOUS
10
7.5589801181102363
20
-3.5387739763779527
11
7.5625404330708657
21
-3.5367184251968502
0
LINE
8
BLACK
6
CONTINUOUS
10
7.5625404330708657
20
-3.5367184251968502
11
7.5665114173228343
21
-3.5356544094488189
0
LINE
8
BLACK
6
CONTINUOUS
10
7.5665114173228343
20
-3.5356544094488189
11
7.5685669291338584
21
-3.53551968503937
0
LINE
8
BLACK
6
CONTINUOUS
10
7.5685669291338584
20
-3.53551968503937
11
7.5921889763779529
21
-3.53551968503937
0
LINE
8
BLACK
6
CONTINUOUS
10
7.5921889763779529
20
-3.53551968503937
11
7.5942444881889761
21
-3.5356544094488189
0
LINE
8
BLACK
6
CONTINUOUS
10
7.3599925196850391
20
-3.5214811811023621
11
7.3639635039370077
21
-3.5225451968503938
0
LINE
8
BLACK
6
CONTINUOUS
10
7.3639635039370077
20
-3.5225451968503938
11
7.367523818897638
21
-3.5246007480314958
0
LINE
8
BLACK
6
CONTINUOUS
10
7.367523818897638
20
-3.5246007480314958
11
7.3704307480314961
21
-3.5275076771653544
0
LINE
8
BLACK
6
CONTINUOUS
10
7.3704307480314961
20
-3.5275076771653544
11
7.3724862992125981
21
-3.5310679921259842
0
LINE
8
BLACK
6
CONTINUOUS
10
7.3724862992125981
20
-3.5310679921259842
11
7.3735503149606298
21
-3.5350389763779528
0
LINE
8
BLACK
6
CONTINUOUS
10
7.3735503149606298
20
-3.5350389763779528
11
7.3735503149606298
21
-3.5391499999999998
0
LINE
8
BLACK
6
CONTINUOUS
10
7.3735503149606298
20
-3.5391499999999998
11
7.3724862992125981
21
-3.5431209842519684
0
LINE
8
BLACK
6
CONTINUOUS
10
7.3724862992125981
20
-3.5431209842519684
11
7.3704307480314961
21
-3.5466812992125982
0
LINE
8
BLACK
6
CONTINUOUS
10
7.3704307480314961
20
-3.5466812992125982
11
7.367523818897638
21
-3.5495882283464568
0
LINE
8
BLACK
6
CONTINUOUS
10
7.367523818897638
20
-3.5495882283464568
11
7.3639635039370077
21
-3.5516437795275588
0
LINE
8
BLACK
6
CONTINUOUS
10
7.3639635039370077
20
-3.5516437795275588
11
7.3599925196850391
21
-3.5527077952755906
0
LINE
8
BLACK
6
CONTINUOUS
10
7.3599925196850391
20
-3.5527077952755906
11
7.3579370078740158
21
-3.5528425196850395
0
LINE
8
BLACK
6
CONTINUOUS
10
7.3579370078740158
20
-3.5528425196850395
11
7.3343149606299214
21
-3.5528425196850395
0
LINE
8
BLACK
6
CONTINUOUS
10
7.3343149606299214
20
-3.5528425196850395
11
7.3322594488188972
21
-3.5527077952755906
0
LINE
8
BLACK
6
CONTINUOUS
10
7.3322594488188972
20
-3.5527077952755906
11
7.3282884645669286
21
-3.5516437795275588
0
LINE
8
BLACK
6
CONTINUOUS
10
7.3282884645669286
20
-3.5516437795275588
11
7.3247281496062993
21
-3.5495882283464568
0
LINE
8
BLACK
6
CONTINUOUS
10
7.3247281496062993
20
-3.5495882283464568
11
7.3218212204724411
21
-3.5466812992125982
0
LINE
8
BLACK
6
CONTINUOUS
10
7.3218212204724411
20
-3.5466812992125982
11
7.3197656692913382
21
-3.5431209842519684
0
LINE
8
BLACK
6
CONTINUOUS
10
7.3197656692913382
20
-3.5431209842519684
11
7.3187016535433065
21
-3.5391499999999998
0
LINE
8
BLACK
6
CONTINUOUS
10
7.3187016535433065
20
-3.5391499999999998
11
7.3187016535433065
21
-3.5350389763779528
0
LINE
8
BLACK
6
CONTINUOUS
10
7.3187016535433065
20
-3.5350389763779528
11
7.3197656692913382
21
-3.5310679921259842
0
LINE
8
BLACK
6
CONTINUOUS
10
7.3197656692913382
20
-3.5310679921259842
11
7.3218212204724411
21
-3.5275076771653544
0
LINE
8
BLACK
6
CONTINUOUS
10
7.3218212204724411
20
-3.5275076771653544
11
7.3247281496062993
21
-3.5246007480314958
0
LINE
8
BLACK
6
CONTINUOUS
10
7.3247281496062993
20
-3.5246007480314958
11
7.3282884645669286
21
-3.5225451968503938
0
LINE
8
BLACK
6
CONTINUOUS
10
7.3282884645669286
20
-3.5225451968503938
11
7.3322594488188972
21
-3.5214811811023621
0
LINE
8
BLACK
6
CONTINUOUS
10
7.3322594488188972
20
-3.5214811811023621
11
7.3343149606299214
21
-3.5213464566929131
0
LINE
8
BLACK
6
CONTINUOUS
10
7.3343149606299214
20
-3.5213464566929131
11
7.3579370078740158
21
-3.5213464566929131
0
LINE
8
BLACK
6
CONTINUOUS
10
7.3579370078740158
20
-3.5213464566929131
11
7.3599925196850391
21
-3.5214811811023621
0
LINE
8
BLACK
6
CONTINUOUS
10
4.2292068897637796
20
-3.4800138976377952
11
4.2345974803149602
21
-3.4822467716535432
0
LINE
8
BLACK
6
CONTINUOUS
10
4.2345974803149602
20
-3.4822467716535432
11
4.2394488582677168
21
-3.4854883464566928
0
LINE
8
BLACK
6
CONTINUOUS
10
4.2394488582677168
20
-3.4854883464566928
11
4.2435746456692911
21
-3.4896141338582676
0
LINE
8
BLACK
6
CONTINUOUS
10
4.2435746456692911
20
-3.4896141338582676
11
4.2468162204724411
21
-3.4944655118110237
0
LINE
8
BLACK
6
CONTINUOUS
10
4.2468162204724411
20
-3.4944655118110237
11
4.2490490944881891
21
-3.4998561023622048
0
LINE
8
BLACK
6
CONTINUOUS
10
4.2490490944881891
20
-3.4998561023622048
11
4.2501874015748031
21
-3.5055787007874013
0
LINE
8
BLACK
6
CONTINUOUS
10
4.2501874015748031
20
-3.5055787007874013
11
4.2501874015748031
21
-3.5114134251968503
0
LINE
8
BLACK
6
CONTINUOUS
10
4.2501874015748031
20
-3.5114134251968503
11
4.2490490944881891
21
-3.5171360236220472
0
LINE
8
BLACK
6
CONTINUOUS
10
4.2490490944881891
20
-3.5171360236220472
11
4.2468162204724411
21
-3.5225266141732283
0
LINE
8
BLACK
6
CONTINUOUS
10
4.2468162204724411
20
-3.5225266141732283
11
4.2435746456692911
21
-3.527377992125984
0
LINE
8
BLACK
6
CONTINUOUS
10
4.2435746456692911
20
-3.527377992125984
11
4.2394488582677168
21
-3.5315037795275588
0
LINE
8
BLACK
6
CONTINUOUS
10
4.2394488582677168
20
-3.5315037795275588
11
4.2345974803149602
21
-3.5347453543307088
0
LINE
8
BLACK
6
CONTINUOUS
10
4.2345974803149602
20
-3.5347453543307088
11
4.2292068897637796
21
-3.5369782283464568
0
LINE
8
BLACK
6
CONTINUOUS
10
4.2292068897637796
20
-3.5369782283464568
11
4.2234842913385826
21
-3.5381165354330708
0
LINE
8
BLACK
6
CONTINUOUS
10
4.2234842913385826
20
-3.5381165354330708
11
4.2176495669291336
21
-3.5381165354330708
0
LINE
8
BLACK
6
CONTINUOUS
10
4.2176495669291336
20
-3.5381165354330708
11
4.2119269685039367
21
-3.5369782283464568
0
LINE
8
BLACK
6
CONTINUOUS
10
4.2119269685039367
20
-3.5369782283464568
11
4.206536377952756
21
-3.5347453543307088
0
LINE
8
BLACK
6
CONTINUOUS
10
4.206536377952756
20
-3.5347453543307088
11
4.2016850000000003
21
-3.5315037795275588
0
LINE
8
BLACK
6
CONTINUOUS
10
4.2016850000000003
20
-3.5315037795275588
11
4.1975592125984251
21
-3.527377992125984
0
LINE
8
BLACK
6
CONTINUOUS
10
4.1975592125984251
20
-3.527377992125984
11
4.1943176377952751
21
-3.5225266141732283
0
LINE
8
BLACK
6
CONTINUOUS
10
4.1943176377952751
20
-3.5225266141732283
11
4.1920847637795271
21
-3.5171360236220472
0
LINE
8
BLACK
6
CONTINUOUS
10
4.1920847637795271
20
-3.5171360236220472
11
4.1909464566929131
21
-3.5114134251968503
0
LINE
8
BLACK
6
CONTINUOUS
10
4.1909464566929131
20
-3.5114134251968503
11
4.1909464566929131
21
-3.5055787007874013
0
LINE
8
BLACK
6
CONTINUOUS
10
4.1909464566929131
20
-3.5055787007874013
11
4.1920847637795271
21
-3.4998561023622048
0
LINE
8
BLACK
6
CONTINUOUS
10
4.1920847637795271
20
-3.4998561023622048
11
4.1943176377952751
21
-3.4944655118110237
0
LINE
8
BLACK
6
CONTINUOUS
10
4.1943176377952751
20
-3.4944655118110237
11
4.1975592125984251
21
-3.4896141338582676
0
LINE
8
BLACK
6
CONTINUOUS
10
4.1975592125984251
20
-3.4896141338582676
11
4.2016850000000003
21
-3.4854883464566928
0
LINE
8
BLACK
6
CONTINUOUS
10
4.2016850000000003
20
-3.4854883464566928
11
4.206536377952756
21
-3.4822467716535432
0
LINE
8
BLACK
6
CONTINUOUS
10
4.206536377952756
20
-3.4822467716535432
11
4.2119269685039367
21
-3.4800138976377952
0
LINE
8
BLACK
6
CONTINUOUS
10
4.2119269685039367
20
-3.4800138976377952
11
4.2176495669291336
21
-3.4788755905511812
0
LINE
8
BLACK
6
CONTINUOUS
10
4.2176495669291336
20
-3.4788755905511812
11
4.2234842913385826
21
-3.4788755905511812
0
LINE
8
BLACK
6
CONTINUOUS
10
4.2234842913385826
20
-3.4788755905511812
11
4.2292068897637796
21
-3.4800138976377952
0
LINE
8
BLACK
6
CONTINUOUS
10
4.3292068897637792
20
-3.4800138976377952
11
4.3345974803149607
21
-3.4822467716535432
0
LINE
8
BLACK
6
CONTINUOUS
10
4.3345974803149607
20
-3.4822467716535432
11
4.3394488582677164
21
-3.4854883464566928
0
LINE
8
BLACK
6
CONTINUOUS
10
4.3394488582677164
20
-3.4854883464566928
11
4.3435746456692916
21
-3.4896141338582676
0
LINE
8
BLACK
6
CONTINUOUS
10
4.3435746456692916
20
-3.4896141338582676
11
4.3468162204724408
21
-3.4944655118110237
0
LINE
8
BLACK
6
CONTINUOUS
10
4.3468162204724408
20
-3.4944655118110237
11
4.3490490944881888
21
-3.4998561023622048
0
LINE
8
BLACK
6
CONTINUOUS
10
4.3490490944881888
20
-3.4998561023622048
11
4.3501874015748028
21
-3.5055787007874013
0
LINE
8
BLACK
6
CONTINUOUS
10
4.3501874015748028
20
-3.5055787007874013
11
4.3501874015748028
21
-3.5114134251968503
0
LINE
8
BLACK
6
CONTINUOUS
10
4.3501874015748028
20
-3.5114134251968503
11
4.3490490944881888
21
-3.5171360236220472
0
LINE
8
BLACK
6
CONTINUOUS
10
4.3490490944881888
20
-3.5171360236220472
11
4.3468162204724408
21
-3.5225266141732283
0
LINE
8
BLACK
6
CONTINUOUS
10
4.3468162204724408
20
-3.5225266141732283
11
4.3435746456692916
21
-3.527377992125984
0
LINE
8
BLACK
6
CONTINUOUS
10
4.3435746456692916
20
-3.527377992125984
11
4.3394488582677164
21
-3.5315037795275588
0
LINE
8
BLACK
6
CONTINUOUS
10
4.3394488582677164
20
-3.5315037795275588
11
4.3345974803149607
21
-3.5347453543307088
0
LINE
8
BLACK
6
CONTINUOUS
10
4.3345974803149607
20
-3.5347453543307088
11
4.3292068897637792
21
-3.5369782283464568
0
LINE
8
BLACK
6
CONTINUOUS
10
4.3292068897637792
20
-3.5369782283464568
11
4.3234842913385823
21
-3.5381165354330708
0
LINE
8
BLACK
6
CONTINUOUS
10
4.3234842913385823
20
-3.5381165354330708
11
4.3176495669291342
21
-3.5381165354330708
0
LINE
8
BLACK
6
CONTINUOUS
10
4.3176495669291342
20
-3.5381165354330708
11
4.3119269685039372
21
-3.5369782283464568
0
LINE
8
BLACK
6
CONTINUOUS
10
4.3119269685039372
20
-3.5369782283464568
11
4.3065363779527557
21
-3.5347453543307088
0
LINE
8
BLACK
6
CONTINUOUS
10
4.3065363779527557
20
-3.5347453543307088
11
4.301685
21
-3.5315037795275588
0
LINE
8
BLACK
6
CONTINUOUS
10
4.301685
20
-3.5315037795275588
11
4.2975592125984248
21
-3.527377992125984
0
LINE
8
BLACK
6
CONTINUOUS
10
4.2975592125984248
20
-3.527377992125984
11
4.2943176377952756
21
-3.5225266141732283
0
LINE
8
BLACK
6
CONTINUOUS
10
4.2943176377952756
20
-3.5225266141732283
11
4.2920847637795276
21
-3.5171360236220472
0
LINE
8
BLACK
6
CONTINUOUS
10
4.2920847637795276
20
-3.5171360236220472
11
4.2909464566929136
21
-3.5114134251968503
0
LINE
8
BLACK
6
CONTINUOUS
10
4.2909464566929136
20
-3.5114134251968503
11
4.2909464566929136
21
-3.5055787007874013
0
LINE
8
BLACK
6
CONTINUOUS
10
4.2909464566929136
20
-3.5055787007874013
11
4.2920847637795276
21
-3.4998561023622048
0
LINE
8
BLACK
6
CONTINUOUS
10
4.2920847637795276
20
-3.4998561023622048
11
4.2943176377952756
21
-3.4944655118110237
0
LINE
8
BLACK
6
CONTINUOUS
10
4.2943176377952756
20
-3.4944655118110237
11
4.2975592125984248
21
-3.4896141338582676
0
LINE
8
BLACK
6
CONTINUOUS
10
4.2975592125984248
20
-3.4896141338582676
11
4.301685
21
-3.4854883464566928
0
LINE
8
BLACK
6
CONTINUOUS
10
4.301685
20
-3.4854883464566928
11
4.3065363779527557
21
-3.4822467716535432
0
LINE
8
BLACK
6
CONTINUOUS
10
4.3065363779527557
20
-3.4822467716535432
11
4.3119269685039372
21
-3.4800138976377952
0
LINE
8
BLACK
6
CONTINUOUS
10
4.3119269685039372
20
-3.4800138976377952
11
4.3176495669291342
21
-3.4788755905511812
0
LINE
8
BLACK
6
CONTINUOUS
10
4.3176495669291342
20
-3.4788755905511812
11
4.3234842913385823
21
-3.4788755905511812
0
LINE
8
BLACK
6
CONTINUOUS
10
4.3234842913385823
20
-3.4788755905511812
11
4.3292068897637792
21
-3.4800138976377952
0
LINE
8
BLACK
6
CONTINUOUS
10
4.4292068897637797
20
-3.4800138976377952
11
4.4345974803149604
21
-3.4822467716535432
0
LINE
8
BLACK
6
CONTINUOUS
10
4.4345974803149604
20
-3.4822467716535432
11
4.4394488582677161
21
-3.4854883464566928
0
LINE
8
BLACK
6
CONTINUOUS
10
4.4394488582677161
20
-3.4854883464566928
11
4.4435746456692913
21
-3.4896141338582676
0
LINE
8
BLACK
6
CONTINUOUS
10
4.4435746456692913
20
-3.4896141338582676
11
4.4468162204724404
21
-3.4944655118110237
0
LINE
8
BLACK
6
CONTINUOUS
10
4.4468162204724404
20
-3.4944655118110237
11
4.4490490944881893
21
-3.4998561023622048
0
LINE
8
BLACK
6
CONTINUOUS
10
4.4490490944881893
20
-3.4998561023622048
11
4.4501874015748033
21
-3.5055787007874013
0
LINE
8
BLACK
6
CONTINUOUS
10
4.4501874015748033
20
-3.5055787007874013
11
4.4501874015748033
21
-3.5114134251968503
0
LINE
8
BLACK
6
CONTINUOUS
10
4.4501874015748033
20
-3.5114134251968503
11
4.4490490944881893
21
-3.5171360236220472
0
LINE
8
BLACK
6
CONTINUOUS
10
4.4490490944881893
20
-3.5171360236220472
11
4.4468162204724404
21
-3.5225266141732283
0
LINE
8
BLACK
6
CONTINUOUS
10
4.4468162204724404
20
-3.5225266141732283
11
4.4435746456692913
21
-3.527377992125984
0
LINE
8
BLACK
6
CONTINUOUS
10
4.4435746456692913
20
-3.527377992125984
11
4.4394488582677161
21
-3.5315037795275588
0
LINE
8
BLACK
6
CONTINUOUS
10
4.4394488582677161
20
-3.5315037795275588
11
4.4345974803149604
21
-3.5347453543307088
0
LINE
8
BLACK
6
CONTINUOUS
10
4.4345974803149604
20
-3.5347453543307088
11
4.4292068897637797
21
-3.5369782283464568
0
LINE
8
BLACK
6
CONTINUOUS
10
4.4292068897637797
20
-3.5369782283464568
11
4.4234842913385828
21
-3.5381165354330708
0
LINE
8
BLACK
6
CONTINUOUS
10
4.4234842913385828
20
-3.5381165354330708
11
4.4176495669291338
21
-3.5381165354330708
0
LINE
8
BLACK
6
CONTINUOUS
10
4.4176495669291338
20
-3.5381165354330708
11
4.4119269685039368
21
-3.5369782283464568
0
LINE
8
BLACK
6
CONTINUOUS
10
4.4119269685039368
20
-3.5369782283464568
11
4.4065363779527562
21
-3.5347453543307088
0
LINE
8
BLACK
6
CONTINUOUS
10
4.4065363779527562
20
-3.5347453543307088
11
4.4016849999999996
21
-3.5315037795275588
0
LINE
8
BLACK
6
CONTINUOUS
10
4.4016849999999996
20
-3.5315037795275588
11
4.3975592125984253
21
-3.527377992125984
0
LINE
8
BLACK
6
CONTINUOUS
10
4.3975592125984253
20
-3.527377992125984
11
4.3943176377952753
21
-3.5225266141732283
0
LINE
8
BLACK
6
CONTINUOUS
10
4.3943176377952753
20
-3.5225266141732283
11
4.3920847637795273
21
-3.5171360236220472
0
LINE
8
BLACK
6
CONTINUOUS
10
4.3920847637795273
20
-3.5171360236220472
11
4.3909464566929133
21
-3.5114134251968503
0
LINE
8
BLACK
6
CONTINUOUS
10
4.3909464566929133
20
-3.5114134251968503
11
4.3909464566929133
21
-3.5055787007874013
0
LINE
8
BLACK
6
CONTINUOUS
10
4.3909464566929133
20
-3.5055787007874013
11
4.3920847637795273
21
-3.4998561023622048
0
LINE
8
BLACK
6
CONTINUOUS
10
4.3920847637795273
20
-3.4998561023622048
11
4.3943176377952753
21
-3.4944655118110237
0
LINE
8
BLACK
6
CONTINUOUS
10
4.3943176377952753
20
-3.4944655118110237
11
4.3975592125984253
21
-3.4896141338582676
0
LINE
8
BLACK
6
CONTINUOUS
10
4.3975592125984253
20
-3.4896141338582676
11
4.4016849999999996
21
-3.4854883464566928
0
LINE
8
BLACK
6
CONTINUOUS
10
4.4016849999999996
20
-3.4854883464566928
11
4.4065363779527562
21
-3.4822467716535432
0
LINE
8
BLACK
6
CONTINUOUS
10
4.4065363779527562
20
-3.4822467716535432
11
4.4119269685039368
21
-3.4800138976377952
0
LINE
8
BLACK
6
CONTINUOUS
10
4.4119269685039368
20
-3.4800138976377952
11
4.4176495669291338
21
-3.4788755905511812
0
LINE
8
BLACK
6
CONTINUOUS
10
4.4176495669291338
20
-3.4788755905511812
11
4.4234842913385828
21
-3.4788755905511812
0
LINE
8
BLACK
6
CONTINUOUS
10
4.4234842913385828
20
-3.4788755905511812
11
4.4292068897637797
21
-3.4800138976377952
0
LINE
8
BLACK
6
CONTINUOUS
10
4.5292068897637794
20
-3.4800138976377952
11
4.5345974803149609
21
-3.4822467716535432
0
LINE
8
BLACK
6
CONTINUOUS
10
4.5345974803149609
20
-3.4822467716535432
11
4.5394488582677166
21
-3.4854883464566928
0
LINE
8
BLACK
6
CONTINUOUS
10
4.5394488582677166
20
-3.4854883464566928
11
4.5435746456692909
21
-3.4896141338582676
0
LINE
8
BLACK
6
CONTINUOUS
10
4.5435746456692909
20
-3.4896141338582676
11
4.5468162204724409
21
-3.4944655118110237
0
LINE
8
BLACK
6
CONTINUOUS
10
4.5468162204724409
20
-3.4944655118110237
11
4.5490490944881889
21
-3.4998561023622048
0
LINE
8
BLACK
6
CONTINUOUS
10
4.5490490944881889
20
-3.4998561023622048
11
4.5501874015748029
21
-3.5055787007874013
0
LINE
8
BLACK
6
CONTINUOUS
10
4.5501874015748029
20
-3.5055787007874013
11
4.5501874015748029
21
-3.5114134251968503
0
LINE
8
BLACK
6
CONTINUOUS
10
4.5501874015748029
20
-3.5114134251968503
11
4.5490490944881889
21
-3.5171360236220472
0
LINE
8
BLACK
6
CONTINUOUS
10
4.5490490944881889
20
-3.5171360236220472
11
4.5468162204724409
21
-3.5225266141732283
0
LINE
8
BLACK
6
CONTINUOUS
10
4.5468162204724409
20
-3.5225266141732283
11
4.5435746456692909
21
-3.527377992125984
0
LINE
8
BLACK
6
CONTINUOUS
10
4.5435746456692909
20
-3.527377992125984
11
4.5394488582677166
21
-3.5315037795275588
0
LINE
8
BLACK
6
CONTINUOUS
10
4.5394488582677166
20
-3.5315037795275588
11
4.5345974803149609
21
-3.5347453543307088
0
LINE
8
BLACK
6
CONTINUOUS
10
4.5345974803149609
20
-3.5347453543307088
11
4.5292068897637794
21
-3.5369782283464568
0
LINE
8
BLACK
6
CONTINUOUS
10
4.5292068897637794
20
-3.5369782283464568
11
4.5234842913385824
21
-3.5381165354330708
0
LINE
8
BLACK
6
CONTINUOUS
10
4.5234842913385824
20
-3.5381165354330708
11
4.5176495669291334
21
-3.5381165354330708
0
LINE
8
BLACK
6
CONTINUOUS
10
4.5176495669291334
20
-3.5381165354330708
11
4.5119269685039365
21
-3.5369782283464568
0
LINE
8
BLACK
6
CONTINUOUS
10
4.5119269685039365
20
-3.5369782283464568
11
4.5065363779527559
21
-3.5347453543307088
0
LINE
8
BLACK
6
CONTINUOUS
10
4.5065363779527559
20
-3.5347453543307088
11
4.5016850000000002
21
-3.5315037795275588
0
LINE
8
BLACK
6
CONTINUOUS
10
4.5016850000000002
20
-3.5315037795275588
11
4.4975592125984249
21
-3.527377992125984
0
LINE
8
BLACK
6
CONTINUOUS
10
4.4975592125984249
20
-3.527377992125984
11
4.4943176377952758
21
-3.5225266141732283
0
LINE
8
BLACK
6
CONTINUOUS
10
4.4943176377952758
20
-3.5225266141732283
11
4.4920847637795278
21
-3.5171360236220472
0
LINE
8
BLACK
6
CONTINUOUS
10
4.4920847637795278
20
-3.5171360236220472
11
4.4909464566929129
21
-3.5114134251968503
0
LINE
8
BLACK
6
CONTINUOUS
10
4.4909464566929129
20
-3.5114134251968503
11
4.4909464566929129
21
-3.5055787007874013
0
LINE
8
BLACK
6
CONTINUOUS
10
4.4909464566929129
20
-3.5055787007874013
11
4.4920847637795278
21
-3.4998561023622048
0
LINE
8
BLACK
6
CONTINUOUS
10
4.4920847637795278
20
-3.4998561023622048
11
4.4943176377952758
21
-3.4944655118110237
0
LINE
8
BLACK
6
CONTINUOUS
10
4.4943176377952758
20
-3.4944655118110237
11
4.4975592125984249
21
-3.4896141338582676
0
LINE
8
BLACK
6
CONTINUOUS
10
4.4975592125984249
20
-3.4896141338582676
11
4.5016850000000002
21
-3.4854883464566928
0
LINE
8
BLACK
6
CONTINUOUS
10
4.5016850000000002
20
-3.4854883464566928
11
4.5065363779527559
21
-3.4822467716535432
0
LINE
8
BLACK
6
CONTINUOUS
10
4.5065363779527559
20
-3.4822467716535432
11
4.5119269685039365
21
-3.4800138976377952
0
LINE
8
BLACK
6
CONTINUOUS
10
4.5119269685039365
20
-3.4800138976377952
11
4.5176495669291334
21
-3.4788755905511812
0
LINE
8
BLACK
6
CONTINUOUS
10
4.5176495669291334
20
-3.4788755905511812
11
4.5234842913385824
21
-3.4788755905511812
0
LINE
8
BLACK
6
CONTINUOUS
10
4.5234842913385824
20
-3.4788755905511812
11
4.5292068897637794
21
-3.4800138976377952
0
LINE
8
BLACK
6
CONTINUOUS
10
4.629206889763779
20
-3.4800138976377952
11
4.6345974803149605
21
-3.4822467716535432
0
LINE
8
BLACK
6
CONTINUOUS
10
4.6345974803149605
20
-3.4822467716535432
11
4.6394488582677162
21
-3.4854883464566928
0
LINE
8
BLACK
6
CONTINUOUS
10
4.6394488582677162
20
-3.4854883464566928
11
4.6435746456692915
21
-3.4896141338582676
0
LINE
8
BLACK
6
CONTINUOUS
10
4.6435746456692915
20
-3.4896141338582676
11
4.6468162204724406
21
-3.4944655118110237
0
LINE
8
BLACK
6
CONTINUOUS
10
4.6468162204724406
20
-3.4944655118110237
11
4.6490490944881886
21
-3.4998561023622048
0
LINE
8
BLACK
6
CONTINUOUS
10
4.6490490944881886
20
-3.4998561023622048
11
4.6501874015748035
21
-3.5055787007874013
0
LINE
8
BLACK
6
CONTINUOUS
10
4.6501874015748035
20
-3.5055787007874013
11
4.6501874015748035
21
-3.5114134251968503
0
LINE
8
BLACK
6
CONTINUOUS
10
4.6501874015748035
20
-3.5114134251968503
11
4.6490490944881886
21
-3.5171360236220472
0
LINE
8
BLACK
6
CONTINUOUS
10
4.6490490944881886
20
-3.5171360236220472
11
4.6468162204724406
21
-3.5225266141732283
0
LINE
8
BLACK
6
CONTINUOUS
10
4.6468162204724406
20
-3.5225266141732283
11
4.6435746456692915
21
-3.527377992125984
0
LINE
8
BLACK
6
CONTINUOUS
10
4.6435746456692915
20
-3.527377992125984
11
4.6394488582677162
21
-3.5315037795275588
0
LINE
8
BLACK
6
CONTINUOUS
10
4.6394488582677162
20
-3.5315037795275588
11
4.6345974803149605
21
-3.5347453543307088
0
LINE
8
BLACK
6
CONTINUOUS
10
4.6345974803149605
20
-3.5347453543307088
11
4.629206889763779
21
-3.5369782283464568
0
LINE
8
BLACK
6
CONTINUOUS
10
4.629206889763779
20
-3.5369782283464568
11
4.623484291338583
21
-3.5381165354330708
0
LINE
8
BLACK
6
CONTINUOUS
10
4.623484291338583
20
-3.5381165354330708
11
4.617649566929134
21
-3.5381165354330708
0
LINE
8
BLACK
6
CONTINUOUS
10
4.617649566929134
20
-3.5381165354330708
11
4.611926968503937
21
-3.5369782283464568
0
LINE
8
BLACK
6
CONTINUOUS
10
4.611926968503937
20
-3.5369782283464568
11
4.6065363779527555
21
-3.5347453543307088
0
LINE
8
BLACK
6
CONTINUOUS
10
4.6065363779527555
20
-3.5347453543307088
11
4.6016849999999998
21
-3.5315037795275588
0
LINE
8
BLACK
6
CONTINUOUS
10
4.6016849999999998
20
-3.5315037795275588
11
4.5975592125984255
21
-3.527377992125984
0
LINE
8
BLACK
6
CONTINUOUS
10
4.5975592125984255
20
-3.527377992125984
11
4.5943176377952755
21
-3.5225266141732283
0
LINE
8
BLACK
6
CONTINUOUS
10
4.5943176377952755
20
-3.5225266141732283
11
4.5920847637795275
21
-3.5171360236220472
0
LINE
8
BLACK
6
CONTINUOUS
10
4.5920847637795275
20
-3.5171360236220472
11
4.5909464566929135
21
-3.5114134251968503
0
LINE
8
BLACK
6
CONTINUOUS
10
4.5909464566929135
20
-3.5114134251968503
11
4.5909464566929135
21
-3.5055787007874013
0
LINE
8
BLACK
6
CONTINUOUS
10
4.5909464566929135
20
-3.5055787007874013
11
4.5920847637795275
21
-3.4998561023622048
0
LINE
8
BLACK
6
CONTINUOUS
10
4.5920847637795275
20
-3.4998561023622048
11
4.5943176377952755
21
-3.4944655118110237
0
LINE
8
BLACK
6
CONTINUOUS
10
4.5943176377952755
20
-3.4944655118110237
11
4.5975592125984255
21
-3.4896141338582676
0
LINE
8
BLACK
6
CONTINUOUS
10
4.5975592125984255
20
-3.4896141338582676
11
4.6016849999999998
21
-3.4854883464566928
0
LINE
8
BLACK
6
CONTINUOUS
10
4.6016849999999998
20
-3.4854883464566928
11
4.6065363779527555
21
-3.4822467716535432
0
LINE
8
BLACK
6
CONTINUOUS
10
4.6065363779527555
20
-3.4822467716535432
11
4.611926968503937
21
-3.4800138976377952
0
LINE
8
BLACK
6
CONTINUOUS
10
4.611926968503937
20
-3.4800138976377952
11
4.617649566929134
21
-3.4788755905511812
0
LINE
8
BLACK
6
CONTINUOUS
10
4.617649566929134
20
-3.4788755905511812
11
4.623484291338583
21
-3.4788755905511812
0
LINE
8
BLACK
6
CONTINUOUS
10
4.623484291338583
20
-3.4788755905511812
11
4.629206889763779
21
-3.4800138976377952
0
LINE
8
BLACK
6
CONTINUOUS
10
4.7292068897637796
20
-3.4800138976377952
11
4.7345974803149602
21
-3.4822467716535432
0
LINE
8
BLACK
6
CONTINUOUS
10
4.7345974803149602
20
-3.4822467716535432
11
4.7394488582677168
21
-3.4854883464566928
0
LINE
8
BLACK
6
CONTINUOUS
10
4.7394488582677168
20
-3.4854883464566928
11
4.7435746456692911
21
-3.4896141338582676
0
LINE
8
BLACK
6
CONTINUOUS
10
4.7435746456692911
20
-3.4896141338582676
11
4.7468162204724411
21
-3.4944655118110237
0
LINE
8
BLACK
6
CONTINUOUS
10
4.7468162204724411
20
-3.4944655118110237
11
4.7490490944881891
21
-3.4998561023622048
0
LINE
8
BLACK
6
CONTINUOUS
10
4.7490490944881891
20
-3.4998561023622048
11
4.7501874015748031
21
-3.5055787007874013
0
LINE
8
BLACK
6
CONTINUOUS
10
4.7501874015748031
20
-3.5055787007874013
11
4.7501874015748031
21
-3.5114134251968503
0
LINE
8
BLACK
6
CONTINUOUS
10
4.7501874015748031
20
-3.5114134251968503
11
4.7490490944881891
21
-3.5171360236220472
0
LINE
8
BLACK
6
CONTINUOUS
10
4.7490490944881891
20
-3.5171360236220472
11
4.7468162204724411
21
-3.5225266141732283
0
LINE
8
BLACK
6
CONTINUOUS
10
4.7468162204724411
20
-3.5225266141732283
11
4.7435746456692911
21
-3.527377992125984
0
LINE
8
BLACK
6
CONTINUOUS
10
4.7435746456692911
20
-3.527377992125984
11
4.7394488582677168
21
-3.5315037795275588
0
LINE
8
BLACK
6
CONTINUOUS
10
4.7394488582677168
20
-3.5315037795275588
11
4.7345974803149602
21
-3.5347453543307088
0
LINE
8
BLACK
6
CONTINUOUS
10
4.7345974803149602
20
-3.5347453543307088
11
4.7292068897637796
21
-3.5369782283464568
0
LINE
8
BLACK
6
CONTINUOUS
10
4.7292068897637796
20
-3.5369782283464568
11
4.7234842913385826
21
-3.5381165354330708
0
LINE
8
BLACK
6
CONTINUOUS
10
4.7234842913385826
20
-3.5381165354330708
11
4.7176495669291336
21
-3.5381165354330708
0
LINE
8
BLACK
6
CONTINUOUS
10
4.7176495669291336
20
-3.5381165354330708
11
4.7119269685039367
21
-3.5369782283464568
0
LINE
8
BLACK
6
CONTINUOUS
10
4.7119269685039367
20
-3.5369782283464568
11
4.706536377952756
21
-3.5347453543307088
0
LINE
8
BLACK
6
CONTINUOUS
10
4.706536377952756
20
-3.5347453543307088
11
4.7016850000000003
21
-3.5315037795275588
0
LINE
8
BLACK
6
CONTINUOUS
10
4.7016850000000003
20
-3.5315037795275588
11
4.6975592125984251
21
-3.527377992125984
0
LINE
8
BLACK
6
CONTINUOUS
10
4.6975592125984251
20
-3.527377992125984
11
4.6943176377952751
21
-3.5225266141732283
0
LINE
8
BLACK
6
CONTINUOUS
10
4.6943176377952751
20
-3.5225266141732283
11
4.6920847637795271
21
-3.5171360236220472
0
LINE
8
BLACK
6
CONTINUOUS
10
4.6920847637795271
20
-3.5171360236220472
11
4.6909464566929131
21
-3.5114134251968503
0
LINE
8
BLACK
6
CONTINUOUS
10
4.6909464566929131
20
-3.5114134251968503
11
4.6909464566929131
21
-3.5055787007874013
0
LINE
8
BLACK
6
CONTINUOUS
10
4.6909464566929131
20
-3.5055787007874013
11
4.6920847637795271
21
-3.4998561023622048
0
LINE
8
BLACK
6
CONTINUOUS
10
4.6920847637795271
20
-3.4998561023622048
11
4.6943176377952751
21
-3.4944655118110237
0
LINE
8
BLACK
6
CONTINUOUS
10
4.6943176377952751
20
-3.4944655118110237
11
4.6975592125984251
21
-3.4896141338582676
0
LINE
8
BLACK
6
CONTINUOUS
10
4.6975592125984251
20
-3.4896141338582676
11
4.7016850000000003
21
-3.4854883464566928
0
LINE
8
BLACK
6
CONTINUOUS
10
4.7016850000000003
20
-3.4854883464566928
11
4.706536377952756
21
-3.4822467716535432
0
LINE
8
BLACK
6
CONTINUOUS
10
4.706536377952756
20
-3.4822467716535432
11
4.7119269685039367
21
-3.4800138976377952
0
LINE
8
BLACK
6
CONTINUOUS
10
4.7119269685039367
20
-3.4800138976377952
11
4.7176495669291336
21
-3.4788755905511812
0
LINE
8
BLACK
6
CONTINUOUS
10
4.7176495669291336
20
-3.4788755905511812
11
4.7234842913385826
21
-3.4788755905511812
0
LINE
8
BLACK
6
CONTINUOUS
10
4.7234842913385826
20
-3.4788755905511812
11
4.7292068897637796
21
-3.4800138976377952
0
LINE
8
BLACK
6
CONTINUOUS
10
4.8292068897637792
20
-3.4800138976377952
11
4.8345974803149607
21
-3.4822467716535432
0
LINE
8
BLACK
6
CONTINUOUS
10
4.8345974803149607
20
-3.4822467716535432
11
4.8394488582677164
21
-3.4854883464566928
0
LINE
8
BLACK
6
CONTINUOUS
10
4.8394488582677164
20
-3.4854883464566928
11
4.8435746456692916
21
-3.4896141338582676
0
LINE
8
BLACK
6
CONTINUOUS
10
4.8435746456692916
20
-3.4896141338582676
11
4.8468162204724408
21
-3.4944655118110237
0
LINE
8
BLACK
6
CONTINUOUS
10
4.8468162204724408
20
-3.4944655118110237
11
4.8490490944881888
21
-3.4998561023622048
0
LINE
8
BLACK
6
CONTINUOUS
10
4.8490490944881888
20
-3.4998561023622048
11
4.8501874015748028
21
-3.5055787007874013
0
LINE
8
BLACK
6
CONTINUOUS
10
4.8501874015748028
20
-3.5055787007874013
11
4.8501874015748028
21
-3.5114134251968503
0
LINE
8
BLACK
6
CONTINUOUS
10
4.8501874015748028
20
-3.5114134251968503
11
4.8490490944881888
21
-3.5171360236220472
0
LINE
8
BLACK
6
CONTINUOUS
10
4.8490490944881888
20
-3.5171360236220472
11
4.8468162204724408
21
-3.5225266141732283
0
LINE
8
BLACK
6
CONTINUOUS
10
4.8468162204724408
20
-3.5225266141732283
11
4.8435746456692916
21
-3.527377992125984
0
LINE
8
BLACK
6
CONTINUOUS
10
4.8435746456692916
20
-3.527377992125984
11
4.8394488582677164
21
-3.5315037795275588
0
LINE
8
BLACK
6
CONTINUOUS
10
4.8394488582677164
20
-3.5315037795275588
11
4.8345974803149607
21
-3.5347453543307088
0
LINE
8
BLACK
6
CONTINUOUS
10
4.8345974803149607
20
-3.5347453543307088
11
4.8292068897637792
21
-3.5369782283464568
0
LINE
8
BLACK
6
CONTINUOUS
10
4.8292068897637792
20
-3.5369782283464568
11
4.8234842913385823
21
-3.5381165354330708
0
LINE
8
BLACK
6
CONTINUOUS
10
4.8234842913385823
20
-3.5381165354330708
11
4.8176495669291342
21
-3.5381165354330708
0
LINE
8
BLACK
6
CONTINUOUS
10
4.8176495669291342
20
-3.5381165354330708
11
4.8119269685039372
21
-3.5369782283464568
0
LINE
8
BLACK
6
CONTINUOUS
10
4.8119269685039372
20
-3.5369782283464568
11
4.8065363779527557
21
-3.5347453543307088
0
LINE
8
BLACK
6
CONTINUOUS
10
4.8065363779527557
20
-3.5347453543307088
11
4.801685
21
-3.5315037795275588
0
LINE
8
BLACK
6
CONTINUOUS
10
4.801685
20
-3.5315037795275588
11
4.7975592125984248
21
-3.527377992125984
0
LINE
8
BLACK
6
CONTINUOUS
10
4.7975592125984248
20
-3.527377992125984
11
4.7943176377952756
21
-3.5225266141732283
0
LINE
8
BLACK
6
CONTINUOUS
10
4.7943176377952756
20
-3.5225266141732283
11
4.7920847637795276
21
-3.5171360236220472
0
LINE
8
BLACK
6
CONTINUOUS
10
4.7920847637795276
20
-3.5171360236220472
11
4.7909464566929136
21
-3.5114134251968503
0
LINE
8
BLACK
6
CONTINUOUS
10
4.7909464566929136
20
-3.5114134251968503
11
4.7909464566929136
21
-3.5055787007874013
0
LINE
8
BLACK
6
CONTINUOUS
10
4.7909464566929136
20
-3.5055787007874013
11
4.7920847637795276
21
-3.4998561023622048
0
LINE
8
BLACK
6
CONTINUOUS
10
4.7920847637795276
20
-3.4998561023622048
11
4.7943176377952756
21
-3.4944655118110237
0
LINE
8
BLACK
6
CONTINUOUS
10
4.7943176377952756
20
-3.4944655118110237
11
4.7975592125984248
21
-3.4896141338582676
0
LINE
8
BLACK
6
CONTINUOUS
10
4.7975592125984248
20
-3.4896141338582676
11
4.801685
21
-3.4854883464566928
0
LINE
8
BLACK
6
CONTINUOUS
10
4.801685
20
-3.4854883464566928
11
4.8065363779527557
21
-3.4822467716535432
0
LINE
8
BLACK
6
CONTINUOUS
10
4.8065363779527557
20
-3.4822467716535432
11
4.8119269685039372
21
-3.4800138976377952
0
LINE
8
BLACK
6
CONTINUOUS
10
4.8119269685039372
20
-3.4800138976377952
11
4.8176495669291342
21
-3.4788755905511812
0
LINE
8
BLACK
6
CONTINUOUS
10
4.8176495669291342
20
-3.4788755905511812
11
4.8234842913385823
21
-3.4788755905511812
0
LINE
8
BLACK
6
CONTINUOUS
10
4.8234842913385823
20
-3.4788755905511812
11
4.8292068897637792
21
-3.4800138976377952
0
LINE
8
BLACK
6
CONTINUOUS
10
4.9292068897637797
20
-3.4800138976377952
11
4.9345974803149604
21
-3.4822467716535432
0
LINE
8
BLACK
6
CONTINUOUS
10
4.9345974803149604
20
-3.4822467716535432
11
4.9394488582677161
21
-3.4854883464566928
0
LINE
8
BLACK
6
CONTINUOUS
10
4.9394488582677161
20
-3.4854883464566928
11
4.9435746456692913
21
-3.4896141338582676
0
LINE
8
BLACK
6
CONTINUOUS
10
4.9435746456692913
20
-3.4896141338582676
11
4.9468162204724404
21
-3.4944655118110237
0
LINE
8
BLACK
6
CONTINUOUS
10
4.9468162204724404
20
-3.4944655118110237
11
4.9490490944881893
21
-3.4998561023622048
0
LINE
8
BLACK
6
CONTINUOUS
10
4.9490490944881893
20
-3.4998561023622048
11
4.9501874015748033
21
-3.5055787007874013
0
LINE
8
BLACK
6
CONTINUOUS
10
4.9501874015748033
20
-3.5055787007874013
11
4.9501874015748033
21
-3.5114134251968503
0
LINE
8
BLACK
6
CONTINUOUS
10
4.9501874015748033
20
-3.5114134251968503
11
4.9490490944881893
21
-3.5171360236220472
0
LINE
8
BLACK
6
CONTINUOUS
10
4.9490490944881893
20
-3.5171360236220472
11
4.9468162204724404
21
-3.5225266141732283
0
LINE
8
BLACK
6
CONTINUOUS
10
4.9468162204724404
20
-3.5225266141732283
11
4.9435746456692913
21
-3.527377992125984
0
LINE
8
BLACK
6
CONTINUOUS
10
4.9435746456692913
20
-3.527377992125984
11
4.9394488582677161
21
-3.5315037795275588
0
LINE
8
BLACK
6
CONTINUOUS
10
4.9394488582677161
20
-3.5315037795275588
11
4.9345974803149604
21
-3.5347453543307088
0
LINE
8
BLACK
6
CONTINUOUS
10
4.9345974803149604
20
-3.5347453543307088
11
4.9292068897637797
21
-3.5369782283464568
0
LINE
8
BLACK
6
CONTINUOUS
10
4.9292068897637797
20
-3.5369782283464568
11
4.9234842913385828
21
-3.5381165354330708
0
LINE
8
BLACK
6
CONTINUOUS
10
4.9234842913385828
20
-3.5381165354330708
11
4.9176495669291338
21
-3.5381165354330708
0
LINE
8
BLACK
6
CONTINUOUS
10
4.9176495669291338
20
-3.5381165354330708
11
4.9119269685039368
21
-3.5369782283464568
0
LINE
8
BLACK
6
CONTINUOUS
10
4.9119269685039368
20
-3.5369782283464568
11
4.9065363779527562
21
-3.5347453543307088
0
LINE
8
BLACK
6
CONTINUOUS
10
4.9065363779527562
20
-3.5347453543307088
11
4.9016849999999996
21
-3.5315037795275588
0
LINE
8
BLACK
6
CONTINUOUS
10
4.9016849999999996
20
-3.5315037795275588
11
4.8975592125984253
21
-3.527377992125984
0
LINE
8
BLACK
6
CONTINUOUS
10
4.8975592125984253
20
-3.527377992125984
11
4.8943176377952753
21
-3.5225266141732283
0
LINE
8
BLACK
6
CONTINUOUS
10
4.8943176377952753
20
-3.5225266141732283
11
4.8920847637795273
21
-3.5171360236220472
0
LINE
8
BLACK
6
CONTINUOUS
10
4.8920847637795273
20
-3.5171360236220472
11
4.8909464566929133
21
-3.5114134251968503
0
LINE
8
BLACK
6
CONTINUOUS
10
4.8909464566929133
20
-3.5114134251968503
11
4.8909464566929133
21
-3.5055787007874013
0
LINE
8
BLACK
6
CONTINUOUS
10
4.8909464566929133
20
-3.5055787007874013
11
4.8920847637795273
21
-3.4998561023622048
0
LINE
8
BLACK
6
CONTINUOUS
10
4.8920847637795273
20
-3.4998561023622048
11
4.8943176377952753
21
-3.4944655118110237
0
LINE
8
BLACK
6
CONTINUOUS
10
4.8943176377952753
20
-3.4944655118110237
11
4.8975592125984253
21
-3.4896141338582676
0
LINE
8
BLACK
6
CONTINUOUS
10
4.8975592125984253
20
-3.4896141338582676
11
4.9016849999999996
21
-3.4854883464566928
0
LINE
8
BLACK
6
CONTINUOUS
10
4.9016849999999996
20
-3.4854883464566928
11
4.9065363779527562
21
-3.4822467716535432
0
LINE
8
BLACK
6
CONTINUOUS
10
4.9065363779527562
20
-3.4822467716535432
11
4.9119269685039368
21
-3.4800138976377952
0
LINE
8
BLACK
6
CONTINUOUS
10
4.9119269685039368
20
-3.4800138976377952
11
4.9176495669291338
21
-3.4788755905511812
0
LINE
8
BLACK
6
CONTINUOUS
10
4.9176495669291338
20
-3.4788755905511812
11
4.9234842913385828
21
-3.4788755905511812
0
LINE
8
BLACK
6
CONTINUOUS
10
4.9234842913385828
20
-3.4788755905511812
11
4.9292068897637797
21
-3.4800138976377952
0
LINE
8
BLACK
6
CONTINUOUS
10
7.3018099212598422
20
-3.5044070472440945
11
7.3047026377952751
21
-3.5060771653543306
0
LINE
8
BLACK
6
CONTINUOUS
10
7.3047026377952751
20
-3.5060771653543306
11
7.3070645669291334
21
-3.5084390944881889
0
LINE
8
BLACK
6
CONTINUOUS
10
7.3070645669291334
20
-3.5084390944881889
11
7.3087346850393695
21
-3.5113318110236218
0
LINE
8
BLACK
6
CONTINUOUS
10
7.3087346850393695
20
-3.5113318110236218
11
7.3095992125984246
21
-3.5145582283464565
0
LINE
8
BLACK
6
CONTINUOUS
10
7.3095992125984246
20
-3.5145582283464565
11
7.3095992125984246
21
-3.5178984645669291
0
LINE
8
BLACK
6
CONTINUOUS
10
7.3095992125984246
20
-3.5178984645669291
11
7.3087346850393695
21
-3.5211248818897638
0
LINE
8
BLACK
6
CONTINUOUS
10
7.3087346850393695
20
-3.5211248818897638
11
7.3070645669291334
21
-3.5240175984251967
0
LINE
8
BLACK
6
CONTINUOUS
10
7.3070645669291334
20
-3.5240175984251967
11
7.3047026377952751
21
-3.526379527559055
0
LINE
8
BLACK
6
CONTINUOUS
10
7.3047026377952751
20
-3.526379527559055
11
7.3018099212598422
21
-3.5280496456692911
0
LINE
8
BLACK
6
CONTINUOUS
10
7.3018099212598422
20
-3.5280496456692911
11
7.2985835039370075
21
-3.5289141732283462
0
LINE
8
BLACK
6
CONTINUOUS
10
7.2985835039370075
20
-3.5289141732283462
11
7.2952432677165353
21
-3.5289141732283462
0
LINE
8
BLACK
6
CONTINUOUS
10
7.2952432677165353
20
-3.5289141732283462
11
7.2920168503937006
21
-3.5280496456692911
0
LINE
8
BLACK
6
CONTINUOUS
10
7.2920168503937006
20
-3.5280496456692911
11
7.2891241338582677
21
-3.526379527559055
0
LINE
8
BLACK
6
CONTINUOUS
10
7.2891241338582677
20
-3.526379527559055
11
7.2867622047244094
21
-3.5240175984251967
0
LINE
8
BLACK
6
CONTINUOUS
10
7.2867622047244094
20
-3.5240175984251967
11
7.2850920866141733
21
-3.5211248818897638
0
LINE
8
BLACK
6
CONTINUOUS
10
7.2850920866141733
20
-3.5211248818897638
11
7.2842275590551182
21
-3.5178984645669291
0
LINE
8
BLACK
6
CONTINUOUS
10
7.2842275590551182
20
-3.5178984645669291
11
7.2842275590551182
21
-3.5145582283464565
0
LINE
8
BLACK
6
CONTINUOUS
10
7.2842275590551182
20
-3.5145582283464565
11
7.2850920866141733
21
-3.5113318110236218
0
LINE
8
BLACK
6
CONTINUOUS
10
7.2850920866141733
20
-3.5113318110236218
11
7.2867622047244094
21
-3.5084390944881889
0
LINE
8
BLACK
6
CONTINUOUS
10
7.2867622047244094
20
-3.5084390944881889
11
7.2891241338582677
21
-3.5060771653543306
0
LINE
8
BLACK
6
CONTINUOUS
10
7.2891241338582677
20
-3.5060771653543306
11
7.2920168503937006
21
-3.5044070472440945
0
LINE
8
BLACK
6
CONTINUOUS
10
7.2920168503937006
20
-3.5044070472440945
11
7.2952432677165353
21
-3.5035425196850394
0
LINE
8
BLACK
6
CONTINUOUS
10
7.2952432677165353
20
-3.5035425196850394
11
7.2985835039370075
21
-3.5035425196850394
0
LINE
8
BLACK
6
CONTINUOUS
10
7.2985835039370075
20
-3.5035425196850394
11
7.3018099212598422
21
-3.5044070472440945
0
LINE
8
BLACK
6
CONTINUOUS
10
7.3516377952755905
20
-3.4985118110236222
11
7.3240787401574803
21
-3.4985118110236222
0
LINE
8
BLACK
6
CONTINUOUS
10
7.3240787401574803
20
-3.4985118110236222
11
7.3240787401574803
21
-3.4867007874015745
0
LINE
8
BLACK
6
CONTINUOUS
10
7.3240787401574803
20
-3.4867007874015745
11
7.3516377952755905
21
-3.4867007874015745
0
LINE
8
BLACK
6
CONTINUOUS
10
7.3516377952755905
20
-3.4867007874015745
11
7.3516377952755905
21
-3.4985118110236222
0
LINE
8
BLACK
6
CONTINUOUS
10
7.0367376771653545
20
-3.4558907086614172
11
7.0392921653543308
21
-3.4575975984251968
0
LINE
8
BLACK
6
CONTINUOUS
10
7.0392921653543308
20
-3.4575975984251968
11
7.0409990551181103
21
-3.4601520866141731
0
LINE
8
BLACK
6
CONTINUOUS
10
7.0409990551181103
20
-3.4601520866141731
11
7.0415984251968506
21
-3.4631653543307084
0
LINE
8
BLACK
6
CONTINUOUS
10
7.0415984251968506
20
-3.4631653543307084
11
7.0415984251968506
21
-3.4848188976377954
0
LINE
8
BLACK
6
CONTINUOUS
10
7.0415984251968506
20
-3.4848188976377954
11
7.0409990551181103
21
-3.4878321653543307
0
LINE
8
BLACK
6
CONTINUOUS
10
7.0409990551181103
20
-3.4878321653543307
11
7.0392921653543308
21
-3.490386653543307
0
LINE
8
BLACK
6
CONTINUOUS
10
7.0392921653543308
20
-3.490386653543307
11
7.0367376771653545
21
-3.4920935433070865
0
LINE
8
BLACK
6
CONTINUOUS
10
7.0367376771653545
20
-3.4920935433070865
11
7.0337244094488192
21
-3.4926929133858269
0
LINE
8
BLACK
6
CONTINUOUS
10
7.0337244094488192
20
-3.4926929133858269
11
7.0179763779527553
21
-3.4926929133858269
0
LINE
8
BLACK
6
CONTINUOUS
10
7.0179763779527553
20
-3.4926929133858269
11
7.01496311023622
21
-3.4920935433070865
0
LINE
8
BLACK
6
CONTINUOUS
10
7.01496311023622
20
-3.4920935433070865
11
7.0124086220472437
21
-3.490386653543307
0
LINE
8
BLACK
6
CONTINUOUS
10
7.0124086220472437
20
-3.490386653543307
11
7.0107017322834642
21
-3.4878321653543307
0
LINE
8
BLACK
6
CONTINUOUS
10
7.0107017322834642
20
-3.4878321653543307
11
7.0101023622047238
21
-3.4848188976377954
0
LINE
8
BLACK
6
CONTINUOUS
10
7.0101023622047238
20
-3.4848188976377954
11
7.0101023622047238
21
-3.4631653543307084
0
LINE
8
BLACK
6
CONTINUOUS
10
7.0101023622047238
20
-3.4631653543307084
11
7.0107017322834642
21
-3.4601520866141731
0
LINE
8
BLACK
6
CONTINUOUS
10
7.0107017322834642
20
-3.4601520866141731
11
7.0124086220472437
21
-3.4575975984251968
0
LINE
8
BLACK
6
CONTINUOUS
10
7.0124086220472437
20
-3.4575975984251968
11
7.01496311023622
21
-3.4558907086614172
0
LINE
8
BLACK
6
CONTINUOUS
10
7.01496311023622
20
-3.4558907086614172
11
7.0179763779527553
21
-3.4552913385826769
0
LINE
8
BLACK
6
CONTINUOUS
10
7.0179763779527553
20
-3.4552913385826769
11
7.0337244094488192
21
-3.4552913385826769
0
LINE
8
BLACK
6
CONTINUOUS
10
7.0337244094488192
20
-3.4552913385826769
11
7.0367376771653545
21
-3.4558907086614172
0
LINE
8
BLACK
6
CONTINUOUS
10
7.1016983070866138
20
-3.4558907086614172
11
7.1042527952755901
21
-3.4575975984251968
0
LINE
8
BLACK
6
CONTINUOUS
10
7.1042527952755901
20
-3.4575975984251968
11
7.1059596850393696
21
-3.4601520866141731
0
LINE
8
BLACK
6
CONTINUOUS
10
7.1059596850393696
20
-3.4601520866141731
11
7.1065590551181099
21
-3.4631653543307084
0
LINE
8
BLACK
6
CONTINUOUS
10
7.1065590551181099
20
-3.4631653543307084
11
7.1065590551181099
21
-3.4848188976377954
0
LINE
8
BLACK
6
CONTINUOUS
10
7.1065590551181099
20
-3.4848188976377954
11
7.1059596850393696
21
-3.4878321653543307
0
LINE
8
BLACK
6
CONTINUOUS
10
7.1059596850393696
20
-3.4878321653543307
11
7.1042527952755901
21
-3.490386653543307
0
LINE
8
BLACK
6
CONTINUOUS
10
7.1042527952755901
20
-3.490386653543307
11
7.1016983070866138
21
-3.4920935433070865
0
LINE
8
BLACK
6
CONTINUOUS
10
7.1016983070866138
20
-3.4920935433070865
11
7.0986850393700784
21
-3.4926929133858269
0
LINE
8
BLACK
6
CONTINUOUS
10
7.0986850393700784
20
-3.4926929133858269
11
7.0829370078740155
21
-3.4926929133858269
0
LINE
8
BLACK
6
CONTINUOUS
10
7.0829370078740155
20
-3.4926929133858269
11
7.0799237401574802
21
-3.4920935433070865
0
LINE
8
BLACK
6
CONTINUOUS
10
7.0799237401574802
20
-3.4920935433070865
11
7.0773692519685039
21
-3.490386653543307
0
LINE
8
BLACK
6
CONTINUOUS
10
7.0773692519685039
20
-3.490386653543307
11
7.0756623622047243
21
-3.4878321653543307
0
LINE
8
BLACK
6
CONTINUOUS
10
7.0756623622047243
20
-3.4878321653543307
11
7.075062992125984
21
-3.4848188976377954
0
LINE
8
BLACK
6
CONTINUOUS
10
7.075062992125984
20
-3.4848188976377954
11
7.075062992125984
21
-3.4631653543307084
0
LINE
8
BLACK
6
CONTINUOUS
10
7.075062992125984
20
-3.4631653543307084
11
7.0756623622047243
21
-3.4601520866141731
0
LINE
8
BLACK
6
CONTINUOUS
10
7.0756623622047243
20
-3.4601520866141731
11
7.0773692519685039
21
-3.4575975984251968
0
LINE
8
BLACK
6
CONTINUOUS
10
7.0773692519685039
20
-3.4575975984251968
11
7.0799237401574802
21
-3.4558907086614172
0
LINE
8
BLACK
6
CONTINUOUS
10
7.0799237401574802
20
-3.4558907086614172
11
7.0829370078740155
21
-3.4552913385826769
0
LINE
8
BLACK
6
CONTINUOUS
10
7.0829370078740155
20
-3.4552913385826769
11
7.0986850393700784
21
-3.4552913385826769
0
LINE
8
BLACK
6
CONTINUOUS
10
7.0986850393700784
20
-3.4552913385826769
11
7.1016983070866138
21
-3.4558907086614172
0
LINE
8
BLACK
6
CONTINUOUS
10
7.2847086614173229
20
-3.4886692913385824
11
7.2571496062992127
21
-3.4886692913385824
0
LINE
8
BLACK
6
CONTINUOUS
10
7.2571496062992127
20
-3.4886692913385824
11
7.2571496062992127
21
-3.4768582677165352
0
LINE
8
BLACK
6
CONTINUOUS
10
7.2571496062992127
20
-3.4768582677165352
11
7.2847086614173229
21
-3.4768582677165352
0
LINE
8
BLACK
6
CONTINUOUS
10
7.2847086614173229
20
-3.4768582677165352
11
7.2847086614173229
21
-3.4886692913385824
0
LINE
8
BLACK
6
CONTINUOUS
10
7.3516377952755905
20
-3.478826771653543
11
7.3240787401574803
21
-3.478826771653543
0
LINE
8
BLACK
6
CONTINUOUS
10
7.3240787401574803
20
-3.478826771653543
11
7.3240787401574803
21
-3.4670157480314958
0
LINE
8
BLACK
6
CONTINUOUS
10
7.3240787401574803
20
-3.4670157480314958
11
7.3516377952755905
21
-3.4670157480314958
0
LINE
8
BLACK
6
CONTINUOUS
10
7.3516377952755905
20
-3.4670157480314958
11
7.3516377952755905
21
-3.478826771653543
0
LINE
8
BLACK
6
CONTINUOUS
10
7.2847086614173229
20
-3.4689842519685037
11
7.2571496062992127
21
-3.4689842519685037
0
LINE
8
BLACK
6
CONTINUOUS
10
7.2571496062992127
20
-3.4689842519685037
11
7.2571496062992127
21
-3.4571732283464565
0
LINE
8
BLACK
6
CONTINUOUS
10
7.2571496062992127
20
-3.4571732283464565
11
7.2847086614173229
21
-3.4571732283464565
0
LINE
8
BLACK
6
CONTINUOUS
10
7.2847086614173229
20
-3.4571732283464565
11
7.2847086614173229
21
-3.4689842519685037
0
LINE
8
BLACK
6
CONTINUOUS
10
7.3516377952755905
20
-3.4591417322834643
11
7.3240787401574803
21
-3.4591417322834643
0
LINE
8
BLACK
6
CONTINUOUS
10
7.3240787401574803
20
-3.4591417322834643
11
7.3240787401574803
21
-3.4473307086614171
0
LINE
8
BLACK
6
CONTINUOUS
10
7.3240787401574803
20
-3.4473307086614171
11
7.3516377952755905
21
-3.4473307086614171
0
LINE
8
BLACK
6
CONTINUOUS
10
7.3516377952755905
20
-3.4473307086614171
11
7.3516377952755905
21
-3.4591417322834643
0
LINE
8
BLACK
6
CONTINUOUS
10
7.2847086614173229
20
-3.449299212598425
11
7.2571496062992127
21
-3.449299212598425
0
LINE
8
BLACK
6
CONTINUOUS
10
7.2571496062992127
20
-3.449299212598425
11
7.2571496062992127
21
-3.4374881889763778
0
LINE
8
BLACK
6
CONTINUOUS
10
7.2571496062992127
20
-3.4374881889763778
11
7.2847086614173229
21
-3.4374881889763778
0
LINE
8
BLACK
6
CONTINUOUS
10
7.2847086614173229
20
-3.4374881889763778
11
7.2847086614173229
21
-3.449299212598425
0
LINE
8
BLACK
6
CONTINUOUS
10
7.3516377952755905
20
-3.4394566929133856
11
7.3240787401574803
21
-3.4394566929133856
0
LINE
8
BLACK
6
CONTINUOUS
10
7.3240787401574803
20
-3.4394566929133856
11
7.3240787401574803
21
-3.4276456692913384
0
LINE
8
BLACK
6
CONTINUOUS
10
7.3240787401574803
20
-3.4276456692913384
11
7.3516377952755905
21
-3.4276456692913384
0
LINE
8
BLACK
6
CONTINUOUS
10
7.3516377952755905
20
-3.4276456692913384
11
7.3516377952755905
21
-3.4394566929133856
0
LINE
8
BLACK
6
CONTINUOUS
10
7.2847086614173229
20
-3.4296141732283463
11
7.2571496062992127
21
-3.4296141732283463
0
LINE
8
BLACK
6
CONTINUOUS
10
7.2571496062992127
20
-3.4296141732283463
11
7.2571496062992127
21
-3.4178031496062991
0
LINE
8
BLACK
6
CONTINUOUS
10
7.2571496062992127
20
-3.4178031496062991
11
7.2847086614173229
21
-3.4178031496062991
0
LINE
8
BLACK
6
CONTINUOUS
10
7.2847086614173229
20
-3.4178031496062991
11
7.2847086614173229
21
-3.4296141732283463
0
LINE
8
BLACK
6
CONTINUOUS
10
7.3516377952755905
20
-3.4197716535433069
11
7.3240787401574803
21
-3.4197716535433069
0
LINE
8
BLACK
6
CONTINUOUS
10
7.3240787401574803
20
-3.4197716535433069
11
7.3240787401574803
21
-3.4079606299212597
0
LINE
8
BLACK
6
CONTINUOUS
10
7.3240787401574803
20
-3.4079606299212597
11
7.3516377952755905
21
-3.4079606299212597
0
LINE
8
BLACK
6
CONTINUOUS
10
7.3516377952755905
20
-3.4079606299212597
11
7.3516377952755905
21
-3.4197716535433069
0
LINE
8
BLACK
6
CONTINUOUS
10
7.2847086614173229
20
-3.4099291338582676
11
7.2571496062992127
21
-3.4099291338582676
0
LINE
8
BLACK
6
CONTINUOUS
10
7.2571496062992127
20
-3.4099291338582676
11
7.2571496062992127
21
-3.3981181102362203
0
LINE
8
BLACK
6
CONTINUOUS
10
7.2571496062992127
20
-3.3981181102362203
11
7.2847086614173229
21
-3.3981181102362203
0
LINE
8
BLACK
6
CONTINUOUS
10
7.2847086614173229
20
-3.3981181102362203
11
7.2847086614173229
21
-3.4099291338582676
0
LINE
8
BLACK
6
CONTINUOUS
10
7.3516377952755905
20
-3.4000866141732282
11
7.3240787401574803
21
-3.4000866141732282
0
LINE
8
BLACK
6
CONTINUOUS
10
7.3240787401574803
20
-3.4000866141732282
11
7.3240787401574803
21
-3.388275590551181
0
LINE
8
BLACK
6
CONTINUOUS
10
7.3240787401574803
20
-3.388275590551181
11
7.3516377952755905
21
-3.388275590551181
0
LINE
8
BLACK
6
CONTINUOUS
10
7.3516377952755905
20
-3.388275590551181
11
7.3516377952755905
21
-3.4000866141732282
0
LINE
8
BLACK
6
CONTINUOUS
10
7.2847086614173229
20
-3.3902440944881889
11
7.2571496062992127
21
-3.3902440944881889
0
LINE
8
BLACK
6
CONTINUOUS
10
7.2571496062992127
20
-3.3902440944881889
11
7.2571496062992127
21
-3.3784330708661416
0
LINE
8
BLACK
6
CONTINUOUS
10
7.2571496062992127
20
-3.3784330708661416
11
7.2847086614173229
21
-3.3784330708661416
0
LINE
8
BLACK
6
CONTINUOUS
10
7.2847086614173229
20
-3.3784330708661416
11
7.2847086614173229
21
-3.3902440944881889
0
LINE
8
BLACK
6
CONTINUOUS
10
7.3516377952755905
20
-3.3804015748031495
11
7.3240787401574803
21
-3.3804015748031495
0
LINE
8
BLACK
6
CONTINUOUS
10
7.3240787401574803
20
-3.3804015748031495
11
7.3240787401574803
21
-3.3685905511811023
0
LINE
8
BLACK
6
CONTINUOUS
10
7.3240787401574803
20
-3.3685905511811023
11
7.3516377952755905
21
-3.3685905511811023
0
LINE
8
BLACK
6
CONTINUOUS
10
7.3516377952755905
20
-3.3685905511811023
11
7.3516377952755905
21
-3.3804015748031495
0
LINE
8
BLACK
6
CONTINUOUS
10
7.2847086614173229
20
-3.3705590551181102
11
7.2571496062992127
21
-3.3705590551181102
0
LINE
8
BLACK
6
CONTINUOUS
10
7.2571496062992127
20
-3.3705590551181102
11
7.2571496062992127
21
-3.3587480314960629
0
LINE
8
BLACK
6
CONTINUOUS
10
7.2571496062992127
20
-3.3587480314960629
11
7.2847086614173229
21
-3.3587480314960629
0
LINE
8
BLACK
6
CONTINUOUS
10
7.2847086614173229
20
-3.3587480314960629
11
7.2847086614173229
21
-3.3705590551181102
0
LINE
8
BLACK
6
CONTINUOUS
10
7.3516377952755905
20
-3.3607165354330708
11
7.3240787401574803
21
-3.3607165354330708
0
LINE
8
BLACK
6
CONTINUOUS
10
7.3240787401574803
20
-3.3607165354330708
11
7.3240787401574803
21
-3.3489055118110236
0
LINE
8
BLACK
6
CONTINUOUS
10
7.3240787401574803
20
-3.3489055118110236
11
7.3516377952755905
21
-3.3489055118110236
0
LINE
8
BLACK
6
CONTINUOUS
10
7.3516377952755905
20
-3.3489055118110236
11
7.3516377952755905
21
-3.3607165354330708
0
LINE
8
BLACK
6
CONTINUOUS
10
7.2847086614173229
20
-3.3508740157480315
11
7.2571496062992127
21
-3.3508740157480315
0
LINE
8
BLACK
6
CONTINUOUS
10
7.2571496062992127
20
-3.3508740157480315
11
7.2571496062992127
21
-3.3390629921259842
0
LINE
8
BLACK
6
CONTINUOUS
10
7.2571496062992127
20
-3.3390629921259842
11
7.2847086614173229
21
-3.3390629921259842
0
LINE
8
BLACK
6
CONTINUOUS
10
7.2847086614173229
20
-3.3390629921259842
11
7.2847086614173229
21
-3.3508740157480315
0
LINE
8
BLACK
6
CONTINUOUS
10
7.0367376771653545
20
-3.3128907086614174
11
7.0392921653543308
21
-3.314597598425197
0
LINE
8
BLACK
6
CONTINUOUS
10
7.0392921653543308
20
-3.314597598425197
11
7.0409990551181103
21
-3.3171520866141733
0
LINE
8
BLACK
6
CONTINUOUS
10
7.0409990551181103
20
-3.3171520866141733
11
7.0415984251968506
21
-3.3201653543307086
0
LINE
8
BLACK
6
CONTINUOUS
10
7.0415984251968506
20
-3.3201653543307086
11
7.0415984251968506
21
-3.3418188976377952
0
LINE
8
BLACK
6
CONTINUOUS
10
7.0415984251968506
20
-3.3418188976377952
11
7.0409990551181103
21
-3.3448321653543305
0
LINE
8
BLACK
6
CONTINUOUS
10
7.0409990551181103
20
-3.3448321653543305
11
7.0392921653543308
21
-3.3473866535433072
0
LINE
8
BLACK
6
CONTINUOUS
10
7.0392921653543308
20
-3.3473866535433072
11
7.0367376771653545
21
-3.3490935433070868
0
LINE
8
BLACK
6
CONTINUOUS
10
7.0367376771653545
20
-3.3490935433070868
11
7.0337244094488192
21
-3.3496929133858266
0
LINE
8
BLACK
6
CONTINUOUS
10
7.0337244094488192
20
-3.3496929133858266
11
7.0179763779527553
21
-3.3496929133858266
0
LINE
8
BLACK
6
CONTINUOUS
10
7.0179763779527553
20
-3.3496929133858266
11
7.01496311023622
21
-3.3490935433070868
0
LINE
8
BLACK
6
CONTINUOUS
10
7.01496311023622
20
-3.3490935433070868
11
7.0124086220472437
21
-3.3473866535433072
0
LINE
8
BLACK
6
CONTINUOUS
10
7.0124086220472437
20
-3.3473866535433072
11
7.0107017322834642
21
-3.3448321653543305
0
LINE
8
BLACK
6
CONTINUOUS
10
7.0107017322834642
20
-3.3448321653543305
11
7.0101023622047238
21
-3.3418188976377952
0
LINE
8
BLACK
6
CONTINUOUS
10
7.0101023622047238
20
-3.3418188976377952
11
7.0101023622047238
21
-3.3201653543307086
0
LINE
8
BLACK
6
CONTINUOUS
10
7.0101023622047238
20
-3.3201653543307086
11
7.0107017322834642
21
-3.3171520866141733
0
LINE
8
BLACK
6
CONTINUOUS
10
7.0107017322834642
20
-3.3171520866141733
11
7.0124086220472437
21
-3.314597598425197
0
LINE
8
BLACK
6
CONTINUOUS
10
7.0124086220472437
20
-3.314597598425197
11
7.01496311023622
21
-3.3128907086614174
0
LINE
8
BLACK
6
CONTINUOUS
10
7.01496311023622
20
-3.3128907086614174
11
7.0179763779527553
21
-3.3122913385826771
0
LINE
8
BLACK
6
CONTINUOUS
10
7.0179763779527553
20
-3.3122913385826771
11
7.0337244094488192
21
-3.3122913385826771
0
LINE
8
BLACK
6
CONTINUOUS
10
7.0337244094488192
20
-3.3122913385826771
11
7.0367376771653545
21
-3.3128907086614174
0
LINE
8
BLACK
6
CONTINUOUS
10
7.1016983070866138
20
-3.3128907086614174
11
7.1042527952755901
21
-3.314597598425197
0
LINE
8
BLACK
6
CONTINUOUS
10
7.1042527952755901
20
-3.314597598425197
11
7.1059596850393696
21
-3.3171520866141733
0
LINE
8
BLACK
6
CONTINUOUS
10
7.1059596850393696
20
-3.3171520866141733
11
7.1065590551181099
21
-3.3201653543307086
0
LINE
8
BLACK
6
CONTINUOUS
10
7.1065590551181099
20
-3.3201653543307086
11
7.1065590551181099
21
-3.3418188976377952
0
LINE
8
BLACK
6
CONTINUOUS
10
7.1065590551181099
20
-3.3418188976377952
11
7.1059596850393696
21
-3.3448321653543305
0
LINE
8
BLACK
6
CONTINUOUS
10
7.1059596850393696
20
-3.3448321653543305
11
7.1042527952755901
21
-3.3473866535433072
0
LINE
8
BLACK
6
CONTINUOUS
10
7.1042527952755901
20
-3.3473866535433072
11
7.1016983070866138
21
-3.3490935433070868
0
LINE
8
BLACK
6
CONTINUOUS
10
7.1016983070866138
20
-3.3490935433070868
11
7.0986850393700784
21
-3.3496929133858266
0
LINE
8
BLACK
6
CONTINUOUS
10
7.0986850393700784
20
-3.3496929133858266
11
7.0829370078740155
21
-3.3496929133858266
0
LINE
8
BLACK
6
CONTINUOUS
10
7.0829370078740155
20
-3.3496929133858266
11
7.0799237401574802
21
-3.3490935433070868
0
LINE
8
BLACK
6
CONTINUOUS
10
7.0799237401574802
20
-3.3490935433070868
11
7.0773692519685039
21
-3.3473866535433072
0
LINE
8
BLACK
6
CONTINUOUS
10
7.0773692519685039
20
-3.3473866535433072
11
7.0756623622047243
21
-3.3448321653543305
0
LINE
8
BLACK
6
CONTINUOUS
10
7.0756623622047243
20
-3.3448321653543305
11
7.075062992125984
21
-3.3418188976377952
0
LINE
8
BLACK
6
CONTINUOUS
10
7.075062992125984
20
-3.3418188976377952
11
7.075062992125984
21
-3.3201653543307086
0
LINE
8
BLACK
6
CONTINUOUS
10
7.075062992125984
20
-3.3201653543307086
11
7.0756623622047243
21
-3.3171520866141733
0
LINE
8
BLACK
6
CONTINUOUS
10
7.0756623622047243
20
-3.3171520866141733
11
7.0773692519685039
21
-3.314597598425197
0
LINE
8
BLACK
6
CONTINUOUS
10
7.0773692519685039
20
-3.314597598425197
11
7.0799237401574802
21
-3.3128907086614174
0
LINE
8
BLACK
6
CONTINUOUS
10
7.0799237401574802
20
-3.3128907086614174
11
7.0829370078740155
21
-3.3122913385826771
0
LINE
8
BLACK
6
CONTINUOUS
10
7.0829370078740155
20
-3.3122913385826771
11
7.0986850393700784
21
-3.3122913385826771
0
LINE
8
BLACK
6
CONTINUOUS
10
7.0986850393700784
20
-3.3122913385826771
11
7.1016983070866138
21
-3.3128907086614174
0
LINE
8
BLACK
6
CONTINUOUS
10
7.3516377952755905
20
-3.3410314960629921
11
7.3240787401574803
21
-3.3410314960629921
0
LINE
8
BLACK
6
CONTINUOUS
10
7.3240787401574803
20
-3.3410314960629921
11
7.3240787401574803
21
-3.3292204724409449
0
LINE
8
BLACK
6
CONTINUOUS
10
7.3240787401574803
20
-3.3292204724409449
11
7.3516377952755905
21
-3.3292204724409449
0
LINE
8
BLACK
6
CONTINUOUS
10
7.3516377952755905
20
-3.3292204724409449
11
7.3516377952755905
21
-3.3410314960629921
0
LINE
8
BLACK
6
CONTINUOUS
10
7.2847086614173229
20
-3.3311889763779527
11
7.2571496062992127
21
-3.3311889763779527
0
LINE
8
BLACK
6
CONTINUOUS
10
7.2571496062992127
20
-3.3311889763779527
11
7.2571496062992127
21
-3.3193779527559055
0
LINE
8
BLACK
6
CONTINUOUS
10
7.2571496062992127
20
-3.3193779527559055
11
7.2847086614173229
21
-3.3193779527559055
0
LINE
8
BLACK
6
CONTINUOUS
10
7.2847086614173229
20
-3.3193779527559055
11
7.2847086614173229
21
-3.3311889763779527
0
LINE
8
BLACK
6
CONTINUOUS
10
7.3516377952755905
20
-3.3213464566929134
11
7.3240787401574803
21
-3.3213464566929134
0
LINE
8
BLACK
6
CONTINUOUS
10
7.3240787401574803
20
-3.3213464566929134
11
7.3240787401574803
21
-3.3095354330708662
0
LINE
8
BLACK
6
CONTINUOUS
10
7.3240787401574803
20
-3.3095354330708662
11
7.3516377952755905
21
-3.3095354330708662
0
LINE
8
BLACK
6
CONTINUOUS
10
7.3516377952755905
20
-3.3095354330708662
11
7.3516377952755905
21
-3.3213464566929134
0
LINE
8
BLACK
6
CONTINUOUS
10
7.2847086614173229
20
-3.311503937007874
11
7.2571496062992127
21
-3.311503937007874
0
LINE
8
BLACK
6
CONTINUOUS
10
7.2571496062992127
20
-3.311503937007874
11
7.2571496062992127
21
-3.2996929133858268
0
LINE
8
BLACK
6
CONTINUOUS
10
7.2571496062992127
20
-3.2996929133858268
11
7.2847086614173229
21
-3.2996929133858268
0
LINE
8
BLACK
6
CONTINUOUS
10
7.2847086614173229
20
-3.2996929133858268
11
7.2847086614173229
21
-3.311503937007874
0
LINE
8
BLACK
6
CONTINUOUS
10
7.3516377952755905
20
-3.3016614173228347
11
7.3240787401574803
21
-3.3016614173228347
0
LINE
8
BLACK
6
CONTINUOUS
10
7.3240787401574803
20
-3.3016614173228347
11
7.3240787401574803
21
-3.2898503937007875
0
LINE
8
BLACK
6
CONTINUOUS
10
7.3240787401574803
20
-3.2898503937007875
11
7.3516377952755905
21
-3.2898503937007875
0
LINE
8
BLACK
6
CONTINUOUS
10
7.3516377952755905
20
-3.2898503937007875
11
7.3516377952755905
21
-3.3016614173228347
0
LINE
8
BLACK
6
CONTINUOUS
10
7.2847086614173229
20
-3.2918188976377953
11
7.2571496062992127
21
-3.2918188976377953
0
LINE
8
BLACK
6
CONTINUOUS
10
7.2571496062992127
20
-3.2918188976377953
11
7.2571496062992127
21
-3.2800078740157481
0
LINE
8
BLACK
6
CONTINUOUS
10
7.2571496062992127
20
-3.2800078740157481
11
7.2847086614173229
21
-3.2800078740157481
0
LINE
8
BLACK
6
CONTINUOUS
10
7.2847086614173229
20
-3.2800078740157481
11
7.2847086614173229
21
-3.2918188976377953
0
LINE
8
BLACK
6
CONTINUOUS
10
7.3516377952755905
20
-3.281976377952756
11
7.3240787401574803
21
-3.281976377952756
0
LINE
8
BLACK
6
CONTINUOUS
10
7.3240787401574803
20
-3.281976377952756
11
7.3240787401574803
21
-3.2701653543307088
0
LINE
8
BLACK
6
CONTINUOUS
10
7.3240787401574803
20
-3.2701653543307088
11
7.3516377952755905
21
-3.2701653543307088
0
LINE
8
BLACK
6
CONTINUOUS
10
7.3516377952755905
20
-3.2701653543307088
11
7.3516377952755905
21
-3.281976377952756
0
LINE
8
BLACK
6
CONTINUOUS
10
7.2847086614173229
20
-3.2721338582677166
11
7.2571496062992127
21
-3.2721338582677166
0
LINE
8
BLACK
6
CONTINUOUS
10
7.2571496062992127
20
-3.2721338582677166
11
7.2571496062992127
21
-3.2603228346456694
0
LINE
8
BLACK
6
CONTINUOUS
10
7.2571496062992127
20
-3.2603228346456694
11
7.2847086614173229
21
-3.2603228346456694
0
LINE
8
BLACK
6
CONTINUOUS
10
7.2847086614173229
20
-3.2603228346456694
11
7.2847086614173229
21
-3.2721338582677166
0
LINE
8
BLACK
6
CONTINUOUS
10
7.3018099212598422
20
-3.2150369685039371
11
7.3047026377952751
21
-3.2167070866141731
0
LINE
8
BLACK
6
CONTINUOUS
10
7.3047026377952751
20
-3.2167070866141731
11
7.3070645669291334
21
-3.2190690157480315
0
LINE
8
BLACK
6
CONTINUOUS
10
7.3070645669291334
20
-3.2190690157480315
11
7.3087346850393695
21
-3.2219617322834644
0
LINE
8
BLACK
6
CONTINUOUS
10
7.3087346850393695
20
-3.2219617322834644
11
7.3095992125984246
21
-3.2251881496062991
0
LINE
8
BLACK
6
CONTINUOUS
10
7.3095992125984246
20
-3.2251881496062991
11
7.3097086614173223
21
-3.2268582677165352
0
LINE
8
BLACK
6
CONTINUOUS
10
7.3097086614173223
20
-3.2268582677165352
11
7.3097086614173223
21
-3.2386692913385824
0
LINE
8
BLACK
6
CONTINUOUS
10
7.3097086614173223
20
-3.2386692913385824
11
7.3095992125984246
21
-3.2403394094488189
0
LINE
8
BLACK
6
CONTINUOUS
10
7.3095992125984246
20
-3.2403394094488189
11
7.3087346850393695
21
-3.2435658267716536
0
LINE
8
BLACK
6
CONTINUOUS
10
7.3087346850393695
20
-3.2435658267716536
11
7.3070645669291334
21
-3.2464585433070865
0
LINE
8
BLACK
6
CONTINUOUS
10
7.3070645669291334
20
-3.2464585433070865
11
7.3047026377952751
21
-3.2488204724409449
0
LINE
8
BLACK
6
CONTINUOUS
10
7.3047026377952751
20
-3.2488204724409449
11
7.3018099212598422
21
-3.2504905905511809
0
LINE
8
BLACK
6
CONTINUOUS
10
7.3018099212598422
20
-3.2504905905511809
11
7.2985835039370075
21
-3.251355118110236
0
LINE
8
BLACK
6
CONTINUOUS
10
7.2985835039370075
20
-3.251355118110236
11
7.2952432677165353
21
-3.251355118110236
0
LINE
8
BLACK
6
CONTINUOUS
10
7.2952432677165353
20
-3.251355118110236
11
7.2920168503937006
21
-3.2504905905511809
0
LINE
8
BLACK
6
CONTINUOUS
10
7.2920168503937006
20
-3.2504905905511809
11
7.2891241338582677
21
-3.2488204724409449
0
LINE
8
BLACK
6
CONTINUOUS
10
7.2891241338582677
20
-3.2488204724409449
11
7.2867622047244094
21
-3.2464585433070865
0
LINE
8
BLACK
6
CONTINUOUS
10
7.2867622047244094
20
-3.2464585433070865
11
7.2850920866141733
21
-3.2435658267716536
0
LINE
8
BLACK
6
CONTINUOUS
10
7.2850920866141733
20
-3.2435658267716536
11
7.2842275590551182
21
-3.2403394094488189
0
LINE
8
BLACK
6
CONTINUOUS
10
7.2842275590551182
20
-3.2403394094488189
11
7.2841181102362205
21
-3.2386692913385824
0
LINE
8
BLACK
6
CONTINUOUS
10
7.2841181102362205
20
-3.2386692913385824
11
7.2841181102362205
21
-3.2268582677165352
0
LINE
8
BLACK
6
CONTINUOUS
10
7.2841181102362205
20
-3.2268582677165352
11
7.2842275590551182
21
-3.2251881496062991
0
LINE
8
BLACK
6
CONTINUOUS
10
7.2842275590551182
20
-3.2251881496062991
11
7.2850920866141733
21
-3.2219617322834644
0
LINE
8
BLACK
6
CONTINUOUS
10
7.2850920866141733
20
-3.2219617322834644
11
7.2867622047244094
21
-3.2190690157480315
0
LINE
8
BLACK
6
CONTINUOUS
10
7.2867622047244094
20
-3.2190690157480315
11
7.2891241338582677
21
-3.2167070866141731
0
LINE
8
BLACK
6
CONTINUOUS
10
7.2891241338582677
20
-3.2167070866141731
11
7.2920168503937006
21
-3.2150369685039371
0
LINE
8
BLACK
6
CONTINUOUS
10
7.2920168503937006
20
-3.2150369685039371
11
7.2952432677165353
21
-3.214172440944882
0
LINE
8
BLACK
6
CONTINUOUS
10
7.2952432677165353
20
-3.214172440944882
11
7.2985835039370075
21
-3.214172440944882
0
LINE
8
BLACK
6
CONTINUOUS
10
7.2985835039370075
20
-3.214172440944882
11
7.3018099212598422
21
-3.2150369685039371
0
LINE
8
BLACK
6
CONTINUOUS
10
7.3599925196850391
20
-3.1962843307086612
11
7.3639635039370077
21
-3.197348346456693
0
LINE
8
BLACK
6
CONTINUOUS
10
7.3639635039370077
20
-3.197348346456693
11
7.367523818897638
21
-3.1994038976377954
0
LINE
8
BLACK
6
CONTINUOUS
10
7.367523818897638
20
-3.1994038976377954
11
7.3704307480314961
21
-3.2023108267716536
0
LINE
8
BLACK
6
CONTINUOUS
10
7.3704307480314961
20
-3.2023108267716536
11
7.3724862992125981
21
-3.2058711417322834
0
LINE
8
BLACK
6
CONTINUOUS
10
7.3724862992125981
20
-3.2058711417322834
11
7.3735503149606298
21
-3.209842125984252
0
LINE
8
BLACK
6
CONTINUOUS
10
7.3735503149606298
20
-3.209842125984252
11
7.3735503149606298
21
-3.213953149606299
0
LINE
8
BLACK
6
CONTINUOUS
10
7.3735503149606298
20
-3.213953149606299
11
7.3724862992125981
21
-3.2179241338582676
0
LINE
8
BLACK
6
CONTINUOUS
10
7.3724862992125981
20
-3.2179241338582676
11
7.3704307480314961
21
-3.2214844488188974
0
LINE
8
BLACK
6
CONTINUOUS
10
7.3704307480314961
20
-3.2214844488188974
11
7.367523818897638
21
-3.224391377952756
0
LINE
8
BLACK
6
CONTINUOUS
10
7.367523818897638
20
-3.224391377952756
11
7.3639635039370077
21
-3.226446929133858
0
LINE
8
BLACK
6
CONTINUOUS
10
7.3639635039370077
20
-3.226446929133858
11
7.3599925196850391
21
-3.2275109448818897
0
LINE
8
BLACK
6
CONTINUOUS
10
7.3599925196850391
20
-3.2275109448818897
11
7.3579370078740158
21
-3.2276456692913387
0
LINE
8
BLACK
6
CONTINUOUS
10
7.3579370078740158
20
-3.2276456692913387
11
7.3343149606299214
21
-3.2276456692913387
0
LINE
8
BLACK
6
CONTINUOUS
10
7.3343149606299214
20
-3.2276456692913387
11
7.3322594488188972
21
-3.2275109448818897
0
LINE
8
BLACK
6
CONTINUOUS
10
7.3322594488188972
20
-3.2275109448818897
11
7.3282884645669286
21
-3.226446929133858
0
LINE
8
BLACK
6
CONTINUOUS
10
7.3282884645669286
20
-3.226446929133858
11
7.3247281496062993
21
-3.224391377952756
0
LINE
8
BLACK
6
CONTINUOUS
10
7.3247281496062993
20
-3.224391377952756
11
7.3218212204724411
21
-3.2214844488188974
0
LINE
8
BLACK
6
CONTINUOUS
10
7.3218212204724411
20
-3.2214844488188974
11
7.3197656692913382
21
-3.2179241338582676
0
LINE
8
BLACK
6
CONTINUOUS
10
7.3197656692913382
20
-3.2179241338582676
11
7.3187016535433065
21
-3.213953149606299
0
LINE
8
BLACK
6
CONTINUOUS
10
7.3187016535433065
20
-3.213953149606299
11
7.3187016535433065
21
-3.209842125984252
0
LINE
8
BLACK
6
CONTINUOUS
10
7.3187016535433065
20
-3.209842125984252
11
7.3197656692913382
21
-3.2058711417322834
0
LINE
8
BLACK
6
CONTINUOUS
10
7.3197656692913382
20
-3.2058711417322834
11
7.3218212204724411
21
-3.2023108267716536
0
LINE
8
BLACK
6
CONTINUOUS
10
7.3218212204724411
20
-3.2023108267716536
11
7.3247281496062993
21
-3.1994038976377954
0
LINE
8
BLACK
6
CONTINUOUS
10
7.3247281496062993
20
-3.1994038976377954
11
7.3282884645669286
21
-3.197348346456693
0
LINE
8
BLACK
6
CONTINUOUS
10
7.3282884645669286
20
-3.197348346456693
11
7.3322594488188972
21
-3.1962843307086612
0
LINE
8
BLACK
6
CONTINUOUS
10
7.3322594488188972
20
-3.1962843307086612
11
7.3343149606299214
21
-3.1961496062992127
0
LINE
8
BLACK
6
CONTINUOUS
10
7.3343149606299214
20
-3.1961496062992127
11
7.3579370078740158
21
-3.1961496062992127
0
LINE
8
BLACK
6
CONTINUOUS
10
7.3579370078740158
20
-3.1961496062992127
11
7.3599925196850391
21
-3.1962843307086612
0
LINE
8
BLACK
6
CONTINUOUS
10
7.5942444881889761
20
-3.1821111023622048
11
7.5982154724409448
21
-3.1831751181102361
0
LINE
8
BLACK
6
CONTINUOUS
10
7.5982154724409448
20
-3.1831751181102361
11
7.601775787401575
21
-3.1852306692913386
0
LINE
8
BLACK
6
CONTINUOUS
10
7.601775787401575
20
-3.1852306692913386
11
7.6046827165354332
21
-3.1881375984251967
0
LINE
8
BLACK
6
CONTINUOUS
10
7.6046827165354332
20
-3.1881375984251967
11
7.6067382677165352
21
-3.1916979133858265
0
LINE
8
BLACK
6
CONTINUOUS
10
7.6067382677165352
20
-3.1916979133858265
11
7.6078022834645669
21
-3.1956688976377952
0
LINE
8
BLACK
6
CONTINUOUS
10
7.6078022834645669
20
-3.1956688976377952
11
7.6078022834645669
21
-3.1997799212598426
0
LINE
8
BLACK
6
CONTINUOUS
10
7.6078022834645669
20
-3.1997799212598426
11
7.6067382677165352
21
-3.2037509055118107
0
LINE
8
BLACK
6
CONTINUOUS
10
7.6067382677165352
20
-3.2037509055118107
11
7.6046827165354332
21
-3.207311220472441
0
LINE
8
BLACK
6
CONTINUOUS
10
7.6046827165354332
20
-3.207311220472441
11
7.601775787401575
21
-3.2102181496062991
0
LINE
8
BLACK
6
CONTINUOUS
10
7.601775787401575
20
-3.2102181496062991
11
7.5982154724409448
21
-3.2122737007874016
0
LINE
8
BLACK
6
CONTINUOUS
10
7.5982154724409448
20
-3.2122737007874016
11
7.5942444881889761
21
-3.2133377165354329
0
LINE
8
BLACK
6
CONTINUOUS
10
7.5942444881889761
20
-3.2133377165354329
11
7.5921889763779529
21
-3.2134724409448818
0
LINE
8
BLACK
6
CONTINUOUS
10
7.5921889763779529
20
-3.2134724409448818
11
7.5685669291338584
21
-3.2134724409448818
0
LINE
8
BLACK
6
CONTINUOUS
10
7.5685669291338584
20
-3.2134724409448818
11
7.5665114173228343
21
-3.2133377165354329
0
LINE
8
BLACK
6
CONTINUOUS
10
7.5665114173228343
20
-3.2133377165354329
11
7.5625404330708657
21
-3.2122737007874016
0
LINE
8
BLACK
6
CONTINUOUS
10
7.5625404330708657
20
-3.2122737007874016
11
7.5589801181102363
21
-3.2102181496062991
0
LINE
8
BLACK
6
CONTINUOUS
10
7.5589801181102363
20
-3.2102181496062991
11
7.5560731889763781
21
-3.207311220472441
0
LINE
8
BLACK
6
CONTINUOUS
10
7.5560731889763781
20
-3.207311220472441
11
7.5540176377952752
21
-3.2037509055118107
0
LINE
8
BLACK
6
CONTINUOUS
10
7.5540176377952752
20
-3.2037509055118107
11
7.5529536220472435
21
-3.1997799212598426
0
LINE
8
BLACK
6
CONTINUOUS
10
7.5529536220472435
20
-3.1997799212598426
11
7.5529536220472435
21
-3.1956688976377952
0
LINE
8
BLACK
6
CONTINUOUS
10
7.5529536220472435
20
-3.1956688976377952
11
7.5540176377952752
21
-3.1916979133858265
0
LINE
8
BLACK
6
CONTINUOUS
10
7.5540176377952752
20
-3.1916979133858265
11
7.5560731889763781
21
-3.1881375984251967
0
LINE
8
BLACK
6
CONTINUOUS
10
7.5560731889763781
20
-3.1881375984251967
11
7.5589801181102363
21
-3.1852306692913386
0
LINE
8
BLACK
6
CONTINUOUS
10
7.5589801181102363
20
-3.1852306692913386
11
7.5625404330708657
21
-3.1831751181102361
0
LINE
8
BLACK
6
CONTINUOUS
10
7.5625404330708657
20
-3.1831751181102361
11
7.5665114173228343
21
-3.1821111023622048
0
LINE
8
BLACK
6
CONTINUOUS
10
7.5665114173228343
20
-3.1821111023622048
11
7.5685669291338584
21
-3.1819763779527559
0
LINE
8
BLACK
6
CONTINUOUS
10
7.5685669291338584
20
-3.1819763779527559
11
7.5921889763779529
21
-3.1819763779527559
0
LINE
8
BLACK
6
CONTINUOUS
10
7.5921889763779529
20
-3.1819763779527559
11
7.5942444881889761
21
-3.1821111023622048
0
LINE
8
BLACK
6
CONTINUOUS
10
7.4117559448818895
20
-2.9922673228346457
11
7.4161222047244095
21
-2.9944018503937007
0
LINE
8
BLACK
6
CONTINUOUS
10
7.4161222047244095
20
-2.9944018503937007
11
7.4195587795275593
21
-2.9978384251968504
0
LINE
8
BLACK
6
CONTINUOUS
10
7.4195587795275593
20
-2.9978384251968504
11
7.4216933070866142
21
-3.00220468503937
0
LINE
8
BLACK
6
CONTINUOUS
10
7.4216933070866142
20
-3.00220468503937
11
7.4223070866141727
21
-3.0064173228346456
0
LINE
8
BLACK
6
CONTINUOUS
10
7.4223070866141727
20
-3.0064173228346456
11
7.4223070866141727
21
-3.0556299212598423
0
LINE
8
BLACK
6
CONTINUOUS
10
7.4223070866141727
20
-3.0556299212598423
11
7.4216933070866142
21
-3.0598425590551179
0
LINE
8
BLACK
6
CONTINUOUS
10
7.4216933070866142
20
-3.0598425590551179
11
7.4195587795275593
21
-3.0642088188976375
0
LINE
8
BLACK
6
CONTINUOUS
10
7.4195587795275593
20
-3.0642088188976375
11
7.4161222047244095
21
-3.0676453937007873
0
LINE
8
BLACK
6
CONTINUOUS
10
7.4161222047244095
20
-3.0676453937007873
11
7.4117559448818895
21
-3.0697799212598427
0
LINE
8
BLACK
6
CONTINUOUS
10
7.4117559448818895
20
-3.0697799212598427
11
7.4075433070866143
21
-3.0703937007874016
0
LINE
8
BLACK
6
CONTINUOUS
10
7.4075433070866143
20
-3.0703937007874016
11
7.3780157480314958
21
-3.0703937007874016
0
LINE
8
BLACK
6
CONTINUOUS
10
7.3780157480314958
20
-3.0703937007874016
11
7.3738031102362207
21
-3.0697799212598427
0
LINE
8
BLACK
6
CONTINUOUS
10
7.3738031102362207
20
-3.0697799212598427
11
7.3694368503937007
21
-3.0676453937007873
0
LINE
8
BLACK
6
CONTINUOUS
10
7.3694368503937007
20
-3.0676453937007873
11
7.3660002755905509
21
-3.0642088188976375
0
LINE
8
BLACK
6
CONTINUOUS
10
7.3660002755905509
20
-3.0642088188976375
11
7.363865748031496
21
-3.0598425590551179
0
LINE
8
BLACK
6
CONTINUOUS
10
7.363865748031496
20
-3.0598425590551179
11
7.3632519685039366
21
-3.0556299212598423
0
LINE
8
BLACK
6
CONTINUOUS
10
7.3632519685039366
20
-3.0556299212598423
11
7.3632519685039366
21
-3.0064173228346456
0
LINE
8
BLACK
6
CONTINUOUS
10
7.3632519685039366
20
-3.0064173228346456
11
7.363865748031496
21
-3.00220468503937
0
LINE
8
BLACK
6
CONTINUOUS
10
7.363865748031496
20
-3.00220468503937
11
7.3660002755905509
21
-2.9978384251968504
0
LINE
8
BLACK
6
CONTINUOUS
10
7.3660002755905509
20
-2.9978384251968504
11
7.3694368503937007
21
-2.9944018503937007
0
LINE
8
BLACK
6
CONTINUOUS
10
7.3694368503937007
20
-2.9944018503937007
11
7.3738031102362207
21
-2.9922673228346457
0
LINE
8
BLACK
6
CONTINUOUS
10
7.3738031102362207
20
-2.9922673228346457
11
7.3780157480314958
21
-2.9916535433070863
0
LINE
8
BLACK
6
CONTINUOUS
10
7.3780157480314958
20
-2.9916535433070863
11
7.4075433070866143
21
-2.9916535433070863
0
LINE
8
BLACK
6
CONTINUOUS
10
7.4075433070866143
20
-2.9916535433070863
11
7.4117559448818895
21
-2.9922673228346457
0
LINE
8
BLACK
6
CONTINUOUS
10
7.5023071259842515
20
-2.9922673228346457
11
7.5066733858267716
21
-2.9944018503937007
0
LINE
8
BLACK
6
CONTINUOUS
10
7.5066733858267716
20
-2.9944018503937007
11
7.5101099606299213
21
-2.9978384251968504
0
LINE
8
BLACK
6
CONTINUOUS
10
7.5101099606299213
20
-2.9978384251968504
11
7.5122444881889763
21
-3.00220468503937
0
LINE
8
BLACK
6
CONTINUOUS
10
7.5122444881889763
20
-3.00220468503937
11
7.5128582677165356
21
-3.0064173228346456
0
LINE
8
BLACK
6
CONTINUOUS
10
7.5128582677165356
20
-3.0064173228346456
11
7.5128582677165356
21
-3.0556299212598423
0
LINE
8
BLACK
6
CONTINUOUS
10
7.5128582677165356
20
-3.0556299212598423
11
7.5122444881889763
21
-3.0598425590551179
0
LINE
8
BLACK
6
CONTINUOUS
10
7.5122444881889763
20
-3.0598425590551179
11
7.5101099606299213
21
-3.0642088188976375
0
LINE
8
BLACK
6
CONTINUOUS
10
7.5101099606299213
20
-3.0642088188976375
11
7.5066733858267716
21
-3.0676453937007873
0
LINE
8
BLACK
6
CONTINUOUS
10
7.5066733858267716
20
-3.0676453937007873
11
7.5023071259842515
21
-3.0697799212598427
0
LINE
8
BLACK
6
CONTINUOUS
10
7.5023071259842515
20
-3.0697799212598427
11
7.4980944881889764
21
-3.0703937007874016
0
LINE
8
BLACK
6
CONTINUOUS
10
7.4980944881889764
20
-3.0703937007874016
11
7.4685669291338579
21
-3.0703937007874016
0
LINE
8
BLACK
6
CONTINUOUS
10
7.4685669291338579
20
-3.0703937007874016
11
7.4643542913385827
21
-3.0697799212598427
0
LINE
8
BLACK
6
CONTINUOUS
10
7.4643542913385827
20
-3.0697799212598427
11
7.4599880314960627
21
-3.0676453937007873
0
LINE
8
BLACK
6
CONTINUOUS
10
7.4599880314960627
20
-3.0676453937007873
11
7.456551456692913
21
-3.0642088188976375
0
LINE
8
BLACK
6
CONTINUOUS
10
7.456551456692913
20
-3.0642088188976375
11
7.454416929133858
21
-3.0598425590551179
0
LINE
8
BLACK
6
CONTINUOUS
10
7.454416929133858
20
-3.0598425590551179
11
7.4538031496062986
21
-3.0556299212598423
0
LINE
8
BLACK
6
CONTINUOUS
10
7.4538031496062986
20
-3.0556299212598423
11
7.4538031496062986
21
-3.0064173228346456
0
LINE
8
BLACK
6
CONTINUOUS
10
7.4538031496062986
20
-3.0064173228346456
11
7.454416929133858
21
-3.00220468503937
0
LINE
8
BLACK
6
CONTINUOUS
10
7.454416929133858
20
-3.00220468503937
11
7.456551456692913
21
-2.9978384251968504
0
LINE
8
BLACK
6
CONTINUOUS
10
7.456551456692913
20
-2.9978384251968504
11
7.4599880314960627
21
-2.9944018503937007
0
LINE
8
BLACK
6
CONTINUOUS
10
7.4599880314960627
20
-2.9944018503937007
11
7.4643542913385827
21
-2.9922673228346457
0
LINE
8
BLACK
6
CONTINUOUS
10
7.4643542913385827
20
-2.9922673228346457
11
7.4685669291338579
21
-2.9916535433070863
0
LINE
8
BLACK
6
CONTINUOUS
10
7.4685669291338579
20
-2.9916535433070863
11
7.4980944881889764
21
-2.9916535433070863
0
LINE
8
BLACK
6
CONTINUOUS
10
7.4980944881889764
20
-2.9916535433070863
11
7.5023071259842515
21
-2.9922673228346457
0
LINE
8
BLACK
6
CONTINUOUS
10
7.5928583070866136
20
-2.9922673228346457
11
7.5972245669291336
21
-2.9944018503937007
0
LINE
8
BLACK
6
CONTINUOUS
10
7.5972245669291336
20
-2.9944018503937007
11
7.6006611417322834
21
-2.9978384251968504
0
LINE
8
BLACK
6
CONTINUOUS
10
7.6006611417322834
20
-2.9978384251968504
11
7.6027956692913383
21
-3.00220468503937
0
LINE
8
BLACK
6
CONTINUOUS
10
7.6027956692913383
20
-3.00220468503937
11
7.6034094488188977
21
-3.0064173228346456
0
LINE
8
BLACK
6
CONTINUOUS
10
7.6034094488188977
20
-3.0064173228346456
11
7.6034094488188977
21
-3.0556299212598423
0
LINE
8
BLACK
6
CONTINUOUS
10
7.6034094488188977
20
-3.0556299212598423
11
7.6027956692913383
21
-3.0598425590551179
0
LINE
8
BLACK
6
CONTINUOUS
10
7.6027956692913383
20
-3.0598425590551179
11
7.6006611417322834
21
-3.0642088188976375
0
LINE
8
BLACK
6
CONTINUOUS
10
7.6006611417322834
20
-3.0642088188976375
11
7.5972245669291336
21
-3.0676453937007873
0
LINE
8
BLACK
6
CONTINUOUS
10
7.5972245669291336
20
-3.0676453937007873
11
7.5928583070866136
21
-3.0697799212598427
0
LINE
8
BLACK
6
CONTINUOUS
10
7.5928583070866136
20
-3.0697799212598427
11
7.5886456692913384
21
-3.0703937007874016
0
LINE
8
BLACK
6
CONTINUOUS
10
7.5886456692913384
20
-3.0703937007874016
11
7.5591181102362199
21
-3.0703937007874016
0
LINE
8
BLACK
6
CONTINUOUS
10
7.5591181102362199
20
-3.0703937007874016
11
7.5549054724409448
21
-3.0697799212598427
0
LINE
8
BLACK
6
CONTINUOUS
10
7.5549054724409448
20
-3.0697799212598427
11
7.5505392125984248
21
-3.0676453937007873
0
LINE
8
BLACK
6
CONTINUOUS
10
7.5505392125984248
20
-3.0676453937007873
11
7.547102637795275
21
-3.0642088188976375
0
LINE
8
BLACK
6
CONTINUOUS
10
7.547102637795275
20
-3.0642088188976375
11
7.54496811023622
21
-3.0598425590551179
0
LINE
8
BLACK
6
CONTINUOUS
10
7.54496811023622
20
-3.0598425590551179
11
7.5443543307086616
21
-3.0556299212598423
0
LINE
8
BLACK
6
CONTINUOUS
10
7.5443543307086616
20
-3.0556299212598423
11
7.5443543307086616
21
-3.0064173228346456
0
LINE
8
BLACK
6
CONTINUOUS
10
7.5443543307086616
20
-3.0064173228346456
11
7.54496811023622
21
-3.00220468503937
0
LINE
8
BLACK
6
CONTINUOUS
10
7.54496811023622
20
-3.00220468503937
11
7.547102637795275
21
-2.9978384251968504
0
LINE
8
BLACK
6
CONTINUOUS
10
7.547102637795275
20
-2.9978384251968504
11
7.5505392125984248
21
-2.9944018503937007
0
LINE
8
BLACK
6
CONTINUOUS
10
7.5505392125984248
20
-2.9944018503937007
11
7.5549054724409448
21
-2.9922673228346457
0
LINE
8
BLACK
6
CONTINUOUS
10
7.5549054724409448
20
-2.9922673228346457
11
7.5591181102362199
21
-2.9916535433070863
0
LINE
8
BLACK
6
CONTINUOUS
10
7.5591181102362199
20
-2.9916535433070863
11
7.5886456692913384
21
-2.9916535433070863
0
LINE
8
BLACK
6
CONTINUOUS
10
7.5886456692913384
20
-2.9916535433070863
11
7.5928583070866136
21
-2.9922673228346457
0
LINE
8
BLACK
6
CONTINUOUS
10
7.2400670866141734
20
-3.0139656299212598
11
7.2429409055118112
21
-3.015885866141732
0
LINE
8
BLACK
6
CONTINUOUS
10
7.2429409055118112
20
-3.015885866141732
11
7.244861141732283
21
-3.0187596850393699
0
LINE
8
BLACK
6
CONTINUOUS
10
7.244861141732283
20
-3.0187596850393699
11
7.2455354330708657
21
-3.0221496062992124
0
LINE
8
BLACK
6
CONTINUOUS
10
7.2455354330708657
20
-3.0221496062992124
11
7.2455354330708657
21
-3.0418346456692911
0
LINE
8
BLACK
6
CONTINUOUS
10
7.2455354330708657
20
-3.0418346456692911
11
7.244861141732283
21
-3.0452245669291336
0
LINE
8
BLACK
6
CONTINUOUS
10
7.244861141732283
20
-3.0452245669291336
11
7.2429409055118112
21
-3.0480983858267714
0
LINE
8
BLACK
6
CONTINUOUS
10
7.2429409055118112
20
-3.0480983858267714
11
7.2400670866141734
21
-3.0500186220472441
0
LINE
8
BLACK
6
CONTINUOUS
10
7.2400670866141734
20
-3.0500186220472441
11
7.2366771653543305
21
-3.0506929133858267
0
LINE
8
BLACK
6
CONTINUOUS
10
7.2366771653543305
20
-3.0506929133858267
11
7.2189606299212601
21
-3.0506929133858267
0
LINE
8
BLACK
6
CONTINUOUS
10
7.2189606299212601
20
-3.0506929133858267
11
7.2155707086614171
21
-3.0500186220472441
0
LINE
8
BLACK
6
CONTINUOUS
10
7.2155707086614171
20
-3.0500186220472441
11
7.2126968897637793
21
-3.0480983858267714
0
LINE
8
BLACK
6
CONTINUOUS
10
7.2126968897637793
20
-3.0480983858267714
11
7.2107766535433067
21
-3.0452245669291336
0
LINE
8
BLACK
6
CONTINUOUS
10
7.2107766535433067
20
-3.0452245669291336
11
7.210102362204724
21
-3.0418346456692911
0
LINE
8
BLACK
6
CONTINUOUS
10
7.210102362204724
20
-3.0418346456692911
11
7.210102362204724
21
-3.0221496062992124
0
LINE
8
BLACK
6
CONTINUOUS
10
7.210102362204724
20
-3.0221496062992124
11
7.2107766535433067
21
-3.0187596850393699
0
LINE
8
BLACK
6
CONTINUOUS
10
7.2107766535433067
20
-3.0187596850393699
11
7.2126968897637793
21
-3.015885866141732
0
LINE
8
BLACK
6
CONTINUOUS
10
7.2126968897637793
20
-3.015885866141732
11
7.2155707086614171
21
-3.0139656299212598
0
LINE
8
BLACK
6
CONTINUOUS
10
7.2155707086614171
20
-3.0139656299212598
11
7.2189606299212601
21
-3.0132913385826772
0
LINE
8
BLACK
6
CONTINUOUS
10
7.2189606299212601
20
-3.0132913385826772
11
7.2366771653543305
21
-3.0132913385826772
0
LINE
8
BLACK
6
CONTINUOUS
10
7.2366771653543305
20
-3.0132913385826772
11
7.2400670866141734
21
-3.0139656299212598
0
LINE
8
BLACK
6
CONTINUOUS
10
7.301090708661417
20
-3.0139656299212598
11
7.3039645275590548
21
-3.015885866141732
0
LINE
8
BLACK
6
CONTINUOUS
10
7.3039645275590548
20
-3.015885866141732
11
7.3058847637795274
21
-3.0187596850393699
0
LINE
8
BLACK
6
CONTINUOUS
10
7.3058847637795274
20
-3.0187596850393699
11
7.3065590551181101
21
-3.0221496062992124
0
LINE
8
BLACK
6
CONTINUOUS
10
7.3065590551181101
20
-3.0221496062992124
11
7.3065590551181101
21
-3.0418346456692911
0
LINE
8
BLACK
6
CONTINUOUS
10
7.3065590551181101
20
-3.0418346456692911
11
7.3058847637795274
21
-3.0452245669291336
0
LINE
8
BLACK
6
CONTINUOUS
10
7.3058847637795274
20
-3.0452245669291336
11
7.3039645275590548
21
-3.0480983858267714
0
LINE
8
BLACK
6
CONTINUOUS
10
7.3039645275590548
20
-3.0480983858267714
11
7.301090708661417
21
-3.0500186220472441
0
LINE
8
BLACK
6
CONTINUOUS
10
7.301090708661417
20
-3.0500186220472441
11
7.2977007874015749
21
-3.0506929133858267
0
LINE
8
BLACK
6
CONTINUOUS
10
7.2977007874015749
20
-3.0506929133858267
11
7.2799842519685036
21
-3.0506929133858267
0
LINE
8
BLACK
6
CONTINUOUS
10
7.2799842519685036
20
-3.0506929133858267
11
7.2765943307086616
21
-3.0500186220472441
0
LINE
8
BLACK
6
CONTINUOUS
10
7.2765943307086616
20
-3.0500186220472441
11
7.2737205118110237
21
-3.0480983858267714
0
LINE
8
BLACK
6
CONTINUOUS
10
7.2737205118110237
20
-3.0480983858267714
11
7.2718002755905511
21
-3.0452245669291336
0
LINE
8
BLACK
6
CONTINUOUS
10
7.2718002755905511
20
-3.0452245669291336
11
7.2711259842519684
21
-3.0418346456692911
0
LINE
8
BLACK
6
CONTINUOUS
10
7.2711259842519684
20
-3.0418346456692911
11
7.2711259842519684
21
-3.0221496062992124
0
LINE
8
BLACK
6
CONTINUOUS
10
7.2711259842519684
20
-3.0221496062992124
11
7.2718002755905511
21
-3.0187596850393699
0
LINE
8
BLACK
6
CONTINUOUS
10
7.2718002755905511
20
-3.0187596850393699
11
7.2737205118110237
21
-3.015885866141732
0
LINE
8
BLACK
6
CONTINUOUS
10
7.2737205118110237
20
-3.015885866141732
11
7.2765943307086616
21
-3.0139656299212598
0
LINE
8
BLACK
6
CONTINUOUS
10
7.2765943307086616
20
-3.0139656299212598
11
7.2799842519685036
21
-3.0132913385826772
0
LINE
8
BLACK
6
CONTINUOUS
10
7.2799842519685036
20
-3.0132913385826772
11
7.2977007874015749
21
-3.0132913385826772
0
LINE
8
BLACK
6
CONTINUOUS
10
7.2977007874015749
20
-3.0132913385826772
11
7.301090708661417
21
-3.0139656299212598
0
LINE
8
BLACK
6
CONTINUOUS
10
5.1438400393700787
20
-2.929811968503937
11
5.146394527559055
21
-2.9315188582677165
0
LINE
8
BLACK
6
CONTINUOUS
10
5.146394527559055
20
-2.9315188582677165
11
5.1481014173228345
21
-2.9340733464566928
0
LINE
8
BLACK
6
CONTINUOUS
10
5.1481014173228345
20
-2.9340733464566928
11
5.1487007874015749
21
-2.9370866141732281
0
LINE
8
BLACK
6
CONTINUOUS
10
5.1487007874015749
20
-2.9370866141732281
11
5.1487007874015749
21
-2.9528346456692911
0
LINE
8
BLACK
6
CONTINUOUS
10
5.1487007874015749
20
-2.9528346456692911
11
5.1481014173228345
21
-2.9558479133858269
0
LINE
8
BLACK
6
CONTINUOUS
10
5.1481014173228345
20
-2.9558479133858269
11
5.146394527559055
21
-2.9584024015748032
0
LINE
8
BLACK
6
CONTINUOUS
10
5.146394527559055
20
-2.9584024015748032
11
5.1438400393700787
21
-2.9601092913385827
0
LINE
8
BLACK
6
CONTINUOUS
10
5.1438400393700787
20
-2.9601092913385827
11
5.1408267716535434
21
-2.9607086614173226
0
LINE
8
BLACK
6
CONTINUOUS
10
5.1408267716535434
20
-2.9607086614173226
11
5.1191732283464564
21
-2.9607086614173226
0
LINE
8
BLACK
6
CONTINUOUS
10
5.1191732283464564
20
-2.9607086614173226
11
5.1161599606299211
21
-2.9601092913385827
0
LINE
8
BLACK
6
CONTINUOUS
10
5.1161599606299211
20
-2.9601092913385827
11
5.1136054724409448
21
-2.9584024015748032
0
LINE
8
BLACK
6
CONTINUOUS
10
5.1136054724409448
20
-2.9584024015748032
11
5.1118985826771652
21
-2.9558479133858269
0
LINE
8
BLACK
6
CONTINUOUS
10
5.1118985826771652
20
-2.9558479133858269
11
5.1112992125984249
21
-2.9528346456692911
0
LINE
8
BLACK
6
CONTINUOUS
10
5.1112992125984249
20
-2.9528346456692911
11
5.1112992125984249
21
-2.9370866141732281
0
LINE
8
BLACK
6
CONTINUOUS
10
5.1112992125984249
20
-2.9370866141732281
11
5.1118985826771652
21
-2.9340733464566928
0
LINE
8
BLACK
6
CONTINUOUS
10
5.1118985826771652
20
-2.9340733464566928
11
5.1136054724409448
21
-2.9315188582677165
0
LINE
8
BLACK
6
CONTINUOUS
10
5.1136054724409448
20
-2.9315188582677165
11
5.1161599606299211
21
-2.929811968503937
0
LINE
8
BLACK
6
CONTINUOUS
10
5.1161599606299211
20
-2.929811968503937
11
5.1191732283464564
21
-2.9292125984251967
0
LINE
8
BLACK
6
CONTINUOUS
10
5.1191732283464564
20
-2.9292125984251967
11
5.1408267716535434
21
-2.9292125984251967
0
LINE
8
BLACK
6
CONTINUOUS
10
5.1408267716535434
20
-2.9292125984251967
11
5.1438400393700787
21
-2.929811968503937
0
LINE
8
BLACK
6
CONTINUOUS
10
5.1438400393700787
20
-2.8648513385826773
11
5.146394527559055
21
-2.8665582283464568
0
LINE
8
BLACK
6
CONTINUOUS
10
5.146394527559055
20
-2.8665582283464568
11
5.1481014173228345
21
-2.8691127165354331
0
LINE
8
BLACK
6
CONTINUOUS
10
5.1481014173228345
20
-2.8691127165354331
11
5.1487007874015749
21
-2.8721259842519684
0
LINE
8
BLACK
6
CONTINUOUS
10
5.1487007874015749
20
-2.8721259842519684
11
5.1487007874015749
21
-2.8878740157480314
0
LINE
8
BLACK
6
CONTINUOUS
10
5.1487007874015749
20
-2.8878740157480314
11
5.1481014173228345
21
-2.8908872834645667
0
LINE
8
BLACK
6
CONTINUOUS
10
5.1481014173228345
20
-2.8908872834645667
11
5.146394527559055
21
-2.8934417716535434
0
LINE
8
BLACK
6
CONTINUOUS
10
5.146394527559055
20
-2.8934417716535434
11
5.1438400393700787
21
-2.895148661417323
0
LINE
8
BLACK
6
CONTINUOUS
10
5.1438400393700787
20
-2.895148661417323
11
5.1408267716535434
21
-2.8957480314960629
0
LINE
8
BLACK
6
CONTINUOUS
10
5.1408267716535434
20
-2.8957480314960629
11
5.1191732283464564
21
-2.8957480314960629
0
LINE
8
BLACK
6
CONTINUOUS
10
5.1191732283464564
20
-2.8957480314960629
11
5.1161599606299211
21
-2.895148661417323
0
LINE
8
BLACK
6
CONTINUOUS
10
5.1161599606299211
20
-2.895148661417323
11
5.1136054724409448
21
-2.8934417716535434
0
LINE
8
BLACK
6
CONTINUOUS
10
5.1136054724409448
20
-2.8934417716535434
11
5.1118985826771652
21
-2.8908872834645667
0
LINE
8
BLACK
6
CONTINUOUS
10
5.1118985826771652
20
-2.8908872834645667
11
5.1112992125984249
21
-2.8878740157480314
0
LINE
8
BLACK
6
CONTINUOUS
10
5.1112992125984249
20
-2.8878740157480314
11
5.1112992125984249
21
-2.8721259842519684
0
LINE
8
BLACK
6
CONTINUOUS
10
5.1112992125984249
20
-2.8721259842519684
11
5.1118985826771652
21
-2.8691127165354331
0
LINE
8
BLACK
6
CONTINUOUS
10
5.1118985826771652
20
-2.8691127165354331
11
5.1136054724409448
21
-2.8665582283464568
0
LINE
8
BLACK
6
CONTINUOUS
10
5.1136054724409448
20
-2.8665582283464568
11
5.1161599606299211
21
-2.8648513385826773
0
LINE
8
BLACK
6
CONTINUOUS
10
5.1161599606299211
20
-2.8648513385826773
11
5.1191732283464564
21
-2.8642519685039369
0
LINE
8
BLACK
6
CONTINUOUS
10
5.1191732283464564
20
-2.8642519685039369
11
5.1408267716535434
21
-2.8642519685039369
0
LINE
8
BLACK
6
CONTINUOUS
10
5.1408267716535434
20
-2.8642519685039369
11
5.1438400393700787
21
-2.8648513385826773
0
LINE
8
BLACK
6
CONTINUOUS
10
4.9478517322834641
20
-2.7690379527559053
11
4.9491545275590552
21
-2.769908464566929
0
LINE
8
BLACK
6
CONTINUOUS
10
4.9491545275590552
20
-2.769908464566929
11
4.9500250393700789
21
-2.7712112598425196
0
LINE
8
BLACK
6
CONTINUOUS
10
4.9500250393700789
20
-2.7712112598425196
11
4.9503307086614168
21
-2.7727480314960631
0
LINE
8
BLACK
6
CONTINUOUS
10
4.9503307086614168
20
-2.7727480314960631
11
4.9503307086614168
21
-2.824244094488189
0
LINE
8
BLACK
6
CONTINUOUS
10
4.9503307086614168
20
-2.824244094488189
11
4.9500250393700789
21
-2.8257808661417321
0
LINE
8
BLACK
6
CONTINUOUS
10
4.9500250393700789
20
-2.8257808661417321
11
4.9491545275590552
21
-2.8270836614173227
0
LINE
8
BLACK
6
CONTINUOUS
10
4.9491545275590552
20
-2.8270836614173227
11
4.9478517322834641
21
-2.8279541732283464
0
LINE
8
BLACK
6
CONTINUOUS
10
4.9478517322834641
20
-2.8279541732283464
11
4.9463149606299215
21
-2.8282598425196848
0
LINE
8
BLACK
6
CONTINUOUS
10
4.9463149606299215
20
-2.8282598425196848
11
4.8948188976377951
21
-2.8282598425196848
0
LINE
8
BLACK
6
CONTINUOUS
10
4.8948188976377951
20
-2.8282598425196848
11
4.8932821259842516
21
-2.8279541732283464
0
LINE
8
BLACK
6
CONTINUOUS
10
4.8932821259842516
20
-2.8279541732283464
11
4.8919793307086614
21
-2.8270836614173227
0
LINE
8
BLACK
6
CONTINUOUS
10
4.8919793307086614
20
-2.8270836614173227
11
4.8911088188976377
21
-2.8257808661417321
0
LINE
8
BLACK
6
CONTINUOUS
10
4.8911088188976377
20
-2.8257808661417321
11
4.8908031496062989
21
-2.824244094488189
0
LINE
8
BLACK
6
CONTINUOUS
10
4.8908031496062989
20
-2.824244094488189
11
4.8908031496062989
21
-2.7727480314960631
0
LINE
8
BLACK
6
CONTINUOUS
10
4.8908031496062989
20
-2.7727480314960631
11
4.8911088188976377
21
-2.7712112598425196
0
LINE
8
BLACK
6
CONTINUOUS
10
4.8911088188976377
20
-2.7712112598425196
11
4.8919793307086614
21
-2.769908464566929
0
LINE
8
BLACK
6
CONTINUOUS
10
4.8919793307086614
20
-2.769908464566929
11
4.8932821259842516
21
-2.7690379527559053
0
LINE
8
BLACK
6
CONTINUOUS
10
4.8932821259842516
20
-2.7690379527559053
11
4.8948188976377951
21
-2.7687322834645669
0
LINE
8
BLACK
6
CONTINUOUS
10
4.8948188976377951
20
-2.7687322834645669
11
4.9463149606299215
21
-2.7687322834645669
0
LINE
8
BLACK
6
CONTINUOUS
10
4.9463149606299215
20
-2.7687322834645669
11
4.9478517322834641
21
-2.7690379527559053
0
LINE
8
BLACK
6
CONTINUOUS
10
4.2292068897637796
20
-2.7700138976377953
11
4.2345974803149602
21
-2.7722467716535433
0
LINE
8
BLACK
6
CONTINUOUS
10
4.2345974803149602
20
-2.7722467716535433
11
4.2394488582677168
21
-2.7754883464566928
0
LINE
8
BLACK
6
CONTINUOUS
10
4.2394488582677168
20
-2.7754883464566928
11
4.2435746456692911
21
-2.7796141338582676
0
LINE
8
BLACK
6
CONTINUOUS
10
4.2435746456692911
20
-2.7796141338582676
11
4.2468162204724411
21
-2.7844655118110238
0
LINE
8
BLACK
6
CONTINUOUS
10
4.2468162204724411
20
-2.7844655118110238
11
4.2490490944881891
21
-2.7898561023622048
0
LINE
8
BLACK
6
CONTINUOUS
10
4.2490490944881891
20
-2.7898561023622048
11
4.2501874015748031
21
-2.7955787007874013
0
LINE
8
BLACK
6
CONTINUOUS
10
4.2501874015748031
20
-2.7955787007874013
11
4.2501874015748031
21
-2.8014134251968503
0
LINE
8
BLACK
6
CONTINUOUS
10
4.2501874015748031
20
-2.8014134251968503
11
4.2490490944881891
21
-2.8071360236220473
0
LINE
8
BLACK
6
CONTINUOUS
10
4.2490490944881891
20
-2.8071360236220473
11
4.2468162204724411
21
-2.8125266141732284
0
LINE
8
BLACK
6
CONTINUOUS
10
4.2468162204724411
20
-2.8125266141732284
11
4.2435746456692911
21
-2.8173779921259841
0
LINE
8
BLACK
6
CONTINUOUS
10
4.2435746456692911
20
-2.8173779921259841
11
4.2394488582677168
21
-2.8215037795275588
0
LINE
8
BLACK
6
CONTINUOUS
10
4.2394488582677168
20
-2.8215037795275588
11
4.2345974803149602
21
-2.8247453543307084
0
LINE
8
BLACK
6
CONTINUOUS
10
4.2345974803149602
20
-2.8247453543307084
11
4.2292068897637796
21
-2.8269782283464568
0
LINE
8
BLACK
6
CONTINUOUS
10
4.2292068897637796
20
-2.8269782283464568
11
4.2234842913385826
21
-2.8281165354330708
0
LINE
8
BLACK
6
CONTINUOUS
10
4.2234842913385826
20
-2.8281165354330708
11
4.2176495669291336
21
-2.8281165354330708
0
LINE
8
BLACK
6
CONTINUOUS
10
4.2176495669291336
20
-2.8281165354330708
11
4.2119269685039367
21
-2.8269782283464568
0
LINE
8
BLACK
6
CONTINUOUS
10
4.2119269685039367
20
-2.8269782283464568
11
4.206536377952756
21
-2.8247453543307084
0
LINE
8
BLACK
6
CONTINUOUS
10
4.206536377952756
20
-2.8247453543307084
11
4.2016850000000003
21
-2.8215037795275588
0
LINE
8
BLACK
6
CONTINUOUS
10
4.2016850000000003
20
-2.8215037795275588
11
4.1975592125984251
21
-2.8173779921259841
0
LINE
8
BLACK
6
CONTINUOUS
10
4.1975592125984251
20
-2.8173779921259841
11
4.1943176377952751
21
-2.8125266141732284
0
LINE
8
BLACK
6
CONTINUOUS
10
4.1943176377952751
20
-2.8125266141732284
11
4.1920847637795271
21
-2.8071360236220473
0
LINE
8
BLACK
6
CONTINUOUS
10
4.1920847637795271
20
-2.8071360236220473
11
4.1909464566929131
21
-2.8014134251968503
0
LINE
8
BLACK
6
CONTINUOUS
10
4.1909464566929131
20
-2.8014134251968503
11
4.1909464566929131
21
-2.7955787007874013
0
LINE
8
BLACK
6
CONTINUOUS
10
4.1909464566929131
20
-2.7955787007874013
11
4.1920847637795271
21
-2.7898561023622048
0
LINE
8
BLACK
6
CONTINUOUS
10
4.1920847637795271
20
-2.7898561023622048
11
4.1943176377952751
21
-2.7844655118110238
0
LINE
8
BLACK
6
CONTINUOUS
10
4.1943176377952751
20
-2.7844655118110238
11
4.1975592125984251
21
-2.7796141338582676
0
LINE
8
BLACK
6
CONTINUOUS
10
4.1975592125984251
20
-2.7796141338582676
11
4.2016850000000003
21
-2.7754883464566928
0
LINE
8
BLACK
6
CONTINUOUS
10
4.2016850000000003
20
-2.7754883464566928
11
4.206536377952756
21
-2.7722467716535433
0
LINE
8
BLACK
6
CONTINUOUS
10
4.206536377952756
20
-2.7722467716535433
11
4.2119269685039367
21
-2.7700138976377953
0
LINE
8
BLACK
6
CONTINUOUS
10
4.2119269685039367
20
-2.7700138976377953
11
4.2176495669291336
21
-2.7688755905511808
0
LINE
8
BLACK
6
CONTINUOUS
10
4.2176495669291336
20
-2.7688755905511808
11
4.2234842913385826
21
-2.7688755905511808
0
LINE
8
BLACK
6
CONTINUOUS
10
4.2234842913385826
20
-2.7688755905511808
11
4.2292068897637796
21
-2.7700138976377953
0
LINE
8
BLACK
6
CONTINUOUS
10
4.3292068897637792
20
-2.7700138976377953
11
4.3345974803149607
21
-2.7722467716535433
0
LINE
8
BLACK
6
CONTINUOUS
10
4.3345974803149607
20
-2.7722467716535433
11
4.3394488582677164
21
-2.7754883464566928
0
LINE
8
BLACK
6
CONTINUOUS
10
4.3394488582677164
20
-2.7754883464566928
11
4.3435746456692916
21
-2.7796141338582676
0
LINE
8
BLACK
6
CONTINUOUS
10
4.3435746456692916
20
-2.7796141338582676
11
4.3468162204724408
21
-2.7844655118110238
0
LINE
8
BLACK
6
CONTINUOUS
10
4.3468162204724408
20
-2.7844655118110238
11
4.3490490944881888
21
-2.7898561023622048
0
LINE
8
BLACK
6
CONTINUOUS
10
4.3490490944881888
20
-2.7898561023622048
11
4.3501874015748028
21
-2.7955787007874013
0
LINE
8
BLACK
6
CONTINUOUS
10
4.3501874015748028
20
-2.7955787007874013
11
4.3501874015748028
21
-2.8014134251968503
0
LINE
8
BLACK
6
CONTINUOUS
10
4.3501874015748028
20
-2.8014134251968503
11
4.3490490944881888
21
-2.8071360236220473
0
LINE
8
BLACK
6
CONTINUOUS
10
4.3490490944881888
20
-2.8071360236220473
11
4.3468162204724408
21
-2.8125266141732284
0
LINE
8
BLACK
6
CONTINUOUS
10
4.3468162204724408
20
-2.8125266141732284
11
4.3435746456692916
21
-2.8173779921259841
0
LINE
8
BLACK
6
CONTINUOUS
10
4.3435746456692916
20
-2.8173779921259841
11
4.3394488582677164
21
-2.8215037795275588
0
LINE
8
BLACK
6
CONTINUOUS
10
4.3394488582677164
20
-2.8215037795275588
11
4.3345974803149607
21
-2.8247453543307084
0
LINE
8
BLACK
6
CONTINUOUS
10
4.3345974803149607
20
-2.8247453543307084
11
4.3292068897637792
21
-2.8269782283464568
0
LINE
8
BLACK
6
CONTINUOUS
10
4.3292068897637792
20
-2.8269782283464568
11
4.3234842913385823
21
-2.8281165354330708
0
LINE
8
BLACK
6
CONTINUOUS
10
4.3234842913385823
20
-2.8281165354330708
11
4.3176495669291342
21
-2.8281165354330708
0
LINE
8
BLACK
6
CONTINUOUS
10
4.3176495669291342
20
-2.8281165354330708
11
4.3119269685039372
21
-2.8269782283464568
0
LINE
8
BLACK
6
CONTINUOUS
10
4.3119269685039372
20
-2.8269782283464568
11
4.3065363779527557
21
-2.8247453543307084
0
LINE
8
BLACK
6
CONTINUOUS
10
4.3065363779527557
20
-2.8247453543307084
11
4.301685
21
-2.8215037795275588
0
LINE
8
BLACK
6
CONTINUOUS
10
4.301685
20
-2.8215037795275588
11
4.2975592125984248
21
-2.8173779921259841
0
LINE
8
BLACK
6
CONTINUOUS
10
4.2975592125984248
20
-2.8173779921259841
11
4.2943176377952756
21
-2.8125266141732284
0
LINE
8
BLACK
6
CONTINUOUS
10
4.2943176377952756
20
-2.8125266141732284
11
4.2920847637795276
21
-2.8071360236220473
0
LINE
8
BLACK
6
CONTINUOUS
10
4.2920847637795276
20
-2.8071360236220473
11
4.2909464566929136
21
-2.8014134251968503
0
LINE
8
BLACK
6
CONTINUOUS
10
4.2909464566929136
20
-2.8014134251968503
11
4.2909464566929136
21
-2.7955787007874013
0
LINE
8
BLACK
6
CONTINUOUS
10
4.2909464566929136
20
-2.7955787007874013
11
4.2920847637795276
21
-2.7898561023622048
0
LINE
8
BLACK
6
CONTINUOUS
10
4.2920847637795276
20
-2.7898561023622048
11
4.2943176377952756
21
-2.7844655118110238
0
LINE
8
BLACK
6
CONTINUOUS
10
4.2943176377952756
20
-2.7844655118110238
11
4.2975592125984248
21
-2.7796141338582676
0
LINE
8
BLACK
6
CONTINUOUS
10
4.2975592125984248
20
-2.7796141338582676
11
4.301685
21
-2.7754883464566928
0
LINE
8
BLACK
6
CONTINUOUS
10
4.301685
20
-2.7754883464566928
11
4.3065363779527557
21
-2.7722467716535433
0
LINE
8
BLACK
6
CONTINUOUS
10
4.3065363779527557
20
-2.7722467716535433
11
4.3119269685039372
21
-2.7700138976377953
0
LINE
8
BLACK
6
CONTINUOUS
10
4.3119269685039372
20
-2.7700138976377953
11
4.3176495669291342
21
-2.7688755905511808
0
LINE
8
BLACK
6
CONTINUOUS
10
4.3176495669291342
20
-2.7688755905511808
11
4.3234842913385823
21
-2.7688755905511808
0
LINE
8
BLACK
6
CONTINUOUS
10
4.3234842913385823
20
-2.7688755905511808
11
4.3292068897637792
21
-2.7700138976377953
0
LINE
8
BLACK
6
CONTINUOUS
10
4.4292068897637797
20
-2.7700138976377953
11
4.4345974803149604
21
-2.7722467716535433
0
LINE
8
BLACK
6
CONTINUOUS
10
4.4345974803149604
20
-2.7722467716535433
11
4.4394488582677161
21
-2.7754883464566928
0
LINE
8
BLACK
6
CONTINUOUS
10
4.4394488582677161
20
-2.7754883464566928
11
4.4435746456692913
21
-2.7796141338582676
0
LINE
8
BLACK
6
CONTINUOUS
10
4.4435746456692913
20
-2.7796141338582676
11
4.4468162204724404
21
-2.7844655118110238
0
LINE
8
BLACK
6
CONTINUOUS
10
4.4468162204724404
20
-2.7844655118110238
11
4.4490490944881893
21
-2.7898561023622048
0
LINE
8
BLACK
6
CONTINUOUS
10
4.4490490944881893
20
-2.7898561023622048
11
4.4501874015748033
21
-2.7955787007874013
0
LINE
8
BLACK
6
CONTINUOUS
10
4.4501874015748033
20
-2.7955787007874013
11
4.4501874015748033
21
-2.8014134251968503
0
LINE
8
BLACK
6
CONTINUOUS
10
4.4501874015748033
20
-2.8014134251968503
11
4.4490490944881893
21
-2.8071360236220473
0
LINE
8
BLACK
6
CONTINUOUS
10
4.4490490944881893
20
-2.8071360236220473
11
4.4468162204724404
21
-2.8125266141732284
0
LINE
8
BLACK
6
CONTINUOUS
10
4.4468162204724404
20
-2.8125266141732284
11
4.4435746456692913
21
-2.8173779921259841
0
LINE
8
BLACK
6
CONTINUOUS
10
4.4435746456692913
20
-2.8173779921259841
11
4.4394488582677161
21
-2.8215037795275588
0
LINE
8
BLACK
6
CONTINUOUS
10
4.4394488582677161
20
-2.8215037795275588
11
4.4345974803149604
21
-2.8247453543307084
0
LINE
8
BLACK
6
CONTINUOUS
10
4.4345974803149604
20
-2.8247453543307084
11
4.4292068897637797
21
-2.8269782283464568
0
LINE
8
BLACK
6
CONTINUOUS
10
4.4292068897637797
20
-2.8269782283464568
11
4.4234842913385828
21
-2.8281165354330708
0
LINE
8
BLACK
6
CONTINUOUS
10
4.4234842913385828
20
-2.8281165354330708
11
4.4176495669291338
21
-2.8281165354330708
0
LINE
8
BLACK
6
CONTINUOUS
10
4.4176495669291338
20
-2.8281165354330708
11
4.4119269685039368
21
-2.8269782283464568
0
LINE
8
BLACK
6
CONTINUOUS
10
4.4119269685039368
20
-2.8269782283464568
11
4.4065363779527562
21
-2.8247453543307084
0
LINE
8
BLACK
6
CONTINUOUS
10
4.4065363779527562
20
-2.8247453543307084
11
4.4016849999999996
21
-2.8215037795275588
0
LINE
8
BLACK
6
CONTINUOUS
10
4.4016849999999996
20
-2.8215037795275588
11
4.3975592125984253
21
-2.8173779921259841
0
LINE
8
BLACK
6
CONTINUOUS
10
4.3975592125984253
20
-2.8173779921259841
11
4.3943176377952753
21
-2.8125266141732284
0
LINE
8
BLACK
6
CONTINUOUS
10
4.3943176377952753
20
-2.8125266141732284
11
4.3920847637795273
21
-2.8071360236220473
0
LINE
8
BLACK
6
CONTINUOUS
10
4.3920847637795273
20
-2.8071360236220473
11
4.3909464566929133
21
-2.8014134251968503
0
LINE
8
BLACK
6
CONTINUOUS
10
4.3909464566929133
20
-2.8014134251968503
11
4.3909464566929133
21
-2.7955787007874013
0
LINE
8
BLACK
6
CONTINUOUS
10
4.3909464566929133
20
-2.7955787007874013
11
4.3920847637795273
21
-2.7898561023622048
0
LINE
8
BLACK
6
CONTINUOUS
10
4.3920847637795273
20
-2.7898561023622048
11
4.3943176377952753
21
-2.7844655118110238
0
LINE
8
BLACK
6
CONTINUOUS
10
4.3943176377952753
20
-2.7844655118110238
11
4.3975592125984253
21
-2.7796141338582676
0
LINE
8
BLACK
6
CONTINUOUS
10
4.3975592125984253
20
-2.7796141338582676
11
4.4016849999999996
21
-2.7754883464566928
0
LINE
8
BLACK
6
CONTINUOUS
10
4.4016849999999996
20
-2.7754883464566928
11
4.4065363779527562
21
-2.7722467716535433
0
LINE
8
BLACK
6
CONTINUOUS
10
4.4065363779527562
20
-2.7722467716535433
11
4.4119269685039368
21
-2.7700138976377953
0
LINE
8
BLACK
6
CONTINUOUS
10
4.4119269685039368
20
-2.7700138976377953
11
4.4176495669291338
21
-2.7688755905511808
0
LINE
8
BLACK
6
CONTINUOUS
10
4.4176495669291338
20
-2.7688755905511808
11
4.4234842913385828
21
-2.7688755905511808
0
LINE
8
BLACK
6
CONTINUOUS
10
4.4234842913385828
20
-2.7688755905511808
11
4.4292068897637797
21
-2.7700138976377953
0
LINE
8
BLACK
6
CONTINUOUS
10
4.5292068897637794
20
-2.7700138976377953
11
4.5345974803149609
21
-2.7722467716535433
0
LINE
8
BLACK
6
CONTINUOUS
10
4.5345974803149609
20
-2.7722467716535433
11
4.5394488582677166
21
-2.7754883464566928
0
LINE
8
BLACK
6
CONTINUOUS
10
4.5394488582677166
20
-2.7754883464566928
11
4.5435746456692909
21
-2.7796141338582676
0
LINE
8
BLACK
6
CONTINUOUS
10
4.5435746456692909
20
-2.7796141338582676
11
4.5468162204724409
21
-2.7844655118110238
0
LINE
8
BLACK
6
CONTINUOUS
10
4.5468162204724409
20
-2.7844655118110238
11
4.5490490944881889
21
-2.7898561023622048
0
LINE
8
BLACK
6
CONTINUOUS
10
4.5490490944881889
20
-2.7898561023622048
11
4.5501874015748029
21
-2.7955787007874013
0
LINE
8
BLACK
6
CONTINUOUS
10
4.5501874015748029
20
-2.7955787007874013
11
4.5501874015748029
21
-2.8014134251968503
0
LINE
8
BLACK
6
CONTINUOUS
10
4.5501874015748029
20
-2.8014134251968503
11
4.5490490944881889
21
-2.8071360236220473
0
LINE
8
BLACK
6
CONTINUOUS
10
4.5490490944881889
20
-2.8071360236220473
11
4.5468162204724409
21
-2.8125266141732284
0
LINE
8
BLACK
6
CONTINUOUS
10
4.5468162204724409
20
-2.8125266141732284
11
4.5435746456692909
21
-2.8173779921259841
0
LINE
8
BLACK
6
CONTINUOUS
10
4.5435746456692909
20
-2.8173779921259841
11
4.5394488582677166
21
-2.8215037795275588
0
LINE
8
BLACK
6
CONTINUOUS
10
4.5394488582677166
20
-2.8215037795275588
11
4.5345974803149609
21
-2.8247453543307084
0
LINE
8
BLACK
6
CONTINUOUS
10
4.5345974803149609
20
-2.8247453543307084
11
4.5292068897637794
21
-2.8269782283464568
0
LINE
8
BLACK
6
CONTINUOUS
10
4.5292068897637794
20
-2.8269782283464568
11
4.5234842913385824
21
-2.8281165354330708
0
LINE
8
BLACK
6
CONTINUOUS
10
4.5234842913385824
20
-2.8281165354330708
11
4.5176495669291334
21
-2.8281165354330708
0
LINE
8
BLACK
6
CONTINUOUS
10
4.5176495669291334
20
-2.8281165354330708
11
4.5119269685039365
21
-2.8269782283464568
0
LINE
8
BLACK
6
CONTINUOUS
10
4.5119269685039365
20
-2.8269782283464568
11
4.5065363779527559
21
-2.8247453543307084
0
LINE
8
BLACK
6
CONTINUOUS
10
4.5065363779527559
20
-2.8247453543307084
11
4.5016850000000002
21
-2.8215037795275588
0
LINE
8
BLACK
6
CONTINUOUS
10
4.5016850000000002
20
-2.8215037795275588
11
4.4975592125984249
21
-2.8173779921259841
0
LINE
8
BLACK
6
CONTINUOUS
10
4.4975592125984249
20
-2.8173779921259841
11
4.4943176377952758
21
-2.8125266141732284
0
LINE
8
BLACK
6
CONTINUOUS
10
4.4943176377952758
20
-2.8125266141732284
11
4.4920847637795278
21
-2.8071360236220473
0
LINE
8
BLACK
6
CONTINUOUS
10
4.4920847637795278
20
-2.8071360236220473
11
4.4909464566929129
21
-2.8014134251968503
0
LINE
8
BLACK
6
CONTINUOUS
10
4.4909464566929129
20
-2.8014134251968503
11
4.4909464566929129
21
-2.7955787007874013
0
LINE
8
BLACK
6
CONTINUOUS
10
4.4909464566929129
20
-2.7955787007874013
11
4.4920847637795278
21
-2.7898561023622048
0
LINE
8
BLACK
6
CONTINUOUS
10
4.4920847637795278
20
-2.7898561023622048
11
4.4943176377952758
21
-2.7844655118110238
0
LINE
8
BLACK
6
CONTINUOUS
10
4.4943176377952758
20
-2.7844655118110238
11
4.4975592125984249
21
-2.7796141338582676
0
LINE
8
BLACK
6
CONTINUOUS
10
4.4975592125984249
20
-2.7796141338582676
11
4.5016850000000002
21
-2.7754883464566928
0
LINE
8
BLACK
6
CONTINUOUS
10
4.5016850000000002
20
-2.7754883464566928
11
4.5065363779527559
21
-2.7722467716535433
0
LINE
8
BLACK
6
CONTINUOUS
10
4.5065363779527559
20
-2.7722467716535433
11
4.5119269685039365
21
-2.7700138976377953
0
LINE
8
BLACK
6
CONTINUOUS
10
4.5119269685039365
20
-2.7700138976377953
11
4.5176495669291334
21
-2.7688755905511808
0
LINE
8
BLACK
6
CONTINUOUS
10
4.5176495669291334
20
-2.7688755905511808
11
4.5234842913385824
21
-2.7688755905511808
0
LINE
8
BLACK
6
CONTINUOUS
10
4.5234842913385824
20
-2.7688755905511808
11
4.5292068897637794
21
-2.7700138976377953
0
LINE
8
BLACK
6
CONTINUOUS
10
4.629206889763779
20
-2.7700138976377953
11
4.6345974803149605
21
-2.7722467716535433
0
LINE
8
BLACK
6
CONTINUOUS
10
4.6345974803149605
20
-2.7722467716535433
11
4.6394488582677162
21
-2.7754883464566928
0
LINE
8
BLACK
6
CONTINUOUS
10
4.6394488582677162
20
-2.7754883464566928
11
4.6435746456692915
21
-2.7796141338582676
0
LINE
8
BLACK
6
CONTINUOUS
10
4.6435746456692915
20
-2.7796141338582676
11
4.6468162204724406
21
-2.7844655118110238
0
LINE
8
BLACK
6
CONTINUOUS
10
4.6468162204724406
20
-2.7844655118110238
11
4.6490490944881886
21
-2.7898561023622048
0
LINE
8
BLACK
6
CONTINUOUS
10
4.6490490944881886
20
-2.7898561023622048
11
4.6501874015748035
21
-2.7955787007874013
0
LINE
8
BLACK
6
CONTINUOUS
10
4.6501874015748035
20
-2.7955787007874013
11
4.6501874015748035
21
-2.8014134251968503
0
LINE
8
BLACK
6
CONTINUOUS
10
4.6501874015748035
20
-2.8014134251968503
11
4.6490490944881886
21
-2.8071360236220473
0
LINE
8
BLACK
6
CONTINUOUS
10
4.6490490944881886
20
-2.8071360236220473
11
4.6468162204724406
21
-2.8125266141732284
0
LINE
8
BLACK
6
CONTINUOUS
10
4.6468162204724406
20
-2.8125266141732284
11
4.6435746456692915
21
-2.8173779921259841
0
LINE
8
BLACK
6
CONTINUOUS
10
4.6435746456692915
20
-2.8173779921259841
11
4.6394488582677162
21
-2.8215037795275588
0
LINE
8
BLACK
6
CONTINUOUS
10
4.6394488582677162
20
-2.8215037795275588
11
4.6345974803149605
21
-2.8247453543307084
0
LINE
8
BLACK
6
CONTINUOUS
10
4.6345974803149605
20
-2.8247453543307084
11
4.629206889763779
21
-2.8269782283464568
0
LINE
8
BLACK
6
CONTINUOUS
10
4.629206889763779
20
-2.8269782283464568
11
4.623484291338583
21
-2.8281165354330708
0
LINE
8
BLACK
6
CONTINUOUS
10
4.623484291338583
20
-2.8281165354330708
11
4.617649566929134
21
-2.8281165354330708
0
LINE
8
BLACK
6
CONTINUOUS
10
4.617649566929134
20
-2.8281165354330708
11
4.611926968503937
21
-2.8269782283464568
0
LINE
8
BLACK
6
CONTINUOUS
10
4.611926968503937
20
-2.8269782283464568
11
4.6065363779527555
21
-2.8247453543307084
0
LINE
8
BLACK
6
CONTINUOUS
10
4.6065363779527555
20
-2.8247453543307084
11
4.6016849999999998
21
-2.8215037795275588
0
LINE
8
BLACK
6
CONTINUOUS
10
4.6016849999999998
20
-2.8215037795275588
11
4.5975592125984255
21
-2.8173779921259841
0
LINE
8
BLACK
6
CONTINUOUS
10
4.5975592125984255
20
-2.8173779921259841
11
4.5943176377952755
21
-2.8125266141732284
0
LINE
8
BLACK
6
CONTINUOUS
10
4.5943176377952755
20
-2.8125266141732284
11
4.5920847637795275
21
-2.8071360236220473
0
LINE
8
BLACK
6
CONTINUOUS
10
4.5920847637795275
20
-2.8071360236220473
11
4.5909464566929135
21
-2.8014134251968503
0
LINE
8
BLACK
6
CONTINUOUS
10
4.5909464566929135
20
-2.8014134251968503
11
4.5909464566929135
21
-2.7955787007874013
0
LINE
8
BLACK
6
CONTINUOUS
10
4.5909464566929135
20
-2.7955787007874013
11
4.5920847637795275
21
-2.7898561023622048
0
LINE
8
BLACK
6
CONTINUOUS
10
4.5920847637795275
20
-2.7898561023622048
11
4.5943176377952755
21
-2.7844655118110238
0
LINE
8
BLACK
6
CONTINUOUS
10
4.5943176377952755
20
-2.7844655118110238
11
4.5975592125984255
21
-2.7796141338582676
0
LINE
8
BLACK
6
CONTINUOUS
10
4.5975592125984255
20
-2.7796141338582676
11
4.6016849999999998
21
-2.7754883464566928
0
LINE
8
BLACK
6
CONTINUOUS
10
4.6016849999999998
20
-2.7754883464566928
11
4.6065363779527555
21
-2.7722467716535433
0
LINE
8
BLACK
6
CONTINUOUS
10
4.6065363779527555
20
-2.7722467716535433
11
4.611926968503937
21
-2.7700138976377953
0
LINE
8
BLACK
6
CONTINUOUS
10
4.611926968503937
20
-2.7700138976377953
11
4.617649566929134
21
-2.7688755905511808
0
LINE
8
BLACK
6
CONTINUOUS
10
4.617649566929134
20
-2.7688755905511808
11
4.623484291338583
21
-2.7688755905511808
0
LINE
8
BLACK
6
CONTINUOUS
10
4.623484291338583
20
-2.7688755905511808
11
4.629206889763779
21
-2.7700138976377953
0
LINE
8
BLACK
6
CONTINUOUS
10
4.7292068897637796
20
-2.7700138976377953
11
4.7345974803149602
21
-2.7722467716535433
0
LINE
8
BLACK
6
CONTINUOUS
10
4.7345974803149602
20
-2.7722467716535433
11
4.7394488582677168
21
-2.7754883464566928
0
LINE
8
BLACK
6
CONTINUOUS
10
4.7394488582677168
20
-2.7754883464566928
11
4.7435746456692911
21
-2.7796141338582676
0
LINE
8
BLACK
6
CONTINUOUS
10
4.7435746456692911
20
-2.7796141338582676
11
4.7468162204724411
21
-2.7844655118110238
0
LINE
8
BLACK
6
CONTINUOUS
10
4.7468162204724411
20
-2.7844655118110238
11
4.7490490944881891
21
-2.7898561023622048
0
LINE
8
BLACK
6
CONTINUOUS
10
4.7490490944881891
20
-2.7898561023622048
11
4.7501874015748031
21
-2.7955787007874013
0
LINE
8
BLACK
6
CONTINUOUS
10
4.7501874015748031
20
-2.7955787007874013
11
4.7501874015748031
21
-2.8014134251968503
0
LINE
8
BLACK
6
CONTINUOUS
10
4.7501874015748031
20
-2.8014134251968503
11
4.7490490944881891
21
-2.8071360236220473
0
LINE
8
BLACK
6
CONTINUOUS
10
4.7490490944881891
20
-2.8071360236220473
11
4.7468162204724411
21
-2.8125266141732284
0
LINE
8
BLACK
6
CONTINUOUS
10
4.7468162204724411
20
-2.8125266141732284
11
4.7435746456692911
21
-2.8173779921259841
0
LINE
8
BLACK
6
CONTINUOUS
10
4.7435746456692911
20
-2.8173779921259841
11
4.7394488582677168
21
-2.8215037795275588
0
LINE
8
BLACK
6
CONTINUOUS
10
4.7394488582677168
20
-2.8215037795275588
11
4.7345974803149602
21
-2.8247453543307084
0
LINE
8
BLACK
6
CONTINUOUS
10
4.7345974803149602
20
-2.8247453543307084
11
4.7292068897637796
21
-2.8269782283464568
0
LINE
8
BLACK
6
CONTINUOUS
10
4.7292068897637796
20
-2.8269782283464568
11
4.7234842913385826
21
-2.8281165354330708
0
LINE
8
BLACK
6
CONTINUOUS
10
4.7234842913385826
20
-2.8281165354330708
11
4.7176495669291336
21
-2.8281165354330708
0
LINE
8
BLACK
6
CONTINUOUS
10
4.7176495669291336
20
-2.8281165354330708
11
4.7119269685039367
21
-2.8269782283464568
0
LINE
8
BLACK
6
CONTINUOUS
10
4.7119269685039367
20
-2.8269782283464568
11
4.706536377952756
21
-2.8247453543307084
0
LINE
8
BLACK
6
CONTINUOUS
10
4.706536377952756
20
-2.8247453543307084
11
4.7016850000000003
21
-2.8215037795275588
0
LINE
8
BLACK
6
CONTINUOUS
10
4.7016850000000003
20
-2.8215037795275588
11
4.6975592125984251
21
-2.8173779921259841
0
LINE
8
BLACK
6
CONTINUOUS
10
4.6975592125984251
20
-2.8173779921259841
11
4.6943176377952751
21
-2.8125266141732284
0
LINE
8
BLACK
6
CONTINUOUS
10
4.6943176377952751
20
-2.8125266141732284
11
4.6920847637795271
21
-2.8071360236220473
0
LINE
8
BLACK
6
CONTINUOUS
10
4.6920847637795271
20
-2.8071360236220473
11
4.6909464566929131
21
-2.8014134251968503
0
LINE
8
BLACK
6
CONTINUOUS
10
4.6909464566929131
20
-2.8014134251968503
11
4.6909464566929131
21
-2.7955787007874013
0
LINE
8
BLACK
6
CONTINUOUS
10
4.6909464566929131
20
-2.7955787007874013
11
4.6920847637795271
21
-2.7898561023622048
0
LINE
8
BLACK
6
CONTINUOUS
10
4.6920847637795271
20
-2.7898561023622048
11
4.6943176377952751
21
-2.7844655118110238
0
LINE
8
BLACK
6
CONTINUOUS
10
4.6943176377952751
20
-2.7844655118110238
11
4.6975592125984251
21
-2.7796141338582676
0
LINE
8
BLACK
6
CONTINUOUS
10
4.6975592125984251
20
-2.7796141338582676
11
4.7016850000000003
21
-2.7754883464566928
0
LINE
8
BLACK
6
CONTINUOUS
10
4.7016850000000003
20
-2.7754883464566928
11
4.706536377952756
21
-2.7722467716535433
0
LINE
8
BLACK
6
CONTINUOUS
10
4.706536377952756
20
-2.7722467716535433
11
4.7119269685039367
21
-2.7700138976377953
0
LINE
8
BLACK
6
CONTINUOUS
10
4.7119269685039367
20
-2.7700138976377953
11
4.7176495669291336
21
-2.7688755905511808
0
LINE
8
BLACK
6
CONTINUOUS
10
4.7176495669291336
20
-2.7688755905511808
11
4.7234842913385826
21
-2.7688755905511808
0
LINE
8
BLACK
6
CONTINUOUS
10
4.7234842913385826
20
-2.7688755905511808
11
4.7292068897637796
21
-2.7700138976377953
0
LINE
8
BLACK
6
CONTINUOUS
10
4.8292068897637792
20
-2.7700138976377953
11
4.8345974803149607
21
-2.7722467716535433
0
LINE
8
BLACK
6
CONTINUOUS
10
4.8345974803149607
20
-2.7722467716535433
11
4.8394488582677164
21
-2.7754883464566928
0
LINE
8
BLACK
6
CONTINUOUS
10
4.8394488582677164
20
-2.7754883464566928
11
4.8435746456692916
21
-2.7796141338582676
0
LINE
8
BLACK
6
CONTINUOUS
10
4.8435746456692916
20
-2.7796141338582676
11
4.8468162204724408
21
-2.7844655118110238
0
LINE
8
BLACK
6
CONTINUOUS
10
4.8468162204724408
20
-2.7844655118110238
11
4.8490490944881888
21
-2.7898561023622048
0
LINE
8
BLACK
6
CONTINUOUS
10
4.8490490944881888
20
-2.7898561023622048
11
4.8501874015748028
21
-2.7955787007874013
0
LINE
8
BLACK
6
CONTINUOUS
10
4.8501874015748028
20
-2.7955787007874013
11
4.8501874015748028
21
-2.8014134251968503
0
LINE
8
BLACK
6
CONTINUOUS
10
4.8501874015748028
20
-2.8014134251968503
11
4.8490490944881888
21
-2.8071360236220473
0
LINE
8
BLACK
6
CONTINUOUS
10
4.8490490944881888
20
-2.8071360236220473
11
4.8468162204724408
21
-2.8125266141732284
0
LINE
8
BLACK
6
CONTINUOUS
10
4.8468162204724408
20
-2.8125266141732284
11
4.8435746456692916
21
-2.8173779921259841
0
LINE
8
BLACK
6
CONTINUOUS
10
4.8435746456692916
20
-2.8173779921259841
11
4.8394488582677164
21
-2.8215037795275588
0
LINE
8
BLACK
6
CONTINUOUS
10
4.8394488582677164
20
-2.8215037795275588
11
4.8345974803149607
21
-2.8247453543307084
0
LINE
8
BLACK
6
CONTINUOUS
10
4.8345974803149607
20
-2.8247453543307084
11
4.8292068897637792
21
-2.8269782283464568
0
LINE
8
BLACK
6
CONTINUOUS
10
4.8292068897637792
20
-2.8269782283464568
11
4.8234842913385823
21
-2.8281165354330708
0
LINE
8
BLACK
6
CONTINUOUS
10
4.8234842913385823
20
-2.8281165354330708
11
4.8176495669291342
21
-2.8281165354330708
0
LINE
8
BLACK
6
CONTINUOUS
10
4.8176495669291342
20
-2.8281165354330708
11
4.8119269685039372
21
-2.8269782283464568
0
LINE
8
BLACK
6
CONTINUOUS
10
4.8119269685039372
20
-2.8269782283464568
11
4.8065363779527557
21
-2.8247453543307084
0
LINE
8
BLACK
6
CONTINUOUS
10
4.8065363779527557
20
-2.8247453543307084
11
4.801685
21
-2.8215037795275588
0
LINE
8
BLACK
6
CONTINUOUS
10
4.801685
20
-2.8215037795275588
11
4.7975592125984248
21
-2.8173779921259841
0
LINE
8
BLACK
6
CONTINUOUS
10
4.7975592125984248
20
-2.8173779921259841
11
4.7943176377952756
21
-2.8125266141732284
0
LINE
8
BLACK
6
CONTINUOUS
10
4.7943176377952756
20
-2.8125266141732284
11
4.7920847637795276
21
-2.8071360236220473
0
LINE
8
BLACK
6
CONTINUOUS
10
4.7920847637795276
20
-2.8071360236220473
11
4.7909464566929136
21
-2.8014134251968503
0
LINE
8
BLACK
6
CONTINUOUS
10
4.7909464566929136
20
-2.8014134251968503
11
4.7909464566929136
21
-2.7955787007874013
0
LINE
8
BLACK
6
CONTINUOUS
10
4.7909464566929136
20
-2.7955787007874013
11
4.7920847637795276
21
-2.7898561023622048
0
LINE
8
BLACK
6
CONTINUOUS
10
4.7920847637795276
20
-2.7898561023622048
11
4.7943176377952756
21
-2.7844655118110238
0
LINE
8
BLACK
6
CONTINUOUS
10
4.7943176377952756
20
-2.7844655118110238
11
4.7975592125984248
21
-2.7796141338582676
0
LINE
8
BLACK
6
CONTINUOUS
10
4.7975592125984248
20
-2.7796141338582676
11
4.801685
21
-2.7754883464566928
0
LINE
8
BLACK
6
CONTINUOUS
10
4.801685
20
-2.7754883464566928
11
4.8065363779527557
21
-2.7722467716535433
0
LINE
8
BLACK
6
CONTINUOUS
10
4.8065363779527557
20
-2.7722467716535433
11
4.8119269685039372
21
-2.7700138976377953
0
LINE
8
BLACK
6
CONTINUOUS
10
4.8119269685039372
20
-2.7700138976377953
11
4.8176495669291342
21
-2.7688755905511808
0
LINE
8
BLACK
6
CONTINUOUS
10
4.8176495669291342
20
-2.7688755905511808
11
4.8234842913385823
21
-2.7688755905511808
0
LINE
8
BLACK
6
CONTINUOUS
10
4.8234842913385823
20
-2.7688755905511808
11
4.8292068897637792
21
-2.7700138976377953
0
LINE
8
BLACK
6
CONTINUOUS
10
7.542633188976378
20
-2.7440719291338582
11
7.5478828346456694
21
-2.746029960629921
0
LINE
8
BLACK
6
CONTINUOUS
10
7.5478828346456694
20
-2.746029960629921
11
7.5523682283464568
21
-2.7493876771653545
0
LINE
8
BLACK
6
CONTINUOUS
10
7.5523682283464568
20
-2.7493876771653545
11
7.5557259448818899
21
-2.7538730708661419
0
LINE
8
BLACK
6
CONTINUOUS
10
7.5557259448818899
20
-2.7538730708661419
11
7.5576839763779526
21
-2.7591227165354328
0
LINE
8
BLACK
6
CONTINUOUS
10
7.5576839763779526
20
-2.7591227165354328
11
7.5581338582677162
21
-2.7633070866141733
0
LINE
8
BLACK
6
CONTINUOUS
10
7.5581338582677162
20
-2.7633070866141733
11
7.5581338582677162
21
-2.8026771653543308
0
LINE
8
BLACK
6
CONTINUOUS
10
7.5581338582677162
20
-2.8026771653543308
11
7.5576839763779526
21
-2.8068615354330708
0
LINE
8
BLACK
6
CONTINUOUS
10
7.5576839763779526
20
-2.8068615354330708
11
7.5557259448818899
21
-2.8121111811023622
0
LINE
8
BLACK
6
CONTINUOUS
10
7.5557259448818899
20
-2.8121111811023622
11
7.5523682283464568
21
-2.8165965748031496
0
LINE
8
BLACK
6
CONTINUOUS
10
7.5523682283464568
20
-2.8165965748031496
11
7.5478828346456694
21
-2.8199542913385827
0
LINE
8
BLACK
6
CONTINUOUS
10
7.5478828346456694
20
-2.8199542913385827
11
7.542633188976378
21
-2.8219123228346454
0
LINE
8
BLACK
6
CONTINUOUS
10
7.542633188976378
20
-2.8219123228346454
11
7.5384488188976375
21
-2.8223622047244095
0
LINE
8
BLACK
6
CONTINUOUS
10
7.5384488188976375
20
-2.8223622047244095
11
7.4282125984251968
21
-2.8223622047244095
0
LINE
8
BLACK
6
CONTINUOUS
10
7.4282125984251968
20
-2.8223622047244095
11
7.4240282283464563
21
-2.8219123228346454
0
LINE
8
BLACK
6
CONTINUOUS
10
7.4240282283464563
20
-2.8219123228346454
11
7.4187785826771648
21
-2.8199542913385827
0
LINE
8
BLACK
6
CONTINUOUS
10
7.4187785826771648
20
-2.8199542913385827
11
7.4142931889763775
21
-2.8165965748031496
0
LINE
8
BLACK
6
CONTINUOUS
10
7.4142931889763775
20
-2.8165965748031496
11
7.4109354724409444
21
-2.8121111811023622
0
LINE
8
BLACK
6
CONTINUOUS
10
7.4109354724409444
20
-2.8121111811023622
11
7.4089774409448816
21
-2.8068615354330708
0
LINE
8
BLACK
6
CONTINUOUS
10
7.4089774409448816
20
-2.8068615354330708
11
7.4085275590551181
21
-2.8026771653543308
0
LINE
8
BLACK
6
CONTINUOUS
10
7.4085275590551181
20
-2.8026771653543308
11
7.4085275590551181
21
-2.7633070866141733
0
LINE
8
BLACK
6
CONTINUOUS
10
7.4085275590551181
20
-2.7633070866141733
11
7.4089774409448816
21
-2.7591227165354328
0
LINE
8
BLACK
6
CONTINUOUS
10
7.4089774409448816
20
-2.7591227165354328
11
7.4109354724409444
21
-2.7538730708661419
0
LINE
8
BLACK
6
CONTINUOUS
10
7.4109354724409444
20
-2.7538730708661419
11
7.4142931889763775
21
-2.7493876771653545
0
LINE
8
BLACK
6
CONTINUOUS
10
7.4142931889763775
20
-2.7493876771653545
11
7.4187785826771648
21
-2.746029960629921
0
LINE
8
BLACK
6
CONTINUOUS
10
7.4187785826771648
20
-2.746029960629921
11
7.4240282283464563
21
-2.7440719291338582
0
LINE
8
BLACK
6
CONTINUOUS
10
7.4240282283464563
20
-2.7440719291338582
11
7.4282125984251968
21
-2.7436220472440946
0
LINE
8
BLACK
6
CONTINUOUS
10
7.4282125984251968
20
-2.7436220472440946
11
7.5384488188976375
21
-2.7436220472440946
0
LINE
8
BLACK
6
CONTINUOUS
10
7.5384488188976375
20
-2.7436220472440946
11
7.542633188976378
21
-2.7440719291338582
0
LINE
8
BLACK
6
CONTINUOUS
10
7.0516891338582672
20
-2.7639656299212598
11
7.0545629527559051
21
-2.765885866141732
0
LINE
8
BLACK
6
CONTINUOUS
10
7.0545629527559051
20
-2.765885866141732
11
7.0564831889763777
21
-2.7687596850393699
0
LINE
8
BLACK
6
CONTINUOUS
10
7.0564831889763777
20
-2.7687596850393699
11
7.0571574803149604
21
-2.7721496062992124
0
LINE
8
BLACK
6
CONTINUOUS
10
7.0571574803149604
20
-2.7721496062992124
11
7.0571574803149604
21
-2.7918346456692911
0
LINE
8
BLACK
6
CONTINUOUS
10
7.0571574803149604
20
-2.7918346456692911
11
7.0564831889763777
21
-2.795224566929134
0
LINE
8
BLACK
6
CONTINUOUS
10
7.0564831889763777
20
-2.795224566929134
11
7.0545629527559051
21
-2.7980983858267714
0
LINE
8
BLACK
6
CONTINUOUS
10
7.0545629527559051
20
-2.7980983858267714
11
7.0516891338582672
21
-2.8000186220472441
0
LINE
8
BLACK
6
CONTINUOUS
10
7.0516891338582672
20
-2.8000186220472441
11
7.0482992125984252
21
-2.8006929133858267
0
LINE
8
BLACK
6
CONTINUOUS
10
7.0482992125984252
20
-2.8006929133858267
11
7.0305826771653539
21
-2.8006929133858267
0
LINE
8
BLACK
6
CONTINUOUS
10
7.0305826771653539
20
-2.8006929133858267
11
7.0271927559055118
21
-2.8000186220472441
0
LINE
8
BLACK
6
CONTINUOUS
10
7.0271927559055118
20
-2.8000186220472441
11
7.024318937007874
21
-2.7980983858267714
0
LINE
8
BLACK
6
CONTINUOUS
10
7.024318937007874
20
-2.7980983858267714
11
7.0223987007874014
21
-2.795224566929134
0
LINE
8
BLACK
6
CONTINUOUS
10
7.0223987007874014
20
-2.795224566929134
11
7.0217244094488187
21
-2.7918346456692911
0
LINE
8
BLACK
6
CONTINUOUS
10
7.0217244094488187
20
-2.7918346456692911
11
7.0217244094488187
21
-2.7721496062992124
0
LINE
8
BLACK
6
CONTINUOUS
10
7.0217244094488187
20
-2.7721496062992124
11
7.0223987007874014
21
-2.7687596850393699
0
LINE
8
BLACK
6
CONTINUOUS
10
7.0223987007874014
20
-2.7687596850393699
11
7.024318937007874
21
-2.765885866141732
0
LINE
8
BLACK
6
CONTINUOUS
10
7.024318937007874
20
-2.765885866141732
11
7.0271927559055118
21
-2.7639656299212598
0
LINE
8
BLACK
6
CONTINUOUS
10
7.0271927559055118
20
-2.7639656299212598
11
7.0305826771653539
21
-2.7632913385826772
0
LINE
8
BLACK
6
CONTINUOUS
10
7.0305826771653539
20
-2.7632913385826772
11
7.0482992125984252
21
-2.7632913385826772
0
LINE
8
BLACK
6
CONTINUOUS
10
7.0482992125984252
20
-2.7632913385826772
11
7.0516891338582672
21
-2.7639656299212598
0
LINE
8
BLACK
6
CONTINUOUS
10
7.1127127559055117
20
-2.7639656299212598
11
7.1155865748031495
21
-2.765885866141732
0
LINE
8
BLACK
6
CONTINUOUS
10
7.1155865748031495
20
-2.765885866141732
11
7.1175068110236221
21
-2.7687596850393699
0
LINE
8
BLACK
6
CONTINUOUS
10
7.1175068110236221
20
-2.7687596850393699
11
7.1181811023622048
21
-2.7721496062992124
0
LINE
8
BLACK
6
CONTINUOUS
10
7.1181811023622048
20
-2.7721496062992124
11
7.1181811023622048
21
-2.7918346456692911
0
LINE
8
BLACK
6
CONTINUOUS
10
7.1181811023622048
20
-2.7918346456692911
11
7.1175068110236221
21
-2.795224566929134
0
LINE
8
BLACK
6
CONTINUOUS
10
7.1175068110236221
20
-2.795224566929134
11
7.1155865748031495
21
-2.7980983858267714
0
LINE
8
BLACK
6
CONTINUOUS
10
7.1155865748031495
20
-2.7980983858267714
11
7.1127127559055117
21
-2.8000186220472441
0
LINE
8
BLACK
6
CONTINUOUS
10
7.1127127559055117
20
-2.8000186220472441
11
7.1093228346456687
21
-2.8006929133858267
0
LINE
8
BLACK
6
CONTINUOUS
10
7.1093228346456687
20
-2.8006929133858267
11
7.0916062992125983
21
-2.8006929133858267
0
LINE
8
BLACK
6
CONTINUOUS
10
7.0916062992125983
20
-2.8006929133858267
11
7.0882163779527554
21
-2.8000186220472441
0
LINE
8
BLACK
6
CONTINUOUS
10
7.0882163779527554
20
-2.8000186220472441
11
7.0853425590551176
21
-2.7980983858267714
0
LINE
8
BLACK
6
CONTINUOUS
10
7.0853425590551176
20
-2.7980983858267714
11
7.0834223228346458
21
-2.795224566929134
0
LINE
8
BLACK
6
CONTINUOUS
10
7.0834223228346458
20
-2.795224566929134
11
7.0827480314960631
21
-2.7918346456692911
0
LINE
8
BLACK
6
CONTINUOUS
10
7.0827480314960631
20
-2.7918346456692911
11
7.0827480314960631
21
-2.7721496062992124
0
LINE
8
BLACK
6
CONTINUOUS
10
7.0827480314960631
20
-2.7721496062992124
11
7.0834223228346458
21
-2.7687596850393699
0
LINE
8
BLACK
6
CONTINUOUS
10
7.0834223228346458
20
-2.7687596850393699
11
7.0853425590551176
21
-2.765885866141732
0
LINE
8
BLACK
6
CONTINUOUS
10
7.0853425590551176
20
-2.765885866141732
11
7.0882163779527554
21
-2.7639656299212598
0
LINE
8
BLACK
6
CONTINUOUS
10
7.0882163779527554
20
-2.7639656299212598
11
7.0916062992125983
21
-2.7632913385826772
0
LINE
8
BLACK
6
CONTINUOUS
10
7.0916062992125983
20
-2.7632913385826772
11
7.1093228346456687
21
-2.7632913385826772
0
LINE
8
BLACK
6
CONTINUOUS
10
7.1093228346456687
20
-2.7632913385826772
11
7.1127127559055117
21
-2.7639656299212598
0
LINE
8
BLACK
6
CONTINUOUS
10
5.604219645669291
20
-2.6730969685039367
11
5.6136322440944877
21
-2.6761553149606296
0
LINE
8
BLACK
6
CONTINUOUS
10
5.6136322440944877
20
-2.6761553149606296
11
5.6224505118110235
21
-2.6806484251968503
0
LINE
8
BLACK
6
CONTINUOUS
10
5.6224505118110235
20
-2.6806484251968503
11
5.630457322834646
21
-2.686465748031496
0
LINE
8
BLACK
6
CONTINUOUS
10
5.630457322834646
20
-2.686465748031496
11
5.6374555118110239
21
-2.6934639370078739
0
LINE
8
BLACK
6
CONTINUOUS
10
5.6374555118110239
20
-2.6934639370078739
11
5.6432728346456695
21
-2.7014707480314959
0
LINE
8
BLACK
6
CONTINUOUS
10
5.6432728346456695
20
-2.7014707480314959
11
5.6477659448818898
21
-2.7102890157480313
0
LINE
8
BLACK
6
CONTINUOUS
10
5.6477659448818898
20
-2.7102890157480313
11
5.6508242913385827
21
-2.7197016141732284
0
LINE
8
BLACK
6
CONTINUOUS
10
5.6508242913385827
20
-2.7197016141732284
11
5.6523725196850396
21
-2.7294767322834645
0
LINE
8
BLACK
6
CONTINUOUS
10
5.6523725196850396
20
-2.7294767322834645
11
5.6523725196850396
21
-2.7393736614173227
0
LINE
8
BLACK
6
CONTINUOUS
10
5.6523725196850396
20
-2.7393736614173227
11
5.6508242913385827
21
-2.7491487795275589
0
LINE
8
BLACK
6
CONTINUOUS
10
5.6508242913385827
20
-2.7491487795275589
11
5.6477659448818898
21
-2.758561377952756
0
LINE
8
BLACK
6
CONTINUOUS
10
5.6477659448818898
20
-2.758561377952756
11
5.6432728346456695
21
-2.7673796456692914
0
LINE
8
BLACK
6
CONTINUOUS
10
5.6432728346456695
20
-2.7673796456692914
11
5.6374555118110239
21
-2.7753864566929134
0
LINE
8
BLACK
6
CONTINUOUS
10
5.6374555118110239
20
-2.7753864566929134
11
5.630457322834646
21
-2.7823846456692913
0
LINE
8
BLACK
6
CONTINUOUS
10
5.630457322834646
20
-2.7823846456692913
11
5.6224505118110235
21
-2.788201968503937
0
LINE
8
BLACK
6
CONTINUOUS
10
5.6224505118110235
20
-2.788201968503937
11
5.6136322440944877
21
-2.7926950787401572
0
LINE
8
BLACK
6
CONTINUOUS
10
5.6136322440944877
20
-2.7926950787401572
11
5.604219645669291
21
-2.7957534251968506
0
LINE
8
BLACK
6
CONTINUOUS
10
5.604219645669291
20
-2.7957534251968506
11
5.5944445275590553
21
-2.7973016535433071
0
LINE
8
BLACK
6
CONTINUOUS
10
5.5944445275590553
20
-2.7973016535433071
11
5.5845475984251971
21
-2.7973016535433071
0
LINE
8
BLACK
6
CONTINUOUS
10
5.5845475984251971
20
-2.7973016535433071
11
5.5747724803149605
21
-2.7957534251968506
0
LINE
8
BLACK
6
CONTINUOUS
10
5.5747724803149605
20
-2.7957534251968506
11
5.5653598818897638
21
-2.7926950787401572
0
LINE
8
BLACK
6
CONTINUOUS
10
5.5653598818897638
20
-2.7926950787401572
11
5.556541614173228
21
-2.788201968503937
0
LINE
8
BLACK
6
CONTINUOUS
10
5.556541614173228
20
-2.788201968503937
11
5.5485348031496065
21
-2.7823846456692913
0
LINE
8
BLACK
6
CONTINUOUS
10
5.5485348031496065
20
-2.7823846456692913
11
5.5415366141732285
21
-2.7753864566929134
0
LINE
8
BLACK
6
CONTINUOUS
10
5.5415366141732285
20
-2.7753864566929134
11
5.5357192913385829
21
-2.7673796456692914
0
LINE
8
BLACK
6
CONTINUOUS
10
5.5357192913385829
20
-2.7673796456692914
11
5.5312261811023617
21
-2.758561377952756
0
LINE
8
BLACK
6
CONTINUOUS
10
5.5312261811023617
20
-2.758561377952756
11
5.5281678346456689
21
-2.7491487795275589
0
LINE
8
BLACK
6
CONTINUOUS
10
5.5281678346456689
20
-2.7491487795275589
11
5.5266196062992128
21
-2.7393736614173227
0
LINE
8
BLACK
6
CONTINUOUS
10
5.5266196062992128
20
-2.7393736614173227
11
5.5266196062992128
21
-2.7294767322834645
0
LINE
8
BLACK
6
CONTINUOUS
10
5.5266196062992128
20
-2.7294767322834645
11
5.5281678346456689
21
-2.7197016141732284
0
LINE
8
BLACK
6
CONTINUOUS
10
5.5281678346456689
20
-2.7197016141732284
11
5.5312261811023617
21
-2.7102890157480313
0
LINE
8
BLACK
6
CONTINUOUS
10
5.5312261811023617
20
-2.7102890157480313
11
5.5357192913385829
21
-2.7014707480314959
0
LINE
8
BLACK
6
CONTINUOUS
10
5.5357192913385829
20
-2.7014707480314959
11
5.5415366141732285
21
-2.6934639370078739
0
LINE
8
BLACK
6
CONTINUOUS
10
5.5415366141732285
20
-2.6934639370078739
11
5.5485348031496065
21
-2.686465748031496
0
LINE
8
BLACK
6
CONTINUOUS
10
5.5485348031496065
20
-2.686465748031496
11
5.556541614173228
21
-2.6806484251968503
0
LINE
8
BLACK
6
CONTINUOUS
10
5.556541614173228
20
-2.6806484251968503
11
5.5653598818897638
21
-2.6761553149606296
0
LINE
8
BLACK
6
CONTINUOUS
10
5.5653598818897638
20
-2.6761553149606296
11
5.5747724803149605
21
-2.6730969685039367
0
LINE
8
BLACK
6
CONTINUOUS
10
5.5747724803149605
20
-2.6730969685039367
11
5.5845475984251971
21
-2.6715487401574802
0
LINE
8
BLACK
6
CONTINUOUS
10
5.5845475984251971
20
-2.6715487401574802
11
5.5944445275590553
21
-2.6715487401574802
0
LINE
8
BLACK
6
CONTINUOUS
10
5.5944445275590553
20
-2.6715487401574802
11
5.604219645669291
21
-2.6730969685039367
0
LINE
8
BLACK
6
CONTINUOUS
10
6.4703613779527558
20
-2.6730969685039367
11
6.4797739763779525
21
-2.6761553149606296
0
LINE
8
BLACK
6
CONTINUOUS
10
6.4797739763779525
20
-2.6761553149606296
11
6.4885922440944883
21
-2.6806484251968503
0
LINE
8
BLACK
6
CONTINUOUS
10
6.4885922440944883
20
-2.6806484251968503
11
6.4965990551181099
21
-2.686465748031496
0
LINE
8
BLACK
6
CONTINUOUS
10
6.4965990551181099
20
-2.686465748031496
11
6.5035972440944878
21
-2.6934639370078739
0
LINE
8
BLACK
6
CONTINUOUS
10
6.5035972440944878
20
-2.6934639370078739
11
6.5094145669291334
21
-2.7014707480314959
0
LINE
8
BLACK
6
CONTINUOUS
10
6.5094145669291334
20
-2.7014707480314959
11
6.5139076771653546
21
-2.7102890157480313
0
LINE
8
BLACK
6
CONTINUOUS
10
6.5139076771653546
20
-2.7102890157480313
11
6.5169660236220475
21
-2.7197016141732284
0
LINE
8
BLACK
6
CONTINUOUS
10
6.5169660236220475
20
-2.7197016141732284
11
6.5185142519685035
21
-2.7294767322834645
0
LINE
8
BLACK
6
CONTINUOUS
10
6.5185142519685035
20
-2.7294767322834645
11
6.5185142519685035
21
-2.7393736614173227
0
LINE
8
BLACK
6
CONTINUOUS
10
6.5185142519685035
20
-2.7393736614173227
11
6.5169660236220475
21
-2.7491487795275589
0
LINE
8
BLACK
6
CONTINUOUS
10
6.5169660236220475
20
-2.7491487795275589
11
6.5139076771653546
21
-2.758561377952756
0
LINE
8
BLACK
6
CONTINUOUS
10
6.5139076771653546
20
-2.758561377952756
11
6.5094145669291334
21
-2.7673796456692914
0
LINE
8
BLACK
6
CONTINUOUS
10
6.5094145669291334
20
-2.7673796456692914
11
6.5035972440944878
21
-2.7753864566929134
0
LINE
8
BLACK
6
CONTINUOUS
10
6.5035972440944878
20
-2.7753864566929134
11
6.4965990551181099
21
-2.7823846456692913
0
LINE
8
BLACK
6
CONTINUOUS
10
6.4965990551181099
20
-2.7823846456692913
11
6.4885922440944883
21
-2.788201968503937
0
LINE
8
BLACK
6
CONTINUOUS
10
6.4885922440944883
20
-2.788201968503937
11
6.4797739763779525
21
-2.7926950787401572
0
LINE
8
BLACK
6
CONTINUOUS
10
6.4797739763779525
20
-2.7926950787401572
11
6.4703613779527558
21
-2.7957534251968506
0
LINE
8
BLACK
6
CONTINUOUS
10
6.4703613779527558
20
-2.7957534251968506
11
6.4605862598425192
21
-2.7973016535433071
0
LINE
8
BLACK
6
CONTINUOUS
10
6.4605862598425192
20
-2.7973016535433071
11
6.450689330708661
21
-2.7973016535433071
0
LINE
8
BLACK
6
CONTINUOUS
10
6.450689330708661
20
-2.7973016535433071
11
6.4409142125984253
21
-2.7957534251968506
0
LINE
8
BLACK
6
CONTINUOUS
10
6.4409142125984253
20
-2.7957534251968506
11
6.4315016141732286
21
-2.7926950787401572
0
LINE
8
BLACK
6
CONTINUOUS
10
6.4315016141732286
20
-2.7926950787401572
11
6.4226833464566928
21
-2.788201968503937
0
LINE
8
BLACK
6
CONTINUOUS
10
6.4226833464566928
20
-2.788201968503937
11
6.4146765354330704
21
-2.7823846456692913
0
LINE
8
BLACK
6
CONTINUOUS
10
6.4146765354330704
20
-2.7823846456692913
11
6.4076783464566924
21
-2.7753864566929134
0
LINE
8
BLACK
6
CONTINUOUS
10
6.4076783464566924
20
-2.7753864566929134
11
6.4018610236220468
21
-2.7673796456692914
0
LINE
8
BLACK
6
CONTINUOUS
10
6.4018610236220468
20
-2.7673796456692914
11
6.3973679133858266
21
-2.758561377952756
0
LINE
8
BLACK
6
CONTINUOUS
10
6.3973679133858266
20
-2.758561377952756
11
6.3943095669291337
21
-2.7491487795275589
0
LINE
8
BLACK
6
CONTINUOUS
10
6.3943095669291337
20
-2.7491487795275589
11
6.3927613385826767
21
-2.7393736614173227
0
LINE
8
BLACK
6
CONTINUOUS
10
6.3927613385826767
20
-2.7393736614173227
11
6.3927613385826767
21
-2.7294767322834645
0
LINE
8
BLACK
6
CONTINUOUS
10
6.3927613385826767
20
-2.7294767322834645
11
6.3943095669291337
21
-2.7197016141732284
0
LINE
8
BLACK
6
CONTINUOUS
10
6.3943095669291337
20
-2.7197016141732284
11
6.3973679133858266
21
-2.7102890157480313
0
LINE
8
BLACK
6
CONTINUOUS
10
6.3973679133858266
20
-2.7102890157480313
11
6.4018610236220468
21
-2.7014707480314959
0
LINE
8
BLACK
6
CONTINUOUS
10
6.4018610236220468
20
-2.7014707480314959
11
6.4076783464566924
21
-2.6934639370078739
0
LINE
8
BLACK
6
CONTINUOUS
10
6.4076783464566924
20
-2.6934639370078739
11
6.4146765354330704
21
-2.686465748031496
0
LINE
8
BLACK
6
CONTINUOUS
10
6.4146765354330704
20
-2.686465748031496
11
6.4226833464566928
21
-2.6806484251968503
0
LINE
8
BLACK
6
CONTINUOUS
10
6.4226833464566928
20
-2.6806484251968503
11
6.4315016141732286
21
-2.6761553149606296
0
LINE
8
BLACK
6
CONTINUOUS
10
6.4315016141732286
20
-2.6761553149606296
11
6.4409142125984253
21
-2.6730969685039367
0
LINE
8
BLACK
6
CONTINUOUS
10
6.4409142125984253
20
-2.6730969685039367
11
6.450689330708661
21
-2.6715487401574802
0
LINE
8
BLACK
6
CONTINUOUS
10
6.450689330708661
20
-2.6715487401574802
11
6.4605862598425192
21
-2.6715487401574802
0
LINE
8
BLACK
6
CONTINUOUS
10
6.4605862598425192
20
-2.6715487401574802
11
6.4703613779527558
21
-2.6730969685039367
0
LINE
8
BLACK
6
CONTINUOUS
10
5.9037887401574798
20
-2.6813450393700786
11
5.9050915354330709
21
-2.6822155511811023
0
LINE
8
BLACK
6
CONTINUOUS
10
5.9050915354330709
20
-2.6822155511811023
11
5.9059620472440946
21
-2.683518346456693
0
LINE
8
BLACK
6
CONTINUOUS
10
5.9059620472440946
20
-2.683518346456693
11
5.9062677165354334
21
-2.685055118110236
0
LINE
8
BLACK
6
CONTINUOUS
10
5.9062677165354334
20
-2.685055118110236
11
5.9062677165354334
21
-2.7444251968503934
0
LINE
8
BLACK
6
CONTINUOUS
10
5.9062677165354334
20
-2.7444251968503934
11
5.9059620472440946
21
-2.7459619685039369
0
LINE
8
BLACK
6
CONTINUOUS
10
5.9059620472440946
20
-2.7459619685039369
11
5.9050915354330709
21
-2.7472647637795276
0
LINE
8
BLACK
6
CONTINUOUS
10
5.9050915354330709
20
-2.7472647637795276
11
5.9037887401574798
21
-2.7481352755905513
0
LINE
8
BLACK
6
CONTINUOUS
10
5.9037887401574798
20
-2.7481352755905513
11
5.9022519685039372
21
-2.7484409448818896
0
LINE
8
BLACK
6
CONTINUOUS
10
5.9022519685039372
20
-2.7484409448818896
11
5.8428818897637793
21
-2.7484409448818896
0
LINE
8
BLACK
6
CONTINUOUS
10
5.8428818897637793
20
-2.7484409448818896
11
5.8413451181102358
21
-2.7481352755905513
0
LINE
8
BLACK
6
CONTINUOUS
10
5.8413451181102358
20
-2.7481352755905513
11
5.8400423228346456
21
-2.7472647637795276
0
LINE
8
BLACK
6
CONTINUOUS
10
5.8400423228346456
20
-2.7472647637795276
11
5.8391718110236219
21
-2.7459619685039369
0
LINE
8
BLACK
6
CONTINUOUS
10
5.8391718110236219
20
-2.7459619685039369
11
5.8388661417322831
21
-2.7444251968503934
0
LINE
8
BLACK
6
CONTINUOUS
10
5.8388661417322831
20
-2.7444251968503934
11
5.8388661417322831
21
-2.685055118110236
0
LINE
8
BLACK
6
CONTINUOUS
10
5.8388661417322831
20
-2.685055118110236
11
5.8391718110236219
21
-2.683518346456693
0
LINE
8
BLACK
6
CONTINUOUS
10
5.8391718110236219
20
-2.683518346456693
11
5.8400423228346456
21
-2.6822155511811023
0
LINE
8
BLACK
6
CONTINUOUS
10
5.8400423228346456
20
-2.6822155511811023
11
5.8413451181102358
21
-2.6813450393700786
0
LINE
8
BLACK
6
CONTINUOUS
10
5.8413451181102358
20
-2.6813450393700786
11
5.8428818897637793
21
-2.6810393700787403
0
LINE
8
BLACK
6
CONTINUOUS
10
5.8428818897637793
20
-2.6810393700787403
11
5.9022519685039372
21
-2.6810393700787403
0
LINE
8
BLACK
6
CONTINUOUS
10
5.9022519685039372
20
-2.6810393700787403
11
5.9037887401574798
21
-2.6813450393700786
0
LINE
8
BLACK
6
CONTINUOUS
10
5.9823497637795278
20
-2.6824905118110234
11
5.9884533858267712
21
-2.6850187007874013
0
LINE
8
BLACK
6
CONTINUOUS
10
5.9884533858267712
20
-2.6850187007874013
11
5.9939464960629918
21
-2.6886890944881889
0
LINE
8
BLACK
6
CONTINUOUS
10
5.9939464960629918
20
-2.6886890944881889
11
5.9986179921259843
21
-2.693360590551181
0
LINE
8
BLACK
6
CONTINUOUS
10
5.9986179921259843
20
-2.693360590551181
11
6.0022883858267715
21
-2.6988537007874016
0
LINE
8
BLACK
6
CONTINUOUS
10
6.0022883858267715
20
-2.6988537007874016
11
6.0048165748031499
21
-2.7049573228346455
0
LINE
8
BLACK
6
CONTINUOUS
10
6.0048165748031499
20
-2.7049573228346455
11
6.0061054330708661
21
-2.7114368897637795
0
LINE
8
BLACK
6
CONTINUOUS
10
6.0061054330708661
20
-2.7114368897637795
11
6.0061054330708661
21
-2.7180434251968504
0
LINE
8
BLACK
6
CONTINUOUS
10
6.0061054330708661
20
-2.7180434251968504
11
6.0048165748031499
21
-2.7245229921259844
0
LINE
8
BLACK
6
CONTINUOUS
10
6.0048165748031499
20
-2.7245229921259844
11
6.0022883858267715
21
-2.7306266141732283
0
LINE
8
BLACK
6
CONTINUOUS
10
6.0022883858267715
20
-2.7306266141732283
11
5.9986179921259843
21
-2.7361197244094488
0
LINE
8
BLACK
6
CONTINUOUS
10
5.9986179921259843
20
-2.7361197244094488
11
5.9939464960629918
21
-2.7407912204724409
0
LINE
8
BLACK
6
CONTINUOUS
10
5.9939464960629918
20
-2.7407912204724409
11
5.9884533858267712
21
-2.7444616141732281
0
LINE
8
BLACK
6
CONTINUOUS
10
5.9884533858267712
20
-2.7444616141732281
11
5.9823497637795278
21
-2.7469898031496061
0
LINE
8
BLACK
6
CONTINUOUS
10
5.9823497637795278
20
-2.7469898031496061
11
5.9758701968503933
21
-2.7482786614173227
0
LINE
8
BLACK
6
CONTINUOUS
10
5.9758701968503933
20
-2.7482786614173227
11
5.9692636614173225
21
-2.7482786614173227
0
LINE
8
BLACK
6
CONTINUOUS
10
5.9692636614173225
20
-2.7482786614173227
11
5.9627840944881889
21
-2.7469898031496061
0
LINE
8
BLACK
6
CONTINUOUS
10
5.9627840944881889
20
-2.7469898031496061
11
5.9566804724409446
21
-2.7444616141732281
0
LINE
8
BLACK
6
CONTINUOUS
10
5.9566804724409446
20
-2.7444616141732281
11
5.951187362204724
21
-2.7407912204724409
0
LINE
8
BLACK
6
CONTINUOUS
10
5.951187362204724
20
-2.7407912204724409
11
5.9465158661417323
21
-2.7361197244094488
0
LINE
8
BLACK
6
CONTINUOUS
10
5.9465158661417323
20
-2.7361197244094488
11
5.9428454724409452
21
-2.7306266141732283
0
LINE
8
BLACK
6
CONTINUOUS
10
5.9428454724409452
20
-2.7306266141732283
11
5.9403172834645668
21
-2.7245229921259844
0
LINE
8
BLACK
6
CONTINUOUS
10
5.9403172834645668
20
-2.7245229921259844
11
5.9390284251968506
21
-2.7180434251968504
0
LINE
8
BLACK
6
CONTINUOUS
10
5.9390284251968506
20
-2.7180434251968504
11
5.9390284251968506
21
-2.7114368897637795
0
LINE
8
BLACK
6
CONTINUOUS
10
5.9390284251968506
20
-2.7114368897637795
11
5.9403172834645668
21
-2.7049573228346455
0
LINE
8
BLACK
6
CONTINUOUS
10
5.9403172834645668
20
-2.7049573228346455
11
5.9428454724409452
21
-2.6988537007874016
0
LINE
8
BLACK
6
CONTINUOUS
10
5.9428454724409452
20
-2.6988537007874016
11
5.9465158661417323
21
-2.693360590551181
0
LINE
8
BLACK
6
CONTINUOUS
10
5.9465158661417323
20
-2.693360590551181
11
5.951187362204724
21
-2.6886890944881889
0
LINE
8
BLACK
6
CONTINUOUS
10
5.951187362204724
20
-2.6886890944881889
11
5.9566804724409446
21
-2.6850187007874013
0
LINE
8
BLACK
6
CONTINUOUS
10
5.9566804724409446
20
-2.6850187007874013
11
5.9627840944881889
21
-2.6824905118110234
0
LINE
8
BLACK
6
CONTINUOUS
10
5.9627840944881889
20
-2.6824905118110234
11
5.9692636614173225
21
-2.6812016535433072
0
LINE
8
BLACK
6
CONTINUOUS
10
5.9692636614173225
20
-2.6812016535433072
11
5.9758701968503933
21
-2.6812016535433072
0
LINE
8
BLACK
6
CONTINUOUS
10
5.9758701968503933
20
-2.6812016535433072
11
5.9823497637795278
21
-2.6824905118110234
0
LINE
8
BLACK
6
CONTINUOUS
10
6.0823497637795274
20
-2.6824905118110234
11
6.0884533858267718
21
-2.6850187007874013
0
LINE
8
BLACK
6
CONTINUOUS
10
6.0884533858267718
20
-2.6850187007874013
11
6.0939464960629923
21
-2.6886890944881889
0
LINE
8
BLACK
6
CONTINUOUS
10
6.0939464960629923
20
-2.6886890944881889
11
6.098617992125984
21
-2.693360590551181
0
LINE
8
BLACK
6
CONTINUOUS
10
6.098617992125984
20
-2.693360590551181
11
6.1022883858267711
21
-2.6988537007874016
0
LINE
8
BLACK
6
CONTINUOUS
10
6.1022883858267711
20
-2.6988537007874016
11
6.1048165748031495
21
-2.7049573228346455
0
LINE
8
BLACK
6
CONTINUOUS
10
6.1048165748031495
20
-2.7049573228346455
11
6.1061054330708657
21
-2.7114368897637795
0
LINE
8
BLACK
6
CONTINUOUS
10
6.1061054330708657
20
-2.7114368897637795
11
6.1061054330708657
21
-2.7180434251968504
0
LINE
8
BLACK
6
CONTINUOUS
10
6.1061054330708657
20
-2.7180434251968504
11
6.1048165748031495
21
-2.7245229921259844
0
LINE
8
BLACK
6
CONTINUOUS
10
6.1048165748031495
20
-2.7245229921259844
11
6.1022883858267711
21
-2.7306266141732283
0
LINE
8
BLACK
6
CONTINUOUS
10
6.1022883858267711
20
-2.7306266141732283
11
6.098617992125984
21
-2.7361197244094488
0
LINE
8
BLACK
6
CONTINUOUS
10
6.098617992125984
20
-2.7361197244094488
11
6.0939464960629923
21
-2.7407912204724409
0
LINE
8
BLACK
6
CONTINUOUS
10
6.0939464960629923
20
-2.7407912204724409
11
6.0884533858267718
21
-2.7444616141732281
0
LINE
8
BLACK
6
CONTINUOUS
10
6.0884533858267718
20
-2.7444616141732281
11
6.0823497637795274
21
-2.7469898031496061
0
LINE
8
BLACK
6
CONTINUOUS
10
6.0823497637795274
20
-2.7469898031496061
11
6.0758701968503939
21
-2.7482786614173227
0
LINE
8
BLACK
6
CONTINUOUS
10
6.0758701968503939
20
-2.7482786614173227
11
6.069263661417323
21
-2.7482786614173227
0
LINE
8
BLACK
6
CONTINUOUS
10
6.069263661417323
20
-2.7482786614173227
11
6.0627840944881886
21
-2.7469898031496061
0
LINE
8
BLACK
6
CONTINUOUS
10
6.0627840944881886
20
-2.7469898031496061
11
6.0566804724409451
21
-2.7444616141732281
0
LINE
8
BLACK
6
CONTINUOUS
10
6.0566804724409451
20
-2.7444616141732281
11
6.0511873622047245
21
-2.7407912204724409
0
LINE
8
BLACK
6
CONTINUOUS
10
6.0511873622047245
20
-2.7407912204724409
11
6.046515866141732
21
-2.7361197244094488
0
LINE
8
BLACK
6
CONTINUOUS
10
6.046515866141732
20
-2.7361197244094488
11
6.0428454724409448
21
-2.7306266141732283
0
LINE
8
BLACK
6
CONTINUOUS
10
6.0428454724409448
20
-2.7306266141732283
11
6.0403172834645664
21
-2.7245229921259844
0
LINE
8
BLACK
6
CONTINUOUS
10
6.0403172834645664
20
-2.7245229921259844
11
6.0390284251968502
21
-2.7180434251968504
0
LINE
8
BLACK
6
CONTINUOUS
10
6.0390284251968502
20
-2.7180434251968504
11
6.0390284251968502
21
-2.7114368897637795
0
LINE
8
BLACK
6
CONTINUOUS
10
6.0390284251968502
20
-2.7114368897637795
11
6.0403172834645664
21
-2.7049573228346455
0
LINE
8
BLACK
6
CONTINUOUS
10
6.0403172834645664
20
-2.7049573228346455
11
6.0428454724409448
21
-2.6988537007874016
0
LINE
8
BLACK
6
CONTINUOUS
10
6.0428454724409448
20
-2.6988537007874016
11
6.046515866141732
21
-2.693360590551181
0
LINE
8
BLACK
6
CONTINUOUS
10
6.046515866141732
20
-2.693360590551181
11
6.0511873622047245
21
-2.6886890944881889
0
LINE
8
BLACK
6
CONTINUOUS
10
6.0511873622047245
20
-2.6886890944881889
11
6.0566804724409451
21
-2.6850187007874013
0
LINE
8
BLACK
6
CONTINUOUS
10
6.0566804724409451
20
-2.6850187007874013
11
6.0627840944881886
21
-2.6824905118110234
0
LINE
8
BLACK
6
CONTINUOUS
10
6.0627840944881886
20
-2.6824905118110234
11
6.069263661417323
21
-2.6812016535433072
0
LINE
8
BLACK
6
CONTINUOUS
10
6.069263661417323
20
-2.6812016535433072
11
6.0758701968503939
21
-2.6812016535433072
0
LINE
8
BLACK
6
CONTINUOUS
10
6.0758701968503939
20
-2.6812016535433072
11
6.0823497637795274
21
-2.6824905118110234
0
LINE
8
BLACK
6
CONTINUOUS
10
6.1823497637795271
20
-2.6824905118110234
11
6.1884533858267714
21
-2.6850187007874013
0
LINE
8
BLACK
6
CONTINUOUS
10
6.1884533858267714
20
-2.6850187007874013
11
6.193946496062992
21
-2.6886890944881889
0
LINE
8
BLACK
6
CONTINUOUS
10
6.193946496062992
20
-2.6886890944881889
11
6.1986179921259845
21
-2.693360590551181
0
LINE
8
BLACK
6
CONTINUOUS
10
6.1986179921259845
20
-2.693360590551181
11
6.2022883858267717
21
-2.6988537007874016
0
LINE
8
BLACK
6
CONTINUOUS
10
6.2022883858267717
20
-2.6988537007874016
11
6.2048165748031492
21
-2.7049573228346455
0
LINE
8
BLACK
6
CONTINUOUS
10
6.2048165748031492
20
-2.7049573228346455
11
6.2061054330708663
21
-2.7114368897637795
0
LINE
8
BLACK
6
CONTINUOUS
10
6.2061054330708663
20
-2.7114368897637795
11
6.2061054330708663
21
-2.7180434251968504
0
LINE
8
BLACK
6
CONTINUOUS
10
6.2061054330708663
20
-2.7180434251968504
11
6.2048165748031492
21
-2.7245229921259844
0
LINE
8
BLACK
6
CONTINUOUS
10
6.2048165748031492
20
-2.7245229921259844
11
6.2022883858267717
21
-2.7306266141732283
0
LINE
8
BLACK
6
CONTINUOUS
10
6.2022883858267717
20
-2.7306266141732283
11
6.1986179921259845
21
-2.7361197244094488
0
LINE
8
BLACK
6
CONTINUOUS
10
6.1986179921259845
20
-2.7361197244094488
11
6.193946496062992
21
-2.7407912204724409
0
LINE
8
BLACK
6
CONTINUOUS
10
6.193946496062992
20
-2.7407912204724409
11
6.1884533858267714
21
-2.7444616141732281
0
LINE
8
BLACK
6
CONTINUOUS
10
6.1884533858267714
20
-2.7444616141732281
11
6.1823497637795271
21
-2.7469898031496061
0
LINE
8
BLACK
6
CONTINUOUS
10
6.1823497637795271
20
-2.7469898031496061
11
6.1758701968503935
21
-2.7482786614173227
0
LINE
8
BLACK
6
CONTINUOUS
10
6.1758701968503935
20
-2.7482786614173227
11
6.1692636614173226
21
-2.7482786614173227
0
LINE
8
BLACK
6
CONTINUOUS
10
6.1692636614173226
20
-2.7482786614173227
11
6.1627840944881891
21
-2.7469898031496061
0
LINE
8
BLACK
6
CONTINUOUS
10
6.1627840944881891
20
-2.7469898031496061
11
6.1566804724409447
21
-2.7444616141732281
0
LINE
8
BLACK
6
CONTINUOUS
10
6.1566804724409447
20
-2.7444616141732281
11
6.1511873622047242
21
-2.7407912204724409
0
LINE
8
BLACK
6
CONTINUOUS
10
6.1511873622047242
20
-2.7407912204724409
11
6.1465158661417325
21
-2.7361197244094488
0
LINE
8
BLACK
6
CONTINUOUS
10
6.1465158661417325
20
-2.7361197244094488
11
6.1428454724409445
21
-2.7306266141732283
0
LINE
8
BLACK
6
CONTINUOUS
10
6.1428454724409445
20
-2.7306266141732283
11
6.140317283464567
21
-2.7245229921259844
0
LINE
8
BLACK
6
CONTINUOUS
10
6.140317283464567
20
-2.7245229921259844
11
6.1390284251968499
21
-2.7180434251968504
0
LINE
8
BLACK
6
CONTINUOUS
10
6.1390284251968499
20
-2.7180434251968504
11
6.1390284251968499
21
-2.7114368897637795
0
LINE
8
BLACK
6
CONTINUOUS
10
6.1390284251968499
20
-2.7114368897637795
11
6.140317283464567
21
-2.7049573228346455
0
LINE
8
BLACK
6
CONTINUOUS
10
6.140317283464567
20
-2.7049573228346455
11
6.1428454724409445
21
-2.6988537007874016
0
LINE
8
BLACK
6
CONTINUOUS
10
6.1428454724409445
20
-2.6988537007874016
11
6.1465158661417325
21
-2.693360590551181
0
LINE
8
BLACK
6
CONTINUOUS
10
6.1465158661417325
20
-2.693360590551181
11
6.1511873622047242
21
-2.6886890944881889
0
LINE
8
BLACK
6
CONTINUOUS
10
6.1511873622047242
20
-2.6886890944881889
11
6.1566804724409447
21
-2.6850187007874013
0
LINE
8
BLACK
6
CONTINUOUS
10
6.1566804724409447
20
-2.6850187007874013
11
6.1627840944881891
21
-2.6824905118110234
0
LINE
8
BLACK
6
CONTINUOUS
10
6.1627840944881891
20
-2.6824905118110234
11
6.1692636614173226
21
-2.6812016535433072
0
LINE
8
BLACK
6
CONTINUOUS
10
6.1692636614173226
20
-2.6812016535433072
11
6.1758701968503935
21
-2.6812016535433072
0
LINE
8
BLACK
6
CONTINUOUS
10
6.1758701968503935
20
-2.6812016535433072
11
6.1823497637795271
21
-2.6824905118110234
0
LINE
8
BLACK
6
CONTINUOUS
10
6.9295474015748031
20
-2.6819498818897638
11
6.9324212204724409
21
-2.683870118110236
0
LINE
8
BLACK
6
CONTINUOUS
10
6.9324212204724409
20
-2.683870118110236
11
6.9343414566929136
21
-2.6867439370078738
0
LINE
8
BLACK
6
CONTINUOUS
10
6.9343414566929136
20
-2.6867439370078738
11
6.9350157480314962
21
-2.6901338582677163
0
LINE
8
BLACK
6
CONTINUOUS
10
6.9350157480314962
20
-2.6901338582677163
11
6.9350157480314962
21
-2.709818897637795
0
LINE
8
BLACK
6
CONTINUOUS
10
6.9350157480314962
20
-2.709818897637795
11
6.9343414566929136
21
-2.7132088188976375
0
LINE
8
BLACK
6
CONTINUOUS
10
6.9343414566929136
20
-2.7132088188976375
11
6.9324212204724409
21
-2.7160826377952754
0
LINE
8
BLACK
6
CONTINUOUS
10
6.9324212204724409
20
-2.7160826377952754
11
6.9295474015748031
21
-2.718002874015748
0
LINE
8
BLACK
6
CONTINUOUS
10
6.9295474015748031
20
-2.718002874015748
11
6.9261574803149601
21
-2.7186771653543307
0
LINE
8
BLACK
6
CONTINUOUS
10
6.9261574803149601
20
-2.7186771653543307
11
6.9084409448818898
21
-2.7186771653543307
0
LINE
8
BLACK
6
CONTINUOUS
10
6.9084409448818898
20
-2.7186771653543307
11
6.9050510236220468
21
-2.718002874015748
0
LINE
8
BLACK
6
CONTINUOUS
10
6.9050510236220468
20
-2.718002874015748
11
6.902177204724409
21
-2.7160826377952754
0
LINE
8
BLACK
6
CONTINUOUS
10
6.902177204724409
20
-2.7160826377952754
11
6.9002569685039372
21
-2.7132088188976375
0
LINE
8
BLACK
6
CONTINUOUS
10
6.9002569685039372
20
-2.7132088188976375
11
6.8995826771653546
21
-2.709818897637795
0
LINE
8
BLACK
6
CONTINUOUS
10
6.8995826771653546
20
-2.709818897637795
11
6.8995826771653546
21
-2.6901338582677163
0
LINE
8
BLACK
6
CONTINUOUS
10
6.8995826771653546
20
-2.6901338582677163
11
6.9002569685039372
21
-2.6867439370078738
0
LINE
8
BLACK
6
CONTINUOUS
10
6.9002569685039372
20
-2.6867439370078738
11
6.902177204724409
21
-2.683870118110236
0
LINE
8
BLACK
6
CONTINUOUS
10
6.902177204724409
20
-2.683870118110236
11
6.9050510236220468
21
-2.6819498818897638
0
LINE
8
BLACK
6
CONTINUOUS
10
6.9050510236220468
20
-2.6819498818897638
11
6.9084409448818898
21
-2.6812755905511811
0
LINE
8
BLACK
6
CONTINUOUS
10
6.9084409448818898
20
-2.6812755905511811
11
6.9261574803149601
21
-2.6812755905511811
0
LINE
8
BLACK
6
CONTINUOUS
10
6.9261574803149601
20
-2.6812755905511811
11
6.9295474015748031
21
-2.6819498818897638
0
LINE
8
BLACK
6
CONTINUOUS
10
6.9905710236220475
20
-2.6819498818897638
11
6.9934448425196845
21
-2.683870118110236
0
LINE
8
BLACK
6
CONTINUOUS
10
6.9934448425196845
20
-2.683870118110236
11
6.9953650787401571
21
-2.6867439370078738
0
LINE
8
BLACK
6
CONTINUOUS
10
6.9953650787401571
20
-2.6867439370078738
11
6.9960393700787398
21
-2.6901338582677163
0
LINE
8
BLACK
6
CONTINUOUS
10
6.9960393700787398
20
-2.6901338582677163
11
6.9960393700787398
21
-2.709818897637795
0
LINE
8
BLACK
6
CONTINUOUS
10
6.9960393700787398
20
-2.709818897637795
11
6.9953650787401571
21
-2.7132088188976375
0
LINE
8
BLACK
6
CONTINUOUS
10
6.9953650787401571
20
-2.7132088188976375
11
6.9934448425196845
21
-2.7160826377952754
0
LINE
8
BLACK
6
CONTINUOUS
10
6.9934448425196845
20
-2.7160826377952754
11
6.9905710236220475
21
-2.718002874015748
0
LINE
8
BLACK
6
CONTINUOUS
10
6.9905710236220475
20
-2.718002874015748
11
6.9871811023622046
21
-2.7186771653543307
0
LINE
8
BLACK
6
CONTINUOUS
10
6.9871811023622046
20
-2.7186771653543307
11
6.9694645669291333
21
-2.7186771653543307
0
LINE
8
BLACK
6
CONTINUOUS
10
6.9694645669291333
20
-2.7186771653543307
11
6.9660746456692912
21
-2.718002874015748
0
LINE
8
BLACK
6
CONTINUOUS
10
6.9660746456692912
20
-2.718002874015748
11
6.9632008267716534
21
-2.7160826377952754
0
LINE
8
BLACK
6
CONTINUOUS
10
6.9632008267716534
20
-2.7160826377952754
11
6.9612805905511808
21
-2.7132088188976375
0
LINE
8
BLACK
6
CONTINUOUS
10
6.9612805905511808
20
-2.7132088188976375
11
6.9606062992125981
21
-2.709818897637795
0
LINE
8
BLACK
6
CONTINUOUS
10
6.9606062992125981
20
-2.709818897637795
11
6.9606062992125981
21
-2.6901338582677163
0
LINE
8
BLACK
6
CONTINUOUS
10
6.9606062992125981
20
-2.6901338582677163
11
6.9612805905511808
21
-2.6867439370078738
0
LINE
8
BLACK
6
CONTINUOUS
10
6.9612805905511808
20
-2.6867439370078738
11
6.9632008267716534
21
-2.683870118110236
0
LINE
8
BLACK
6
CONTINUOUS
10
6.9632008267716534
20
-2.683870118110236
11
6.9660746456692912
21
-2.6819498818897638
0
LINE
8
BLACK
6
CONTINUOUS
10
6.9660746456692912
20
-2.6819498818897638
11
6.9694645669291333
21
-2.6812755905511811
0
LINE
8
BLACK
6
CONTINUOUS
10
6.9694645669291333
20
-2.6812755905511811
11
6.9871811023622046
21
-2.6812755905511811
0
LINE
8
BLACK
6
CONTINUOUS
10
6.9871811023622046
20
-2.6812755905511811
11
6.9905710236220475
21
-2.6819498818897638
0
LINE
8
BLACK
6
CONTINUOUS
10
4.8044069685039368
20
-2.6378985826771655
11
4.8069614566929131
21
-2.639605472440945
0
LINE
8
BLACK
6
CONTINUOUS
10
4.8069614566929131
20
-2.639605472440945
11
4.8086683464566926
21
-2.6421599606299213
0
LINE
8
BLACK
6
CONTINUOUS
10
4.8086683464566926
20
-2.6421599606299213
11
4.8092677165354329
21
-2.6451732283464566
0
LINE
8
BLACK
6
CONTINUOUS
10
4.8092677165354329
20
-2.6451732283464566
11
4.8092677165354329
21
-2.6668267716535432
0
LINE
8
BLACK
6
CONTINUOUS
10
4.8092677165354329
20
-2.6668267716535432
11
4.8086683464566926
21
-2.6698400393700785
0
LINE
8
BLACK
6
CONTINUOUS
10
4.8086683464566926
20
-2.6698400393700785
11
4.8069614566929131
21
-2.6723945275590553
0
LINE
8
BLACK
6
CONTINUOUS
10
4.8069614566929131
20
-2.6723945275590553
11
4.8044069685039368
21
-2.6741014173228348
0
LINE
8
BLACK
6
CONTINUOUS
10
4.8044069685039368
20
-2.6741014173228348
11
4.8013937007874015
21
-2.6747007874015747
0
LINE
8
BLACK
6
CONTINUOUS
10
4.8013937007874015
20
-2.6747007874015747
11
4.7856456692913385
21
-2.6747007874015747
0
LINE
8
BLACK
6
CONTINUOUS
10
4.7856456692913385
20
-2.6747007874015747
11
4.7826324015748032
21
-2.6741014173228348
0
LINE
8
BLACK
6
CONTINUOUS
10
4.7826324015748032
20
-2.6741014173228348
11
4.7800779133858269
21
-2.6723945275590553
0
LINE
8
BLACK
6
CONTINUOUS
10
4.7800779133858269
20
-2.6723945275590553
11
4.7783710236220474
21
-2.6698400393700785
0
LINE
8
BLACK
6
CONTINUOUS
10
4.7783710236220474
20
-2.6698400393700785
11
4.777771653543307
21
-2.6668267716535432
0
LINE
8
BLACK
6
CONTINUOUS
10
4.777771653543307
20
-2.6668267716535432
11
4.777771653543307
21
-2.6451732283464566
0
LINE
8
BLACK
6
CONTINUOUS
10
4.777771653543307
20
-2.6451732283464566
11
4.7783710236220474
21
-2.6421599606299213
0
LINE
8
BLACK
6
CONTINUOUS
10
4.7783710236220474
20
-2.6421599606299213
11
4.7800779133858269
21
-2.639605472440945
0
LINE
8
BLACK
6
CONTINUOUS
10
4.7800779133858269
20
-2.639605472440945
11
4.7826324015748032
21
-2.6378985826771655
0
LINE
8
BLACK
6
CONTINUOUS
10
4.7826324015748032
20
-2.6378985826771655
11
4.7856456692913385
21
-2.6372992125984251
0
LINE
8
BLACK
6
CONTINUOUS
10
4.7856456692913385
20
-2.6372992125984251
11
4.8013937007874015
21
-2.6372992125984251
0
LINE
8
BLACK
6
CONTINUOUS
10
4.8013937007874015
20
-2.6372992125984251
11
4.8044069685039368
21
-2.6378985826771655
0
LINE
8
BLACK
6
CONTINUOUS
10
4.869367598425197
20
-2.6378985826771655
11
4.8719220866141733
21
-2.639605472440945
0
LINE
8
BLACK
6
CONTINUOUS
10
4.8719220866141733
20
-2.639605472440945
11
4.8736289763779528
21
-2.6421599606299213
0
LINE
8
BLACK
6
CONTINUOUS
10
4.8736289763779528
20
-2.6421599606299213
11
4.8742283464566931
21
-2.6451732283464566
0
LINE
8
BLACK
6
CONTINUOUS
10
4.8742283464566931
20
-2.6451732283464566
11
4.8742283464566931
21
-2.6668267716535432
0
LINE
8
BLACK
6
CONTINUOUS
10
4.8742283464566931
20
-2.6668267716535432
11
4.8736289763779528
21
-2.6698400393700785
0
LINE
8
BLACK
6
CONTINUOUS
10
4.8736289763779528
20
-2.6698400393700785
11
4.8719220866141733
21
-2.6723945275590553
0
LINE
8
BLACK
6
CONTINUOUS
10
4.8719220866141733
20
-2.6723945275590553
11
4.869367598425197
21
-2.6741014173228348
0
LINE
8
BLACK
6
CONTINUOUS
10
4.869367598425197
20
-2.6741014173228348
11
4.8663543307086616
21
-2.6747007874015747
0
LINE
8
BLACK
6
CONTINUOUS
10
4.8663543307086616
20
-2.6747007874015747
11
4.8506062992125987
21
-2.6747007874015747
0
LINE
8
BLACK
6
CONTINUOUS
10
4.8506062992125987
20
-2.6747007874015747
11
4.8475930314960625
21
-2.6741014173228348
0
LINE
8
BLACK
6
CONTINUOUS
10
4.8475930314960625
20
-2.6741014173228348
11
4.8450385433070862
21
-2.6723945275590553
0
LINE
8
BLACK
6
CONTINUOUS
10
4.8450385433070862
20
-2.6723945275590553
11
4.8433316535433066
21
-2.6698400393700785
0
LINE
8
BLACK
6
CONTINUOUS
10
4.8433316535433066
20
-2.6698400393700785
11
4.8427322834645672
21
-2.6668267716535432
0
LINE
8
BLACK
6
CONTINUOUS
10
4.8427322834645672
20
-2.6668267716535432
11
4.8427322834645672
21
-2.6451732283464566
0
LINE
8
BLACK
6
CONTINUOUS
10
4.8427322834645672
20
-2.6451732283464566
11
4.8433316535433066
21
-2.6421599606299213
0
LINE
8
BLACK
6
CONTINUOUS
10
4.8433316535433066
20
-2.6421599606299213
11
4.8450385433070862
21
-2.639605472440945
0
LINE
8
BLACK
6
CONTINUOUS
10
4.8450385433070862
20
-2.639605472440945
11
4.8475930314960625
21
-2.6378985826771655
0
LINE
8
BLACK
6
CONTINUOUS
10
4.8475930314960625
20
-2.6378985826771655
11
4.8506062992125987
21
-2.6372992125984251
0
LINE
8
BLACK
6
CONTINUOUS
10
4.8506062992125987
20
-2.6372992125984251
11
4.8663543307086616
21
-2.6372992125984251
0
LINE
8
BLACK
6
CONTINUOUS
10
4.8663543307086616
20
-2.6372992125984251
11
4.869367598425197
21
-2.6378985826771655
0
LINE
8
BLACK
6
CONTINUOUS
10
5.9864069685039372
20
-2.584827716535433
11
5.9889614566929135
21
-2.5865346062992125
0
LINE
8
BLACK
6
CONTINUOUS
10
5.9889614566929135
20
-2.5865346062992125
11
5.990668346456693
21
-2.5890890944881888
0
LINE
8
BLACK
6
CONTINUOUS
10
5.990668346456693
20
-2.5890890944881888
11
5.9912677165354333
21
-2.5921023622047246
0
LINE
8
BLACK
6
CONTINUOUS
10
5.9912677165354333
20
-2.5921023622047246
11
5.9912677165354333
21
-2.6078503937007875
0
LINE
8
BLACK
6
CONTINUOUS
10
5.9912677165354333
20
-2.6078503937007875
11
5.990668346456693
21
-2.6108636614173228
0
LINE
8
BLACK
6
CONTINUOUS
10
5.990668346456693
20
-2.6108636614173228
11
5.9889614566929135
21
-2.6134181496062991
0
LINE
8
BLACK
6
CONTINUOUS
10
5.9889614566929135
20
-2.6134181496062991
11
5.9864069685039372
21
-2.6151250393700787
0
LINE
8
BLACK
6
CONTINUOUS
10
5.9864069685039372
20
-2.6151250393700787
11
5.9833937007874018
21
-2.615724409448819
0
LINE
8
BLACK
6
CONTINUOUS
10
5.9833937007874018
20
-2.615724409448819
11
5.9617401574803148
21
-2.615724409448819
0
LINE
8
BLACK
6
CONTINUOUS
10
5.9617401574803148
20
-2.615724409448819
11
5.9587268897637795
21
-2.6151250393700787
0
LINE
8
BLACK
6
CONTINUOUS
10
5.9587268897637795
20
-2.6151250393700787
11
5.9561724015748032
21
-2.6134181496062991
0
LINE
8
BLACK
6
CONTINUOUS
10
5.9561724015748032
20
-2.6134181496062991
11
5.9544655118110237
21
-2.6108636614173228
0
LINE
8
BLACK
6
CONTINUOUS
10
5.9544655118110237
20
-2.6108636614173228
11
5.9538661417322833
21
-2.6078503937007875
0
LINE
8
BLACK
6
CONTINUOUS
10
5.9538661417322833
20
-2.6078503937007875
11
5.9538661417322833
21
-2.5921023622047246
0
LINE
8
BLACK
6
CONTINUOUS
10
5.9538661417322833
20
-2.5921023622047246
11
5.9544655118110237
21
-2.5890890944881888
0
LINE
8
BLACK
6
CONTINUOUS
10
5.9544655118110237
20
-2.5890890944881888
11
5.9561724015748032
21
-2.5865346062992125
0
LINE
8
BLACK
6
CONTINUOUS
10
5.9561724015748032
20
-2.5865346062992125
11
5.9587268897637795
21
-2.584827716535433
0
LINE
8
BLACK
6
CONTINUOUS
10
5.9587268897637795
20
-2.584827716535433
11
5.9617401574803148
21
-2.5842283464566926
0
LINE
8
BLACK
6
CONTINUOUS
10
5.9617401574803148
20
-2.5842283464566926
11
5.9833937007874018
21
-2.5842283464566926
0
LINE
8
BLACK
6
CONTINUOUS
10
5.9833937007874018
20
-2.5842283464566926
11
5.9864069685039372
21
-2.584827716535433
0
LINE
8
BLACK
6
CONTINUOUS
10
6.1864069685039365
20
-2.584827716535433
11
6.1889614566929136
21
-2.5865346062992125
0
LINE
8
BLACK
6
CONTINUOUS
10
6.1889614566929136
20
-2.5865346062992125
11
6.1906683464566932
21
-2.5890890944881888
0
LINE
8
BLACK
6
CONTINUOUS
10
6.1906683464566932
20
-2.5890890944881888
11
6.1912677165354326
21
-2.5921023622047246
0
LINE
8
BLACK
6
CONTINUOUS
10
6.1912677165354326
20
-2.5921023622047246
11
6.1912677165354326
21
-2.6078503937007875
0
LINE
8
BLACK
6
CONTINUOUS
10
6.1912677165354326
20
-2.6078503937007875
11
6.1906683464566932
21
-2.6108636614173228
0
LINE
8
BLACK
6
CONTINUOUS
10
6.1906683464566932
20
-2.6108636614173228
11
6.1889614566929136
21
-2.6134181496062991
0
LINE
8
BLACK
6
CONTINUOUS
10
6.1889614566929136
20
-2.6134181496062991
11
6.1864069685039365
21
-2.6151250393700787
0
LINE
8
BLACK
6
CONTINUOUS
10
6.1864069685039365
20
-2.6151250393700787
11
6.1833937007874011
21
-2.615724409448819
0
LINE
8
BLACK
6
CONTINUOUS
10
6.1833937007874011
20
-2.615724409448819
11
6.161740157480315
21
-2.615724409448819
0
LINE
8
BLACK
6
CONTINUOUS
10
6.161740157480315
20
-2.615724409448819
11
6.1587268897637797
21
-2.6151250393700787
0
LINE
8
BLACK
6
CONTINUOUS
10
6.1587268897637797
20
-2.6151250393700787
11
6.1561724015748034
21
-2.6134181496062991
0
LINE
8
BLACK
6
CONTINUOUS
10
6.1561724015748034
20
-2.6134181496062991
11
6.1544655118110239
21
-2.6108636614173228
0
LINE
8
BLACK
6
CONTINUOUS
10
6.1544655118110239
20
-2.6108636614173228
11
6.1538661417322835
21
-2.6078503937007875
0
LINE
8
BLACK
6
CONTINUOUS
10
6.1538661417322835
20
-2.6078503937007875
11
6.1538661417322835
21
-2.5921023622047246
0
LINE
8
BLACK
6
CONTINUOUS
10
6.1538661417322835
20
-2.5921023622047246
11
6.1544655118110239
21
-2.5890890944881888
0
LINE
8
BLACK
6
CONTINUOUS
10
6.1544655118110239
20
-2.5890890944881888
11
6.1561724015748034
21
-2.5865346062992125
0
LINE
8
BLACK
6
CONTINUOUS
10
6.1561724015748034
20
-2.5865346062992125
11
6.1587268897637797
21
-2.584827716535433
0
LINE
8
BLACK
6
CONTINUOUS
10
6.1587268897637797
20
-2.584827716535433
11
6.161740157480315
21
-2.5842283464566926
0
LINE
8
BLACK
6
CONTINUOUS
10
6.161740157480315
20
-2.5842283464566926
11
6.1833937007874011
21
-2.5842283464566926
0
LINE
8
BLACK
6
CONTINUOUS
10
6.1833937007874011
20
-2.5842283464566926
11
6.1864069685039365
21
-2.584827716535433
0
LINE
8
BLACK
6
CONTINUOUS
10
6.891677283464567
20
-2.5831581889763777
11
6.893593149606299
21
-2.5844383464566927
0
LINE
8
BLACK
6
CONTINUOUS
10
6.893593149606299
20
-2.5844383464566927
11
6.8948733070866144
21
-2.5863542125984251
0
LINE
8
BLACK
6
CONTINUOUS
10
6.8948733070866144
20
-2.5863542125984251
11
6.8953228346456692
21
-2.5886141732283465
0
LINE
8
BLACK
6
CONTINUOUS
10
6.8953228346456692
20
-2.5886141732283465
11
6.8953228346456692
21
-2.6004251968503937
0
LINE
8
BLACK
6
CONTINUOUS
10
6.8953228346456692
20
-2.6004251968503937
11
6.8948733070866144
21
-2.6026851574803147
0
LINE
8
BLACK
6
CONTINUOUS
10
6.8948733070866144
20
-2.6026851574803147
11
6.893593149606299
21
-2.6046010236220472
0
LINE
8
BLACK
6
CONTINUOUS
10
6.893593149606299
20
-2.6046010236220472
11
6.891677283464567
21
-2.6058811811023621
0
LINE
8
BLACK
6
CONTINUOUS
10
6.891677283464567
20
-2.6058811811023621
11
6.8894173228346451
21
-2.6063307086614174
0
LINE
8
BLACK
6
CONTINUOUS
10
6.8894173228346451
20
-2.6063307086614174
11
6.8244566929133859
21
-2.6063307086614174
0
LINE
8
BLACK
6
CONTINUOUS
10
6.8244566929133859
20
-2.6063307086614174
11
6.822196732283464
21
-2.6058811811023621
0
LINE
8
BLACK
6
CONTINUOUS
10
6.822196732283464
20
-2.6058811811023621
11
6.820280866141732
21
-2.6046010236220472
0
LINE
8
BLACK
6
CONTINUOUS
10
6.820280866141732
20
-2.6046010236220472
11
6.8190007086614175
21
-2.6026851574803147
0
LINE
8
BLACK
6
CONTINUOUS
10
6.8190007086614175
20
-2.6026851574803147
11
6.8185511811023618
21
-2.6004251968503937
0
LINE
8
BLACK
6
CONTINUOUS
10
6.8185511811023618
20
-2.6004251968503937
11
6.8185511811023618
21
-2.5886141732283465
0
LINE
8
BLACK
6
CONTINUOUS
10
6.8185511811023618
20
-2.5886141732283465
11
6.8190007086614175
21
-2.5863542125984251
0
LINE
8
BLACK
6
CONTINUOUS
10
6.8190007086614175
20
-2.5863542125984251
11
6.820280866141732
21
-2.5844383464566927
0
LINE
8
BLACK
6
CONTINUOUS
10
6.820280866141732
20
-2.5844383464566927
11
6.822196732283464
21
-2.5831581889763777
0
LINE
8
BLACK
6
CONTINUOUS
10
6.822196732283464
20
-2.5831581889763777
11
6.8244566929133859
21
-2.5827086614173229
0
LINE
8
BLACK
6
CONTINUOUS
10
6.8244566929133859
20
-2.5827086614173229
11
6.8894173228346451
21
-2.5827086614173229
0
LINE
8
BLACK
6
CONTINUOUS
10
6.8894173228346451
20
-2.5827086614173229
11
6.891677283464567
21
-2.5831581889763777
0
LINE
8
BLACK
6
CONTINUOUS
10
7.0865591732283466
20
-2.5831581889763777
11
7.0884750393700786
21
-2.5844383464566927
0
LINE
8
BLACK
6
CONTINUOUS
10
7.0884750393700786
20
-2.5844383464566927
11
7.0897551968503931
21
-2.5863542125984251
0
LINE
8
BLACK
6
CONTINUOUS
10
7.0897551968503931
20
-2.5863542125984251
11
7.0902047244094488
21
-2.5886141732283465
0
LINE
8
BLACK
6
CONTINUOUS
10
7.0902047244094488
20
-2.5886141732283465
11
7.0902047244094488
21
-2.6004251968503937
0
LINE
8
BLACK
6
CONTINUOUS
10
7.0902047244094488
20
-2.6004251968503937
11
7.0897551968503931
21
-2.6026851574803147
0
LINE
8
BLACK
6
CONTINUOUS
10
7.0897551968503931
20
-2.6026851574803147
11
7.0884750393700786
21
-2.6046010236220472
0
LINE
8
BLACK
6
CONTINUOUS
10
7.0884750393700786
20
-2.6046010236220472
11
7.0865591732283466
21
-2.6058811811023621
0
LINE
8
BLACK
6
CONTINUOUS
10
7.0865591732283466
20
-2.6058811811023621
11
7.0842992125984248
21
-2.6063307086614174
0
LINE
8
BLACK
6
CONTINUOUS
10
7.0842992125984248
20
-2.6063307086614174
11
7.0193385826771655
21
-2.6063307086614174
0
LINE
8
BLACK
6
CONTINUOUS
10
7.0193385826771655
20
-2.6063307086614174
11
7.0170786220472436
21
-2.6058811811023621
0
LINE
8
BLACK
6
CONTINUOUS
10
7.0170786220472436
20
-2.6058811811023621
11
7.0151627559055116
21
-2.6046010236220472
0
LINE
8
BLACK
6
CONTINUOUS
10
7.0151627559055116
20
-2.6046010236220472
11
7.0138825984251971
21
-2.6026851574803147
0
LINE
8
BLACK
6
CONTINUOUS
10
7.0138825984251971
20
-2.6026851574803147
11
7.0134330708661414
21
-2.6004251968503937
0
LINE
8
BLACK
6
CONTINUOUS
10
7.0134330708661414
20
-2.6004251968503937
11
7.0134330708661414
21
-2.5886141732283465
0
LINE
8
BLACK
6
CONTINUOUS
10
7.0134330708661414
20
-2.5886141732283465
11
7.0138825984251971
21
-2.5863542125984251
0
LINE
8
BLACK
6
CONTINUOUS
10
7.0138825984251971
20
-2.5863542125984251
11
7.0151627559055116
21
-2.5844383464566927
0
LINE
8
BLACK
6
CONTINUOUS
10
7.0151627559055116
20
-2.5844383464566927
11
7.0170786220472436
21
-2.5831581889763777
0
LINE
8
BLACK
6
CONTINUOUS
10
7.0170786220472436
20
-2.5831581889763777
11
7.0193385826771655
21
-2.5827086614173229
0
LINE
8
BLACK
6
CONTINUOUS
10
7.0193385826771655
20
-2.5827086614173229
11
7.0842992125984248
21
-2.5827086614173229
0
LINE
8
BLACK
6
CONTINUOUS
10
7.0842992125984248
20
-2.5827086614173229
11
7.0865591732283466
21
-2.5831581889763777
0
LINE
8
BLACK
6
CONTINUOUS
10
7.0018188976377953
20
-2.5844803149606297
11
6.9069370078740153
21
-2.5844803149606297
0
LINE
8
BLACK
6
CONTINUOUS
10
6.9069370078740153
20
-2.5844803149606297
11
6.9069370078740153
21
-2.4545590551181102
0
LINE
8
BLACK
6
CONTINUOUS
10
6.9069370078740153
20
-2.4545590551181102
11
7.0018188976377953
21
-2.4545590551181102
0
LINE
8
BLACK
6
CONTINUOUS
10
7.0018188976377953
20
-2.4545590551181102
11
7.0018188976377953
21
-2.5844803149606297
0
LINE
8
BLACK
6
CONTINUOUS
10
5.8143033070866137
20
-2.5354695669291338
11
5.8171771259842515
21
-2.537389803149606
0
LINE
8
BLACK
6
CONTINUOUS
10
5.8171771259842515
20
-2.537389803149606
11
5.8190973622047242
21
-2.5402636220472439
0
LINE
8
BLACK
6
CONTINUOUS
10
5.8190973622047242
20
-2.5402636220472439
11
5.8197716535433068
21
-2.5436535433070864
0
LINE
8
BLACK
6
CONTINUOUS
10
5.8197716535433068
20
-2.5436535433070864
11
5.8197716535433068
21
-2.5633385826771651
0
LINE
8
BLACK
6
CONTINUOUS
10
5.8197716535433068
20
-2.5633385826771651
11
5.8190973622047242
21
-2.566728503937008
0
LINE
8
BLACK
6
CONTINUOUS
10
5.8190973622047242
20
-2.566728503937008
11
5.8171771259842515
21
-2.5696023228346454
0
LINE
8
BLACK
6
CONTINUOUS
10
5.8171771259842515
20
-2.5696023228346454
11
5.8143033070866137
21
-2.5715225590551181
0
LINE
8
BLACK
6
CONTINUOUS
10
5.8143033070866137
20
-2.5715225590551181
11
5.8109133858267716
21
-2.5721968503937007
0
LINE
8
BLACK
6
CONTINUOUS
10
5.8109133858267716
20
-2.5721968503937007
11
5.7931968503937004
21
-2.5721968503937007
0
LINE
8
BLACK
6
CONTINUOUS
10
5.7931968503937004
20
-2.5721968503937007
11
5.7898069291338583
21
-2.5715225590551181
0
LINE
8
BLACK
6
CONTINUOUS
10
5.7898069291338583
20
-2.5715225590551181
11
5.7869331102362205
21
-2.5696023228346454
0
LINE
8
BLACK
6
CONTINUOUS
10
5.7869331102362205
20
-2.5696023228346454
11
5.7850128740157478
21
-2.566728503937008
0
LINE
8
BLACK
6
CONTINUOUS
10
5.7850128740157478
20
-2.566728503937008
11
5.7843385826771652
21
-2.5633385826771651
0
LINE
8
BLACK
6
CONTINUOUS
10
5.7843385826771652
20
-2.5633385826771651
11
5.7843385826771652
21
-2.5436535433070864
0
LINE
8
BLACK
6
CONTINUOUS
10
5.7843385826771652
20
-2.5436535433070864
11
5.7850128740157478
21
-2.5402636220472439
0
LINE
8
BLACK
6
CONTINUOUS
10
5.7850128740157478
20
-2.5402636220472439
11
5.7869331102362205
21
-2.537389803149606
0
LINE
8
BLACK
6
CONTINUOUS
10
5.7869331102362205
20
-2.537389803149606
11
5.7898069291338583
21
-2.5354695669291338
0
LINE
8
BLACK
6
CONTINUOUS
10
5.7898069291338583
20
-2.5354695669291338
11
5.7931968503937004
21
-2.5347952755905512
0
LINE
8
BLACK
6
CONTINUOUS
10
5.7931968503937004
20
-2.5347952755905512
11
5.8109133858267716
21
-2.5347952755905512
0
LINE
8
BLACK
6
CONTINUOUS
10
5.8109133858267716
20
-2.5347952755905512
11
5.8143033070866137
21
-2.5354695669291338
0
LINE
8
BLACK
6
CONTINUOUS
10
5.8753269291338581
20
-2.5354695669291338
11
5.8782007480314959
21
-2.537389803149606
0
LINE
8
BLACK
6
CONTINUOUS
10
5.8782007480314959
20
-2.537389803149606
11
5.8801209842519686
21
-2.5402636220472439
0
LINE
8
BLACK
6
CONTINUOUS
10
5.8801209842519686
20
-2.5402636220472439
11
5.8807952755905513
21
-2.5436535433070864
0
LINE
8
BLACK
6
CONTINUOUS
10
5.8807952755905513
20
-2.5436535433070864
11
5.8807952755905513
21
-2.5633385826771651
0
LINE
8
BLACK
6
CONTINUOUS
10
5.8807952755905513
20
-2.5633385826771651
11
5.8801209842519686
21
-2.566728503937008
0
LINE
8
BLACK
6
CONTINUOUS
10
5.8801209842519686
20
-2.566728503937008
11
5.8782007480314959
21
-2.5696023228346454
0
LINE
8
BLACK
6
CONTINUOUS
10
5.8782007480314959
20
-2.5696023228346454
11
5.8753269291338581
21
-2.5715225590551181
0
LINE
8
BLACK
6
CONTINUOUS
10
5.8753269291338581
20
-2.5715225590551181
11
5.8719370078740152
21
-2.5721968503937007
0
LINE
8
BLACK
6
CONTINUOUS
10
5.8719370078740152
20
-2.5721968503937007
11
5.8542204724409448
21
-2.5721968503937007
0
LINE
8
BLACK
6
CONTINUOUS
10
5.8542204724409448
20
-2.5721968503937007
11
5.8508305511811018
21
-2.5715225590551181
0
LINE
8
BLACK
6
CONTINUOUS
10
5.8508305511811018
20
-2.5715225590551181
11
5.847956732283464
21
-2.5696023228346454
0
LINE
8
BLACK
6
CONTINUOUS
10
5.847956732283464
20
-2.5696023228346454
11
5.8460364960629922
21
-2.566728503937008
0
LINE
8
BLACK
6
CONTINUOUS
10
5.8460364960629922
20
-2.566728503937008
11
5.8453622047244096
21
-2.5633385826771651
0
LINE
8
BLACK
6
CONTINUOUS
10
5.8453622047244096
20
-2.5633385826771651
11
5.8453622047244096
21
-2.5436535433070864
0
LINE
8
BLACK
6
CONTINUOUS
10
5.8453622047244096
20
-2.5436535433070864
11
5.8460364960629922
21
-2.5402636220472439
0
LINE
8
BLACK
6
CONTINUOUS
10
5.8460364960629922
20
-2.5402636220472439
11
5.847956732283464
21
-2.537389803149606
0
LINE
8
BLACK
6
CONTINUOUS
10
5.847956732283464
20
-2.537389803149606
11
5.8508305511811018
21
-2.5354695669291338
0
LINE
8
BLACK
6
CONTINUOUS
10
5.8508305511811018
20
-2.5354695669291338
11
5.8542204724409448
21
-2.5347952755905512
0
LINE
8
BLACK
6
CONTINUOUS
10
5.8542204724409448
20
-2.5347952755905512
11
5.8719370078740152
21
-2.5347952755905512
0
LINE
8
BLACK
6
CONTINUOUS
10
5.8719370078740152
20
-2.5347952755905512
11
5.8753269291338581
21
-2.5354695669291338
0
LINE
8
BLACK
6
CONTINUOUS
10
6.891677283464567
20
-2.5331581889763779
11
6.893593149606299
21
-2.5344383464566929
0
LINE
8
BLACK
6
CONTINUOUS
10
6.893593149606299
20
-2.5344383464566929
11
6.8948733070866144
21
-2.5363542125984253
0
LINE
8
BLACK
6
CONTINUOUS
10
6.8948733070866144
20
-2.5363542125984253
11
6.8953228346456692
21
-2.5386141732283463
0
LINE
8
BLACK
6
CONTINUOUS
10
6.8953228346456692
20
-2.5386141732283463
11
6.8953228346456692
21
-2.5504251968503935
0
LINE
8
BLACK
6
CONTINUOUS
10
6.8953228346456692
20
-2.5504251968503935
11
6.8948733070866144
21
-2.5526851574803149
0
LINE
8
BLACK
6
CONTINUOUS
10
6.8948733070866144
20
-2.5526851574803149
11
6.893593149606299
21
-2.5546010236220473
0
LINE
8
BLACK
6
CONTINUOUS
10
6.893593149606299
20
-2.5546010236220473
11
6.891677283464567
21
-2.5558811811023623
0
LINE
8
BLACK
6
CONTINUOUS
10
6.891677283464567
20
-2.5558811811023623
11
6.8894173228346451
21
-2.5563307086614171
0
LINE
8
BLACK
6
CONTINUOUS
10
6.8894173228346451
20
-2.5563307086614171
11
6.8244566929133859
21
-2.5563307086614171
0
LINE
8
BLACK
6
CONTINUOUS
10
6.8244566929133859
20
-2.5563307086614171
11
6.822196732283464
21
-2.5558811811023623
0
LINE
8
BLACK
6
CONTINUOUS
10
6.822196732283464
20
-2.5558811811023623
11
6.820280866141732
21
-2.5546010236220473
0
LINE
8
BLACK
6
CONTINUOUS
10
6.820280866141732
20
-2.5546010236220473
11
6.8190007086614175
21
-2.5526851574803149
0
LINE
8
BLACK
6
CONTINUOUS
10
6.8190007086614175
20
-2.5526851574803149
11
6.8185511811023618
21
-2.5504251968503935
0
LINE
8
BLACK
6
CONTINUOUS
10
6.8185511811023618
20
-2.5504251968503935
11
6.8185511811023618
21
-2.5386141732283463
0
LINE
8
BLACK
6
CONTINUOUS
10
6.8185511811023618
20
-2.5386141732283463
11
6.8190007086614175
21
-2.5363542125984253
0
LINE
8
BLACK
6
CONTINUOUS
10
6.8190007086614175
20
-2.5363542125984253
11
6.820280866141732
21
-2.5344383464566929
0
LINE
8
BLACK
6
CONTINUOUS
10
6.820280866141732
20
-2.5344383464566929
11
6.822196732283464
21
-2.5331581889763779
0
LINE
8
BLACK
6
CONTINUOUS
10
6.822196732283464
20
-2.5331581889763779
11
6.8244566929133859
21
-2.5327086614173226
0
LINE
8
BLACK
6
CONTINUOUS
10
6.8244566929133859
20
-2.5327086614173226
11
6.8894173228346451
21
-2.5327086614173226
0
LINE
8
BLACK
6
CONTINUOUS
10
6.8894173228346451
20
-2.5327086614173226
11
6.891677283464567
21
-2.5331581889763779
0
LINE
8
BLACK
6
CONTINUOUS
10
7.0865591732283466
20
-2.5331581889763779
11
7.0884750393700786
21
-2.5344383464566929
0
LINE
8
BLACK
6
CONTINUOUS
10
7.0884750393700786
20
-2.5344383464566929
11
7.0897551968503931
21
-2.5363542125984253
0
LINE
8
BLACK
6
CONTINUOUS
10
7.0897551968503931
20
-2.5363542125984253
11
7.0902047244094488
21
-2.5386141732283463
0
LINE
8
BLACK
6
CONTINUOUS
10
7.0902047244094488
20
-2.5386141732283463
11
7.0902047244094488
21
-2.5504251968503935
0
LINE
8
BLACK
6
CONTINUOUS
10
7.0902047244094488
20
-2.5504251968503935
11
7.0897551968503931
21
-2.5526851574803149
0
LINE
8
BLACK
6
CONTINUOUS
10
7.0897551968503931
20
-2.5526851574803149
11
7.0884750393700786
21
-2.5546010236220473
0
LINE
8
BLACK
6
CONTINUOUS
10
7.0884750393700786
20
-2.5546010236220473
11
7.0865591732283466
21
-2.5558811811023623
0
LINE
8
BLACK
6
CONTINUOUS
10
7.0865591732283466
20
-2.5558811811023623
11
7.0842992125984248
21
-2.5563307086614171
0
LINE
8
BLACK
6
CONTINUOUS
10
7.0842992125984248
20
-2.5563307086614171
11
7.0193385826771655
21
-2.5563307086614171
0
LINE
8
BLACK
6
CONTINUOUS
10
7.0193385826771655
20
-2.5563307086614171
11
7.0170786220472436
21
-2.5558811811023623
0
LINE
8
BLACK
6
CONTINUOUS
10
7.0170786220472436
20
-2.5558811811023623
11
7.0151627559055116
21
-2.5546010236220473
0
LINE
8
BLACK
6
CONTINUOUS
10
7.0151627559055116
20
-2.5546010236220473
11
7.0138825984251971
21
-2.5526851574803149
0
LINE
8
BLACK
6
CONTINUOUS
10
7.0138825984251971
20
-2.5526851574803149
11
7.0134330708661414
21
-2.5504251968503935
0
LINE
8
BLACK
6
CONTINUOUS
10
7.0134330708661414
20
-2.5504251968503935
11
7.0134330708661414
21
-2.5386141732283463
0
LINE
8
BLACK
6
CONTINUOUS
10
7.0134330708661414
20
-2.5386141732283463
11
7.0138825984251971
21
-2.5363542125984253
0
LINE
8
BLACK
6
CONTINUOUS
10
7.0138825984251971
20
-2.5363542125984253
11
7.0151627559055116
21
-2.5344383464566929
0
LINE
8
BLACK
6
CONTINUOUS
10
7.0151627559055116
20
-2.5344383464566929
11
7.0170786220472436
21
-2.5331581889763779
0
LINE
8
BLACK
6
CONTINUOUS
10
7.0170786220472436
20
-2.5331581889763779
11
7.0193385826771655
21
-2.5327086614173226
0
LINE
8
BLACK
6
CONTINUOUS
10
7.0193385826771655
20
-2.5327086614173226
11
7.0842992125984248
21
-2.5327086614173226
0
LINE
8
BLACK
6
CONTINUOUS
10
7.0842992125984248
20
-2.5327086614173226
11
7.0865591732283466
21
-2.5331581889763779
0
LINE
8
BLACK
6
CONTINUOUS
10
5.9864069685039372
20
-2.5198670866141732
11
5.9889614566929135
21
-2.5215739763779528
0
LINE
8
BLACK
6
CONTINUOUS
10
5.9889614566929135
20
-2.5215739763779528
11
5.990668346456693
21
-2.5241284645669291
0
LINE
8
BLACK
6
CONTINUOUS
10
5.990668346456693
20
-2.5241284645669291
11
5.9912677165354333
21
-2.5271417322834644
0
LINE
8
BLACK
6
CONTINUOUS
10
5.9912677165354333
20
-2.5271417322834644
11
5.9912677165354333
21
-2.5428897637795274
0
LINE
8
BLACK
6
CONTINUOUS
10
5.9912677165354333
20
-2.5428897637795274
11
5.990668346456693
21
-2.5459030314960631
0
LINE
8
BLACK
6
CONTINUOUS
10
5.990668346456693
20
-2.5459030314960631
11
5.9889614566929135
21
-2.5484575196850394
0
LINE
8
BLACK
6
CONTINUOUS
10
5.9889614566929135
20
-2.5484575196850394
11
5.9864069685039372
21
-2.5501644094488189
0
LINE
8
BLACK
6
CONTINUOUS
10
5.9864069685039372
20
-2.5501644094488189
11
5.9833937007874018
21
-2.5507637795275588
0
LINE
8
BLACK
6
CONTINUOUS
10
5.9833937007874018
20
-2.5507637795275588
11
5.9617401574803148
21
-2.5507637795275588
0
LINE
8
BLACK
6
CONTINUOUS
10
5.9617401574803148
20
-2.5507637795275588
11
5.9587268897637795
21
-2.5501644094488189
0
LINE
8
BLACK
6
CONTINUOUS
10
5.9587268897637795
20
-2.5501644094488189
11
5.9561724015748032
21
-2.5484575196850394
0
LINE
8
BLACK
6
CONTINUOUS
10
5.9561724015748032
20
-2.5484575196850394
11
5.9544655118110237
21
-2.5459030314960631
0
LINE
8
BLACK
6
CONTINUOUS
10
5.9544655118110237
20
-2.5459030314960631
11
5.9538661417322833
21
-2.5428897637795274
0
LINE
8
BLACK
6
CONTINUOUS
10
5.9538661417322833
20
-2.5428897637795274
11
5.9538661417322833
21
-2.5271417322834644
0
LINE
8
BLACK
6
CONTINUOUS
10
5.9538661417322833
20
-2.5271417322834644
11
5.9544655118110237
21
-2.5241284645669291
0
LINE
8
BLACK
6
CONTINUOUS
10
5.9544655118110237
20
-2.5241284645669291
11
5.9561724015748032
21
-2.5215739763779528
0
LINE
8
BLACK
6
CONTINUOUS
10
5.9561724015748032
20
-2.5215739763779528
11
5.9587268897637795
21
-2.5198670866141732
0
LINE
8
BLACK
6
CONTINUOUS
10
5.9587268897637795
20
-2.5198670866141732
11
5.9617401574803148
21
-2.5192677165354329
0
LINE
8
BLACK
6
CONTINUOUS
10
5.9617401574803148
20
-2.5192677165354329
11
5.9833937007874018
21
-2.5192677165354329
0
LINE
8
BLACK
6
CONTINUOUS
10
5.9833937007874018
20
-2.5192677165354329
11
5.9864069685039372
21
-2.5198670866141732
0
LINE
8
BLACK
6
CONTINUOUS
10
6.1864069685039365
20
-2.5198670866141732
11
6.1889614566929136
21
-2.5215739763779528
0
LINE
8
BLACK
6
CONTINUOUS
10
6.1889614566929136
20
-2.5215739763779528
11
6.1906683464566932
21
-2.5241284645669291
0
LINE
8
BLACK
6
CONTINUOUS
10
6.1906683464566932
20
-2.5241284645669291
11
6.1912677165354326
21
-2.5271417322834644
0
LINE
8
BLACK
6
CONTINUOUS
10
6.1912677165354326
20
-2.5271417322834644
11
6.1912677165354326
21
-2.5428897637795274
0
LINE
8
BLACK
6
CONTINUOUS
10
6.1912677165354326
20
-2.5428897637795274
11
6.1906683464566932
21
-2.5459030314960631
0
LINE
8
BLACK
6
CONTINUOUS
10
6.1906683464566932
20
-2.5459030314960631
11
6.1889614566929136
21
-2.5484575196850394
0
LINE
8
BLACK
6
CONTINUOUS
10
6.1889614566929136
20
-2.5484575196850394
11
6.1864069685039365
21
-2.5501644094488189
0
LINE
8
BLACK
6
CONTINUOUS
10
6.1864069685039365
20
-2.5501644094488189
11
6.1833937007874011
21
-2.5507637795275588
0
LINE
8
BLACK
6
CONTINUOUS
10
6.1833937007874011
20
-2.5507637795275588
11
6.161740157480315
21
-2.5507637795275588
0
LINE
8
BLACK
6
CONTINUOUS
10
6.161740157480315
20
-2.5507637795275588
11
6.1587268897637797
21
-2.5501644094488189
0
LINE
8
BLACK
6
CONTINUOUS
10
6.1587268897637797
20
-2.5501644094488189
11
6.1561724015748034
21
-2.5484575196850394
0
LINE
8
BLACK
6
CONTINUOUS
10
6.1561724015748034
20
-2.5484575196850394
11
6.1544655118110239
21
-2.5459030314960631
0
LINE
8
BLACK
6
CONTINUOUS
10
6.1544655118110239
20
-2.5459030314960631
11
6.1538661417322835
21
-2.5428897637795274
0
LINE
8
BLACK
6
CONTINUOUS
10
6.1538661417322835
20
-2.5428897637795274
11
6.1538661417322835
21
-2.5271417322834644
0
LINE
8
BLACK
6
CONTINUOUS
10
6.1538661417322835
20
-2.5271417322834644
11
6.1544655118110239
21
-2.5241284645669291
0
LINE
8
BLACK
6
CONTINUOUS
10
6.1544655118110239
20
-2.5241284645669291
11
6.1561724015748034
21
-2.5215739763779528
0
LINE
8
BLACK
6
CONTINUOUS
10
6.1561724015748034
20
-2.5215739763779528
11
6.1587268897637797
21
-2.5198670866141732
0
LINE
8
BLACK
6
CONTINUOUS
10
6.1587268897637797
20
-2.5198670866141732
11
6.161740157480315
21
-2.5192677165354329
0
LINE
8
BLACK
6
CONTINUOUS
10
6.161740157480315
20
-2.5192677165354329
11
6.1833937007874011
21
-2.5192677165354329
0
LINE
8
BLACK
6
CONTINUOUS
10
6.1833937007874011
20
-2.5192677165354329
11
6.1864069685039365
21
-2.5198670866141732
0
LINE
8
BLACK
6
CONTINUOUS
10
4.2334960629921259
20
-2.547314960629921
11
4.1744409448818898
21
-2.547314960629921
0
LINE
8
BLACK
6
CONTINUOUS
10
4.1744409448818898
20
-2.547314960629921
11
4.1744409448818898
21
-2.4685748031496062
0
LINE
8
BLACK
6
CONTINUOUS
10
4.1744409448818898
20
-2.4685748031496062
11
4.2334960629921259
21
-2.4685748031496062
0
LINE
8
BLACK
6
CONTINUOUS
10
4.2334960629921259
20
-2.4685748031496062
11
4.2334960629921259
21
-2.547314960629921
0
LINE
8
BLACK
6
CONTINUOUS
10
4.6586929133858268
20
-2.547314960629921
11
4.5996377952755907
21
-2.547314960629921
0
LINE
8
BLACK
6
CONTINUOUS
10
4.5996377952755907
20
-2.547314960629921
11
4.5996377952755907
21
-2.4685748031496062
0
LINE
8
BLACK
6
CONTINUOUS
10
4.5996377952755907
20
-2.4685748031496062
11
4.6586929133858268
21
-2.4685748031496062
0
LINE
8
BLACK
6
CONTINUOUS
10
4.6586929133858268
20
-2.4685748031496062
11
4.6586929133858268
21
-2.547314960629921
0
LINE
8
BLACK
6
CONTINUOUS
10
6.891677283464567
20
-2.4831581889763781
11
6.893593149606299
21
-2.484438346456693
0
LINE
8
BLACK
6
CONTINUOUS
10
6.893593149606299
20
-2.484438346456693
11
6.8948733070866144
21
-2.486354212598425
0
LINE
8
BLACK
6
CONTINUOUS
10
6.8948733070866144
20
-2.486354212598425
11
6.8953228346456692
21
-2.4886141732283464
0
LINE
8
BLACK
6
CONTINUOUS
10
6.8953228346456692
20
-2.4886141732283464
11
6.8953228346456692
21
-2.5004251968503937
0
LINE
8
BLACK
6
CONTINUOUS
10
6.8953228346456692
20
-2.5004251968503937
11
6.8948733070866144
21
-2.5026851574803151
0
LINE
8
BLACK
6
CONTINUOUS
10
6.8948733070866144
20
-2.5026851574803151
11
6.893593149606299
21
-2.5046010236220471
0
LINE
8
BLACK
6
CONTINUOUS
10
6.893593149606299
20
-2.5046010236220471
11
6.891677283464567
21
-2.505881181102362
0
LINE
8
BLACK
6
CONTINUOUS
10
6.891677283464567
20
-2.505881181102362
11
6.8894173228346451
21
-2.5063307086614173
0
LINE
8
BLACK
6
CONTINUOUS
10
6.8894173228346451
20
-2.5063307086614173
11
6.8244566929133859
21
-2.5063307086614173
0
LINE
8
BLACK
6
CONTINUOUS
10
6.8244566929133859
20
-2.5063307086614173
11
6.822196732283464
21
-2.505881181102362
0
LINE
8
BLACK
6
CONTINUOUS
10
6.822196732283464
20
-2.505881181102362
11
6.820280866141732
21
-2.5046010236220471
0
LINE
8
BLACK
6
CONTINUOUS
10
6.820280866141732
20
-2.5046010236220471
11
6.8190007086614175
21
-2.5026851574803151
0
LINE
8
BLACK
6
CONTINUOUS
10
6.8190007086614175
20
-2.5026851574803151
11
6.8185511811023618
21
-2.5004251968503937
0
LINE
8
BLACK
6
CONTINUOUS
10
6.8185511811023618
20
-2.5004251968503937
11
6.8185511811023618
21
-2.4886141732283464
0
LINE
8
BLACK
6
CONTINUOUS
10
6.8185511811023618
20
-2.4886141732283464
11
6.8190007086614175
21
-2.486354212598425
0
LINE
8
BLACK
6
CONTINUOUS
10
6.8190007086614175
20
-2.486354212598425
11
6.820280866141732
21
-2.484438346456693
0
LINE
8
BLACK
6
CONTINUOUS
10
6.820280866141732
20
-2.484438346456693
11
6.822196732283464
21
-2.4831581889763781
0
LINE
8
BLACK
6
CONTINUOUS
10
6.822196732283464
20
-2.4831581889763781
11
6.8244566929133859
21
-2.4827086614173228
0
LINE
8
BLACK
6
CONTINUOUS
10
6.8244566929133859
20
-2.4827086614173228
11
6.8894173228346451
21
-2.4827086614173228
0
LINE
8
BLACK
6
CONTINUOUS
10
6.8894173228346451
20
-2.4827086614173228
11
6.891677283464567
21
-2.4831581889763781
0
LINE
8
BLACK
6
CONTINUOUS
10
7.0865591732283466
20
-2.4831581889763781
11
7.0884750393700786
21
-2.484438346456693
0
LINE
8
BLACK
6
CONTINUOUS
10
7.0884750393700786
20
-2.484438346456693
11
7.0897551968503931
21
-2.486354212598425
0
LINE
8
BLACK
6
CONTINUOUS
10
7.0897551968503931
20
-2.486354212598425
11
7.0902047244094488
21
-2.4886141732283464
0
LINE
8
BLACK
6
CONTINUOUS
10
7.0902047244094488
20
-2.4886141732283464
11
7.0902047244094488
21
-2.5004251968503937
0
LINE
8
BLACK
6
CONTINUOUS
10
7.0902047244094488
20
-2.5004251968503937
11
7.0897551968503931
21
-2.5026851574803151
0
LINE
8
BLACK
6
CONTINUOUS
10
7.0897551968503931
20
-2.5026851574803151
11
7.0884750393700786
21
-2.5046010236220471
0
LINE
8
BLACK
6
CONTINUOUS
10
7.0884750393700786
20
-2.5046010236220471
11
7.0865591732283466
21
-2.505881181102362
0
LINE
8
BLACK
6
CONTINUOUS
10
7.0865591732283466
20
-2.505881181102362
11
7.0842992125984248
21
-2.5063307086614173
0
LINE
8
BLACK
6
CONTINUOUS
10
7.0842992125984248
20
-2.5063307086614173
11
7.0193385826771655
21
-2.5063307086614173
0
LINE
8
BLACK
6
CONTINUOUS
10
7.0193385826771655
20
-2.5063307086614173
11
7.0170786220472436
21
-2.505881181102362
0
LINE
8
BLACK
6
CONTINUOUS
10
7.0170786220472436
20
-2.505881181102362
11
7.0151627559055116
21
-2.5046010236220471
0
LINE
8
BLACK
6
CONTINUOUS
10
7.0151627559055116
20
-2.5046010236220471
11
7.0138825984251971
21
-2.5026851574803151
0
LINE
8
BLACK
6
CONTINUOUS
10
7.0138825984251971
20
-2.5026851574803151
11
7.0134330708661414
21
-2.5004251968503937
0
LINE
8
BLACK
6
CONTINUOUS
10
7.0134330708661414
20
-2.5004251968503937
11
7.0134330708661414
21
-2.4886141732283464
0
LINE
8
BLACK
6
CONTINUOUS
10
7.0134330708661414
20
-2.4886141732283464
11
7.0138825984251971
21
-2.486354212598425
0
LINE
8
BLACK
6
CONTINUOUS
10
7.0138825984251971
20
-2.486354212598425
11
7.0151627559055116
21
-2.484438346456693
0
LINE
8
BLACK
6
CONTINUOUS
10
7.0151627559055116
20
-2.484438346456693
11
7.0170786220472436
21
-2.4831581889763781
0
LINE
8
BLACK
6
CONTINUOUS
10
7.0170786220472436
20
-2.4831581889763781
11
7.0193385826771655
21
-2.4827086614173228
0
LINE
8
BLACK
6
CONTINUOUS
10
7.0193385826771655
20
-2.4827086614173228
11
7.0842992125984248
21
-2.4827086614173228
0
LINE
8
BLACK
6
CONTINUOUS
10
7.0842992125984248
20
-2.4827086614173228
11
7.0865591732283466
21
-2.4831581889763781
0
LINE
8
BLACK
6
CONTINUOUS
10
6.891677283464567
20
-2.4331581889763778
11
6.893593149606299
21
-2.4344383464566928
0
LINE
8
BLACK
6
CONTINUOUS
10
6.893593149606299
20
-2.4344383464566928
11
6.8948733070866144
21
-2.4363542125984252
0
LINE
8
BLACK
6
CONTINUOUS
10
6.8948733070866144
20
-2.4363542125984252
11
6.8953228346456692
21
-2.4386141732283466
0
LINE
8
BLACK
6
CONTINUOUS
10
6.8953228346456692
20
-2.4386141732283466
11
6.8953228346456692
21
-2.4504251968503938
0
LINE
8
BLACK
6
CONTINUOUS
10
6.8953228346456692
20
-2.4504251968503938
11
6.8948733070866144
21
-2.4526851574803148
0
LINE
8
BLACK
6
CONTINUOUS
10
6.8948733070866144
20
-2.4526851574803148
11
6.893593149606299
21
-2.4546010236220472
0
LINE
8
BLACK
6
CONTINUOUS
10
6.893593149606299
20
-2.4546010236220472
11
6.891677283464567
21
-2.4558811811023622
0
LINE
8
BLACK
6
CONTINUOUS
10
6.891677283464567
20
-2.4558811811023622
11
6.8894173228346451
21
-2.4563307086614175
0
LINE
8
BLACK
6
CONTINUOUS
10
6.8894173228346451
20
-2.4563307086614175
11
6.8244566929133859
21
-2.4563307086614175
0
LINE
8
BLACK
6
CONTINUOUS
10
6.8244566929133859
20
-2.4563307086614175
11
6.822196732283464
21
-2.4558811811023622
0
LINE
8
BLACK
6
CONTINUOUS
10
6.822196732283464
20
-2.4558811811023622
11
6.820280866141732
21
-2.4546010236220472
0
LINE
8
BLACK
6
CONTINUOUS
10
6.820280866141732
20
-2.4546010236220472
11
6.8190007086614175
21
-2.4526851574803148
0
LINE
8
BLACK
6
CONTINUOUS
10
6.8190007086614175
20
-2.4526851574803148
11
6.8185511811023618
21
-2.4504251968503938
0
LINE
8
BLACK
6
CONTINUOUS
10
6.8185511811023618
20
-2.4504251968503938
11
6.8185511811023618
21
-2.4386141732283466
0
LINE
8
BLACK
6
CONTINUOUS
10
6.8185511811023618
20
-2.4386141732283466
11
6.8190007086614175
21
-2.4363542125984252
0
LINE
8
BLACK
6
CONTINUOUS
10
6.8190007086614175
20
-2.4363542125984252
11
6.820280866141732
21
-2.4344383464566928
0
LINE
8
BLACK
6
CONTINUOUS
10
6.820280866141732
20
-2.4344383464566928
11
6.822196732283464
21
-2.4331581889763778
0
LINE
8
BLACK
6
CONTINUOUS
10
6.822196732283464
20
-2.4331581889763778
11
6.8244566929133859
21
-2.4327086614173226
0
LINE
8
BLACK
6
CONTINUOUS
10
6.8244566929133859
20
-2.4327086614173226
11
6.8894173228346451
21
-2.4327086614173226
0
LINE
8
BLACK
6
CONTINUOUS
10
6.8894173228346451
20
-2.4327086614173226
11
6.891677283464567
21
-2.4331581889763778
0
LINE
8
BLACK
6
CONTINUOUS
10
7.0865591732283466
20
-2.4331581889763778
11
7.0884750393700786
21
-2.4344383464566928
0
LINE
8
BLACK
6
CONTINUOUS
10
7.0884750393700786
20
-2.4344383464566928
11
7.0897551968503931
21
-2.4363542125984252
0
LINE
8
BLACK
6
CONTINUOUS
10
7.0897551968503931
20
-2.4363542125984252
11
7.0902047244094488
21
-2.4386141732283466
0
LINE
8
BLACK
6
CONTINUOUS
10
7.0902047244094488
20
-2.4386141732283466
11
7.0902047244094488
21
-2.4504251968503938
0
LINE
8
BLACK
6
CONTINUOUS
10
7.0902047244094488
20
-2.4504251968503938
11
7.0897551968503931
21
-2.4526851574803148
0
LINE
8
BLACK
6
CONTINUOUS
10
7.0897551968503931
20
-2.4526851574803148
11
7.0884750393700786
21
-2.4546010236220472
0
LINE
8
BLACK
6
CONTINUOUS
10
7.0884750393700786
20
-2.4546010236220472
11
7.0865591732283466
21
-2.4558811811023622
0
LINE
8
BLACK
6
CONTINUOUS
10
7.0865591732283466
20
-2.4558811811023622
11
7.0842992125984248
21
-2.4563307086614175
0
LINE
8
BLACK
6
CONTINUOUS
10
7.0842992125984248
20
-2.4563307086614175
11
7.0193385826771655
21
-2.4563307086614175
0
LINE
8
BLACK
6
CONTINUOUS
10
7.0193385826771655
20
-2.4563307086614175
11
7.0170786220472436
21
-2.4558811811023622
0
LINE
8
BLACK
6
CONTINUOUS
10
7.0170786220472436
20
-2.4558811811023622
11
7.0151627559055116
21
-2.4546010236220472
0
LINE
8
BLACK
6
CONTINUOUS
10
7.0151627559055116
20
-2.4546010236220472
11
7.0138825984251971
21
-2.4526851574803148
0
LINE
8
BLACK
6
CONTINUOUS
10
7.0138825984251971
20
-2.4526851574803148
11
7.0134330708661414
21
-2.4504251968503938
0
LINE
8
BLACK
6
CONTINUOUS
10
7.0134330708661414
20
-2.4504251968503938
11
7.0134330708661414
21
-2.4386141732283466
0
LINE
8
BLACK
6
CONTINUOUS
10
7.0134330708661414
20
-2.4386141732283466
11
7.0138825984251971
21
-2.4363542125984252
0
LINE
8
BLACK
6
CONTINUOUS
10
7.0138825984251971
20
-2.4363542125984252
11
7.0151627559055116
21
-2.4344383464566928
0
LINE
8
BLACK
6
CONTINUOUS
10
7.0151627559055116
20
-2.4344383464566928
11
7.0170786220472436
21
-2.4331581889763778
0
LINE
8
BLACK
6
CONTINUOUS
10
7.0170786220472436
20
-2.4331581889763778
11
7.0193385826771655
21
-2.4327086614173226
0
LINE
8
BLACK
6
CONTINUOUS
10
7.0193385826771655
20
-2.4327086614173226
11
7.0842992125984248
21
-2.4327086614173226
0
LINE
8
BLACK
6
CONTINUOUS
10
7.0842992125984248
20
-2.4327086614173226
11
7.0865591732283466
21
-2.4331581889763778
  0
ENDSEC
  0
EOF
