  0
SECTION
  2
HEADER
  9
$ANGBASE
  50
0.0
  9
$ANGDIR
  70
1
  9
$MEASUREMENT
  70
0
  0
ENDSEC
  0
SECTION
  2
TABLES
  0
TABLE
  2
LTYPE
  70
4
  0
LTYPE
  5
40F
  2
CONTINUOUS
  70
0
  3
Solid line
  72
65
  73
0
  40
0.0
  0
LTYPE
  5
410
  2
DASHDOT
 70
0
  3
Dash Dot ____ _ ____ _
 72
65
 73
4
 40
2.0
 49
1.25
 49
-0.25
 49
0.25
 49
-0.25
  0
LTYPE
  5
411
  2
DASHED
 70
0
  3
Dashed __ __ __ __ __
 72
65
 73
2
 40
0.75
 49
0.5
 49
-0.25
  0
LTYPE
  5
43B
  2
DOTTED
 70
0
  3
Dotted .  .  .  .
 72
65
 73
2
 40
0.2
 49
0.0
 49
-0.2
  0
ENDTAB
  0
TABLE
  2
STYLE
  70
4
  0
STYLE
  2
KICAD
  70
0
  40
0
  41
1
  42
1
  50
0
  71
0
  3
isocp.shx
  0
STYLE
  2
KICADB
  70
0
  40
0
  41
1
  42
1
  50
0
  71
0
  3
isocp.shx
  0
STYLE
  2
KICADI
  70
0
  40
0
  41
1
  42
1
  50
15
  71
0
  3
isocp.shx
  0
STYLE
  2
KICADBI
  70
0
  40
0
  41
1
  42
1
  50
15
  71
0
  3
isocp.shx
  0
ENDTAB
  0
TABLE
  2
LAYER
  70
1
  0
LAYER
  2
BLACK
  70
0
  62
7
  6
CONTINUOUS
  0
ENDTAB
  0
ENDSEC
  0
SECTION
  2
ENTITIES
0
LINE
8
BLACK
6
CONTINUOUS
10
6.9685905511811024
20
-6.5357165354330711
11
11.2205590551181107
21
-6.5357165354330711
0
LINE
8
BLACK
6
CONTINUOUS
10
11.2205590551181107
20
-6.5357165354330711
11
11.2205590551181107
21
-7.79555905511811
0
LINE
8
BLACK
6
CONTINUOUS
10
11.2205590551181107
20
-7.79555905511811
11
6.9685905511811024
21
-7.79555905511811
0
LINE
8
BLACK
6
CONTINUOUS
10
6.9685905511811024
20
-7.79555905511811
11
6.9685905511811024
21
-6.5357165354330711
0
LINE
8
BLACK
6
CONTINUOUS
10
0.3937007874015748
20
-0.3937007874015748
11
11.2992992125984255
21
-0.3937007874015748
0
LINE
8
BLACK
6
CONTINUOUS
10
11.2992992125984255
20
-0.3937007874015748
11
11.2992992125984255
21
-7.8742992125984248
0
LINE
8
BLACK
6
CONTINUOUS
10
11.2992992125984255
20
-7.8742992125984248
11
0.3937007874015748
21
-7.8742992125984248
0
LINE
8
BLACK
6
CONTINUOUS
10
0.3937007874015748
20
-7.8742992125984248
11
0.3937007874015748
21
-0.3937007874015748
0
LINE
8
BLACK
6
CONTINUOUS
10
0.4724409448818898
20
-0.4724409448818898
11
11.2205590551181107
21
-0.4724409448818898
0
LINE
8
BLACK
6
CONTINUOUS
10
11.2205590551181107
20
-0.4724409448818898
11
11.2205590551181107
21
-7.79555905511811
0
LINE
8
BLACK
6
CONTINUOUS
10
11.2205590551181107
20
-7.79555905511811
11
0.4724409448818898
21
-7.79555905511811
0
LINE
8
BLACK
6
CONTINUOUS
10
0.4724409448818898
20
-7.79555905511811
11
0.4724409448818898
21
-0.4724409448818898
0
LINE
8
BLACK
6
CONTINUOUS
10
2.3622047244094486
20
-0.4724409448818898
11
2.3622047244094486
21
-0.3937007874015748
0
LINE
8
BLACK
6
CONTINUOUS
10
4.3307086614173231
20
-0.4724409448818898
11
4.3307086614173231
21
-0.3937007874015748
0
LINE
8
BLACK
6
CONTINUOUS
10
6.2992125984251963
20
-0.4724409448818898
11
6.2992125984251963
21
-0.3937007874015748
0
LINE
8
BLACK
6
CONTINUOUS
10
8.2677165354330704
20
-0.4724409448818898
11
8.2677165354330704
21
-0.3937007874015748
0
LINE
8
BLACK
6
CONTINUOUS
10
10.2362204724409445
20
-0.4724409448818898
11
10.2362204724409445
21
-0.3937007874015748
0
LINE
8
BLACK
6
CONTINUOUS
10
1.4208330708661416
20
-0.4564411023622047
11
1.3915867322834645
21
-0.4564411023622047
0
LINE
8
BLACK
6
CONTINUOUS
10
1.4062098818897637
20
-0.4564411023622047
11
1.4062098818897637
21
-0.40526
0
LINE
8
BLACK
6
CONTINUOUS
10
1.4062098818897637
20
-0.40526
11
1.4013355118110236
21
-0.4125716141732284
0
LINE
8
BLACK
6
CONTINUOUS
10
1.4013355118110236
20
-0.4125716141732284
11
1.3964611023622047
21
-0.4174459842519685
0
LINE
8
BLACK
6
CONTINUOUS
10
1.3964611023622047
20
-0.4174459842519685
11
1.3915867322834645
21
-0.4198831889763779
0
LINE
8
BLACK
6
CONTINUOUS
10
3.3600906692913384
20
-0.4101344094488189
11
3.3625278346456691
21
-0.4076972047244095
0
LINE
8
BLACK
6
CONTINUOUS
10
3.3625278346456691
20
-0.4076972047244095
11
3.367402244094488
21
-0.40526
0
LINE
8
BLACK
6
CONTINUOUS
10
3.367402244094488
20
-0.40526
11
3.3795882283464564
21
-0.40526
0
LINE
8
BLACK
6
CONTINUOUS
10
3.3795882283464564
20
-0.40526
11
3.3844625984251966
21
-0.4076972047244095
0
LINE
8
BLACK
6
CONTINUOUS
10
3.3844625984251966
20
-0.4076972047244095
11
3.386899803149606
21
-0.4101344094488189
0
LINE
8
BLACK
6
CONTINUOUS
10
3.386899803149606
20
-0.4101344094488189
11
3.3893370078740155
21
-0.415008779527559
0
LINE
8
BLACK
6
CONTINUOUS
10
3.3893370078740155
20
-0.415008779527559
11
3.3893370078740155
21
-0.4198831889763779
0
LINE
8
BLACK
6
CONTINUOUS
10
3.3893370078740155
20
-0.4198831889763779
11
3.386899803149606
21
-0.4271947637795275
0
LINE
8
BLACK
6
CONTINUOUS
10
3.386899803149606
20
-0.4271947637795275
11
3.3576534645669289
21
-0.4564411023622047
0
LINE
8
BLACK
6
CONTINUOUS
10
3.3576534645669289
20
-0.4564411023622047
11
3.3893370078740155
21
-0.4564411023622047
0
LINE
8
BLACK
6
CONTINUOUS
10
5.326157401574803
20
-0.40526
11
5.3578409448818896
21
-0.40526
0
LINE
8
BLACK
6
CONTINUOUS
10
5.3578409448818896
20
-0.40526
11
5.3407805511811022
21
-0.4247575590551181
0
LINE
8
BLACK
6
CONTINUOUS
10
5.3407805511811022
20
-0.4247575590551181
11
5.3480921653543305
21
-0.4247575590551181
0
LINE
8
BLACK
6
CONTINUOUS
10
5.3480921653543305
20
-0.4247575590551181
11
5.3529665354330707
21
-0.4271947637795275
0
LINE
8
BLACK
6
CONTINUOUS
10
5.3529665354330707
20
-0.4271947637795275
11
5.3554037401574801
21
-0.429631968503937
0
LINE
8
BLACK
6
CONTINUOUS
10
5.3554037401574801
20
-0.429631968503937
11
5.3578409448818896
21
-0.4345063385826772
0
LINE
8
BLACK
6
CONTINUOUS
10
5.3578409448818896
20
-0.4345063385826772
11
5.3578409448818896
21
-0.4466923228346457
0
LINE
8
BLACK
6
CONTINUOUS
10
5.3578409448818896
20
-0.4466923228346457
11
5.3554037401574801
21
-0.4515667322834646
0
LINE
8
BLACK
6
CONTINUOUS
10
5.3554037401574801
20
-0.4515667322834646
11
5.3529665354330707
21
-0.454003937007874
0
LINE
8
BLACK
6
CONTINUOUS
10
5.3529665354330707
20
-0.454003937007874
11
5.3480921653543305
21
-0.4564411023622047
0
LINE
8
BLACK
6
CONTINUOUS
10
5.3480921653543305
20
-0.4564411023622047
11
5.3334689763779526
21
-0.4564411023622047
0
LINE
8
BLACK
6
CONTINUOUS
10
5.3334689763779526
20
-0.4564411023622047
11
5.3285946062992124
21
-0.454003937007874
0
LINE
8
BLACK
6
CONTINUOUS
10
5.3285946062992124
20
-0.454003937007874
11
5.326157401574803
21
-0.4515667322834646
0
LINE
8
BLACK
6
CONTINUOUS
10
7.3214704724409447
20
-0.4223203937007874
11
7.3214704724409447
21
-0.4564411023622047
0
LINE
8
BLACK
6
CONTINUOUS
10
7.3092844881889762
20
-0.4028228346456693
11
7.2970985433070865
21
-0.4393807480314961
0
LINE
8
BLACK
6
CONTINUOUS
10
7.2970985433070865
20
-0.4393807480314961
11
7.3287820472440943
21
-0.4393807480314961
0
LINE
8
BLACK
6
CONTINUOUS
10
9.2924116141732274
20
-0.40526
11
9.2680396456692904
21
-0.40526
0
LINE
8
BLACK
6
CONTINUOUS
10
9.2680396456692904
20
-0.40526
11
9.2656024803149606
21
-0.429631968503937
0
LINE
8
BLACK
6
CONTINUOUS
10
9.2656024803149606
20
-0.429631968503937
11
9.2680396456692904
21
-0.4271947637795275
0
LINE
8
BLACK
6
CONTINUOUS
10
9.2680396456692904
20
-0.4271947637795275
11
9.2729140551181093
21
-0.4247575590551181
0
LINE
8
BLACK
6
CONTINUOUS
10
9.2729140551181093
20
-0.4247575590551181
11
9.2851000393700787
21
-0.4247575590551181
0
LINE
8
BLACK
6
CONTINUOUS
10
9.2851000393700787
20
-0.4247575590551181
11
9.2899744094488188
21
-0.4271947637795275
0
LINE
8
BLACK
6
CONTINUOUS
10
9.2899744094488188
20
-0.4271947637795275
11
9.2924116141732274
21
-0.429631968503937
0
LINE
8
BLACK
6
CONTINUOUS
10
9.2924116141732274
20
-0.429631968503937
11
9.2948488188976377
21
-0.4345063385826772
0
LINE
8
BLACK
6
CONTINUOUS
10
9.2948488188976377
20
-0.4345063385826772
11
9.2948488188976377
21
-0.4466923228346457
0
LINE
8
BLACK
6
CONTINUOUS
10
9.2948488188976377
20
-0.4466923228346457
11
9.2924116141732274
21
-0.4515667322834646
0
LINE
8
BLACK
6
CONTINUOUS
10
9.2924116141732274
20
-0.4515667322834646
11
9.2899744094488188
21
-0.454003937007874
0
LINE
8
BLACK
6
CONTINUOUS
10
9.2899744094488188
20
-0.454003937007874
11
9.2851000393700787
21
-0.4564411023622047
0
LINE
8
BLACK
6
CONTINUOUS
10
9.2851000393700787
20
-0.4564411023622047
11
9.2729140551181093
21
-0.4564411023622047
0
LINE
8
BLACK
6
CONTINUOUS
10
9.2729140551181093
20
-0.4564411023622047
11
9.2680396456692904
21
-0.454003937007874
0
LINE
8
BLACK
6
CONTINUOUS
10
9.2680396456692904
20
-0.454003937007874
11
9.2656024803149606
21
-0.4515667322834646
0
LINE
8
BLACK
6
CONTINUOUS
10
11.2584783464566929
20
-0.40526
11
11.2487295669291338
21
-0.40526
0
LINE
8
BLACK
6
CONTINUOUS
10
11.2487295669291338
20
-0.40526
11
11.2438551968503937
21
-0.4076972047244095
0
LINE
8
BLACK
6
CONTINUOUS
10
11.2438551968503937
20
-0.4076972047244095
11
11.2414179921259834
21
-0.4101344094488189
0
LINE
8
BLACK
6
CONTINUOUS
10
11.2414179921259834
20
-0.4101344094488189
11
11.2365435826771645
21
-0.4174459842519685
0
LINE
8
BLACK
6
CONTINUOUS
10
11.2365435826771645
20
-0.4174459842519685
11
11.2341064173228347
21
-0.4271947637795275
0
LINE
8
BLACK
6
CONTINUOUS
10
11.2341064173228347
20
-0.4271947637795275
11
11.2341064173228347
21
-0.4466923228346457
0
LINE
8
BLACK
6
CONTINUOUS
10
11.2341064173228347
20
-0.4466923228346457
11
11.2365435826771645
21
-0.4515667322834646
0
LINE
8
BLACK
6
CONTINUOUS
10
11.2365435826771645
20
-0.4515667322834646
11
11.2389807874015748
21
-0.454003937007874
0
LINE
8
BLACK
6
CONTINUOUS
10
11.2389807874015748
20
-0.454003937007874
11
11.2438551968503937
21
-0.4564411023622047
0
LINE
8
BLACK
6
CONTINUOUS
10
11.2438551968503937
20
-0.4564411023622047
11
11.2536039763779527
21
-0.4564411023622047
0
LINE
8
BLACK
6
CONTINUOUS
10
11.2536039763779527
20
-0.4564411023622047
11
11.2584783464566929
21
-0.454003937007874
0
LINE
8
BLACK
6
CONTINUOUS
10
11.2584783464566929
20
-0.454003937007874
11
11.2609155511811014
21
-0.4515667322834646
0
LINE
8
BLACK
6
CONTINUOUS
10
11.2609155511811014
20
-0.4515667322834646
11
11.2633527559055118
21
-0.4466923228346457
0
LINE
8
BLACK
6
CONTINUOUS
10
11.2633527559055118
20
-0.4466923228346457
11
11.2633527559055118
21
-0.4345063385826772
0
LINE
8
BLACK
6
CONTINUOUS
10
11.2633527559055118
20
-0.4345063385826772
11
11.2609155511811014
21
-0.429631968503937
0
LINE
8
BLACK
6
CONTINUOUS
10
11.2609155511811014
20
-0.429631968503937
11
11.2584783464566929
21
-0.4271947637795275
0
LINE
8
BLACK
6
CONTINUOUS
10
11.2584783464566929
20
-0.4271947637795275
11
11.2536039763779527
21
-0.4247575590551181
0
LINE
8
BLACK
6
CONTINUOUS
10
11.2536039763779527
20
-0.4247575590551181
11
11.2438551968503937
21
-0.4247575590551181
0
LINE
8
BLACK
6
CONTINUOUS
10
11.2438551968503937
20
-0.4247575590551181
11
11.2389807874015748
21
-0.4271947637795275
0
LINE
8
BLACK
6
CONTINUOUS
10
11.2389807874015748
20
-0.4271947637795275
11
11.2365435826771645
21
-0.429631968503937
0
LINE
8
BLACK
6
CONTINUOUS
10
11.2365435826771645
20
-0.429631968503937
11
11.2341064173228347
21
-0.4345063385826772
0
LINE
8
BLACK
6
CONTINUOUS
10
2.3622047244094486
20
-7.79555905511811
11
2.3622047244094486
21
-7.8742992125984248
0
LINE
8
BLACK
6
CONTINUOUS
10
4.3307086614173231
20
-7.79555905511811
11
4.3307086614173231
21
-7.8742992125984248
0
LINE
8
BLACK
6
CONTINUOUS
10
6.2992125984251963
20
-7.79555905511811
11
6.2992125984251963
21
-7.8742992125984248
0
LINE
8
BLACK
6
CONTINUOUS
10
8.2677165354330704
20
-7.79555905511811
11
8.2677165354330704
21
-7.8742992125984248
0
LINE
8
BLACK
6
CONTINUOUS
10
10.2362204724409445
20
-7.79555905511811
11
10.2362204724409445
21
-7.8742992125984248
0
LINE
8
BLACK
6
CONTINUOUS
10
1.4208330708661416
20
-7.8582993700787398
11
1.3915867322834645
21
-7.8582993700787398
0
LINE
8
BLACK
6
CONTINUOUS
10
1.4062098818897637
20
-7.8582993700787398
11
1.4062098818897637
21
-7.8071182677165352
0
LINE
8
BLACK
6
CONTINUOUS
10
1.4062098818897637
20
-7.8071182677165352
11
1.4013355118110236
21
-7.8144298818897635
0
LINE
8
BLACK
6
CONTINUOUS
10
1.4013355118110236
20
-7.8144298818897635
11
1.3964611023622047
21
-7.8193042519685036
0
LINE
8
BLACK
6
CONTINUOUS
10
1.3964611023622047
20
-7.8193042519685036
11
1.3915867322834645
21
-7.8217414566929131
0
LINE
8
BLACK
6
CONTINUOUS
10
3.3600906692913384
20
-7.8119926771653541
11
3.3625278346456691
21
-7.8095554724409446
0
LINE
8
BLACK
6
CONTINUOUS
10
3.3625278346456691
20
-7.8095554724409446
11
3.367402244094488
21
-7.8071182677165352
0
LINE
8
BLACK
6
CONTINUOUS
10
3.367402244094488
20
-7.8071182677165352
11
3.3795882283464564
21
-7.8071182677165352
0
LINE
8
BLACK
6
CONTINUOUS
10
3.3795882283464564
20
-7.8071182677165352
11
3.3844625984251966
21
-7.8095554724409446
0
LINE
8
BLACK
6
CONTINUOUS
10
3.3844625984251966
20
-7.8095554724409446
11
3.386899803149606
21
-7.8119926771653541
0
LINE
8
BLACK
6
CONTINUOUS
10
3.386899803149606
20
-7.8119926771653541
11
3.3893370078740155
21
-7.8168670472440942
0
LINE
8
BLACK
6
CONTINUOUS
10
3.3893370078740155
20
-7.8168670472440942
11
3.3893370078740155
21
-7.8217414566929131
0
LINE
8
BLACK
6
CONTINUOUS
10
3.3893370078740155
20
-7.8217414566929131
11
3.386899803149606
21
-7.8290530314960627
0
LINE
8
BLACK
6
CONTINUOUS
10
3.386899803149606
20
-7.8290530314960627
11
3.3576534645669289
21
-7.8582993700787398
0
LINE
8
BLACK
6
CONTINUOUS
10
3.3576534645669289
20
-7.8582993700787398
11
3.3893370078740155
21
-7.8582993700787398
0
LINE
8
BLACK
6
CONTINUOUS
10
5.326157401574803
20
-7.8071182677165352
11
5.3578409448818896
21
-7.8071182677165352
0
LINE
8
BLACK
6
CONTINUOUS
10
5.3578409448818896
20
-7.8071182677165352
11
5.3407805511811022
21
-7.8266158267716532
0
LINE
8
BLACK
6
CONTINUOUS
10
5.3407805511811022
20
-7.8266158267716532
11
5.3480921653543305
21
-7.8266158267716532
0
LINE
8
BLACK
6
CONTINUOUS
10
5.3480921653543305
20
-7.8266158267716532
11
5.3529665354330707
21
-7.8290530314960627
0
LINE
8
BLACK
6
CONTINUOUS
10
5.3529665354330707
20
-7.8290530314960627
11
5.3554037401574801
21
-7.8314902362204721
0
LINE
8
BLACK
6
CONTINUOUS
10
5.3554037401574801
20
-7.8314902362204721
11
5.3578409448818896
21
-7.8363646062992123
0
LINE
8
BLACK
6
CONTINUOUS
10
5.3578409448818896
20
-7.8363646062992123
11
5.3578409448818896
21
-7.8485505905511808
0
LINE
8
BLACK
6
CONTINUOUS
10
5.3578409448818896
20
-7.8485505905511808
11
5.3554037401574801
21
-7.8534249999999997
0
LINE
8
BLACK
6
CONTINUOUS
10
5.3554037401574801
20
-7.8534249999999997
11
5.3529665354330707
21
-7.8558622047244091
0
LINE
8
BLACK
6
CONTINUOUS
10
5.3529665354330707
20
-7.8558622047244091
11
5.3480921653543305
21
-7.8582993700787398
0
LINE
8
BLACK
6
CONTINUOUS
10
5.3480921653543305
20
-7.8582993700787398
11
5.3334689763779526
21
-7.8582993700787398
0
LINE
8
BLACK
6
CONTINUOUS
10
5.3334689763779526
20
-7.8582993700787398
11
5.3285946062992124
21
-7.8558622047244091
0
LINE
8
BLACK
6
CONTINUOUS
10
5.3285946062992124
20
-7.8558622047244091
11
5.326157401574803
21
-7.8534249999999997
0
LINE
8
BLACK
6
CONTINUOUS
10
7.3214704724409447
20
-7.8241786614173225
11
7.3214704724409447
21
-7.8582993700787398
0
LINE
8
BLACK
6
CONTINUOUS
10
7.3092844881889762
20
-7.8046811023622045
11
7.2970985433070865
21
-7.8412390157480312
0
LINE
8
BLACK
6
CONTINUOUS
10
7.2970985433070865
20
-7.8412390157480312
11
7.3287820472440943
21
-7.8412390157480312
0
LINE
8
BLACK
6
CONTINUOUS
10
9.2924116141732274
20
-7.8071182677165352
11
9.2680396456692904
21
-7.8071182677165352
0
LINE
8
BLACK
6
CONTINUOUS
10
9.2680396456692904
20
-7.8071182677165352
11
9.2656024803149606
21
-7.8314902362204721
0
LINE
8
BLACK
6
CONTINUOUS
10
9.2656024803149606
20
-7.8314902362204721
11
9.2680396456692904
21
-7.8290530314960627
0
LINE
8
BLACK
6
CONTINUOUS
10
9.2680396456692904
20
-7.8290530314960627
11
9.2729140551181093
21
-7.8266158267716532
0
LINE
8
BLACK
6
CONTINUOUS
10
9.2729140551181093
20
-7.8266158267716532
11
9.2851000393700787
21
-7.8266158267716532
0
LINE
8
BLACK
6
CONTINUOUS
10
9.2851000393700787
20
-7.8266158267716532
11
9.2899744094488188
21
-7.8290530314960627
0
LINE
8
BLACK
6
CONTINUOUS
10
9.2899744094488188
20
-7.8290530314960627
11
9.2924116141732274
21
-7.8314902362204721
0
LINE
8
BLACK
6
CONTINUOUS
10
9.2924116141732274
20
-7.8314902362204721
11
9.2948488188976377
21
-7.8363646062992123
0
LINE
8
BLACK
6
CONTINUOUS
10
9.2948488188976377
20
-7.8363646062992123
11
9.2948488188976377
21
-7.8485505905511808
0
LINE
8
BLACK
6
CONTINUOUS
10
9.2948488188976377
20
-7.8485505905511808
11
9.2924116141732274
21
-7.8534249999999997
0
LINE
8
BLACK
6
CONTINUOUS
10
9.2924116141732274
20
-7.8534249999999997
11
9.2899744094488188
21
-7.8558622047244091
0
LINE
8
BLACK
6
CONTINUOUS
10
9.2899744094488188
20
-7.8558622047244091
11
9.2851000393700787
21
-7.8582993700787398
0
LINE
8
BLACK
6
CONTINUOUS
10
9.2851000393700787
20
-7.8582993700787398
11
9.2729140551181093
21
-7.8582993700787398
0
LINE
8
BLACK
6
CONTINUOUS
10
9.2729140551181093
20
-7.8582993700787398
11
9.2680396456692904
21
-7.8558622047244091
0
LINE
8
BLACK
6
CONTINUOUS
10
9.2680396456692904
20
-7.8558622047244091
11
9.2656024803149606
21
-7.8534249999999997
0
LINE
8
BLACK
6
CONTINUOUS
10
11.2584783464566929
20
-7.8071182677165352
11
11.2487295669291338
21
-7.8071182677165352
0
LINE
8
BLACK
6
CONTINUOUS
10
11.2487295669291338
20
-7.8071182677165352
11
11.2438551968503937
21
-7.8095554724409446
0
LINE
8
BLACK
6
CONTINUOUS
10
11.2438551968503937
20
-7.8095554724409446
11
11.2414179921259834
21
-7.8119926771653541
0
LINE
8
BLACK
6
CONTINUOUS
10
11.2414179921259834
20
-7.8119926771653541
11
11.2365435826771645
21
-7.8193042519685036
0
LINE
8
BLACK
6
CONTINUOUS
10
11.2365435826771645
20
-7.8193042519685036
11
11.2341064173228347
21
-7.8290530314960627
0
LINE
8
BLACK
6
CONTINUOUS
10
11.2341064173228347
20
-7.8290530314960627
11
11.2341064173228347
21
-7.8485505905511808
0
LINE
8
BLACK
6
CONTINUOUS
10
11.2341064173228347
20
-7.8485505905511808
11
11.2365435826771645
21
-7.8534249999999997
0
LINE
8
BLACK
6
CONTINUOUS
10
11.2365435826771645
20
-7.8534249999999997
11
11.2389807874015748
21
-7.8558622047244091
0
LINE
8
BLACK
6
CONTINUOUS
10
11.2389807874015748
20
-7.8558622047244091
11
11.2438551968503937
21
-7.8582993700787398
0
LINE
8
BLACK
6
CONTINUOUS
10
11.2438551968503937
20
-7.8582993700787398
11
11.2536039763779527
21
-7.8582993700787398
0
LINE
8
BLACK
6
CONTINUOUS
10
11.2536039763779527
20
-7.8582993700787398
11
11.2584783464566929
21
-7.8558622047244091
0
LINE
8
BLACK
6
CONTINUOUS
10
11.2584783464566929
20
-7.8558622047244091
11
11.2609155511811014
21
-7.8534249999999997
0
LINE
8
BLACK
6
CONTINUOUS
10
11.2609155511811014
20
-7.8534249999999997
11
11.2633527559055118
21
-7.8485505905511808
0
LINE
8
BLACK
6
CONTINUOUS
10
11.2633527559055118
20
-7.8485505905511808
11
11.2633527559055118
21
-7.8363646062992123
0
LINE
8
BLACK
6
CONTINUOUS
10
11.2633527559055118
20
-7.8363646062992123
11
11.2609155511811014
21
-7.8314902362204721
0
LINE
8
BLACK
6
CONTINUOUS
10
11.2609155511811014
20
-7.8314902362204721
11
11.2584783464566929
21
-7.8290530314960627
0
LINE
8
BLACK
6
CONTINUOUS
10
11.2584783464566929
20
-7.8290530314960627
11
11.2536039763779527
21
-7.8266158267716532
0
LINE
8
BLACK
6
CONTINUOUS
10
11.2536039763779527
20
-7.8266158267716532
11
11.2438551968503937
21
-7.8266158267716532
0
LINE
8
BLACK
6
CONTINUOUS
10
11.2438551968503937
20
-7.8266158267716532
11
11.2389807874015748
21
-7.8290530314960627
0
LINE
8
BLACK
6
CONTINUOUS
10
11.2389807874015748
20
-7.8290530314960627
11
11.2365435826771645
21
-7.8314902362204721
0
LINE
8
BLACK
6
CONTINUOUS
10
11.2365435826771645
20
-7.8314902362204721
11
11.2341064173228347
21
-7.8363646062992123
0
LINE
8
BLACK
6
CONTINUOUS
10
0.3937007874015748
20
-2.3622047244094486
11
0.4724409448818898
21
-2.3622047244094486
0
LINE
8
BLACK
6
CONTINUOUS
10
0.3937007874015748
20
-4.3307086614173231
11
0.4724409448818898
21
-4.3307086614173231
0
LINE
8
BLACK
6
CONTINUOUS
10
0.3937007874015748
20
-6.2992125984251963
11
0.4724409448818898
21
-6.2992125984251963
0
LINE
8
BLACK
6
CONTINUOUS
10
0.4208848818897638
20
-1.386699842519685
11
0.445256811023622
21
-1.386699842519685
0
LINE
8
BLACK
6
CONTINUOUS
10
0.4160104724409449
20
-1.4013229921259842
11
0.4330708267716535
21
-1.3501418897637796
0
LINE
8
BLACK
6
CONTINUOUS
10
0.4330708267716535
20
-1.3501418897637796
11
0.4501312204724409
21
-1.4013229921259842
0
LINE
8
BLACK
6
CONTINUOUS
10
0.4367266535433071
20
-3.3430177952755904
11
0.4440382283464567
21
-3.3454549999999998
0
LINE
8
BLACK
6
CONTINUOUS
10
0.4440382283464567
20
-3.3454549999999998
11
0.4464754330708661
21
-3.3478921653543305
0
LINE
8
BLACK
6
CONTINUOUS
10
0.4464754330708661
20
-3.3478921653543305
11
0.4489125984251968
21
-3.3527665748031494
0
LINE
8
BLACK
6
CONTINUOUS
10
0.4489125984251968
20
-3.3527665748031494
11
0.4489125984251968
21
-3.360078149606299
0
LINE
8
BLACK
6
CONTINUOUS
10
0.4489125984251968
20
-3.360078149606299
11
0.4464754330708661
21
-3.3649525590551179
0
LINE
8
BLACK
6
CONTINUOUS
10
0.4464754330708661
20
-3.3649525590551179
11
0.4440382283464567
21
-3.3673897637795274
0
LINE
8
BLACK
6
CONTINUOUS
10
0.4440382283464567
20
-3.3673897637795274
11
0.4391638188976378
21
-3.3698269291338581
0
LINE
8
BLACK
6
CONTINUOUS
10
0.4391638188976378
20
-3.3698269291338581
11
0.4196662598425197
21
-3.3698269291338581
0
LINE
8
BLACK
6
CONTINUOUS
10
0.4196662598425197
20
-3.3698269291338581
11
0.4196662598425197
21
-3.3186458267716534
0
LINE
8
BLACK
6
CONTINUOUS
10
0.4196662598425197
20
-3.3186458267716534
11
0.4367266535433071
21
-3.3186458267716534
0
LINE
8
BLACK
6
CONTINUOUS
10
0.4367266535433071
20
-3.3186458267716534
11
0.4416010236220472
21
-3.3210830314960629
0
LINE
8
BLACK
6
CONTINUOUS
10
0.4416010236220472
20
-3.3210830314960629
11
0.4440382283464567
21
-3.3235202362204723
0
LINE
8
BLACK
6
CONTINUOUS
10
0.4440382283464567
20
-3.3235202362204723
11
0.4464754330708661
21
-3.3283946062992125
0
LINE
8
BLACK
6
CONTINUOUS
10
0.4464754330708661
20
-3.3283946062992125
11
0.4464754330708661
21
-3.3332690157480314
0
LINE
8
BLACK
6
CONTINUOUS
10
0.4464754330708661
20
-3.3332690157480314
11
0.4440382283464567
21
-3.3381433858267715
0
LINE
8
BLACK
6
CONTINUOUS
10
0.4440382283464567
20
-3.3381433858267715
11
0.4416010236220472
21
-3.340580590551181
0
LINE
8
BLACK
6
CONTINUOUS
10
0.4416010236220472
20
-3.340580590551181
11
0.4367266535433071
21
-3.3430177952755904
0
LINE
8
BLACK
6
CONTINUOUS
10
0.4367266535433071
20
-3.3430177952755904
11
0.4196662598425197
21
-3.3430177952755904
0
LINE
8
BLACK
6
CONTINUOUS
10
0.4489125984251968
20
-5.3334564960629924
11
0.4464754330708661
21
-5.3358937007874019
0
LINE
8
BLACK
6
CONTINUOUS
10
0.4464754330708661
20
-5.3358937007874019
11
0.4391638188976378
21
-5.3383308661417326
0
LINE
8
BLACK
6
CONTINUOUS
10
0.4391638188976378
20
-5.3383308661417326
11
0.4342894488188976
21
-5.3383308661417326
0
LINE
8
BLACK
6
CONTINUOUS
10
0.4342894488188976
20
-5.3383308661417326
11
0.426977874015748
21
-5.3358937007874019
0
LINE
8
BLACK
6
CONTINUOUS
10
0.426977874015748
20
-5.3358937007874019
11
0.4221034645669291
21
-5.331019291338583
0
LINE
8
BLACK
6
CONTINUOUS
10
0.4221034645669291
20
-5.331019291338583
11
0.4196662598425197
21
-5.3261448818897641
0
LINE
8
BLACK
6
CONTINUOUS
10
0.4196662598425197
20
-5.3261448818897641
11
0.417229094488189
21
-5.3163961023622042
0
LINE
8
BLACK
6
CONTINUOUS
10
0.417229094488189
20
-5.3163961023622042
11
0.417229094488189
21
-5.3090845275590546
0
LINE
8
BLACK
6
CONTINUOUS
10
0.417229094488189
20
-5.3090845275590546
11
0.4196662598425197
21
-5.2993357480314955
0
LINE
8
BLACK
6
CONTINUOUS
10
0.4196662598425197
20
-5.2993357480314955
11
0.4221034645669291
21
-5.2944613779527554
0
LINE
8
BLACK
6
CONTINUOUS
10
0.4221034645669291
20
-5.2944613779527554
11
0.426977874015748
21
-5.2895869685039365
0
LINE
8
BLACK
6
CONTINUOUS
10
0.426977874015748
20
-5.2895869685039365
11
0.4342894488188976
21
-5.2871497637795271
0
LINE
8
BLACK
6
CONTINUOUS
10
0.4342894488188976
20
-5.2871497637795271
11
0.4391638188976378
21
-5.2871497637795271
0
LINE
8
BLACK
6
CONTINUOUS
10
0.4391638188976378
20
-5.2871497637795271
11
0.4464754330708661
21
-5.2895869685039365
0
LINE
8
BLACK
6
CONTINUOUS
10
0.4464754330708661
20
-5.2895869685039365
11
0.4489125984251968
21
-5.292024173228346
0
LINE
8
BLACK
6
CONTINUOUS
10
0.4196662598425197
20
-7.3068348031496058
11
0.4196662598425197
21
-7.2556537007874011
0
LINE
8
BLACK
6
CONTINUOUS
10
0.4196662598425197
20
-7.2556537007874011
11
0.4318522440944882
21
-7.2556537007874011
0
LINE
8
BLACK
6
CONTINUOUS
10
0.4318522440944882
20
-7.2556537007874011
11
0.4391638188976378
21
-7.2580909055118106
0
LINE
8
BLACK
6
CONTINUOUS
10
0.4391638188976378
20
-7.2580909055118106
11
0.4440382283464567
21
-7.2629653149606295
0
LINE
8
BLACK
6
CONTINUOUS
10
0.4440382283464567
20
-7.2629653149606295
11
0.4464754330708661
21
-7.2678396850393696
0
LINE
8
BLACK
6
CONTINUOUS
10
0.4464754330708661
20
-7.2678396850393696
11
0.4489125984251968
21
-7.2775884645669286
0
LINE
8
BLACK
6
CONTINUOUS
10
0.4489125984251968
20
-7.2775884645669286
11
0.4489125984251968
21
-7.2849000393700782
0
LINE
8
BLACK
6
CONTINUOUS
10
0.4489125984251968
20
-7.2849000393700782
11
0.4464754330708661
21
-7.2946488188976373
0
LINE
8
BLACK
6
CONTINUOUS
10
0.4464754330708661
20
-7.2946488188976373
11
0.4440382283464567
21
-7.2995232283464562
0
LINE
8
BLACK
6
CONTINUOUS
10
0.4440382283464567
20
-7.2995232283464562
11
0.4391638188976378
21
-7.3043976377952751
0
LINE
8
BLACK
6
CONTINUOUS
10
0.4391638188976378
20
-7.3043976377952751
11
0.4318522440944882
21
-7.3068348031496058
0
LINE
8
BLACK
6
CONTINUOUS
10
0.4318522440944882
20
-7.3068348031496058
11
0.4196662598425197
21
-7.3068348031496058
0
LINE
8
BLACK
6
CONTINUOUS
10
11.2992992125984255
20
-2.3622047244094486
11
11.2205590551181107
21
-2.3622047244094486
0
LINE
8
BLACK
6
CONTINUOUS
10
11.2992992125984255
20
-4.3307086614173231
11
11.2205590551181107
21
-4.3307086614173231
0
LINE
8
BLACK
6
CONTINUOUS
10
11.2992992125984255
20
-6.2992125984251963
11
11.2205590551181107
21
-6.2992125984251963
0
LINE
8
BLACK
6
CONTINUOUS
10
11.2477431496062987
20
-1.386699842519685
11
11.2721150787401569
21
-1.386699842519685
0
LINE
8
BLACK
6
CONTINUOUS
10
11.2428687401574798
20
-1.4013229921259842
11
11.2599290944881893
21
-1.3501418897637796
0
LINE
8
BLACK
6
CONTINUOUS
10
11.2599290944881893
20
-1.3501418897637796
11
11.2769894881889758
21
-1.4013229921259842
0
LINE
8
BLACK
6
CONTINUOUS
10
11.2635849212598416
20
-3.3430177952755904
11
11.270896496062992
21
-3.3454549999999998
0
LINE
8
BLACK
6
CONTINUOUS
10
11.270896496062992
20
-3.3454549999999998
11
11.2733337007874006
21
-3.3478921653543305
0
LINE
8
BLACK
6
CONTINUOUS
10
11.2733337007874006
20
-3.3478921653543305
11
11.2757708661417322
21
-3.3527665748031494
0
LINE
8
BLACK
6
CONTINUOUS
10
11.2757708661417322
20
-3.3527665748031494
11
11.2757708661417322
21
-3.360078149606299
0
LINE
8
BLACK
6
CONTINUOUS
10
11.2757708661417322
20
-3.360078149606299
11
11.2733337007874006
21
-3.3649525590551179
0
LINE
8
BLACK
6
CONTINUOUS
10
11.2733337007874006
20
-3.3649525590551179
11
11.270896496062992
21
-3.3673897637795274
0
LINE
8
BLACK
6
CONTINUOUS
10
11.270896496062992
20
-3.3673897637795274
11
11.2660220866141731
21
-3.3698269291338581
0
LINE
8
BLACK
6
CONTINUOUS
10
11.2660220866141731
20
-3.3698269291338581
11
11.2465245275590551
21
-3.3698269291338581
0
LINE
8
BLACK
6
CONTINUOUS
10
11.2465245275590551
20
-3.3698269291338581
11
11.2465245275590551
21
-3.3186458267716534
0
LINE
8
BLACK
6
CONTINUOUS
10
11.2465245275590551
20
-3.3186458267716534
11
11.2635849212598416
21
-3.3186458267716534
0
LINE
8
BLACK
6
CONTINUOUS
10
11.2635849212598416
20
-3.3186458267716534
11
11.2684592913385817
21
-3.3210830314960629
0
LINE
8
BLACK
6
CONTINUOUS
10
11.2684592913385817
20
-3.3210830314960629
11
11.270896496062992
21
-3.3235202362204723
0
LINE
8
BLACK
6
CONTINUOUS
10
11.270896496062992
20
-3.3235202362204723
11
11.2733337007874006
21
-3.3283946062992125
0
LINE
8
BLACK
6
CONTINUOUS
10
11.2733337007874006
20
-3.3283946062992125
11
11.2733337007874006
21
-3.3332690157480314
0
LINE
8
BLACK
6
CONTINUOUS
10
11.2733337007874006
20
-3.3332690157480314
11
11.270896496062992
21
-3.3381433858267715
0
LINE
8
BLACK
6
CONTINUOUS
10
11.270896496062992
20
-3.3381433858267715
11
11.2684592913385817
21
-3.340580590551181
0
LINE
8
BLACK
6
CONTINUOUS
10
11.2684592913385817
20
-3.340580590551181
11
11.2635849212598416
21
-3.3430177952755904
0
LINE
8
BLACK
6
CONTINUOUS
10
11.2635849212598416
20
-3.3430177952755904
11
11.2465245275590551
21
-3.3430177952755904
0
LINE
8
BLACK
6
CONTINUOUS
10
11.2757708661417322
20
-5.3334564960629924
11
11.2733337007874006
21
-5.3358937007874019
0
LINE
8
BLACK
6
CONTINUOUS
10
11.2733337007874006
20
-5.3358937007874019
11
11.2660220866141731
21
-5.3383308661417326
0
LINE
8
BLACK
6
CONTINUOUS
10
11.2660220866141731
20
-5.3383308661417326
11
11.261147716535433
21
-5.3383308661417326
0
LINE
8
BLACK
6
CONTINUOUS
10
11.261147716535433
20
-5.3383308661417326
11
11.2538361417322825
21
-5.3358937007874019
0
LINE
8
BLACK
6
CONTINUOUS
10
11.2538361417322825
20
-5.3358937007874019
11
11.2489617322834636
21
-5.331019291338583
0
LINE
8
BLACK
6
CONTINUOUS
10
11.2489617322834636
20
-5.331019291338583
11
11.2465245275590551
21
-5.3261448818897641
0
LINE
8
BLACK
6
CONTINUOUS
10
11.2465245275590551
20
-5.3261448818897641
11
11.2440873622047235
21
-5.3163961023622042
0
LINE
8
BLACK
6
CONTINUOUS
10
11.2440873622047235
20
-5.3163961023622042
11
11.2440873622047235
21
-5.3090845275590546
0
LINE
8
BLACK
6
CONTINUOUS
10
11.2440873622047235
20
-5.3090845275590546
11
11.2465245275590551
21
-5.2993357480314955
0
LINE
8
BLACK
6
CONTINUOUS
10
11.2465245275590551
20
-5.2993357480314955
11
11.2489617322834636
21
-5.2944613779527554
0
LINE
8
BLACK
6
CONTINUOUS
10
11.2489617322834636
20
-5.2944613779527554
11
11.2538361417322825
21
-5.2895869685039365
0
LINE
8
BLACK
6
CONTINUOUS
10
11.2538361417322825
20
-5.2895869685039365
11
11.261147716535433
21
-5.2871497637795271
0
LINE
8
BLACK
6
CONTINUOUS
10
11.261147716535433
20
-5.2871497637795271
11
11.2660220866141731
21
-5.2871497637795271
0
LINE
8
BLACK
6
CONTINUOUS
10
11.2660220866141731
20
-5.2871497637795271
11
11.2733337007874006
21
-5.2895869685039365
0
LINE
8
BLACK
6
CONTINUOUS
10
11.2733337007874006
20
-5.2895869685039365
11
11.2757708661417322
21
-5.292024173228346
0
LINE
8
BLACK
6
CONTINUOUS
10
11.2465245275590551
20
-7.3068348031496058
11
11.2465245275590551
21
-7.2556537007874011
0
LINE
8
BLACK
6
CONTINUOUS
10
11.2465245275590551
20
-7.2556537007874011
11
11.2587105118110227
21
-7.2556537007874011
0
LINE
8
BLACK
6
CONTINUOUS
10
11.2587105118110227
20
-7.2556537007874011
11
11.2660220866141731
21
-7.2580909055118106
0
LINE
8
BLACK
6
CONTINUOUS
10
11.2660220866141731
20
-7.2580909055118106
11
11.270896496062992
21
-7.2629653149606295
0
LINE
8
BLACK
6
CONTINUOUS
10
11.270896496062992
20
-7.2629653149606295
11
11.2733337007874006
21
-7.2678396850393696
0
LINE
8
BLACK
6
CONTINUOUS
10
11.2733337007874006
20
-7.2678396850393696
11
11.2757708661417322
21
-7.2775884645669286
0
LINE
8
BLACK
6
CONTINUOUS
10
11.2757708661417322
20
-7.2775884645669286
11
11.2757708661417322
21
-7.2849000393700782
0
LINE
8
BLACK
6
CONTINUOUS
10
11.2757708661417322
20
-7.2849000393700782
11
11.2733337007874006
21
-7.2946488188976373
0
LINE
8
BLACK
6
CONTINUOUS
10
11.2733337007874006
20
-7.2946488188976373
11
11.270896496062992
21
-7.2995232283464562
0
LINE
8
BLACK
6
CONTINUOUS
10
11.270896496062992
20
-7.2995232283464562
11
11.2660220866141731
21
-7.3043976377952751
0
LINE
8
BLACK
6
CONTINUOUS
10
11.2660220866141731
20
-7.3043976377952751
11
11.2587105118110227
21
-7.3068348031496058
0
LINE
8
BLACK
6
CONTINUOUS
10
11.2587105118110227
20
-7.3068348031496058
11
11.2465245275590551
21
-7.3068348031496058
0
LINE
8
BLACK
6
CONTINUOUS
10
7.8920482677165351
20
-7.6296585826771652
11
7.8920482677165351
21
-7.5706034645669291
0
LINE
8
BLACK
6
CONTINUOUS
10
7.8920482677165351
20
-7.5706034645669291
11
7.9061090157480312
21
-7.5706034645669291
0
LINE
8
BLACK
6
CONTINUOUS
10
7.9061090157480312
20
-7.5706034645669291
11
7.9145454724409445
21
-7.5734156299212598
0
LINE
8
BLACK
6
CONTINUOUS
10
7.9145454724409445
20
-7.5734156299212598
11
7.9201697637795272
21
-7.5790399212598425
0
LINE
8
BLACK
6
CONTINUOUS
10
7.9201697637795272
20
-7.5790399212598425
11
7.9229819291338579
21
-7.5846642125984252
0
LINE
8
BLACK
6
CONTINUOUS
10
7.9229819291338579
20
-7.5846642125984252
11
7.9257940551181099
21
-7.5959127952755905
0
LINE
8
BLACK
6
CONTINUOUS
10
7.9257940551181099
20
-7.5959127952755905
11
7.9257940551181099
21
-7.6043492519685039
0
LINE
8
BLACK
6
CONTINUOUS
10
7.9257940551181099
20
-7.6043492519685039
11
7.9229819291338579
21
-7.6155978346456692
0
LINE
8
BLACK
6
CONTINUOUS
10
7.9229819291338579
20
-7.6155978346456692
11
7.9201697637795272
21
-7.6212221259842519
0
LINE
8
BLACK
6
CONTINUOUS
10
7.9201697637795272
20
-7.6212221259842519
11
7.9145454724409445
21
-7.6268464566929133
0
LINE
8
BLACK
6
CONTINUOUS
10
7.9145454724409445
20
-7.6268464566929133
11
7.9061090157480312
21
-7.6296585826771652
0
LINE
8
BLACK
6
CONTINUOUS
10
7.9061090157480312
20
-7.6296585826771652
11
7.8920482677165351
21
-7.6296585826771652
0
LINE
8
BLACK
6
CONTINUOUS
10
7.9764127559055114
20
-7.6296585826771652
11
7.9764127559055114
21
-7.5987249606299212
0
LINE
8
BLACK
6
CONTINUOUS
10
7.9764127559055114
20
-7.5987249606299212
11
7.9736005905511806
21
-7.5931006692913385
0
LINE
8
BLACK
6
CONTINUOUS
10
7.9736005905511806
20
-7.5931006692913385
11
7.967976299212598
21
-7.5902885039370078
0
LINE
8
BLACK
6
CONTINUOUS
10
7.967976299212598
20
-7.5902885039370078
11
7.9567277165354326
21
-7.5902885039370078
0
LINE
8
BLACK
6
CONTINUOUS
10
7.9567277165354326
20
-7.5902885039370078
11
7.9511033858267712
21
-7.5931006692913385
0
LINE
8
BLACK
6
CONTINUOUS
10
7.9764127559055114
20
-7.6268464566929133
11
7.9707884251968499
21
-7.6296585826771652
0
LINE
8
BLACK
6
CONTINUOUS
10
7.9707884251968499
20
-7.6296585826771652
11
7.9567277165354326
21
-7.6296585826771652
0
LINE
8
BLACK
6
CONTINUOUS
10
7.9567277165354326
20
-7.6296585826771652
11
7.9511033858267712
21
-7.6268464566929133
0
LINE
8
BLACK
6
CONTINUOUS
10
7.9511033858267712
20
-7.6268464566929133
11
7.9482912598425193
21
-7.6212221259842519
0
LINE
8
BLACK
6
CONTINUOUS
10
7.9482912598425193
20
-7.6212221259842519
11
7.9482912598425193
21
-7.6155978346456692
0
LINE
8
BLACK
6
CONTINUOUS
10
7.9482912598425193
20
-7.6155978346456692
11
7.9511033858267712
21
-7.6099735433070865
0
LINE
8
BLACK
6
CONTINUOUS
10
7.9511033858267712
20
-7.6099735433070865
11
7.9567277165354326
21
-7.6071614173228346
0
LINE
8
BLACK
6
CONTINUOUS
10
7.9567277165354326
20
-7.6071614173228346
11
7.9707884251968499
21
-7.6071614173228346
0
LINE
8
BLACK
6
CONTINUOUS
10
7.9707884251968499
20
-7.6071614173228346
11
7.9764127559055114
21
-7.6043492519685039
0
LINE
8
BLACK
6
CONTINUOUS
10
7.9960977952755901
20
-7.5902885039370078
11
8.0185949606299207
21
-7.5902885039370078
0
LINE
8
BLACK
6
CONTINUOUS
10
8.0045342125984256
20
-7.5706034645669291
11
8.0045342125984256
21
-7.6212221259842519
0
LINE
8
BLACK
6
CONTINUOUS
10
8.0045342125984256
20
-7.6212221259842519
11
8.0073463779527554
21
-7.6268464566929133
0
LINE
8
BLACK
6
CONTINUOUS
10
8.0073463779527554
20
-7.6268464566929133
11
8.0129706692913381
21
-7.6296585826771652
0
LINE
8
BLACK
6
CONTINUOUS
10
8.0129706692913381
20
-7.6296585826771652
11
8.0185949606299207
21
-7.6296585826771652
0
LINE
8
BLACK
6
CONTINUOUS
10
8.0607772047244097
20
-7.6268464566929133
11
8.0551529133858271
21
-7.6296585826771652
0
LINE
8
BLACK
6
CONTINUOUS
10
8.0551529133858271
20
-7.6296585826771652
11
8.0439043307086617
21
-7.6296585826771652
0
LINE
8
BLACK
6
CONTINUOUS
10
8.0439043307086617
20
-7.6296585826771652
11
8.0382800000000003
21
-7.6268464566929133
0
LINE
8
BLACK
6
CONTINUOUS
10
8.0382800000000003
20
-7.6268464566929133
11
8.0354678740157475
21
-7.6212221259842519
0
LINE
8
BLACK
6
CONTINUOUS
10
8.0354678740157475
20
-7.6212221259842519
11
8.0354678740157475
21
-7.5987249606299212
0
LINE
8
BLACK
6
CONTINUOUS
10
8.0354678740157475
20
-7.5987249606299212
11
8.0382800000000003
21
-7.5931006692913385
0
LINE
8
BLACK
6
CONTINUOUS
10
8.0382800000000003
20
-7.5931006692913385
11
8.0439043307086617
21
-7.5902885039370078
0
LINE
8
BLACK
6
CONTINUOUS
10
8.0439043307086617
20
-7.5902885039370078
11
8.0551529133858271
21
-7.5902885039370078
0
LINE
8
BLACK
6
CONTINUOUS
10
8.0551529133858271
20
-7.5902885039370078
11
8.0607772047244097
21
-7.5931006692913385
0
LINE
8
BLACK
6
CONTINUOUS
10
8.0607772047244097
20
-7.5931006692913385
11
8.0635893700787395
21
-7.5987249606299212
0
LINE
8
BLACK
6
CONTINUOUS
10
8.0635893700787395
20
-7.5987249606299212
11
8.0635893700787395
21
-7.6043492519685039
0
LINE
8
BLACK
6
CONTINUOUS
10
8.0635893700787395
20
-7.6043492519685039
11
8.0354678740157475
21
-7.6099735433070865
0
LINE
8
BLACK
6
CONTINUOUS
10
8.0888986614173231
20
-7.6240342913385826
11
8.0917108267716529
21
-7.6268464566929133
0
LINE
8
BLACK
6
CONTINUOUS
10
8.0917108267716529
20
-7.6268464566929133
11
8.0888986614173231
21
-7.6296585826771652
0
LINE
8
BLACK
6
CONTINUOUS
10
8.0888986614173231
20
-7.6296585826771652
11
8.0860865354330702
21
-7.6268464566929133
0
LINE
8
BLACK
6
CONTINUOUS
10
8.0860865354330702
20
-7.6268464566929133
11
8.0888986614173231
21
-7.6240342913385826
0
LINE
8
BLACK
6
CONTINUOUS
10
8.0888986614173231
20
-7.6240342913385826
11
8.0888986614173231
21
-7.6296585826771652
0
LINE
8
BLACK
6
CONTINUOUS
10
8.0888986614173231
20
-7.5931006692913385
11
8.0917108267716529
21
-7.5959127952755905
0
LINE
8
BLACK
6
CONTINUOUS
10
8.0917108267716529
20
-7.5959127952755905
11
8.0888986614173231
21
-7.5987249606299212
0
LINE
8
BLACK
6
CONTINUOUS
10
8.0888986614173231
20
-7.5987249606299212
11
8.0860865354330702
21
-7.5959127952755905
0
LINE
8
BLACK
6
CONTINUOUS
10
8.0860865354330702
20
-7.5959127952755905
11
8.0888986614173231
21
-7.5931006692913385
0
LINE
8
BLACK
6
CONTINUOUS
10
8.0888986614173231
20
-7.5931006692913385
11
8.0888986614173231
21
-7.5987249606299212
0
LINE
8
BLACK
6
CONTINUOUS
10
6.9685905511811024
20
-7.657763779527559
11
11.2205590551181107
21
-7.657763779527559
0
LINE
8
BLACK
6
CONTINUOUS
10
7.0259065354330703
20
-7.739894803149606
11
7.0259065354330703
21
-7.6808396850393699
0
LINE
8
BLACK
6
CONTINUOUS
10
7.0596523228346459
20
-7.739894803149606
11
7.0343429921259837
21
-7.7061490157480312
0
LINE
8
BLACK
6
CONTINUOUS
10
7.0596523228346459
20
-7.6808396850393699
11
7.0259065354330703
21
-7.7145854724409446
0
LINE
8
BLACK
6
CONTINUOUS
10
7.0849616535433073
20
-7.739894803149606
11
7.0849616535433073
21
-7.7005247244094486
0
LINE
8
BLACK
6
CONTINUOUS
10
7.0849616535433073
20
-7.6808396850393699
11
7.0821495275590554
21
-7.6836518503937006
0
LINE
8
BLACK
6
CONTINUOUS
10
7.0821495275590554
20
-7.6836518503937006
11
7.0849616535433073
21
-7.6864639763779525
0
LINE
8
BLACK
6
CONTINUOUS
10
7.0849616535433073
20
-7.6864639763779525
11
7.087773818897638
21
-7.6836518503937006
0
LINE
8
BLACK
6
CONTINUOUS
10
7.087773818897638
20
-7.6836518503937006
11
7.0849616535433073
21
-7.6808396850393699
0
LINE
8
BLACK
6
CONTINUOUS
10
7.0849616535433073
20
-7.6808396850393699
11
7.0849616535433073
21
-7.6864639763779525
0
LINE
8
BLACK
6
CONTINUOUS
10
7.1468289370078741
20
-7.7342705118110233
11
7.1440168110236222
21
-7.737082677165354
0
LINE
8
BLACK
6
CONTINUOUS
10
7.1440168110236222
20
-7.737082677165354
11
7.1355803543307088
21
-7.739894803149606
0
LINE
8
BLACK
6
CONTINUOUS
10
7.1355803543307088
20
-7.739894803149606
11
7.1299560629921261
21
-7.739894803149606
0
LINE
8
BLACK
6
CONTINUOUS
10
7.1299560629921261
20
-7.739894803149606
11
7.1215196062992128
21
-7.737082677165354
0
LINE
8
BLACK
6
CONTINUOUS
10
7.1215196062992128
20
-7.737082677165354
11
7.1158953149606301
21
-7.7314583464566926
0
LINE
8
BLACK
6
CONTINUOUS
10
7.1158953149606301
20
-7.7314583464566926
11
7.1130831496062994
21
-7.7258340551181099
0
LINE
8
BLACK
6
CONTINUOUS
10
7.1130831496062994
20
-7.7258340551181099
11
7.1102710236220474
21
-7.7145854724409446
0
LINE
8
BLACK
6
CONTINUOUS
10
7.1102710236220474
20
-7.7145854724409446
11
7.1102710236220474
21
-7.7061490157480312
0
LINE
8
BLACK
6
CONTINUOUS
10
7.1102710236220474
20
-7.7061490157480312
11
7.1130831496062994
21
-7.6949004330708659
0
LINE
8
BLACK
6
CONTINUOUS
10
7.1130831496062994
20
-7.6949004330708659
11
7.1158953149606301
21
-7.6892761417322832
0
LINE
8
BLACK
6
CONTINUOUS
10
7.1158953149606301
20
-7.6892761417322832
11
7.1215196062992128
21
-7.6836518503937006
0
LINE
8
BLACK
6
CONTINUOUS
10
7.1215196062992128
20
-7.6836518503937006
11
7.1299560629921261
21
-7.6808396850393699
0
LINE
8
BLACK
6
CONTINUOUS
10
7.1299560629921261
20
-7.6808396850393699
11
7.1355803543307088
21
-7.6808396850393699
0
LINE
8
BLACK
6
CONTINUOUS
10
7.1355803543307088
20
-7.6808396850393699
11
7.1440168110236222
21
-7.6836518503937006
0
LINE
8
BLACK
6
CONTINUOUS
10
7.1440168110236222
20
-7.6836518503937006
11
7.1468289370078741
21
-7.6864639763779525
0
LINE
8
BLACK
6
CONTINUOUS
10
7.1974476377952756
20
-7.739894803149606
11
7.1974476377952756
21
-7.7089611811023619
0
LINE
8
BLACK
6
CONTINUOUS
10
7.1974476377952756
20
-7.7089611811023619
11
7.1946354724409449
21
-7.7033368897637793
0
LINE
8
BLACK
6
CONTINUOUS
10
7.1946354724409449
20
-7.7033368897637793
11
7.1890111811023623
21
-7.7005247244094486
0
LINE
8
BLACK
6
CONTINUOUS
10
7.1890111811023623
20
-7.7005247244094486
11
7.1777625984251969
21
-7.7005247244094486
0
LINE
8
BLACK
6
CONTINUOUS
10
7.1777625984251969
20
-7.7005247244094486
11
7.1721382677165355
21
-7.7033368897637793
0
LINE
8
BLACK
6
CONTINUOUS
10
7.1974476377952756
20
-7.737082677165354
11
7.1918233070866142
21
-7.739894803149606
0
LINE
8
BLACK
6
CONTINUOUS
10
7.1918233070866142
20
-7.739894803149606
11
7.1777625984251969
21
-7.739894803149606
0
LINE
8
BLACK
6
CONTINUOUS
10
7.1777625984251969
20
-7.739894803149606
11
7.1721382677165355
21
-7.737082677165354
0
LINE
8
BLACK
6
CONTINUOUS
10
7.1721382677165355
20
-7.737082677165354
11
7.1693261417322836
21
-7.7314583464566926
0
LINE
8
BLACK
6
CONTINUOUS
10
7.1693261417322836
20
-7.7314583464566926
11
7.1693261417322836
21
-7.7258340551181099
0
LINE
8
BLACK
6
CONTINUOUS
10
7.1693261417322836
20
-7.7258340551181099
11
7.1721382677165355
21
-7.7202097637795273
0
LINE
8
BLACK
6
CONTINUOUS
10
7.1721382677165355
20
-7.7202097637795273
11
7.1777625984251969
21
-7.7173976377952753
0
LINE
8
BLACK
6
CONTINUOUS
10
7.1777625984251969
20
-7.7173976377952753
11
7.1918233070866142
21
-7.7173976377952753
0
LINE
8
BLACK
6
CONTINUOUS
10
7.1918233070866142
20
-7.7173976377952753
11
7.1974476377952756
21
-7.7145854724409446
0
LINE
8
BLACK
6
CONTINUOUS
10
7.2508784645669291
20
-7.739894803149606
11
7.2508784645669291
21
-7.6808396850393699
0
LINE
8
BLACK
6
CONTINUOUS
10
7.2508784645669291
20
-7.737082677165354
11
7.2452541338582677
21
-7.739894803149606
0
LINE
8
BLACK
6
CONTINUOUS
10
7.2452541338582677
20
-7.739894803149606
11
7.2340055511811023
21
-7.739894803149606
0
LINE
8
BLACK
6
CONTINUOUS
10
7.2340055511811023
20
-7.739894803149606
11
7.2283812598425197
21
-7.737082677165354
0
LINE
8
BLACK
6
CONTINUOUS
10
7.2283812598425197
20
-7.737082677165354
11
7.225569094488189
21
-7.7342705118110233
0
LINE
8
BLACK
6
CONTINUOUS
10
7.225569094488189
20
-7.7342705118110233
11
7.222756968503937
21
-7.7286462204724407
0
LINE
8
BLACK
6
CONTINUOUS
10
7.222756968503937
20
-7.7286462204724407
11
7.222756968503937
21
-7.7117733070866139
0
LINE
8
BLACK
6
CONTINUOUS
10
7.222756968503937
20
-7.7117733070866139
11
7.225569094488189
21
-7.7061490157480312
0
LINE
8
BLACK
6
CONTINUOUS
10
7.225569094488189
20
-7.7061490157480312
11
7.2283812598425197
21
-7.7033368897637793
0
LINE
8
BLACK
6
CONTINUOUS
10
7.2283812598425197
20
-7.7033368897637793
11
7.2340055511811023
21
-7.7005247244094486
0
LINE
8
BLACK
6
CONTINUOUS
10
7.2340055511811023
20
-7.7005247244094486
11
7.2452541338582677
21
-7.7005247244094486
0
LINE
8
BLACK
6
CONTINUOUS
10
7.2452541338582677
20
-7.7005247244094486
11
7.2508784645669291
21
-7.7033368897637793
0
LINE
8
BLACK
6
CONTINUOUS
10
7.3239942913385825
20
-7.7089611811023619
11
7.3436793307086612
21
-7.7089611811023619
0
LINE
8
BLACK
6
CONTINUOUS
10
7.3521157874015746
20
-7.739894803149606
11
7.3239942913385825
21
-7.739894803149606
0
LINE
8
BLACK
6
CONTINUOUS
10
7.3239942913385825
20
-7.739894803149606
11
7.3239942913385825
21
-7.6808396850393699
0
LINE
8
BLACK
6
CONTINUOUS
10
7.3239942913385825
20
-7.6808396850393699
11
7.3521157874015746
21
-7.6808396850393699
0
LINE
8
BLACK
6
CONTINUOUS
10
7.3774251181102359
20
-7.7342705118110233
11
7.3802372834645666
21
-7.737082677165354
0
LINE
8
BLACK
6
CONTINUOUS
10
7.3802372834645666
20
-7.737082677165354
11
7.3774251181102359
21
-7.739894803149606
0
LINE
8
BLACK
6
CONTINUOUS
10
7.3774251181102359
20
-7.739894803149606
11
7.374612992125984
21
-7.737082677165354
0
LINE
8
BLACK
6
CONTINUOUS
10
7.374612992125984
20
-7.737082677165354
11
7.3774251181102359
21
-7.7342705118110233
0
LINE
8
BLACK
6
CONTINUOUS
10
7.3774251181102359
20
-7.7342705118110233
11
7.3774251181102359
21
-7.739894803149606
0
LINE
8
BLACK
6
CONTINUOUS
10
7.405546614173228
20
-7.739894803149606
11
7.405546614173228
21
-7.6808396850393699
0
LINE
8
BLACK
6
CONTINUOUS
10
7.405546614173228
20
-7.6808396850393699
11
7.4196073622047241
21
-7.6808396850393699
0
LINE
8
BLACK
6
CONTINUOUS
10
7.4196073622047241
20
-7.6808396850393699
11
7.4280438188976374
21
-7.6836518503937006
0
LINE
8
BLACK
6
CONTINUOUS
10
7.4280438188976374
20
-7.6836518503937006
11
7.4336681102362201
21
-7.6892761417322832
0
LINE
8
BLACK
6
CONTINUOUS
10
7.4336681102362201
20
-7.6892761417322832
11
7.4364802755905508
21
-7.6949004330708659
0
LINE
8
BLACK
6
CONTINUOUS
10
7.4364802755905508
20
-7.6949004330708659
11
7.4392924015748028
21
-7.7061490157480312
0
LINE
8
BLACK
6
CONTINUOUS
10
7.4392924015748028
20
-7.7061490157480312
11
7.4392924015748028
21
-7.7145854724409446
0
LINE
8
BLACK
6
CONTINUOUS
10
7.4392924015748028
20
-7.7145854724409446
11
7.4364802755905508
21
-7.7258340551181099
0
LINE
8
BLACK
6
CONTINUOUS
10
7.4364802755905508
20
-7.7258340551181099
11
7.4336681102362201
21
-7.7314583464566926
0
LINE
8
BLACK
6
CONTINUOUS
10
7.4336681102362201
20
-7.7314583464566926
11
7.4280438188976374
21
-7.737082677165354
0
LINE
8
BLACK
6
CONTINUOUS
10
7.4280438188976374
20
-7.737082677165354
11
7.4196073622047241
21
-7.739894803149606
0
LINE
8
BLACK
6
CONTINUOUS
10
7.4196073622047241
20
-7.739894803149606
11
7.405546614173228
21
-7.739894803149606
0
LINE
8
BLACK
6
CONTINUOUS
10
7.4646017322834641
20
-7.7342705118110233
11
7.4674138976377948
21
-7.737082677165354
0
LINE
8
BLACK
6
CONTINUOUS
10
7.4674138976377948
20
-7.737082677165354
11
7.4646017322834641
21
-7.739894803149606
0
LINE
8
BLACK
6
CONTINUOUS
10
7.4646017322834641
20
-7.739894803149606
11
7.4617896062992122
21
-7.737082677165354
0
LINE
8
BLACK
6
CONTINUOUS
10
7.4617896062992122
20
-7.737082677165354
11
7.4646017322834641
21
-7.7342705118110233
0
LINE
8
BLACK
6
CONTINUOUS
10
7.4646017322834641
20
-7.7342705118110233
11
7.4646017322834641
21
-7.739894803149606
0
LINE
8
BLACK
6
CONTINUOUS
10
7.4899111023622043
20
-7.723021929133858
11
7.5180325984251963
21
-7.723021929133858
0
LINE
8
BLACK
6
CONTINUOUS
10
7.4842868110236216
20
-7.739894803149606
11
7.5039718503937003
21
-7.6808396850393699
0
LINE
8
BLACK
6
CONTINUOUS
10
7.5039718503937003
20
-7.6808396850393699
11
7.523656889763779
21
-7.739894803149606
0
LINE
8
BLACK
6
CONTINUOUS
10
7.543341889763779
20
-7.7342705118110233
11
7.5461540551181097
21
-7.737082677165354
0
LINE
8
BLACK
6
CONTINUOUS
10
7.5461540551181097
20
-7.737082677165354
11
7.543341889763779
21
-7.739894803149606
0
LINE
8
BLACK
6
CONTINUOUS
10
7.543341889763779
20
-7.739894803149606
11
7.540529763779527
21
-7.737082677165354
0
LINE
8
BLACK
6
CONTINUOUS
10
7.540529763779527
20
-7.737082677165354
11
7.543341889763779
21
-7.7342705118110233
0
LINE
8
BLACK
6
CONTINUOUS
10
7.543341889763779
20
-7.7342705118110233
11
7.543341889763779
21
-7.739894803149606
0
LINE
8
BLACK
6
CONTINUOUS
10
7.6192699212598427
20
-7.739894803149606
11
7.630518503937008
21
-7.739894803149606
0
LINE
8
BLACK
6
CONTINUOUS
10
7.630518503937008
20
-7.739894803149606
11
7.6361427952755907
21
-7.737082677165354
0
LINE
8
BLACK
6
CONTINUOUS
10
7.6361427952755907
20
-7.737082677165354
11
7.6389549606299214
21
-7.7342705118110233
0
LINE
8
BLACK
6
CONTINUOUS
10
7.6389549606299214
20
-7.7342705118110233
11
7.6445792519685041
21
-7.7258340551181099
0
LINE
8
BLACK
6
CONTINUOUS
10
7.6445792519685041
20
-7.7258340551181099
11
7.6473914173228348
21
-7.7145854724409446
0
LINE
8
BLACK
6
CONTINUOUS
10
7.6473914173228348
20
-7.7145854724409446
11
7.6473914173228348
21
-7.6920882677165352
0
LINE
8
BLACK
6
CONTINUOUS
10
7.6473914173228348
20
-7.6920882677165352
11
7.6445792519685041
21
-7.6864639763779525
0
LINE
8
BLACK
6
CONTINUOUS
10
7.6445792519685041
20
-7.6864639763779525
11
7.6417671259842521
21
-7.6836518503937006
0
LINE
8
BLACK
6
CONTINUOUS
10
7.6417671259842521
20
-7.6836518503937006
11
7.6361427952755907
21
-7.6808396850393699
0
LINE
8
BLACK
6
CONTINUOUS
10
7.6361427952755907
20
-7.6808396850393699
11
7.6248942125984254
21
-7.6808396850393699
0
LINE
8
BLACK
6
CONTINUOUS
10
7.6248942125984254
20
-7.6808396850393699
11
7.6192699212598427
21
-7.6836518503937006
0
LINE
8
BLACK
6
CONTINUOUS
10
7.6192699212598427
20
-7.6836518503937006
11
7.616457755905512
21
-7.6864639763779525
0
LINE
8
BLACK
6
CONTINUOUS
10
7.616457755905512
20
-7.6864639763779525
11
7.61364562992126
21
-7.6920882677165352
0
LINE
8
BLACK
6
CONTINUOUS
10
7.61364562992126
20
-7.6920882677165352
11
7.61364562992126
21
-7.7061490157480312
0
LINE
8
BLACK
6
CONTINUOUS
10
7.61364562992126
20
-7.7061490157480312
11
7.616457755905512
21
-7.7117733070866139
0
LINE
8
BLACK
6
CONTINUOUS
10
7.616457755905512
20
-7.7117733070866139
11
7.6192699212598427
21
-7.7145854724409446
0
LINE
8
BLACK
6
CONTINUOUS
10
7.6192699212598427
20
-7.7145854724409446
11
7.6248942125984254
21
-7.7173976377952753
0
LINE
8
BLACK
6
CONTINUOUS
10
7.6248942125984254
20
-7.7173976377952753
11
7.6361427952755907
21
-7.7173976377952753
0
LINE
8
BLACK
6
CONTINUOUS
10
7.6361427952755907
20
-7.7173976377952753
11
7.6417671259842521
21
-7.7145854724409446
0
LINE
8
BLACK
6
CONTINUOUS
10
7.6417671259842521
20
-7.7145854724409446
11
7.6445792519685041
21
-7.7117733070866139
0
LINE
8
BLACK
6
CONTINUOUS
10
7.6445792519685041
20
-7.7117733070866139
11
7.6473914173228348
21
-7.7061490157480312
0
LINE
8
BLACK
6
CONTINUOUS
10
7.6727007086614174
20
-7.7342705118110233
11
7.6755128740157481
21
-7.737082677165354
0
LINE
8
BLACK
6
CONTINUOUS
10
7.6755128740157481
20
-7.737082677165354
11
7.6727007086614174
21
-7.739894803149606
0
LINE
8
BLACK
6
CONTINUOUS
10
7.6727007086614174
20
-7.739894803149606
11
7.6698885826771654
21
-7.737082677165354
0
LINE
8
BLACK
6
CONTINUOUS
10
7.6698885826771654
20
-7.737082677165354
11
7.6727007086614174
21
-7.7342705118110233
0
LINE
8
BLACK
6
CONTINUOUS
10
7.6727007086614174
20
-7.7342705118110233
11
7.6727007086614174
21
-7.739894803149606
0
LINE
8
BLACK
6
CONTINUOUS
10
7.7120708267716536
20
-7.6808396850393699
11
7.7176951181102362
21
-7.6808396850393699
0
LINE
8
BLACK
6
CONTINUOUS
10
7.7176951181102362
20
-7.6808396850393699
11
7.7233194094488189
21
-7.6836518503937006
0
LINE
8
BLACK
6
CONTINUOUS
10
7.7233194094488189
20
-7.6836518503937006
11
7.7261315748031496
21
-7.6864639763779525
0
LINE
8
BLACK
6
CONTINUOUS
10
7.7261315748031496
20
-7.6864639763779525
11
7.7289437007874016
21
-7.6920882677165352
0
LINE
8
BLACK
6
CONTINUOUS
10
7.7289437007874016
20
-7.6920882677165352
11
7.7317558661417323
21
-7.7033368897637793
0
LINE
8
BLACK
6
CONTINUOUS
10
7.7317558661417323
20
-7.7033368897637793
11
7.7317558661417323
21
-7.7173976377952753
0
LINE
8
BLACK
6
CONTINUOUS
10
7.7317558661417323
20
-7.7173976377952753
11
7.7289437007874016
21
-7.7286462204724407
0
LINE
8
BLACK
6
CONTINUOUS
10
7.7289437007874016
20
-7.7286462204724407
11
7.7261315748031496
21
-7.7342705118110233
0
LINE
8
BLACK
6
CONTINUOUS
10
7.7261315748031496
20
-7.7342705118110233
11
7.7233194094488189
21
-7.737082677165354
0
LINE
8
BLACK
6
CONTINUOUS
10
7.7233194094488189
20
-7.737082677165354
11
7.7176951181102362
21
-7.739894803149606
0
LINE
8
BLACK
6
CONTINUOUS
10
7.7176951181102362
20
-7.739894803149606
11
7.7120708267716536
21
-7.739894803149606
0
LINE
8
BLACK
6
CONTINUOUS
10
7.7120708267716536
20
-7.739894803149606
11
7.7064465354330709
21
-7.737082677165354
0
LINE
8
BLACK
6
CONTINUOUS
10
7.7064465354330709
20
-7.737082677165354
11
7.7036343700787402
21
-7.7342705118110233
0
LINE
8
BLACK
6
CONTINUOUS
10
7.7036343700787402
20
-7.7342705118110233
11
7.7008222047244095
21
-7.7286462204724407
0
LINE
8
BLACK
6
CONTINUOUS
10
7.7008222047244095
20
-7.7286462204724407
11
7.6980100787401575
21
-7.7173976377952753
0
LINE
8
BLACK
6
CONTINUOUS
10
7.6980100787401575
20
-7.7173976377952753
11
7.6980100787401575
21
-7.7033368897637793
0
LINE
8
BLACK
6
CONTINUOUS
10
7.6980100787401575
20
-7.7033368897637793
11
7.7008222047244095
21
-7.6920882677165352
0
LINE
8
BLACK
6
CONTINUOUS
10
7.7008222047244095
20
-7.6920882677165352
11
7.7036343700787402
21
-7.6864639763779525
0
LINE
8
BLACK
6
CONTINUOUS
10
7.7036343700787402
20
-7.6864639763779525
11
7.7064465354330709
21
-7.6836518503937006
0
LINE
8
BLACK
6
CONTINUOUS
10
7.7064465354330709
20
-7.6836518503937006
11
7.7120708267716536
21
-7.6808396850393699
0
LINE
8
BLACK
6
CONTINUOUS
10
7.7570651574803149
20
-7.7342705118110233
11
7.7598773228346456
21
-7.737082677165354
0
LINE
8
BLACK
6
CONTINUOUS
10
7.7598773228346456
20
-7.737082677165354
11
7.7570651574803149
21
-7.739894803149606
0
LINE
8
BLACK
6
CONTINUOUS
10
7.7570651574803149
20
-7.739894803149606
11
7.7542530314960629
21
-7.737082677165354
0
LINE
8
BLACK
6
CONTINUOUS
10
7.7542530314960629
20
-7.737082677165354
11
7.7570651574803149
21
-7.7342705118110233
0
LINE
8
BLACK
6
CONTINUOUS
10
7.7570651574803149
20
-7.7342705118110233
11
7.7570651574803149
21
-7.739894803149606
0
LINE
8
BLACK
6
CONTINUOUS
10
7.7964352755905511
20
-7.6808396850393699
11
7.8020595669291337
21
-7.6808396850393699
0
LINE
8
BLACK
6
CONTINUOUS
10
7.8020595669291337
20
-7.6808396850393699
11
7.8076838582677164
21
-7.6836518503937006
0
LINE
8
BLACK
6
CONTINUOUS
10
7.8076838582677164
20
-7.6836518503937006
11
7.8104960236220471
21
-7.6864639763779525
0
LINE
8
BLACK
6
CONTINUOUS
10
7.8104960236220471
20
-7.6864639763779525
11
7.813308149606299
21
-7.6920882677165352
0
LINE
8
BLACK
6
CONTINUOUS
10
7.813308149606299
20
-7.6920882677165352
11
7.8161203149606298
21
-7.7033368897637793
0
LINE
8
BLACK
6
CONTINUOUS
10
7.8161203149606298
20
-7.7033368897637793
11
7.8161203149606298
21
-7.7173976377952753
0
LINE
8
BLACK
6
CONTINUOUS
10
7.8161203149606298
20
-7.7173976377952753
11
7.813308149606299
21
-7.7286462204724407
0
LINE
8
BLACK
6
CONTINUOUS
10
7.813308149606299
20
-7.7286462204724407
11
7.8104960236220471
21
-7.7342705118110233
0
LINE
8
BLACK
6
CONTINUOUS
10
7.8104960236220471
20
-7.7342705118110233
11
7.8076838582677164
21
-7.737082677165354
0
LINE
8
BLACK
6
CONTINUOUS
10
7.8076838582677164
20
-7.737082677165354
11
7.8020595669291337
21
-7.739894803149606
0
LINE
8
BLACK
6
CONTINUOUS
10
7.8020595669291337
20
-7.739894803149606
11
7.7964352755905511
21
-7.739894803149606
0
LINE
8
BLACK
6
CONTINUOUS
10
7.7964352755905511
20
-7.739894803149606
11
7.7908109842519684
21
-7.737082677165354
0
LINE
8
BLACK
6
CONTINUOUS
10
7.7908109842519684
20
-7.737082677165354
11
7.7879988188976377
21
-7.7342705118110233
0
LINE
8
BLACK
6
CONTINUOUS
10
7.7879988188976377
20
-7.7342705118110233
11
7.785186653543307
21
-7.7286462204724407
0
LINE
8
BLACK
6
CONTINUOUS
10
7.785186653543307
20
-7.7286462204724407
11
7.782374527559055
21
-7.7173976377952753
0
LINE
8
BLACK
6
CONTINUOUS
10
7.782374527559055
20
-7.7173976377952753
11
7.782374527559055
21
-7.7033368897637793
0
LINE
8
BLACK
6
CONTINUOUS
10
7.782374527559055
20
-7.7033368897637793
11
7.785186653543307
21
-7.6920882677165352
0
LINE
8
BLACK
6
CONTINUOUS
10
7.785186653543307
20
-7.6920882677165352
11
7.7879988188976377
21
-7.6864639763779525
0
LINE
8
BLACK
6
CONTINUOUS
10
7.7879988188976377
20
-7.6864639763779525
11
7.7908109842519684
21
-7.6836518503937006
0
LINE
8
BLACK
6
CONTINUOUS
10
7.7908109842519684
20
-7.6836518503937006
11
7.7964352755905511
21
-7.6808396850393699
0
LINE
8
BLACK
6
CONTINUOUS
10
6.9685905511811024
20
-7.5396535433070868
11
11.2205590551181107
21
-7.5396535433070868
0
LINE
8
BLACK
6
CONTINUOUS
10
10.4099942125984253
20
-7.6293514960629922
11
10.3903091732283457
21
-7.6012300000000002
0
LINE
8
BLACK
6
CONTINUOUS
10
10.3762484251968505
20
-7.6293514960629922
11
10.3762484251968505
21
-7.5702963779527561
0
LINE
8
BLACK
6
CONTINUOUS
10
10.3762484251968505
20
-7.5702963779527561
11
10.3987456299212599
21
-7.5702963779527561
0
LINE
8
BLACK
6
CONTINUOUS
10
10.3987456299212599
20
-7.5702963779527561
11
10.4043699212598426
21
-7.5731085433070868
0
LINE
8
BLACK
6
CONTINUOUS
10
10.4043699212598426
20
-7.5731085433070868
11
10.4071820866141724
21
-7.5759206692913388
0
LINE
8
BLACK
6
CONTINUOUS
10
10.4071820866141724
20
-7.5759206692913388
11
10.4099942125984253
21
-7.5815449606299214
0
LINE
8
BLACK
6
CONTINUOUS
10
10.4099942125984253
20
-7.5815449606299214
11
10.4099942125984253
21
-7.5899814173228348
0
LINE
8
BLACK
6
CONTINUOUS
10
10.4099942125984253
20
-7.5899814173228348
11
10.4071820866141724
21
-7.5956057086614175
0
LINE
8
BLACK
6
CONTINUOUS
10
10.4071820866141724
20
-7.5956057086614175
11
10.4043699212598426
21
-7.5984178740157482
0
LINE
8
BLACK
6
CONTINUOUS
10
10.4043699212598426
20
-7.5984178740157482
11
10.3987456299212599
21
-7.6012300000000002
0
LINE
8
BLACK
6
CONTINUOUS
10
10.3987456299212599
20
-7.6012300000000002
11
10.3762484251968505
21
-7.6012300000000002
0
LINE
8
BLACK
6
CONTINUOUS
10
10.4578007480314952
20
-7.6265393700787403
11
10.4521764566929125
21
-7.6293514960629922
0
LINE
8
BLACK
6
CONTINUOUS
10
10.4521764566929125
20
-7.6293514960629922
11
10.4409278740157472
21
-7.6293514960629922
0
LINE
8
BLACK
6
CONTINUOUS
10
10.4409278740157472
20
-7.6293514960629922
11
10.4353035433070858
21
-7.6265393700787403
0
LINE
8
BLACK
6
CONTINUOUS
10
10.4353035433070858
20
-7.6265393700787403
11
10.4324914173228347
21
-7.6209150393700789
0
LINE
8
BLACK
6
CONTINUOUS
10
10.4324914173228347
20
-7.6209150393700789
11
10.4324914173228347
21
-7.5984178740157482
0
LINE
8
BLACK
6
CONTINUOUS
10
10.4324914173228347
20
-7.5984178740157482
11
10.4353035433070858
21
-7.5927935826771655
0
LINE
8
BLACK
6
CONTINUOUS
10
10.4353035433070858
20
-7.5927935826771655
11
10.4409278740157472
21
-7.5899814173228348
0
LINE
8
BLACK
6
CONTINUOUS
10
10.4409278740157472
20
-7.5899814173228348
11
10.4521764566929125
21
-7.5899814173228348
0
LINE
8
BLACK
6
CONTINUOUS
10
10.4521764566929125
20
-7.5899814173228348
11
10.4578007480314952
21
-7.5927935826771655
0
LINE
8
BLACK
6
CONTINUOUS
10
10.4578007480314952
20
-7.5927935826771655
11
10.4606129133858268
21
-7.5984178740157482
0
LINE
8
BLACK
6
CONTINUOUS
10
10.4606129133858268
20
-7.5984178740157482
11
10.4606129133858268
21
-7.6040421653543309
0
LINE
8
BLACK
6
CONTINUOUS
10
10.4606129133858268
20
-7.6040421653543309
11
10.4324914173228347
21
-7.6096664566929135
0
LINE
8
BLACK
6
CONTINUOUS
10
10.4802979133858258
20
-7.5899814173228348
11
10.4943586614173228
21
-7.6293514960629922
0
LINE
8
BLACK
6
CONTINUOUS
10
10.4943586614173228
20
-7.6293514960629922
11
10.5084194094488179
21
-7.5899814173228348
0
LINE
8
BLACK
6
CONTINUOUS
10
10.5309165748031486
20
-7.6237272047244096
11
10.5337287401574802
21
-7.6265393700787403
0
LINE
8
BLACK
6
CONTINUOUS
10
10.5337287401574802
20
-7.6265393700787403
11
10.5309165748031486
21
-7.6293514960629922
0
LINE
8
BLACK
6
CONTINUOUS
10
10.5309165748031486
20
-7.6293514960629922
11
10.5281044488188975
21
-7.6265393700787403
0
LINE
8
BLACK
6
CONTINUOUS
10
10.5281044488188975
20
-7.6265393700787403
11
10.5309165748031486
21
-7.6237272047244096
0
LINE
8
BLACK
6
CONTINUOUS
10
10.5309165748031486
20
-7.6237272047244096
11
10.5309165748031486
21
-7.6293514960629922
0
LINE
8
BLACK
6
CONTINUOUS
10
10.5309165748031486
20
-7.5927935826771655
11
10.5337287401574802
21
-7.5956057086614175
0
LINE
8
BLACK
6
CONTINUOUS
10
10.5337287401574802
20
-7.5956057086614175
11
10.5309165748031486
21
-7.5984178740157482
0
LINE
8
BLACK
6
CONTINUOUS
10
10.5309165748031486
20
-7.5984178740157482
11
10.5281044488188975
21
-7.5956057086614175
0
LINE
8
BLACK
6
CONTINUOUS
10
10.5281044488188975
20
-7.5956057086614175
11
10.5309165748031486
21
-7.5927935826771655
0
LINE
8
BLACK
6
CONTINUOUS
10
10.5309165748031486
20
-7.5927935826771655
11
10.5309165748031486
21
-7.5984178740157482
0
LINE
8
BLACK
6
CONTINUOUS
10
7.0230944094488184
20
-7.6268464566929133
11
7.0315308661417317
21
-7.6296585826771652
0
LINE
8
BLACK
6
CONTINUOUS
10
7.0315308661417317
20
-7.6296585826771652
11
7.045591574803149
21
-7.6296585826771652
0
LINE
8
BLACK
6
CONTINUOUS
10
7.045591574803149
20
-7.6296585826771652
11
7.0512159055118104
21
-7.6268464566929133
0
LINE
8
BLACK
6
CONTINUOUS
10
7.0512159055118104
20
-7.6268464566929133
11
7.0540280314960624
21
-7.6240342913385826
0
LINE
8
BLACK
6
CONTINUOUS
10
7.0540280314960624
20
-7.6240342913385826
11
7.0568401968503931
21
-7.6184099999999999
0
LINE
8
BLACK
6
CONTINUOUS
10
7.0568401968503931
20
-7.6184099999999999
11
7.0568401968503931
21
-7.6127857086614172
0
LINE
8
BLACK
6
CONTINUOUS
10
7.0568401968503931
20
-7.6127857086614172
11
7.0540280314960624
21
-7.6071614173228346
0
LINE
8
BLACK
6
CONTINUOUS
10
7.0540280314960624
20
-7.6071614173228346
11
7.0512159055118104
21
-7.6043492519685039
0
LINE
8
BLACK
6
CONTINUOUS
10
7.0512159055118104
20
-7.6043492519685039
11
7.045591574803149
21
-7.6015370866141732
0
LINE
8
BLACK
6
CONTINUOUS
10
7.045591574803149
20
-7.6015370866141732
11
7.0343429921259837
21
-7.5987249606299212
0
LINE
8
BLACK
6
CONTINUOUS
10
7.0343429921259837
20
-7.5987249606299212
11
7.028718700787401
21
-7.5959127952755905
0
LINE
8
BLACK
6
CONTINUOUS
10
7.028718700787401
20
-7.5959127952755905
11
7.0259065354330703
21
-7.5931006692913385
0
LINE
8
BLACK
6
CONTINUOUS
10
7.0259065354330703
20
-7.5931006692913385
11
7.0230944094488184
21
-7.5874763779527559
0
LINE
8
BLACK
6
CONTINUOUS
10
7.0230944094488184
20
-7.5874763779527559
11
7.0230944094488184
21
-7.5818520472440945
0
LINE
8
BLACK
6
CONTINUOUS
10
7.0230944094488184
20
-7.5818520472440945
11
7.0259065354330703
21
-7.5762277559055118
0
LINE
8
BLACK
6
CONTINUOUS
10
7.0259065354330703
20
-7.5762277559055118
11
7.028718700787401
21
-7.5734156299212598
0
LINE
8
BLACK
6
CONTINUOUS
10
7.028718700787401
20
-7.5734156299212598
11
7.0343429921259837
21
-7.5706034645669291
0
LINE
8
BLACK
6
CONTINUOUS
10
7.0343429921259837
20
-7.5706034645669291
11
7.0484037401574797
21
-7.5706034645669291
0
LINE
8
BLACK
6
CONTINUOUS
10
7.0484037401574797
20
-7.5706034645669291
11
7.0568401968503931
21
-7.5734156299212598
0
LINE
8
BLACK
6
CONTINUOUS
10
7.0821494881889766
20
-7.6296585826771652
11
7.0821494881889766
21
-7.5902885039370078
0
LINE
8
BLACK
6
CONTINUOUS
10
7.0821494881889766
20
-7.5706034645669291
11
7.0793373622047246
21
-7.5734156299212598
0
LINE
8
BLACK
6
CONTINUOUS
10
7.0793373622047246
20
-7.5734156299212598
11
7.0821494881889766
21
-7.5762277559055118
0
LINE
8
BLACK
6
CONTINUOUS
10
7.0821494881889766
20
-7.5762277559055118
11
7.0849616535433073
21
-7.5734156299212598
0
LINE
8
BLACK
6
CONTINUOUS
10
7.0849616535433073
20
-7.5734156299212598
11
7.0821494881889766
21
-7.5706034645669291
0
LINE
8
BLACK
6
CONTINUOUS
10
7.0821494881889766
20
-7.5706034645669291
11
7.0821494881889766
21
-7.5762277559055118
0
LINE
8
BLACK
6
CONTINUOUS
10
7.104646692913386
20
-7.5902885039370078
11
7.1355803543307088
21
-7.5902885039370078
0
LINE
8
BLACK
6
CONTINUOUS
10
7.1355803543307088
20
-7.5902885039370078
11
7.104646692913386
21
-7.6296585826771652
0
LINE
8
BLACK
6
CONTINUOUS
10
7.104646692913386
20
-7.6296585826771652
11
7.1355803543307088
21
-7.6296585826771652
0
LINE
8
BLACK
6
CONTINUOUS
10
7.1805747244094489
20
-7.6268464566929133
11
7.1749504330708662
21
-7.6296585826771652
0
LINE
8
BLACK
6
CONTINUOUS
10
7.1749504330708662
20
-7.6296585826771652
11
7.1637018503937009
21
-7.6296585826771652
0
LINE
8
BLACK
6
CONTINUOUS
10
7.1637018503937009
20
-7.6296585826771652
11
7.1580775196850395
21
-7.6268464566929133
0
LINE
8
BLACK
6
CONTINUOUS
10
7.1580775196850395
20
-7.6268464566929133
11
7.1552653937007875
21
-7.6212221259842519
0
LINE
8
BLACK
6
CONTINUOUS
10
7.1552653937007875
20
-7.6212221259842519
11
7.1552653937007875
21
-7.5987249606299212
0
LINE
8
BLACK
6
CONTINUOUS
10
7.1552653937007875
20
-7.5987249606299212
11
7.1580775196850395
21
-7.5931006692913385
0
LINE
8
BLACK
6
CONTINUOUS
10
7.1580775196850395
20
-7.5931006692913385
11
7.1637018503937009
21
-7.5902885039370078
0
LINE
8
BLACK
6
CONTINUOUS
10
7.1637018503937009
20
-7.5902885039370078
11
7.1749504330708662
21
-7.5902885039370078
0
LINE
8
BLACK
6
CONTINUOUS
10
7.1749504330708662
20
-7.5902885039370078
11
7.1805747244094489
21
-7.5931006692913385
0
LINE
8
BLACK
6
CONTINUOUS
10
7.1805747244094489
20
-7.5931006692913385
11
7.1833868897637796
21
-7.5987249606299212
0
LINE
8
BLACK
6
CONTINUOUS
10
7.1833868897637796
20
-7.5987249606299212
11
7.1833868897637796
21
-7.6043492519685039
0
LINE
8
BLACK
6
CONTINUOUS
10
7.1833868897637796
20
-7.6043492519685039
11
7.1552653937007875
21
-7.6099735433070865
0
LINE
8
BLACK
6
CONTINUOUS
10
7.2086961811023622
20
-7.6240342913385826
11
7.2115083464566929
21
-7.6268464566929133
0
LINE
8
BLACK
6
CONTINUOUS
10
7.2115083464566929
20
-7.6268464566929133
11
7.2086961811023622
21
-7.6296585826771652
0
LINE
8
BLACK
6
CONTINUOUS
10
7.2086961811023622
20
-7.6296585826771652
11
7.2058840551181103
21
-7.6268464566929133
0
LINE
8
BLACK
6
CONTINUOUS
10
7.2058840551181103
20
-7.6268464566929133
11
7.2086961811023622
21
-7.6240342913385826
0
LINE
8
BLACK
6
CONTINUOUS
10
7.2086961811023622
20
-7.6240342913385826
11
7.2086961811023622
21
-7.6296585826771652
0
LINE
8
BLACK
6
CONTINUOUS
10
7.2086961811023622
20
-7.5931006692913385
11
7.2115083464566929
21
-7.5959127952755905
0
LINE
8
BLACK
6
CONTINUOUS
10
7.2115083464566929
20
-7.5959127952755905
11
7.2086961811023622
21
-7.5987249606299212
0
LINE
8
BLACK
6
CONTINUOUS
10
7.2086961811023622
20
-7.5987249606299212
11
7.2058840551181103
21
-7.5959127952755905
0
LINE
8
BLACK
6
CONTINUOUS
10
7.2058840551181103
20
-7.5959127952755905
11
7.2086961811023622
21
-7.5931006692913385
0
LINE
8
BLACK
6
CONTINUOUS
10
7.2086961811023622
20
-7.5931006692913385
11
7.2086961811023622
21
-7.5987249606299212
0
LINE
8
BLACK
6
CONTINUOUS
10
7.2789999212598424
20
-7.6127857086614172
11
7.3071214173228345
21
-7.6127857086614172
0
LINE
8
BLACK
6
CONTINUOUS
10
7.2733756299212597
20
-7.6296585826771652
11
7.2930606692913384
21
-7.5706034645669291
0
LINE
8
BLACK
6
CONTINUOUS
10
7.2930606692913384
20
-7.5706034645669291
11
7.3127457086614172
21
-7.6296585826771652
0
LINE
8
BLACK
6
CONTINUOUS
10
7.3577400787401572
20
-7.5902885039370078
11
7.3577400787401572
21
-7.6296585826771652
0
LINE
8
BLACK
6
CONTINUOUS
10
7.3436793307086612
20
-7.5677913385826772
11
7.3296185826771652
21
-7.6099735433070865
0
LINE
8
BLACK
6
CONTINUOUS
10
7.3296185826771652
20
-7.6099735433070865
11
7.3661764960629919
21
-7.6099735433070865
0
LINE
8
BLACK
6
CONTINUOUS
10
10.3723632283464564
20
-7.739894803149606
11
10.3723632283464564
21
-7.6808396850393699
0
LINE
8
BLACK
6
CONTINUOUS
10
10.4257940944881895
20
-7.739894803149606
11
10.4257940944881895
21
-7.6808396850393699
0
LINE
8
BLACK
6
CONTINUOUS
10
10.4257940944881895
20
-7.737082677165354
11
10.4201697637795281
21
-7.739894803149606
0
LINE
8
BLACK
6
CONTINUOUS
10
10.4201697637795281
20
-7.739894803149606
11
10.4089211811023628
21
-7.739894803149606
0
LINE
8
BLACK
6
CONTINUOUS
10
10.4089211811023628
20
-7.739894803149606
11
10.4032968897637801
21
-7.737082677165354
0
LINE
8
BLACK
6
CONTINUOUS
10
10.4032968897637801
20
-7.737082677165354
11
10.4004847244094485
21
-7.7342705118110233
0
LINE
8
BLACK
6
CONTINUOUS
10
10.4004847244094485
20
-7.7342705118110233
11
10.3976725984251974
21
-7.7286462204724407
0
LINE
8
BLACK
6
CONTINUOUS
10
10.3976725984251974
20
-7.7286462204724407
11
10.3976725984251974
21
-7.7117733070866139
0
LINE
8
BLACK
6
CONTINUOUS
10
10.3976725984251974
20
-7.7117733070866139
11
10.4004847244094485
21
-7.7061490157480312
0
LINE
8
BLACK
6
CONTINUOUS
10
10.4004847244094485
20
-7.7061490157480312
11
10.4032968897637801
21
-7.7033368897637793
0
LINE
8
BLACK
6
CONTINUOUS
10
10.4032968897637801
20
-7.7033368897637793
11
10.4089211811023628
21
-7.7005247244094486
0
LINE
8
BLACK
6
CONTINUOUS
10
10.4089211811023628
20
-7.7005247244094486
11
10.4201697637795281
21
-7.7005247244094486
0
LINE
8
BLACK
6
CONTINUOUS
10
10.4201697637795281
20
-7.7005247244094486
11
10.4257940944881895
21
-7.7033368897637793
0
LINE
8
BLACK
6
CONTINUOUS
10
10.4539155511811028
20
-7.7342705118110233
11
10.4567277165354326
21
-7.737082677165354
0
LINE
8
BLACK
6
CONTINUOUS
10
10.4567277165354326
20
-7.737082677165354
11
10.4539155511811028
21
-7.739894803149606
0
LINE
8
BLACK
6
CONTINUOUS
10
10.4539155511811028
20
-7.739894803149606
11
10.45110342519685
21
-7.737082677165354
0
LINE
8
BLACK
6
CONTINUOUS
10
10.45110342519685
20
-7.737082677165354
11
10.4539155511811028
21
-7.7342705118110233
0
LINE
8
BLACK
6
CONTINUOUS
10
10.4539155511811028
20
-7.7342705118110233
11
10.4539155511811028
21
-7.739894803149606
0
LINE
8
BLACK
6
CONTINUOUS
10
10.4539155511811028
20
-7.7033368897637793
11
10.4567277165354326
21
-7.7061490157480312
0
LINE
8
BLACK
6
CONTINUOUS
10
10.4567277165354326
20
-7.7061490157480312
11
10.4539155511811028
21
-7.7089611811023619
0
LINE
8
BLACK
6
CONTINUOUS
10
10.4539155511811028
20
-7.7089611811023619
11
10.45110342519685
21
-7.7061490157480312
0
LINE
8
BLACK
6
CONTINUOUS
10
10.45110342519685
20
-7.7061490157480312
11
10.4539155511811028
21
-7.7033368897637793
0
LINE
8
BLACK
6
CONTINUOUS
10
10.4539155511811028
20
-7.7033368897637793
11
10.4539155511811028
21
-7.7089611811023619
0
LINE
8
BLACK
6
CONTINUOUS
10
10.5214071259842523
20
-7.6808396850393699
11
10.5579650787401569
21
-7.6808396850393699
0
LINE
8
BLACK
6
CONTINUOUS
10
10.5579650787401569
20
-7.6808396850393699
11
10.5382800393700791
21
-7.7033368897637793
0
LINE
8
BLACK
6
CONTINUOUS
10
10.5382800393700791
20
-7.7033368897637793
11
10.5467164566929128
21
-7.7033368897637793
0
LINE
8
BLACK
6
CONTINUOUS
10
10.5467164566929128
20
-7.7033368897637793
11
10.5523407874015742
21
-7.7061490157480312
0
LINE
8
BLACK
6
CONTINUOUS
10
10.5523407874015742
20
-7.7061490157480312
11
10.5551529133858271
21
-7.7089611811023619
0
LINE
8
BLACK
6
CONTINUOUS
10
10.5551529133858271
20
-7.7089611811023619
11
10.5579650787401569
21
-7.7145854724409446
0
LINE
8
BLACK
6
CONTINUOUS
10
10.5579650787401569
20
-7.7145854724409446
11
10.5579650787401569
21
-7.7286462204724407
0
LINE
8
BLACK
6
CONTINUOUS
10
10.5579650787401569
20
-7.7286462204724407
11
10.5551529133858271
21
-7.7342705118110233
0
LINE
8
BLACK
6
CONTINUOUS
10
10.5551529133858271
20
-7.7342705118110233
11
10.5523407874015742
21
-7.737082677165354
0
LINE
8
BLACK
6
CONTINUOUS
10
10.5523407874015742
20
-7.737082677165354
11
10.5467164566929128
21
-7.739894803149606
0
LINE
8
BLACK
6
CONTINUOUS
10
10.5467164566929128
20
-7.739894803149606
11
10.5298435826771648
21
-7.739894803149606
0
LINE
8
BLACK
6
CONTINUOUS
10
10.5298435826771648
20
-7.739894803149606
11
10.5242192913385821
21
-7.737082677165354
0
LINE
8
BLACK
6
CONTINUOUS
10
10.5242192913385821
20
-7.737082677165354
11
10.5214071259842523
21
-7.7342705118110233
0
LINE
8
BLACK
6
CONTINUOUS
10
10.6254566141732276
20
-7.6780275590551179
11
10.5748379527559049
21
-7.753955551181102
0
LINE
8
BLACK
6
CONTINUOUS
10
10.647953818897637
20
-7.739894803149606
11
10.6592024015748024
21
-7.739894803149606
0
LINE
8
BLACK
6
CONTINUOUS
10
10.6592024015748024
20
-7.739894803149606
11
10.664826692913385
21
-7.737082677165354
0
LINE
8
BLACK
6
CONTINUOUS
10
10.664826692913385
20
-7.737082677165354
11
10.6676388582677166
21
-7.7342705118110233
0
LINE
8
BLACK
6
CONTINUOUS
10
10.6676388582677166
20
-7.7342705118110233
11
10.6732631496062993
21
-7.7258340551181099
0
LINE
8
BLACK
6
CONTINUOUS
10
10.6732631496062993
20
-7.7258340551181099
11
10.6760753149606291
21
-7.7145854724409446
0
LINE
8
BLACK
6
CONTINUOUS
10
10.6760753149606291
20
-7.7145854724409446
11
10.6760753149606291
21
-7.6920882677165352
0
LINE
8
BLACK
6
CONTINUOUS
10
10.6760753149606291
20
-7.6920882677165352
11
10.6732631496062993
21
-7.6864639763779525
0
LINE
8
BLACK
6
CONTINUOUS
10
10.6732631496062993
20
-7.6864639763779525
11
10.6704510236220464
21
-7.6836518503937006
0
LINE
8
BLACK
6
CONTINUOUS
10
10.6704510236220464
20
-7.6836518503937006
11
10.664826692913385
21
-7.6808396850393699
0
LINE
8
BLACK
6
CONTINUOUS
10
10.664826692913385
20
-7.6808396850393699
11
10.6535781102362197
21
-7.6808396850393699
0
LINE
8
BLACK
6
CONTINUOUS
10
10.6535781102362197
20
-7.6808396850393699
11
10.647953818897637
21
-7.6836518503937006
0
LINE
8
BLACK
6
CONTINUOUS
10
10.647953818897637
20
-7.6836518503937006
11
10.6451416535433072
21
-7.6864639763779525
0
LINE
8
BLACK
6
CONTINUOUS
10
10.6451416535433072
20
-7.6864639763779525
11
10.6423295275590544
21
-7.6920882677165352
0
LINE
8
BLACK
6
CONTINUOUS
10
10.6423295275590544
20
-7.6920882677165352
11
10.6423295275590544
21
-7.7061490157480312
0
LINE
8
BLACK
6
CONTINUOUS
10
10.6423295275590544
20
-7.7061490157480312
11
10.6451416535433072
21
-7.7117733070866139
0
LINE
8
BLACK
6
CONTINUOUS
10
10.6451416535433072
20
-7.7117733070866139
11
10.647953818897637
21
-7.7145854724409446
0
LINE
8
BLACK
6
CONTINUOUS
10
10.647953818897637
20
-7.7145854724409446
11
10.6535781102362197
21
-7.7173976377952753
0
LINE
8
BLACK
6
CONTINUOUS
10
10.6535781102362197
20
-7.7173976377952753
11
10.664826692913385
21
-7.7173976377952753
0
LINE
8
BLACK
6
CONTINUOUS
10
10.664826692913385
20
-7.7173976377952753
11
10.6704510236220464
21
-7.7145854724409446
0
LINE
8
BLACK
6
CONTINUOUS
10
10.6704510236220464
20
-7.7145854724409446
11
10.6732631496062993
21
-7.7117733070866139
0
LINE
8
BLACK
6
CONTINUOUS
10
10.6732631496062993
20
-7.7117733070866139
11
10.6760753149606291
21
-7.7061490157480312
0
LINE
8
BLACK
6
CONTINUOUS
10
6.9685905511811024
20
-7.3821732283464563
11
11.2205590551181107
21
-7.3821732283464563
0
LINE
8
BLACK
6
CONTINUOUS
10
7.035194015748031
20
-7.4099070078740157
11
7.0801883858267711
21
-7.4099070078740157
0
LINE
8
BLACK
6
CONTINUOUS
10
7.0478487007874016
20
-7.4886471653543305
11
7.0576912204724405
21
-7.4099070078740157
0
LINE
8
BLACK
6
CONTINUOUS
10
7.0965925984251967
20
-7.4886471653543305
11
7.1031542913385826
21
-7.4361537007874015
0
LINE
8
BLACK
6
CONTINUOUS
10
7.1064351181102356
20
-7.4099070078740157
11
7.1022168897637794
21
-7.4136565354330708
0
LINE
8
BLACK
6
CONTINUOUS
10
7.1022168897637794
20
-7.4136565354330708
11
7.1054977559055112
21
-7.4174060629921259
0
LINE
8
BLACK
6
CONTINUOUS
10
7.1054977559055112
20
-7.4174060629921259
11
7.1097159842519684
21
-7.4136565354330708
0
LINE
8
BLACK
6
CONTINUOUS
10
7.1097159842519684
20
-7.4136565354330708
11
7.1064351181102356
21
-7.4099070078740157
0
LINE
8
BLACK
6
CONTINUOUS
10
7.1064351181102356
20
-7.4099070078740157
11
7.1054977559055112
21
-7.4174060629921259
0
LINE
8
BLACK
6
CONTINUOUS
10
7.1294010236220471
20
-7.4361537007874015
11
7.159397244094488
21
-7.4361537007874015
0
LINE
8
BLACK
6
CONTINUOUS
10
7.1439304330708664
20
-7.4099070078740157
11
7.1354940157480318
21
-7.4773985433070864
0
LINE
8
BLACK
6
CONTINUOUS
10
7.1354940157480318
20
-7.4773985433070864
11
7.1383061417322837
21
-7.4848976377952754
0
LINE
8
BLACK
6
CONTINUOUS
10
7.1383061417322837
20
-7.4848976377952754
11
7.1453365354330707
21
-7.4886471653543305
0
LINE
8
BLACK
6
CONTINUOUS
10
7.1453365354330707
20
-7.4886471653543305
11
7.1528355905511809
21
-7.4886471653543305
0
LINE
8
BLACK
6
CONTINUOUS
10
7.1903309055118108
20
-7.4886471653543305
11
7.1833005118110238
21
-7.4848976377952754
0
LINE
8
BLACK
6
CONTINUOUS
10
7.1833005118110238
20
-7.4848976377952754
11
7.1804883858267718
21
-7.4773985433070864
0
LINE
8
BLACK
6
CONTINUOUS
10
7.1804883858267718
20
-7.4773985433070864
11
7.1889248031496065
21
-7.4099070078740157
0
LINE
8
BLACK
6
CONTINUOUS
10
7.2507920866141733
20
-7.4848976377952754
11
7.2428243307086611
21
-7.4886471653543305
0
LINE
8
BLACK
6
CONTINUOUS
10
7.2428243307086611
20
-7.4886471653543305
11
7.2278261811023619
21
-7.4886471653543305
0
LINE
8
BLACK
6
CONTINUOUS
10
7.2278261811023619
20
-7.4886471653543305
11
7.2207958267716537
21
-7.4848976377952754
0
LINE
8
BLACK
6
CONTINUOUS
10
7.2207958267716537
20
-7.4848976377952754
11
7.2179836614173229
21
-7.4773985433070864
0
LINE
8
BLACK
6
CONTINUOUS
10
7.2179836614173229
20
-7.4773985433070864
11
7.2217332283464568
21
-7.4474023228346455
0
LINE
8
BLACK
6
CONTINUOUS
10
7.2217332283464568
20
-7.4474023228346455
11
7.2264201181102363
21
-7.4399032283464566
0
LINE
8
BLACK
6
CONTINUOUS
10
7.2264201181102363
20
-7.4399032283464566
11
7.2343878740157477
21
-7.4361537007874015
0
LINE
8
BLACK
6
CONTINUOUS
10
7.2343878740157477
20
-7.4361537007874015
11
7.2493859842519681
21
-7.4361537007874015
0
LINE
8
BLACK
6
CONTINUOUS
10
7.2493859842519681
20
-7.4361537007874015
11
7.256416377952756
21
-7.4399032283464566
0
LINE
8
BLACK
6
CONTINUOUS
10
7.256416377952756
20
-7.4399032283464566
11
7.2592285039370079
21
-7.4474023228346455
0
LINE
8
BLACK
6
CONTINUOUS
10
7.2592285039370079
20
-7.4474023228346455
11
7.2582911417322835
21
-7.4549013779527558
0
LINE
8
BLACK
6
CONTINUOUS
10
7.2582911417322835
20
-7.4549013779527558
11
7.2198584251968505
21
-7.462400433070866
0
LINE
8
BLACK
6
CONTINUOUS
10
7.2887561023622043
20
-7.4811480708661415
11
7.2920369291338583
21
-7.4848976377952754
0
LINE
8
BLACK
6
CONTINUOUS
10
7.2920369291338583
20
-7.4848976377952754
11
7.2878187007874011
21
-7.4886471653543305
0
LINE
8
BLACK
6
CONTINUOUS
10
7.2878187007874011
20
-7.4886471653543305
11
7.284537874015748
21
-7.4848976377952754
0
LINE
8
BLACK
6
CONTINUOUS
10
7.284537874015748
20
-7.4848976377952754
11
7.2887561023622043
21
-7.4811480708661415
0
LINE
8
BLACK
6
CONTINUOUS
10
7.2887561023622043
20
-7.4811480708661415
11
7.2878187007874011
21
-7.4886471653543305
0
LINE
8
BLACK
6
CONTINUOUS
10
7.2939116929133858
20
-7.4399032283464566
11
7.2971925196850389
21
-7.4436527559055117
0
LINE
8
BLACK
6
CONTINUOUS
10
7.2971925196850389
20
-7.4436527559055117
11
7.2929743307086614
21
-7.4474023228346455
0
LINE
8
BLACK
6
CONTINUOUS
10
7.2929743307086614
20
-7.4474023228346455
11
7.2896934645669287
21
-7.4436527559055117
0
LINE
8
BLACK
6
CONTINUOUS
10
7.2896934645669287
20
-7.4436527559055117
11
7.2939116929133858
21
-7.4399032283464566
0
LINE
8
BLACK
6
CONTINUOUS
10
7.2939116929133858
20
-7.4399032283464566
11
7.2929743307086614
21
-7.4474023228346455
0
LINE
8
BLACK
6
CONTINUOUS
10
7.045591574803149
20
-7.3073863779527555
11
7.0259065354330703
21
-7.3073863779527555
0
LINE
8
BLACK
6
CONTINUOUS
10
7.0259065354330703
20
-7.3383199999999995
11
7.0259065354330703
21
-7.2792648818897634
0
LINE
8
BLACK
6
CONTINUOUS
10
7.0259065354330703
20
-7.2792648818897634
11
7.0540280314960624
21
-7.2792648818897634
0
LINE
8
BLACK
6
CONTINUOUS
10
7.0765251968503939
20
-7.3383199999999995
11
7.0765251968503939
21
-7.2989499212598421
0
LINE
8
BLACK
6
CONTINUOUS
10
7.0765251968503939
20
-7.2792648818897634
11
7.073713070866142
21
-7.2820770472440941
0
LINE
8
BLACK
6
CONTINUOUS
10
7.073713070866142
20
-7.2820770472440941
11
7.0765251968503939
21
-7.2848891732283461
0
LINE
8
BLACK
6
CONTINUOUS
10
7.0765251968503939
20
-7.2848891732283461
11
7.0793373622047246
21
-7.2820770472440941
0
LINE
8
BLACK
6
CONTINUOUS
10
7.0793373622047246
20
-7.2820770472440941
11
7.0765251968503939
21
-7.2792648818897634
0
LINE
8
BLACK
6
CONTINUOUS
10
7.0765251968503939
20
-7.2792648818897634
11
7.0765251968503939
21
-7.2848891732283461
0
LINE
8
BLACK
6
CONTINUOUS
10
7.1130831496062994
20
-7.3383199999999995
11
7.1074588582677167
21
-7.3355078740157476
0
LINE
8
BLACK
6
CONTINUOUS
10
7.1074588582677167
20
-7.3355078740157476
11
7.104646692913386
21
-7.3298835433070861
0
LINE
8
BLACK
6
CONTINUOUS
10
7.104646692913386
20
-7.3298835433070861
11
7.104646692913386
21
-7.2792648818897634
0
LINE
8
BLACK
6
CONTINUOUS
10
7.1580775196850395
20
-7.3355078740157476
11
7.1524532283464568
21
-7.3383199999999995
0
LINE
8
BLACK
6
CONTINUOUS
10
7.1524532283464568
20
-7.3383199999999995
11
7.1412046456692915
21
-7.3383199999999995
0
LINE
8
BLACK
6
CONTINUOUS
10
7.1412046456692915
20
-7.3383199999999995
11
7.1355803149606301
21
-7.3355078740157476
0
LINE
8
BLACK
6
CONTINUOUS
10
7.1355803149606301
20
-7.3355078740157476
11
7.1327681889763781
21
-7.3298835433070861
0
LINE
8
BLACK
6
CONTINUOUS
10
7.1327681889763781
20
-7.3298835433070861
11
7.1327681889763781
21
-7.3073863779527555
0
LINE
8
BLACK
6
CONTINUOUS
10
7.1327681889763781
20
-7.3073863779527555
11
7.1355803149606301
21
-7.3017620866141728
0
LINE
8
BLACK
6
CONTINUOUS
10
7.1355803149606301
20
-7.3017620866141728
11
7.1412046456692915
21
-7.2989499212598421
0
LINE
8
BLACK
6
CONTINUOUS
10
7.1412046456692915
20
-7.2989499212598421
11
7.1524532283464568
21
-7.2989499212598421
0
LINE
8
BLACK
6
CONTINUOUS
10
7.1524532283464568
20
-7.2989499212598421
11
7.1580775196850395
21
-7.3017620866141728
0
LINE
8
BLACK
6
CONTINUOUS
10
7.1580775196850395
20
-7.3017620866141728
11
7.1608896850393702
21
-7.3073863779527555
0
LINE
8
BLACK
6
CONTINUOUS
10
7.1608896850393702
20
-7.3073863779527555
11
7.1608896850393702
21
-7.3130106692913381
0
LINE
8
BLACK
6
CONTINUOUS
10
7.1608896850393702
20
-7.3130106692913381
11
7.1327681889763781
21
-7.3186349606299208
0
LINE
8
BLACK
6
CONTINUOUS
10
7.1861989763779528
20
-7.3326957086614168
11
7.1890111417322835
21
-7.3355078740157476
0
LINE
8
BLACK
6
CONTINUOUS
10
7.1890111417322835
20
-7.3355078740157476
11
7.1861989763779528
21
-7.3383199999999995
0
LINE
8
BLACK
6
CONTINUOUS
10
7.1861989763779528
20
-7.3383199999999995
11
7.1833868503937008
21
-7.3355078740157476
0
LINE
8
BLACK
6
CONTINUOUS
10
7.1833868503937008
20
-7.3355078740157476
11
7.1861989763779528
21
-7.3326957086614168
0
LINE
8
BLACK
6
CONTINUOUS
10
7.1861989763779528
20
-7.3326957086614168
11
7.1861989763779528
21
-7.3383199999999995
0
LINE
8
BLACK
6
CONTINUOUS
10
7.1861989763779528
20
-7.3017620866141728
11
7.1890111417322835
21
-7.3045742125984248
0
LINE
8
BLACK
6
CONTINUOUS
10
7.1890111417322835
20
-7.3045742125984248
11
7.1861989763779528
21
-7.3073863779527555
0
LINE
8
BLACK
6
CONTINUOUS
10
7.1861989763779528
20
-7.3073863779527555
11
7.1833868503937008
21
-7.3045742125984248
0
LINE
8
BLACK
6
CONTINUOUS
10
7.1833868503937008
20
-7.3045742125984248
11
7.1861989763779528
21
-7.3017620866141728
0
LINE
8
BLACK
6
CONTINUOUS
10
7.1861989763779528
20
-7.3017620866141728
11
7.1861989763779528
21
-7.3073863779527555
0
LINE
8
BLACK
6
CONTINUOUS
10
7.256502716535433
20
-7.3355078740157476
11
7.2621270078740157
21
-7.3383199999999995
0
LINE
8
BLACK
6
CONTINUOUS
10
7.2621270078740157
20
-7.3383199999999995
11
7.273375590551181
21
-7.3383199999999995
0
LINE
8
BLACK
6
CONTINUOUS
10
7.273375590551181
20
-7.3383199999999995
11
7.2789998818897637
21
-7.3355078740157476
0
LINE
8
BLACK
6
CONTINUOUS
10
7.2789998818897637
20
-7.3355078740157476
11
7.2818120472440944
21
-7.3298835433070861
0
LINE
8
BLACK
6
CONTINUOUS
10
7.2818120472440944
20
-7.3298835433070861
11
7.2818120472440944
21
-7.3270714173228342
0
LINE
8
BLACK
6
CONTINUOUS
10
7.2818120472440944
20
-7.3270714173228342
11
7.2789998818897637
21
-7.3214471259842515
0
LINE
8
BLACK
6
CONTINUOUS
10
7.2789998818897637
20
-7.3214471259842515
11
7.273375590551181
21
-7.3186349606299208
0
LINE
8
BLACK
6
CONTINUOUS
10
7.273375590551181
20
-7.3186349606299208
11
7.2649391732283464
21
-7.3186349606299208
0
LINE
8
BLACK
6
CONTINUOUS
10
7.2649391732283464
20
-7.3186349606299208
11
7.259314842519685
21
-7.3158228346456688
0
LINE
8
BLACK
6
CONTINUOUS
10
7.259314842519685
20
-7.3158228346456688
11
7.256502716535433
21
-7.3101985039370074
0
LINE
8
BLACK
6
CONTINUOUS
10
7.256502716535433
20
-7.3101985039370074
11
7.256502716535433
21
-7.3073863779527555
0
LINE
8
BLACK
6
CONTINUOUS
10
7.256502716535433
20
-7.3073863779527555
11
7.259314842519685
21
-7.3017620866141728
0
LINE
8
BLACK
6
CONTINUOUS
10
7.259314842519685
20
-7.3017620866141728
11
7.2649391732283464
21
-7.2989499212598421
0
LINE
8
BLACK
6
CONTINUOUS
10
7.2649391732283464
20
-7.2989499212598421
11
7.273375590551181
21
-7.2989499212598421
0
LINE
8
BLACK
6
CONTINUOUS
10
7.273375590551181
20
-7.2989499212598421
11
7.2789998818897637
21
-7.3017620866141728
0
LINE
8
BLACK
6
CONTINUOUS
10
7.3071213779527557
20
-7.2989499212598421
11
7.3071213779527557
21
-7.3580050393700782
0
LINE
8
BLACK
6
CONTINUOUS
10
7.3071213779527557
20
-7.3017620866141728
11
7.3127457086614172
21
-7.2989499212598421
0
LINE
8
BLACK
6
CONTINUOUS
10
7.3127457086614172
20
-7.2989499212598421
11
7.3239942913385825
21
-7.2989499212598421
0
LINE
8
BLACK
6
CONTINUOUS
10
7.3239942913385825
20
-7.2989499212598421
11
7.3296185826771652
21
-7.3017620866141728
0
LINE
8
BLACK
6
CONTINUOUS
10
7.3296185826771652
20
-7.3017620866141728
11
7.3324307480314959
21
-7.3045742125984248
0
LINE
8
BLACK
6
CONTINUOUS
10
7.3324307480314959
20
-7.3045742125984248
11
7.3352428740157478
21
-7.3101985039370074
0
LINE
8
BLACK
6
CONTINUOUS
10
7.3352428740157478
20
-7.3101985039370074
11
7.3352428740157478
21
-7.3270714173228342
0
LINE
8
BLACK
6
CONTINUOUS
10
7.3352428740157478
20
-7.3270714173228342
11
7.3324307480314959
21
-7.3326957086614168
0
LINE
8
BLACK
6
CONTINUOUS
10
7.3324307480314959
20
-7.3326957086614168
11
7.3296185826771652
21
-7.3355078740157476
0
LINE
8
BLACK
6
CONTINUOUS
10
7.3296185826771652
20
-7.3355078740157476
11
7.3239942913385825
21
-7.3383199999999995
0
LINE
8
BLACK
6
CONTINUOUS
10
7.3239942913385825
20
-7.3383199999999995
11
7.3127457086614172
21
-7.3383199999999995
0
LINE
8
BLACK
6
CONTINUOUS
10
7.3127457086614172
20
-7.3383199999999995
11
7.3071213779527557
21
-7.3355078740157476
0
LINE
8
BLACK
6
CONTINUOUS
10
7.3858615748031493
20
-7.3383199999999995
11
7.3858615748031493
21
-7.3073863779527555
0
LINE
8
BLACK
6
CONTINUOUS
10
7.3858615748031493
20
-7.3073863779527555
11
7.3830494094488186
21
-7.3017620866141728
0
LINE
8
BLACK
6
CONTINUOUS
10
7.3830494094488186
20
-7.3017620866141728
11
7.3774251181102359
21
-7.2989499212598421
0
LINE
8
BLACK
6
CONTINUOUS
10
7.3774251181102359
20
-7.2989499212598421
11
7.3661765354330706
21
-7.2989499212598421
0
LINE
8
BLACK
6
CONTINUOUS
10
7.3661765354330706
20
-7.2989499212598421
11
7.3605522047244092
21
-7.3017620866141728
0
LINE
8
BLACK
6
CONTINUOUS
10
7.3858615748031493
20
-7.3355078740157476
11
7.3802372440944879
21
-7.3383199999999995
0
LINE
8
BLACK
6
CONTINUOUS
10
7.3802372440944879
20
-7.3383199999999995
11
7.3661765354330706
21
-7.3383199999999995
0
LINE
8
BLACK
6
CONTINUOUS
10
7.3661765354330706
20
-7.3383199999999995
11
7.3605522047244092
21
-7.3355078740157476
0
LINE
8
BLACK
6
CONTINUOUS
10
7.3605522047244092
20
-7.3355078740157476
11
7.3577400787401572
21
-7.3298835433070861
0
LINE
8
BLACK
6
CONTINUOUS
10
7.3577400787401572
20
-7.3298835433070861
11
7.3577400787401572
21
-7.3242592519685035
0
LINE
8
BLACK
6
CONTINUOUS
10
7.3577400787401572
20
-7.3242592519685035
11
7.3605522047244092
21
-7.3186349606299208
0
LINE
8
BLACK
6
CONTINUOUS
10
7.3605522047244092
20
-7.3186349606299208
11
7.3661765354330706
21
-7.3158228346456688
0
LINE
8
BLACK
6
CONTINUOUS
10
7.3661765354330706
20
-7.3158228346456688
11
7.3802372440944879
21
-7.3158228346456688
0
LINE
8
BLACK
6
CONTINUOUS
10
7.3802372440944879
20
-7.3158228346456688
11
7.3858615748031493
21
-7.3130106692913381
0
LINE
8
BLACK
6
CONTINUOUS
10
7.4392924015748028
20
-7.3355078740157476
11
7.4336680708661413
21
-7.3383199999999995
0
LINE
8
BLACK
6
CONTINUOUS
10
7.4336680708661413
20
-7.3383199999999995
11
7.422419488188976
21
-7.3383199999999995
0
LINE
8
BLACK
6
CONTINUOUS
10
7.422419488188976
20
-7.3383199999999995
11
7.4167951968503933
21
-7.3355078740157476
0
LINE
8
BLACK
6
CONTINUOUS
10
7.4167951968503933
20
-7.3355078740157476
11
7.4139830314960626
21
-7.3326957086614168
0
LINE
8
BLACK
6
CONTINUOUS
10
7.4139830314960626
20
-7.3326957086614168
11
7.4111709055118107
21
-7.3270714173228342
0
LINE
8
BLACK
6
CONTINUOUS
10
7.4111709055118107
20
-7.3270714173228342
11
7.4111709055118107
21
-7.3101985039370074
0
LINE
8
BLACK
6
CONTINUOUS
10
7.4111709055118107
20
-7.3101985039370074
11
7.4139830314960626
21
-7.3045742125984248
0
LINE
8
BLACK
6
CONTINUOUS
10
7.4139830314960626
20
-7.3045742125984248
11
7.4167951968503933
21
-7.3017620866141728
0
LINE
8
BLACK
6
CONTINUOUS
10
7.4167951968503933
20
-7.3017620866141728
11
7.422419488188976
21
-7.2989499212598421
0
LINE
8
BLACK
6
CONTINUOUS
10
7.422419488188976
20
-7.2989499212598421
11
7.4336680708661413
21
-7.2989499212598421
0
LINE
8
BLACK
6
CONTINUOUS
10
7.4336680708661413
20
-7.2989499212598421
11
7.4392924015748028
21
-7.3017620866141728
0
LINE
8
BLACK
6
CONTINUOUS
10
7.4870988976377948
20
-7.3355078740157476
11
7.4814746062992121
21
-7.3383199999999995
0
LINE
8
BLACK
6
CONTINUOUS
10
7.4814746062992121
20
-7.3383199999999995
11
7.4702260236220468
21
-7.3383199999999995
0
LINE
8
BLACK
6
CONTINUOUS
10
7.4702260236220468
20
-7.3383199999999995
11
7.4646016929133854
21
-7.3355078740157476
0
LINE
8
BLACK
6
CONTINUOUS
10
7.4646016929133854
20
-7.3355078740157476
11
7.4617895669291334
21
-7.3298835433070861
0
LINE
8
BLACK
6
CONTINUOUS
10
7.4617895669291334
20
-7.3298835433070861
11
7.4617895669291334
21
-7.3073863779527555
0
LINE
8
BLACK
6
CONTINUOUS
10
7.4617895669291334
20
-7.3073863779527555
11
7.4646016929133854
21
-7.3017620866141728
0
LINE
8
BLACK
6
CONTINUOUS
10
7.4646016929133854
20
-7.3017620866141728
11
7.4702260236220468
21
-7.2989499212598421
0
LINE
8
BLACK
6
CONTINUOUS
10
7.4702260236220468
20
-7.2989499212598421
11
7.4814746062992121
21
-7.2989499212598421
0
LINE
8
BLACK
6
CONTINUOUS
10
7.4814746062992121
20
-7.2989499212598421
11
7.4870988976377948
21
-7.3017620866141728
0
LINE
8
BLACK
6
CONTINUOUS
10
7.4870988976377948
20
-7.3017620866141728
11
7.4899110629921255
21
-7.3073863779527555
0
LINE
8
BLACK
6
CONTINUOUS
10
7.4899110629921255
20
-7.3073863779527555
11
7.4899110629921255
21
-7.3130106692913381
0
LINE
8
BLACK
6
CONTINUOUS
10
7.4899110629921255
20
-7.3130106692913381
11
7.4617895669291334
21
-7.3186349606299208
0
LINE
8
BLACK
6
CONTINUOUS
10
7.5602147244094491
20
-7.3383199999999995
11
7.5602147244094491
21
-7.2989499212598421
0
LINE
8
BLACK
6
CONTINUOUS
10
7.5602147244094491
20
-7.2792648818897634
11
7.5574025984251962
21
-7.2820770472440941
0
LINE
8
BLACK
6
CONTINUOUS
10
7.5574025984251962
20
-7.2820770472440941
11
7.5602147244094491
21
-7.2848891732283461
0
LINE
8
BLACK
6
CONTINUOUS
10
7.5602147244094491
20
-7.2848891732283461
11
7.5630268897637798
21
-7.2820770472440941
0
LINE
8
BLACK
6
CONTINUOUS
10
7.5630268897637798
20
-7.2820770472440941
11
7.5602147244094491
21
-7.2792648818897634
0
LINE
8
BLACK
6
CONTINUOUS
10
7.5602147244094491
20
-7.2792648818897634
11
7.5602147244094491
21
-7.2848891732283461
0
LINE
8
BLACK
6
CONTINUOUS
10
7.5883362204724412
20
-7.2989499212598421
11
7.5883362204724412
21
-7.3383199999999995
0
LINE
8
BLACK
6
CONTINUOUS
10
7.5883362204724412
20
-7.3045742125984248
11
7.5911483858267719
21
-7.3017620866141728
0
LINE
8
BLACK
6
CONTINUOUS
10
7.5911483858267719
20
-7.3017620866141728
11
7.5967726771653545
21
-7.2989499212598421
0
LINE
8
BLACK
6
CONTINUOUS
10
7.5967726771653545
20
-7.2989499212598421
11
7.6052091338582679
21
-7.2989499212598421
0
LINE
8
BLACK
6
CONTINUOUS
10
7.6052091338582679
20
-7.2989499212598421
11
7.6108334251968506
21
-7.3017620866141728
0
LINE
8
BLACK
6
CONTINUOUS
10
7.6108334251968506
20
-7.3017620866141728
11
7.6136455905511813
21
-7.3073863779527555
0
LINE
8
BLACK
6
CONTINUOUS
10
7.6136455905511813
20
-7.3073863779527555
11
7.6136455905511813
21
-7.3383199999999995
0
LINE
8
BLACK
6
CONTINUOUS
10
7.6361427559055119
20
-7.2989499212598421
11
7.650203503937008
21
-7.3383199999999995
0
LINE
8
BLACK
6
CONTINUOUS
10
7.650203503937008
20
-7.3383199999999995
11
7.664264251968504
21
-7.2989499212598421
0
LINE
8
BLACK
6
CONTINUOUS
10
7.7120707874015748
20
-7.3383199999999995
11
7.7120707874015748
21
-7.3073863779527555
0
LINE
8
BLACK
6
CONTINUOUS
10
7.7120707874015748
20
-7.3073863779527555
11
7.7092586220472441
21
-7.3017620866141728
0
LINE
8
BLACK
6
CONTINUOUS
10
7.7092586220472441
20
-7.3017620866141728
11
7.7036343307086614
21
-7.2989499212598421
0
LINE
8
BLACK
6
CONTINUOUS
10
7.7036343307086614
20
-7.2989499212598421
11
7.6923857480314961
21
-7.2989499212598421
0
LINE
8
BLACK
6
CONTINUOUS
10
7.6923857480314961
20
-7.2989499212598421
11
7.6867614173228347
21
-7.3017620866141728
0
LINE
8
BLACK
6
CONTINUOUS
10
7.7120707874015748
20
-7.3355078740157476
11
7.7064464566929134
21
-7.3383199999999995
0
LINE
8
BLACK
6
CONTINUOUS
10
7.7064464566929134
20
-7.3383199999999995
11
7.6923857480314961
21
-7.3383199999999995
0
LINE
8
BLACK
6
CONTINUOUS
10
7.6923857480314961
20
-7.3383199999999995
11
7.6867614173228347
21
-7.3355078740157476
0
LINE
8
BLACK
6
CONTINUOUS
10
7.6867614173228347
20
-7.3355078740157476
11
7.6839492913385827
21
-7.3298835433070861
0
LINE
8
BLACK
6
CONTINUOUS
10
7.6839492913385827
20
-7.3298835433070861
11
7.6839492913385827
21
-7.3242592519685035
0
LINE
8
BLACK
6
CONTINUOUS
10
7.6839492913385827
20
-7.3242592519685035
11
7.6867614173228347
21
-7.3186349606299208
0
LINE
8
BLACK
6
CONTINUOUS
10
7.6867614173228347
20
-7.3186349606299208
11
7.6923857480314961
21
-7.3158228346456688
0
LINE
8
BLACK
6
CONTINUOUS
10
7.6923857480314961
20
-7.3158228346456688
11
7.7064464566929134
21
-7.3158228346456688
0
LINE
8
BLACK
6
CONTINUOUS
10
7.7064464566929134
20
-7.3158228346456688
11
7.7120707874015748
21
-7.3130106692913381
0
LINE
8
BLACK
6
CONTINUOUS
10
7.7655016141732283
20
-7.3383199999999995
11
7.7655016141732283
21
-7.2792648818897634
0
LINE
8
BLACK
6
CONTINUOUS
10
7.7655016141732283
20
-7.3355078740157476
11
7.7598772834645668
21
-7.3383199999999995
0
LINE
8
BLACK
6
CONTINUOUS
10
7.7598772834645668
20
-7.3383199999999995
11
7.7486287007874015
21
-7.3383199999999995
0
LINE
8
BLACK
6
CONTINUOUS
10
7.7486287007874015
20
-7.3383199999999995
11
7.7430044094488188
21
-7.3355078740157476
0
LINE
8
BLACK
6
CONTINUOUS
10
7.7430044094488188
20
-7.3355078740157476
11
7.7401922440944881
21
-7.3326957086614168
0
LINE
8
BLACK
6
CONTINUOUS
10
7.7401922440944881
20
-7.3326957086614168
11
7.7373801181102362
21
-7.3270714173228342
0
LINE
8
BLACK
6
CONTINUOUS
10
7.7373801181102362
20
-7.3270714173228342
11
7.7373801181102362
21
-7.3101985039370074
0
LINE
8
BLACK
6
CONTINUOUS
10
7.7373801181102362
20
-7.3101985039370074
11
7.7401922440944881
21
-7.3045742125984248
0
LINE
8
BLACK
6
CONTINUOUS
10
7.7401922440944881
20
-7.3045742125984248
11
7.7430044094488188
21
-7.3017620866141728
0
LINE
8
BLACK
6
CONTINUOUS
10
7.7430044094488188
20
-7.3017620866141728
11
7.7486287007874015
21
-7.2989499212598421
0
LINE
8
BLACK
6
CONTINUOUS
10
7.7486287007874015
20
-7.2989499212598421
11
7.7598772834645668
21
-7.2989499212598421
0
LINE
8
BLACK
6
CONTINUOUS
10
7.7598772834645668
20
-7.2989499212598421
11
7.7655016141732283
21
-7.3017620866141728
0
LINE
8
BLACK
6
CONTINUOUS
10
7.816120275590551
20
-7.3355078740157476
11
7.8104959842519683
21
-7.3383199999999995
0
LINE
8
BLACK
6
CONTINUOUS
10
7.8104959842519683
20
-7.3383199999999995
11
7.799247401574803
21
-7.3383199999999995
0
LINE
8
BLACK
6
CONTINUOUS
10
7.799247401574803
20
-7.3383199999999995
11
7.7936230708661416
21
-7.3355078740157476
0
LINE
8
BLACK
6
CONTINUOUS
10
7.7936230708661416
20
-7.3355078740157476
11
7.7908109448818896
21
-7.3298835433070861
0
LINE
8
BLACK
6
CONTINUOUS
10
7.7908109448818896
20
-7.3298835433070861
11
7.7908109448818896
21
-7.3073863779527555
0
LINE
8
BLACK
6
CONTINUOUS
10
7.7908109448818896
20
-7.3073863779527555
11
7.7936230708661416
21
-7.3017620866141728
0
LINE
8
BLACK
6
CONTINUOUS
10
7.7936230708661416
20
-7.3017620866141728
11
7.799247401574803
21
-7.2989499212598421
0
LINE
8
BLACK
6
CONTINUOUS
10
7.799247401574803
20
-7.2989499212598421
11
7.8104959842519683
21
-7.2989499212598421
0
LINE
8
BLACK
6
CONTINUOUS
10
7.8104959842519683
20
-7.2989499212598421
11
7.816120275590551
21
-7.3017620866141728
0
LINE
8
BLACK
6
CONTINUOUS
10
7.816120275590551
20
-7.3017620866141728
11
7.8189324409448817
21
-7.3073863779527555
0
LINE
8
BLACK
6
CONTINUOUS
10
7.8189324409448817
20
-7.3073863779527555
11
7.8189324409448817
21
-7.3130106692913381
0
LINE
8
BLACK
6
CONTINUOUS
10
7.8189324409448817
20
-7.3130106692913381
11
7.7908109448818896
21
-7.3186349606299208
0
LINE
8
BLACK
6
CONTINUOUS
10
7.8442417322834643
20
-7.3383199999999995
11
7.8442417322834643
21
-7.2989499212598421
0
LINE
8
BLACK
6
CONTINUOUS
10
7.8442417322834643
20
-7.3101985039370074
11
7.847053897637795
21
-7.3045742125984248
0
LINE
8
BLACK
6
CONTINUOUS
10
7.847053897637795
20
-7.3045742125984248
11
7.8498660629921257
21
-7.3017620866141728
0
LINE
8
BLACK
6
CONTINUOUS
10
7.8498660629921257
20
-7.3017620866141728
11
7.8554903543307084
21
-7.2989499212598421
0
LINE
8
BLACK
6
CONTINUOUS
10
7.8554903543307084
20
-7.2989499212598421
11
7.8611146456692911
21
-7.2989499212598421
0
LINE
8
BLACK
6
CONTINUOUS
10
7.8779875196850391
20
-7.3355078740157476
11
7.8836118110236217
21
-7.3383199999999995
0
LINE
8
BLACK
6
CONTINUOUS
10
7.8836118110236217
20
-7.3383199999999995
11
7.8948603937007871
21
-7.3383199999999995
0
LINE
8
BLACK
6
CONTINUOUS
10
7.8948603937007871
20
-7.3383199999999995
11
7.9004846850393697
21
-7.3355078740157476
0
LINE
8
BLACK
6
CONTINUOUS
10
7.9004846850393697
20
-7.3355078740157476
11
7.9032968503937004
21
-7.3298835433070861
0
LINE
8
BLACK
6
CONTINUOUS
10
7.9032968503937004
20
-7.3298835433070861
11
7.9032968503937004
21
-7.3270714173228342
0
LINE
8
BLACK
6
CONTINUOUS
10
7.9032968503937004
20
-7.3270714173228342
11
7.9004846850393697
21
-7.3214471259842515
0
LINE
8
BLACK
6
CONTINUOUS
10
7.9004846850393697
20
-7.3214471259842515
11
7.8948603937007871
21
-7.3186349606299208
0
LINE
8
BLACK
6
CONTINUOUS
10
7.8948603937007871
20
-7.3186349606299208
11
7.8864239763779524
21
-7.3186349606299208
0
LINE
8
BLACK
6
CONTINUOUS
10
7.8864239763779524
20
-7.3186349606299208
11
7.880799645669291
21
-7.3158228346456688
0
LINE
8
BLACK
6
CONTINUOUS
10
7.880799645669291
20
-7.3158228346456688
11
7.8779875196850391
21
-7.3101985039370074
0
LINE
8
BLACK
6
CONTINUOUS
10
7.8779875196850391
20
-7.3101985039370074
11
7.8779875196850391
21
-7.3073863779527555
0
LINE
8
BLACK
6
CONTINUOUS
10
7.8779875196850391
20
-7.3073863779527555
11
7.880799645669291
21
-7.3017620866141728
0
LINE
8
BLACK
6
CONTINUOUS
10
7.880799645669291
20
-7.3017620866141728
11
7.8864239763779524
21
-7.2989499212598421
0
LINE
8
BLACK
6
CONTINUOUS
10
7.8864239763779524
20
-7.2989499212598421
11
7.8948603937007871
21
-7.2989499212598421
0
LINE
8
BLACK
6
CONTINUOUS
10
7.8948603937007871
20
-7.2989499212598421
11
7.9004846850393697
21
-7.3017620866141728
0
LINE
8
BLACK
6
CONTINUOUS
10
7.9286061811023618
20
-7.3326957086614168
11
7.9314183464566925
21
-7.3355078740157476
0
LINE
8
BLACK
6
CONTINUOUS
10
7.9314183464566925
20
-7.3355078740157476
11
7.9286061811023618
21
-7.3383199999999995
0
LINE
8
BLACK
6
CONTINUOUS
10
7.9286061811023618
20
-7.3383199999999995
11
7.9257940551181099
21
-7.3355078740157476
0
LINE
8
BLACK
6
CONTINUOUS
10
7.9257940551181099
20
-7.3355078740157476
11
7.9286061811023618
21
-7.3326957086614168
0
LINE
8
BLACK
6
CONTINUOUS
10
7.9286061811023618
20
-7.3326957086614168
11
7.9286061811023618
21
-7.3383199999999995
0
LINE
8
BLACK
6
CONTINUOUS
10
7.9567276771653539
20
-7.3383199999999995
11
7.9567276771653539
21
-7.2792648818897634
0
LINE
8
BLACK
6
CONTINUOUS
10
7.9623520078740153
20
-7.3158228346456688
11
7.9792248818897633
21
-7.3383199999999995
0
LINE
8
BLACK
6
CONTINUOUS
10
7.9792248818897633
20
-7.2989499212598421
11
7.9567276771653539
21
-7.3214471259842515
0
LINE
8
BLACK
6
CONTINUOUS
10
8.0045342125984256
20
-7.3383199999999995
11
8.0045342125984256
21
-7.2989499212598421
0
LINE
8
BLACK
6
CONTINUOUS
10
8.0045342125984256
20
-7.2792648818897634
11
8.0017220866141727
21
-7.2820770472440941
0
LINE
8
BLACK
6
CONTINUOUS
10
8.0017220866141727
20
-7.2820770472440941
11
8.0045342125984256
21
-7.2848891732283461
0
LINE
8
BLACK
6
CONTINUOUS
10
8.0045342125984256
20
-7.2848891732283461
11
8.0073463779527554
21
-7.2820770472440941
0
LINE
8
BLACK
6
CONTINUOUS
10
8.0073463779527554
20
-7.2820770472440941
11
8.0045342125984256
21
-7.2792648818897634
0
LINE
8
BLACK
6
CONTINUOUS
10
8.0045342125984256
20
-7.2792648818897634
11
8.0045342125984256
21
-7.2848891732283461
0
LINE
8
BLACK
6
CONTINUOUS
10
8.0579650787401569
20
-7.3355078740157476
11
8.0523407480314955
21
-7.3383199999999995
0
LINE
8
BLACK
6
CONTINUOUS
10
8.0523407480314955
20
-7.3383199999999995
11
8.0410921653543301
21
-7.3383199999999995
0
LINE
8
BLACK
6
CONTINUOUS
10
8.0410921653543301
20
-7.3383199999999995
11
8.0354678740157475
21
-7.3355078740157476
0
LINE
8
BLACK
6
CONTINUOUS
10
8.0354678740157475
20
-7.3355078740157476
11
8.0326557086614176
21
-7.3326957086614168
0
LINE
8
BLACK
6
CONTINUOUS
10
8.0326557086614176
20
-7.3326957086614168
11
8.0298435826771648
21
-7.3270714173228342
0
LINE
8
BLACK
6
CONTINUOUS
10
8.0298435826771648
20
-7.3270714173228342
11
8.0298435826771648
21
-7.3101985039370074
0
LINE
8
BLACK
6
CONTINUOUS
10
8.0298435826771648
20
-7.3101985039370074
11
8.0326557086614176
21
-7.3045742125984248
0
LINE
8
BLACK
6
CONTINUOUS
10
8.0326557086614176
20
-7.3045742125984248
11
8.0354678740157475
21
-7.3017620866141728
0
LINE
8
BLACK
6
CONTINUOUS
10
8.0354678740157475
20
-7.3017620866141728
11
8.0410921653543301
21
-7.2989499212598421
0
LINE
8
BLACK
6
CONTINUOUS
10
8.0410921653543301
20
-7.2989499212598421
11
8.0523407480314955
21
-7.2989499212598421
0
LINE
8
BLACK
6
CONTINUOUS
10
8.0523407480314955
20
-7.2989499212598421
11
8.0579650787401569
21
-7.3017620866141728
0
LINE
8
BLACK
6
CONTINUOUS
10
8.1085837401574796
20
-7.3383199999999995
11
8.1085837401574796
21
-7.3073863779527555
0
LINE
8
BLACK
6
CONTINUOUS
10
8.1085837401574796
20
-7.3073863779527555
11
8.1057715748031498
21
-7.3017620866141728
0
LINE
8
BLACK
6
CONTINUOUS
10
8.1057715748031498
20
-7.3017620866141728
11
8.1001472834645671
21
-7.2989499212598421
0
LINE
8
BLACK
6
CONTINUOUS
10
8.1001472834645671
20
-7.2989499212598421
11
8.0888987007874018
21
-7.2989499212598421
0
LINE
8
BLACK
6
CONTINUOUS
10
8.0888987007874018
20
-7.2989499212598421
11
8.0832743700787404
21
-7.3017620866141728
0
LINE
8
BLACK
6
CONTINUOUS
10
8.1085837401574796
20
-7.3355078740157476
11
8.1029594094488182
21
-7.3383199999999995
0
LINE
8
BLACK
6
CONTINUOUS
10
8.1029594094488182
20
-7.3383199999999995
11
8.0888987007874018
21
-7.3383199999999995
0
LINE
8
BLACK
6
CONTINUOUS
10
8.0888987007874018
20
-7.3383199999999995
11
8.0832743700787404
21
-7.3355078740157476
0
LINE
8
BLACK
6
CONTINUOUS
10
8.0832743700787404
20
-7.3355078740157476
11
8.0804622440944875
21
-7.3298835433070861
0
LINE
8
BLACK
6
CONTINUOUS
10
8.0804622440944875
20
-7.3298835433070861
11
8.0804622440944875
21
-7.3242592519685035
0
LINE
8
BLACK
6
CONTINUOUS
10
8.0804622440944875
20
-7.3242592519685035
11
8.0832743700787404
21
-7.3186349606299208
0
LINE
8
BLACK
6
CONTINUOUS
10
8.0832743700787404
20
-7.3186349606299208
11
8.0888987007874018
21
-7.3158228346456688
0
LINE
8
BLACK
6
CONTINUOUS
10
8.0888987007874018
20
-7.3158228346456688
11
8.1029594094488182
21
-7.3158228346456688
0
LINE
8
BLACK
6
CONTINUOUS
10
8.1029594094488182
20
-7.3158228346456688
11
8.1085837401574796
21
-7.3130106692913381
0
LINE
8
BLACK
6
CONTINUOUS
10
8.162014566929134
20
-7.3383199999999995
11
8.162014566929134
21
-7.2792648818897634
0
LINE
8
BLACK
6
CONTINUOUS
10
8.162014566929134
20
-7.3355078740157476
11
8.1563902362204725
21
-7.3383199999999995
0
LINE
8
BLACK
6
CONTINUOUS
10
8.1563902362204725
20
-7.3383199999999995
11
8.1451416535433072
21
-7.3383199999999995
0
LINE
8
BLACK
6
CONTINUOUS
10
8.1451416535433072
20
-7.3383199999999995
11
8.1395173622047245
21
-7.3355078740157476
0
LINE
8
BLACK
6
CONTINUOUS
10
8.1395173622047245
20
-7.3355078740157476
11
8.136705196850393
21
-7.3326957086614168
0
LINE
8
BLACK
6
CONTINUOUS
10
8.136705196850393
20
-7.3326957086614168
11
8.1338930708661419
21
-7.3270714173228342
0
LINE
8
BLACK
6
CONTINUOUS
10
8.1338930708661419
20
-7.3270714173228342
11
8.1338930708661419
21
-7.3101985039370074
0
LINE
8
BLACK
6
CONTINUOUS
10
8.1338930708661419
20
-7.3101985039370074
11
8.136705196850393
21
-7.3045742125984248
0
LINE
8
BLACK
6
CONTINUOUS
10
8.136705196850393
20
-7.3045742125984248
11
8.1395173622047245
21
-7.3017620866141728
0
LINE
8
BLACK
6
CONTINUOUS
10
8.1395173622047245
20
-7.3017620866141728
11
8.1451416535433072
21
-7.2989499212598421
0
LINE
8
BLACK
6
CONTINUOUS
10
8.1451416535433072
20
-7.2989499212598421
11
8.1563902362204725
21
-7.2989499212598421
0
LINE
8
BLACK
6
CONTINUOUS
10
8.1563902362204725
20
-7.2989499212598421
11
8.162014566929134
21
-7.3017620866141728
0
LINE
8
BLACK
6
CONTINUOUS
10
8.1760753149606291
20
-7.3439442913385822
11
8.2210696850393692
21
-7.3439442913385822
0
LINE
8
BLACK
6
CONTINUOUS
10
8.2351303937007874
20
-7.2989499212598421
11
8.2351303937007874
21
-7.3580050393700782
0
LINE
8
BLACK
6
CONTINUOUS
10
8.2351303937007874
20
-7.3017620866141728
11
8.2407547244094488
21
-7.2989499212598421
0
LINE
8
BLACK
6
CONTINUOUS
10
8.2407547244094488
20
-7.2989499212598421
11
8.2520033070866141
21
-7.2989499212598421
0
LINE
8
BLACK
6
CONTINUOUS
10
8.2520033070866141
20
-7.2989499212598421
11
8.2576275984251968
21
-7.3017620866141728
0
LINE
8
BLACK
6
CONTINUOUS
10
8.2576275984251968
20
-7.3017620866141728
11
8.2604397637795266
21
-7.3045742125984248
0
LINE
8
BLACK
6
CONTINUOUS
10
8.2604397637795266
20
-7.3045742125984248
11
8.2632518897637794
21
-7.3101985039370074
0
LINE
8
BLACK
6
CONTINUOUS
10
8.2632518897637794
20
-7.3101985039370074
11
8.2632518897637794
21
-7.3270714173228342
0
LINE
8
BLACK
6
CONTINUOUS
10
8.2632518897637794
20
-7.3270714173228342
11
8.2604397637795266
21
-7.3326957086614168
0
LINE
8
BLACK
6
CONTINUOUS
10
8.2604397637795266
20
-7.3326957086614168
11
8.2576275984251968
21
-7.3355078740157476
0
LINE
8
BLACK
6
CONTINUOUS
10
8.2576275984251968
20
-7.3355078740157476
11
8.2520033070866141
21
-7.3383199999999995
0
LINE
8
BLACK
6
CONTINUOUS
10
8.2520033070866141
20
-7.3383199999999995
11
8.2407547244094488
21
-7.3383199999999995
0
LINE
8
BLACK
6
CONTINUOUS
10
8.2407547244094488
20
-7.3383199999999995
11
8.2351303937007874
21
-7.3355078740157476
0
LINE
8
BLACK
6
CONTINUOUS
10
8.3138705905511809
20
-7.3355078740157476
11
8.3082462598425195
21
-7.3383199999999995
0
LINE
8
BLACK
6
CONTINUOUS
10
8.3082462598425195
20
-7.3383199999999995
11
8.2969976771653542
21
-7.3383199999999995
0
LINE
8
BLACK
6
CONTINUOUS
10
8.2969976771653542
20
-7.3383199999999995
11
8.2913733858267715
21
-7.3355078740157476
0
LINE
8
BLACK
6
CONTINUOUS
10
8.2913733858267715
20
-7.3355078740157476
11
8.2885612204724399
21
-7.3326957086614168
0
LINE
8
BLACK
6
CONTINUOUS
10
8.2885612204724399
20
-7.3326957086614168
11
8.2857490944881889
21
-7.3270714173228342
0
LINE
8
BLACK
6
CONTINUOUS
10
8.2857490944881889
20
-7.3270714173228342
11
8.2857490944881889
21
-7.3101985039370074
0
LINE
8
BLACK
6
CONTINUOUS
10
8.2857490944881889
20
-7.3101985039370074
11
8.2885612204724399
21
-7.3045742125984248
0
LINE
8
BLACK
6
CONTINUOUS
10
8.2885612204724399
20
-7.3045742125984248
11
8.2913733858267715
21
-7.3017620866141728
0
LINE
8
BLACK
6
CONTINUOUS
10
8.2913733858267715
20
-7.3017620866141728
11
8.2969976771653542
21
-7.2989499212598421
0
LINE
8
BLACK
6
CONTINUOUS
10
8.2969976771653542
20
-7.2989499212598421
11
8.3082462598425195
21
-7.2989499212598421
0
LINE
8
BLACK
6
CONTINUOUS
10
8.3082462598425195
20
-7.2989499212598421
11
8.3138705905511809
21
-7.3017620866141728
0
LINE
8
BLACK
6
CONTINUOUS
10
8.3391798818897644
20
-7.3383199999999995
11
8.3391798818897644
21
-7.2792648818897634
0
LINE
8
BLACK
6
CONTINUOUS
10
8.3391798818897644
20
-7.3017620866141728
11
8.3448042125984259
21
-7.2989499212598421
0
LINE
8
BLACK
6
CONTINUOUS
10
8.3448042125984259
20
-7.2989499212598421
11
8.3560527952755912
21
-7.2989499212598421
0
LINE
8
BLACK
6
CONTINUOUS
10
8.3560527952755912
20
-7.2989499212598421
11
8.3616770866141739
21
-7.3017620866141728
0
LINE
8
BLACK
6
CONTINUOUS
10
8.3616770866141739
20
-7.3017620866141728
11
8.3644892519685037
21
-7.3045742125984248
0
LINE
8
BLACK
6
CONTINUOUS
10
8.3644892519685037
20
-7.3045742125984248
11
8.3673013779527565
21
-7.3101985039370074
0
LINE
8
BLACK
6
CONTINUOUS
10
8.3673013779527565
20
-7.3101985039370074
11
8.3673013779527565
21
-7.3270714173228342
0
LINE
8
BLACK
6
CONTINUOUS
10
8.3673013779527565
20
-7.3270714173228342
11
8.3644892519685037
21
-7.3326957086614168
0
LINE
8
BLACK
6
CONTINUOUS
10
8.3644892519685037
20
-7.3326957086614168
11
8.3616770866141739
21
-7.3355078740157476
0
LINE
8
BLACK
6
CONTINUOUS
10
8.3616770866141739
20
-7.3355078740157476
11
8.3560527952755912
21
-7.3383199999999995
0
LINE
8
BLACK
6
CONTINUOUS
10
8.3560527952755912
20
-7.3383199999999995
11
8.3448042125984259
21
-7.3383199999999995
0
LINE
8
BLACK
6
CONTINUOUS
10
8.3448042125984259
20
-7.3383199999999995
11
8.3391798818897644
21
-7.3355078740157476
0
LINE
8
BLACK
6
CONTINUOUS
10
6.9685905511811024
20
-7.1459527559055118
11
11.2205590551181107
21
-7.1459527559055118
0
LINE
8
BLACK
6
CONTINUOUS
10
7.0230944094488184
20
-7.2292086614173225
11
7.0315308661417317
21
-7.2320207874015745
0
LINE
8
BLACK
6
CONTINUOUS
10
7.0315308661417317
20
-7.2320207874015745
11
7.045591574803149
21
-7.2320207874015745
0
LINE
8
BLACK
6
CONTINUOUS
10
7.045591574803149
20
-7.2320207874015745
11
7.0512159055118104
21
-7.2292086614173225
0
LINE
8
BLACK
6
CONTINUOUS
10
7.0512159055118104
20
-7.2292086614173225
11
7.0540280314960624
21
-7.2263964960629918
0
LINE
8
BLACK
6
CONTINUOUS
10
7.0540280314960624
20
-7.2263964960629918
11
7.0568401968503931
21
-7.2207722047244092
0
LINE
8
BLACK
6
CONTINUOUS
10
7.0568401968503931
20
-7.2207722047244092
11
7.0568401968503931
21
-7.2151479133858265
0
LINE
8
BLACK
6
CONTINUOUS
10
7.0568401968503931
20
-7.2151479133858265
11
7.0540280314960624
21
-7.2095236220472438
0
LINE
8
BLACK
6
CONTINUOUS
10
7.0540280314960624
20
-7.2095236220472438
11
7.0512159055118104
21
-7.2067114566929131
0
LINE
8
BLACK
6
CONTINUOUS
10
7.0512159055118104
20
-7.2067114566929131
11
7.045591574803149
21
-7.2038992913385824
0
LINE
8
BLACK
6
CONTINUOUS
10
7.045591574803149
20
-7.2038992913385824
11
7.0343429921259837
21
-7.2010871653543305
0
LINE
8
BLACK
6
CONTINUOUS
10
7.0343429921259837
20
-7.2010871653543305
11
7.028718700787401
21
-7.1982749999999998
0
LINE
8
BLACK
6
CONTINUOUS
10
7.028718700787401
20
-7.1982749999999998
11
7.0259065354330703
21
-7.1954628740157478
0
LINE
8
BLACK
6
CONTINUOUS
10
7.0259065354330703
20
-7.1954628740157478
11
7.0230944094488184
21
-7.1898385826771651
0
LINE
8
BLACK
6
CONTINUOUS
10
7.0230944094488184
20
-7.1898385826771651
11
7.0230944094488184
21
-7.1842142519685037
0
LINE
8
BLACK
6
CONTINUOUS
10
7.0230944094488184
20
-7.1842142519685037
11
7.0259065354330703
21
-7.1785899606299211
0
LINE
8
BLACK
6
CONTINUOUS
10
7.0259065354330703
20
-7.1785899606299211
11
7.028718700787401
21
-7.1757778346456691
0
LINE
8
BLACK
6
CONTINUOUS
10
7.028718700787401
20
-7.1757778346456691
11
7.0343429921259837
21
-7.1729656692913384
0
LINE
8
BLACK
6
CONTINUOUS
10
7.0343429921259837
20
-7.1729656692913384
11
7.0484037401574797
21
-7.1729656692913384
0
LINE
8
BLACK
6
CONTINUOUS
10
7.0484037401574797
20
-7.1729656692913384
11
7.0568401968503931
21
-7.1757778346456691
0
LINE
8
BLACK
6
CONTINUOUS
10
7.0821494881889766
20
-7.2320207874015745
11
7.0821494881889766
21
-7.1729656692913384
0
LINE
8
BLACK
6
CONTINUOUS
10
7.1074588582677167
20
-7.2320207874015745
11
7.1074588582677167
21
-7.2010871653543305
0
LINE
8
BLACK
6
CONTINUOUS
10
7.1074588582677167
20
-7.2010871653543305
11
7.104646692913386
21
-7.1954628740157478
0
LINE
8
BLACK
6
CONTINUOUS
10
7.104646692913386
20
-7.1954628740157478
11
7.0990224015748034
21
-7.1926507086614171
0
LINE
8
BLACK
6
CONTINUOUS
10
7.0990224015748034
20
-7.1926507086614171
11
7.09058594488189
21
-7.1926507086614171
0
LINE
8
BLACK
6
CONTINUOUS
10
7.09058594488189
20
-7.1926507086614171
11
7.0849616535433073
21
-7.1954628740157478
0
LINE
8
BLACK
6
CONTINUOUS
10
7.0849616535433073
20
-7.1954628740157478
11
7.0821494881889766
21
-7.1982749999999998
0
LINE
8
BLACK
6
CONTINUOUS
10
7.1580775196850395
20
-7.2292086614173225
11
7.1524532283464568
21
-7.2320207874015745
0
LINE
8
BLACK
6
CONTINUOUS
10
7.1524532283464568
20
-7.2320207874015745
11
7.1412046456692915
21
-7.2320207874015745
0
LINE
8
BLACK
6
CONTINUOUS
10
7.1412046456692915
20
-7.2320207874015745
11
7.1355803149606301
21
-7.2292086614173225
0
LINE
8
BLACK
6
CONTINUOUS
10
7.1355803149606301
20
-7.2292086614173225
11
7.1327681889763781
21
-7.2235843307086611
0
LINE
8
BLACK
6
CONTINUOUS
10
7.1327681889763781
20
-7.2235843307086611
11
7.1327681889763781
21
-7.2010871653543305
0
LINE
8
BLACK
6
CONTINUOUS
10
7.1327681889763781
20
-7.2010871653543305
11
7.1355803149606301
21
-7.1954628740157478
0
LINE
8
BLACK
6
CONTINUOUS
10
7.1355803149606301
20
-7.1954628740157478
11
7.1412046456692915
21
-7.1926507086614171
0
LINE
8
BLACK
6
CONTINUOUS
10
7.1412046456692915
20
-7.1926507086614171
11
7.1524532283464568
21
-7.1926507086614171
0
LINE
8
BLACK
6
CONTINUOUS
10
7.1524532283464568
20
-7.1926507086614171
11
7.1580775196850395
21
-7.1954628740157478
0
LINE
8
BLACK
6
CONTINUOUS
10
7.1580775196850395
20
-7.1954628740157478
11
7.1608896850393702
21
-7.2010871653543305
0
LINE
8
BLACK
6
CONTINUOUS
10
7.1608896850393702
20
-7.2010871653543305
11
7.1608896850393702
21
-7.2067114566929131
0
LINE
8
BLACK
6
CONTINUOUS
10
7.1608896850393702
20
-7.2067114566929131
11
7.1327681889763781
21
-7.2123357480314958
0
LINE
8
BLACK
6
CONTINUOUS
10
7.2086961811023622
20
-7.2292086614173225
11
7.2030718897637795
21
-7.2320207874015745
0
LINE
8
BLACK
6
CONTINUOUS
10
7.2030718897637795
20
-7.2320207874015745
11
7.1918233070866142
21
-7.2320207874015745
0
LINE
8
BLACK
6
CONTINUOUS
10
7.1918233070866142
20
-7.2320207874015745
11
7.1861989763779528
21
-7.2292086614173225
0
LINE
8
BLACK
6
CONTINUOUS
10
7.1861989763779528
20
-7.2292086614173225
11
7.1833868503937008
21
-7.2235843307086611
0
LINE
8
BLACK
6
CONTINUOUS
10
7.1833868503937008
20
-7.2235843307086611
11
7.1833868503937008
21
-7.2010871653543305
0
LINE
8
BLACK
6
CONTINUOUS
10
7.1833868503937008
20
-7.2010871653543305
11
7.1861989763779528
21
-7.1954628740157478
0
LINE
8
BLACK
6
CONTINUOUS
10
7.1861989763779528
20
-7.1954628740157478
11
7.1918233070866142
21
-7.1926507086614171
0
LINE
8
BLACK
6
CONTINUOUS
10
7.1918233070866142
20
-7.1926507086614171
11
7.2030718897637795
21
-7.1926507086614171
0
LINE
8
BLACK
6
CONTINUOUS
10
7.2030718897637795
20
-7.1926507086614171
11
7.2086961811023622
21
-7.1954628740157478
0
LINE
8
BLACK
6
CONTINUOUS
10
7.2086961811023622
20
-7.1954628740157478
11
7.2115083464566929
21
-7.2010871653543305
0
LINE
8
BLACK
6
CONTINUOUS
10
7.2115083464566929
20
-7.2010871653543305
11
7.2115083464566929
21
-7.2067114566929131
0
LINE
8
BLACK
6
CONTINUOUS
10
7.2115083464566929
20
-7.2067114566929131
11
7.1833868503937008
21
-7.2123357480314958
0
LINE
8
BLACK
6
CONTINUOUS
10
7.2283812204724409
20
-7.1926507086614171
11
7.2508783858267716
21
-7.1926507086614171
0
LINE
8
BLACK
6
CONTINUOUS
10
7.2368176377952755
20
-7.1729656692913384
11
7.2368176377952755
21
-7.2235843307086611
0
LINE
8
BLACK
6
CONTINUOUS
10
7.2368176377952755
20
-7.2235843307086611
11
7.2396298031496062
21
-7.2292086614173225
0
LINE
8
BLACK
6
CONTINUOUS
10
7.2396298031496062
20
-7.2292086614173225
11
7.2452540944881889
21
-7.2320207874015745
0
LINE
8
BLACK
6
CONTINUOUS
10
7.2452540944881889
20
-7.2320207874015745
11
7.2508783858267716
21
-7.2320207874015745
0
LINE
8
BLACK
6
CONTINUOUS
10
7.2705634251968503
20
-7.2263964960629918
11
7.273375590551181
21
-7.2292086614173225
0
LINE
8
BLACK
6
CONTINUOUS
10
7.273375590551181
20
-7.2292086614173225
11
7.2705634251968503
21
-7.2320207874015745
0
LINE
8
BLACK
6
CONTINUOUS
10
7.2705634251968503
20
-7.2320207874015745
11
7.2677512992125983
21
-7.2292086614173225
0
LINE
8
BLACK
6
CONTINUOUS
10
7.2677512992125983
20
-7.2292086614173225
11
7.2705634251968503
21
-7.2263964960629918
0
LINE
8
BLACK
6
CONTINUOUS
10
7.2705634251968503
20
-7.2263964960629918
11
7.2705634251968503
21
-7.2320207874015745
0
LINE
8
BLACK
6
CONTINUOUS
10
7.2705634251968503
20
-7.1954628740157478
11
7.273375590551181
21
-7.1982749999999998
0
LINE
8
BLACK
6
CONTINUOUS
10
7.273375590551181
20
-7.1982749999999998
11
7.2705634251968503
21
-7.2010871653543305
0
LINE
8
BLACK
6
CONTINUOUS
10
7.2705634251968503
20
-7.2010871653543305
11
7.2677512992125983
21
-7.1982749999999998
0
LINE
8
BLACK
6
CONTINUOUS
10
7.2677512992125983
20
-7.1982749999999998
11
7.2705634251968503
21
-7.1954628740157478
0
LINE
8
BLACK
6
CONTINUOUS
10
7.2705634251968503
20
-7.1954628740157478
11
7.2705634251968503
21
-7.2010871653543305
0
LINE
8
BLACK
6
CONTINUOUS
10
7.7559921259842515
20
-7.5396535433070868
11
7.7559921259842515
21
-7.657763779527559
0
LINE
8
BLACK
6
CONTINUOUS
10
10.2756771653543311
20
-7.5396535433070868
11
10.2756771653543311
21
-7.79555905511811
0
LINE
8
BLACK
6
CONTINUOUS
10
4.5388859842519684
20
-4.4248238976377952
11
4.5417598031496063
21
-4.4267441338582678
0
LINE
8
BLACK
6
CONTINUOUS
10
4.5417598031496063
20
-4.4267441338582678
11
4.5436800393700789
21
-4.4296179527559056
0
LINE
8
BLACK
6
CONTINUOUS
10
4.5436800393700789
20
-4.4296179527559056
11
4.5443543307086616
21
-4.4330078740157477
0
LINE
8
BLACK
6
CONTINUOUS
10
4.5443543307086616
20
-4.4330078740157477
11
4.5443543307086616
21
-4.4526929133858264
0
LINE
8
BLACK
6
CONTINUOUS
10
4.5443543307086616
20
-4.4526929133858264
11
4.5436800393700789
21
-4.4560828346456693
0
LINE
8
BLACK
6
CONTINUOUS
10
4.5436800393700789
20
-4.4560828346456693
11
4.5417598031496063
21
-4.4589566535433072
0
LINE
8
BLACK
6
CONTINUOUS
10
4.5417598031496063
20
-4.4589566535433072
11
4.5388859842519684
21
-4.4608768897637798
0
LINE
8
BLACK
6
CONTINUOUS
10
4.5388859842519684
20
-4.4608768897637798
11
4.5354960629921255
21
-4.4615511811023625
0
LINE
8
BLACK
6
CONTINUOUS
10
4.5354960629921255
20
-4.4615511811023625
11
4.5177795275590551
21
-4.4615511811023625
0
LINE
8
BLACK
6
CONTINUOUS
10
4.5177795275590551
20
-4.4615511811023625
11
4.5143896062992122
21
-4.4608768897637798
0
LINE
8
BLACK
6
CONTINUOUS
10
4.5143896062992122
20
-4.4608768897637798
11
4.5115157874015743
21
-4.4589566535433072
0
LINE
8
BLACK
6
CONTINUOUS
10
4.5115157874015743
20
-4.4589566535433072
11
4.5095955511811026
21
-4.4560828346456693
0
LINE
8
BLACK
6
CONTINUOUS
10
4.5095955511811026
20
-4.4560828346456693
11
4.5089212598425199
21
-4.4526929133858264
0
LINE
8
BLACK
6
CONTINUOUS
10
4.5089212598425199
20
-4.4526929133858264
11
4.5089212598425199
21
-4.4330078740157477
0
LINE
8
BLACK
6
CONTINUOUS
10
4.5089212598425199
20
-4.4330078740157477
11
4.5095955511811026
21
-4.4296179527559056
0
LINE
8
BLACK
6
CONTINUOUS
10
4.5095955511811026
20
-4.4296179527559056
11
4.5115157874015743
21
-4.4267441338582678
0
LINE
8
BLACK
6
CONTINUOUS
10
4.5115157874015743
20
-4.4267441338582678
11
4.5143896062992122
21
-4.4248238976377952
0
LINE
8
BLACK
6
CONTINUOUS
10
4.5143896062992122
20
-4.4248238976377952
11
4.5177795275590551
21
-4.4241496062992125
0
LINE
8
BLACK
6
CONTINUOUS
10
4.5177795275590551
20
-4.4241496062992125
11
4.5354960629921255
21
-4.4241496062992125
0
LINE
8
BLACK
6
CONTINUOUS
10
4.5354960629921255
20
-4.4241496062992125
11
4.5388859842519684
21
-4.4248238976377952
0
LINE
8
BLACK
6
CONTINUOUS
10
4.5999096062992129
20
-4.4248238976377952
11
4.6027834251968507
21
-4.4267441338582678
0
LINE
8
BLACK
6
CONTINUOUS
10
4.6027834251968507
20
-4.4267441338582678
11
4.6047036614173225
21
-4.4296179527559056
0
LINE
8
BLACK
6
CONTINUOUS
10
4.6047036614173225
20
-4.4296179527559056
11
4.6053779527559051
21
-4.4330078740157477
0
LINE
8
BLACK
6
CONTINUOUS
10
4.6053779527559051
20
-4.4330078740157477
11
4.6053779527559051
21
-4.4526929133858264
0
LINE
8
BLACK
6
CONTINUOUS
10
4.6053779527559051
20
-4.4526929133858264
11
4.6047036614173225
21
-4.4560828346456693
0
LINE
8
BLACK
6
CONTINUOUS
10
4.6047036614173225
20
-4.4560828346456693
11
4.6027834251968507
21
-4.4589566535433072
0
LINE
8
BLACK
6
CONTINUOUS
10
4.6027834251968507
20
-4.4589566535433072
11
4.5999096062992129
21
-4.4608768897637798
0
LINE
8
BLACK
6
CONTINUOUS
10
4.5999096062992129
20
-4.4608768897637798
11
4.5965196850393699
21
-4.4615511811023625
0
LINE
8
BLACK
6
CONTINUOUS
10
4.5965196850393699
20
-4.4615511811023625
11
4.5788031496062995
21
-4.4615511811023625
0
LINE
8
BLACK
6
CONTINUOUS
10
4.5788031496062995
20
-4.4615511811023625
11
4.5754132283464566
21
-4.4608768897637798
0
LINE
8
BLACK
6
CONTINUOUS
10
4.5754132283464566
20
-4.4608768897637798
11
4.5725394094488188
21
-4.4589566535433072
0
LINE
8
BLACK
6
CONTINUOUS
10
4.5725394094488188
20
-4.4589566535433072
11
4.5706191732283461
21
-4.4560828346456693
0
LINE
8
BLACK
6
CONTINUOUS
10
4.5706191732283461
20
-4.4560828346456693
11
4.5699448818897634
21
-4.4526929133858264
0
LINE
8
BLACK
6
CONTINUOUS
10
4.5699448818897634
20
-4.4526929133858264
11
4.5699448818897634
21
-4.4330078740157477
0
LINE
8
BLACK
6
CONTINUOUS
10
4.5699448818897634
20
-4.4330078740157477
11
4.5706191732283461
21
-4.4296179527559056
0
LINE
8
BLACK
6
CONTINUOUS
10
4.5706191732283461
20
-4.4296179527559056
11
4.5725394094488188
21
-4.4267441338582678
0
LINE
8
BLACK
6
CONTINUOUS
10
4.5725394094488188
20
-4.4267441338582678
11
4.5754132283464566
21
-4.4248238976377952
0
LINE
8
BLACK
6
CONTINUOUS
10
4.5754132283464566
20
-4.4248238976377952
11
4.5788031496062995
21
-4.4241496062992125
0
LINE
8
BLACK
6
CONTINUOUS
10
4.5788031496062995
20
-4.4241496062992125
11
4.5965196850393699
21
-4.4241496062992125
0
LINE
8
BLACK
6
CONTINUOUS
10
4.5965196850393699
20
-4.4241496062992125
11
4.5999096062992129
21
-4.4248238976377952
0
LINE
8
BLACK
6
CONTINUOUS
10
4.7404489370078737
20
-4.4171424409448816
11
4.7423648031496066
21
-4.418422598425197
0
LINE
8
BLACK
6
CONTINUOUS
10
4.7423648031496066
20
-4.418422598425197
11
4.7436449606299211
21
-4.420338464566929
0
LINE
8
BLACK
6
CONTINUOUS
10
4.7436449606299211
20
-4.420338464566929
11
4.7440944881889759
21
-4.42259842519685
0
LINE
8
BLACK
6
CONTINUOUS
10
4.7440944881889759
20
-4.42259842519685
11
4.7440944881889759
21
-4.4344094488188972
0
LINE
8
BLACK
6
CONTINUOUS
10
4.7440944881889759
20
-4.4344094488188972
11
4.7436449606299211
21
-4.436669409448819
0
LINE
8
BLACK
6
CONTINUOUS
10
4.7436449606299211
20
-4.436669409448819
11
4.7423648031496066
21
-4.438585275590551
0
LINE
8
BLACK
6
CONTINUOUS
10
4.7423648031496066
20
-4.438585275590551
11
4.7404489370078737
21
-4.4398654330708665
0
LINE
8
BLACK
6
CONTINUOUS
10
4.7404489370078737
20
-4.4398654330708665
11
4.7381889763779528
21
-4.4403149606299213
0
LINE
8
BLACK
6
CONTINUOUS
10
4.7381889763779528
20
-4.4403149606299213
11
4.6732283464566926
21
-4.4403149606299213
0
LINE
8
BLACK
6
CONTINUOUS
10
4.6732283464566926
20
-4.4403149606299213
11
4.6709683858267717
21
-4.4398654330708665
0
LINE
8
BLACK
6
CONTINUOUS
10
4.6709683858267717
20
-4.4398654330708665
11
4.6690525196850396
21
-4.438585275590551
0
LINE
8
BLACK
6
CONTINUOUS
10
4.6690525196850396
20
-4.438585275590551
11
4.6677723622047242
21
-4.436669409448819
0
LINE
8
BLACK
6
CONTINUOUS
10
4.6677723622047242
20
-4.436669409448819
11
4.6673228346456694
21
-4.4344094488188972
0
LINE
8
BLACK
6
CONTINUOUS
10
4.6673228346456694
20
-4.4344094488188972
11
4.6673228346456694
21
-4.42259842519685
0
LINE
8
BLACK
6
CONTINUOUS
10
4.6673228346456694
20
-4.42259842519685
11
4.6677723622047242
21
-4.420338464566929
0
LINE
8
BLACK
6
CONTINUOUS
10
4.6677723622047242
20
-4.420338464566929
11
4.6690525196850396
21
-4.418422598425197
0
LINE
8
BLACK
6
CONTINUOUS
10
4.6690525196850396
20
-4.418422598425197
11
4.6709683858267717
21
-4.4171424409448816
0
LINE
8
BLACK
6
CONTINUOUS
10
4.6709683858267717
20
-4.4171424409448816
11
4.6732283464566926
21
-4.4166929133858268
0
LINE
8
BLACK
6
CONTINUOUS
10
4.6732283464566926
20
-4.4166929133858268
11
4.7381889763779528
21
-4.4166929133858268
0
LINE
8
BLACK
6
CONTINUOUS
10
4.7381889763779528
20
-4.4166929133858268
11
4.7404489370078737
21
-4.4171424409448816
0
LINE
8
BLACK
6
CONTINUOUS
10
4.9353308267716534
20
-4.4171424409448816
11
4.9372466929133854
21
-4.418422598425197
0
LINE
8
BLACK
6
CONTINUOUS
10
4.9372466929133854
20
-4.418422598425197
11
4.9385268503937008
21
-4.420338464566929
0
LINE
8
BLACK
6
CONTINUOUS
10
4.9385268503937008
20
-4.420338464566929
11
4.9389763779527556
21
-4.42259842519685
0
LINE
8
BLACK
6
CONTINUOUS
10
4.9389763779527556
20
-4.42259842519685
11
4.9389763779527556
21
-4.4344094488188972
0
LINE
8
BLACK
6
CONTINUOUS
10
4.9389763779527556
20
-4.4344094488188972
11
4.9385268503937008
21
-4.436669409448819
0
LINE
8
BLACK
6
CONTINUOUS
10
4.9385268503937008
20
-4.436669409448819
11
4.9372466929133854
21
-4.438585275590551
0
LINE
8
BLACK
6
CONTINUOUS
10
4.9372466929133854
20
-4.438585275590551
11
4.9353308267716534
21
-4.4398654330708665
0
LINE
8
BLACK
6
CONTINUOUS
10
4.9353308267716534
20
-4.4398654330708665
11
4.9330708661417324
21
-4.4403149606299213
0
LINE
8
BLACK
6
CONTINUOUS
10
4.9330708661417324
20
-4.4403149606299213
11
4.8681102362204722
21
-4.4403149606299213
0
LINE
8
BLACK
6
CONTINUOUS
10
4.8681102362204722
20
-4.4403149606299213
11
4.8658502755905513
21
-4.4398654330708665
0
LINE
8
BLACK
6
CONTINUOUS
10
4.8658502755905513
20
-4.4398654330708665
11
4.8639344094488184
21
-4.438585275590551
0
LINE
8
BLACK
6
CONTINUOUS
10
4.8639344094488184
20
-4.438585275590551
11
4.8626542519685039
21
-4.436669409448819
0
LINE
8
BLACK
6
CONTINUOUS
10
4.8626542519685039
20
-4.436669409448819
11
4.8622047244094491
21
-4.4344094488188972
0
LINE
8
BLACK
6
CONTINUOUS
10
4.8622047244094491
20
-4.4344094488188972
11
4.8622047244094491
21
-4.42259842519685
0
LINE
8
BLACK
6
CONTINUOUS
10
4.8622047244094491
20
-4.42259842519685
11
4.8626542519685039
21
-4.420338464566929
0
LINE
8
BLACK
6
CONTINUOUS
10
4.8626542519685039
20
-4.420338464566929
11
4.8639344094488184
21
-4.418422598425197
0
LINE
8
BLACK
6
CONTINUOUS
10
4.8639344094488184
20
-4.418422598425197
11
4.8658502755905513
21
-4.4171424409448816
0
LINE
8
BLACK
6
CONTINUOUS
10
4.8658502755905513
20
-4.4171424409448816
11
4.8681102362204722
21
-4.4166929133858268
0
LINE
8
BLACK
6
CONTINUOUS
10
4.8681102362204722
20
-4.4166929133858268
11
4.9330708661417324
21
-4.4166929133858268
0
LINE
8
BLACK
6
CONTINUOUS
10
4.9330708661417324
20
-4.4166929133858268
11
4.9353308267716534
21
-4.4171424409448816
0
LINE
8
BLACK
6
CONTINUOUS
10
5.1003820472440946
20
-4.392319960629921
11
5.1032558661417324
21
-4.3942401968503937
0
LINE
8
BLACK
6
CONTINUOUS
10
5.1032558661417324
20
-4.3942401968503937
11
5.1051761023622042
21
-4.3971140157480315
0
LINE
8
BLACK
6
CONTINUOUS
10
5.1051761023622042
20
-4.3971140157480315
11
5.1058503937007869
21
-4.4005039370078736
0
LINE
8
BLACK
6
CONTINUOUS
10
5.1058503937007869
20
-4.4005039370078736
11
5.1058503937007869
21
-4.4182204724409448
0
LINE
8
BLACK
6
CONTINUOUS
10
5.1058503937007869
20
-4.4182204724409448
11
5.1051761023622042
21
-4.4216103937007869
0
LINE
8
BLACK
6
CONTINUOUS
10
5.1051761023622042
20
-4.4216103937007869
11
5.1032558661417324
21
-4.4244842125984247
0
LINE
8
BLACK
6
CONTINUOUS
10
5.1032558661417324
20
-4.4244842125984247
11
5.1003820472440946
21
-4.4264044488188974
0
LINE
8
BLACK
6
CONTINUOUS
10
5.1003820472440946
20
-4.4264044488188974
11
5.0969921259842517
21
-4.42707874015748
0
LINE
8
BLACK
6
CONTINUOUS
10
5.0969921259842517
20
-4.42707874015748
11
5.077307086614173
21
-4.42707874015748
0
LINE
8
BLACK
6
CONTINUOUS
10
5.077307086614173
20
-4.42707874015748
11
5.0739171653543309
21
-4.4264044488188974
0
LINE
8
BLACK
6
CONTINUOUS
10
5.0739171653543309
20
-4.4264044488188974
11
5.0710433464566931
21
-4.4244842125984247
0
LINE
8
BLACK
6
CONTINUOUS
10
5.0710433464566931
20
-4.4244842125984247
11
5.0691231102362204
21
-4.4216103937007869
0
LINE
8
BLACK
6
CONTINUOUS
10
5.0691231102362204
20
-4.4216103937007869
11
5.0684488188976378
21
-4.4182204724409448
0
LINE
8
BLACK
6
CONTINUOUS
10
5.0684488188976378
20
-4.4182204724409448
11
5.0684488188976378
21
-4.4005039370078736
0
LINE
8
BLACK
6
CONTINUOUS
10
5.0684488188976378
20
-4.4005039370078736
11
5.0691231102362204
21
-4.3971140157480315
0
LINE
8
BLACK
6
CONTINUOUS
10
5.0691231102362204
20
-4.3971140157480315
11
5.0710433464566931
21
-4.3942401968503937
0
LINE
8
BLACK
6
CONTINUOUS
10
5.0710433464566931
20
-4.3942401968503937
11
5.0739171653543309
21
-4.392319960629921
0
LINE
8
BLACK
6
CONTINUOUS
10
5.0739171653543309
20
-4.392319960629921
11
5.077307086614173
21
-4.3916456692913384
0
LINE
8
BLACK
6
CONTINUOUS
10
5.077307086614173
20
-4.3916456692913384
11
5.0969921259842517
21
-4.3916456692913384
0
LINE
8
BLACK
6
CONTINUOUS
10
5.0969921259842517
20
-4.3916456692913384
11
5.1003820472440946
21
-4.392319960629921
0
LINE
8
BLACK
6
CONTINUOUS
10
4.7404489370078737
20
-4.3671424409448818
11
4.7423648031496066
21
-4.3684225984251963
0
LINE
8
BLACK
6
CONTINUOUS
10
4.7423648031496066
20
-4.3684225984251963
11
4.7436449606299211
21
-4.3703384645669292
0
LINE
8
BLACK
6
CONTINUOUS
10
4.7436449606299211
20
-4.3703384645669292
11
4.7440944881889759
21
-4.3725984251968502
0
LINE
8
BLACK
6
CONTINUOUS
10
4.7440944881889759
20
-4.3725984251968502
11
4.7440944881889759
21
-4.3844094488188974
0
LINE
8
BLACK
6
CONTINUOUS
10
4.7440944881889759
20
-4.3844094488188974
11
4.7436449606299211
21
-4.3866694094488192
0
LINE
8
BLACK
6
CONTINUOUS
10
4.7436449606299211
20
-4.3866694094488192
11
4.7423648031496066
21
-4.3885852755905512
0
LINE
8
BLACK
6
CONTINUOUS
10
4.7423648031496066
20
-4.3885852755905512
11
4.7404489370078737
21
-4.3898654330708657
0
LINE
8
BLACK
6
CONTINUOUS
10
4.7404489370078737
20
-4.3898654330708657
11
4.7381889763779528
21
-4.3903149606299214
0
LINE
8
BLACK
6
CONTINUOUS
10
4.7381889763779528
20
-4.3903149606299214
11
4.6732283464566926
21
-4.3903149606299214
0
LINE
8
BLACK
6
CONTINUOUS
10
4.6732283464566926
20
-4.3903149606299214
11
4.6709683858267717
21
-4.3898654330708657
0
LINE
8
BLACK
6
CONTINUOUS
10
4.6709683858267717
20
-4.3898654330708657
11
4.6690525196850396
21
-4.3885852755905512
0
LINE
8
BLACK
6
CONTINUOUS
10
4.6690525196850396
20
-4.3885852755905512
11
4.6677723622047242
21
-4.3866694094488192
0
LINE
8
BLACK
6
CONTINUOUS
10
4.6677723622047242
20
-4.3866694094488192
11
4.6673228346456694
21
-4.3844094488188974
0
LINE
8
BLACK
6
CONTINUOUS
10
4.6673228346456694
20
-4.3844094488188974
11
4.6673228346456694
21
-4.3725984251968502
0
LINE
8
BLACK
6
CONTINUOUS
10
4.6673228346456694
20
-4.3725984251968502
11
4.6677723622047242
21
-4.3703384645669292
0
LINE
8
BLACK
6
CONTINUOUS
10
4.6677723622047242
20
-4.3703384645669292
11
4.6690525196850396
21
-4.3684225984251963
0
LINE
8
BLACK
6
CONTINUOUS
10
4.6690525196850396
20
-4.3684225984251963
11
4.6709683858267717
21
-4.3671424409448818
0
LINE
8
BLACK
6
CONTINUOUS
10
4.6709683858267717
20
-4.3671424409448818
11
4.6732283464566926
21
-4.366692913385827
0
LINE
8
BLACK
6
CONTINUOUS
10
4.6732283464566926
20
-4.366692913385827
11
4.7381889763779528
21
-4.366692913385827
0
LINE
8
BLACK
6
CONTINUOUS
10
4.7381889763779528
20
-4.366692913385827
11
4.7404489370078737
21
-4.3671424409448818
0
LINE
8
BLACK
6
CONTINUOUS
10
4.9353308267716534
20
-4.3671424409448818
11
4.9372466929133854
21
-4.3684225984251963
0
LINE
8
BLACK
6
CONTINUOUS
10
4.9372466929133854
20
-4.3684225984251963
11
4.9385268503937008
21
-4.3703384645669292
0
LINE
8
BLACK
6
CONTINUOUS
10
4.9385268503937008
20
-4.3703384645669292
11
4.9389763779527556
21
-4.3725984251968502
0
LINE
8
BLACK
6
CONTINUOUS
10
4.9389763779527556
20
-4.3725984251968502
11
4.9389763779527556
21
-4.3844094488188974
0
LINE
8
BLACK
6
CONTINUOUS
10
4.9389763779527556
20
-4.3844094488188974
11
4.9385268503937008
21
-4.3866694094488192
0
LINE
8
BLACK
6
CONTINUOUS
10
4.9385268503937008
20
-4.3866694094488192
11
4.9372466929133854
21
-4.3885852755905512
0
LINE
8
BLACK
6
CONTINUOUS
10
4.9372466929133854
20
-4.3885852755905512
11
4.9353308267716534
21
-4.3898654330708657
0
LINE
8
BLACK
6
CONTINUOUS
10
4.9353308267716534
20
-4.3898654330708657
11
4.9330708661417324
21
-4.3903149606299214
0
LINE
8
BLACK
6
CONTINUOUS
10
4.9330708661417324
20
-4.3903149606299214
11
4.8681102362204722
21
-4.3903149606299214
0
LINE
8
BLACK
6
CONTINUOUS
10
4.8681102362204722
20
-4.3903149606299214
11
4.8658502755905513
21
-4.3898654330708657
0
LINE
8
BLACK
6
CONTINUOUS
10
4.8658502755905513
20
-4.3898654330708657
11
4.8639344094488184
21
-4.3885852755905512
0
LINE
8
BLACK
6
CONTINUOUS
10
4.8639344094488184
20
-4.3885852755905512
11
4.8626542519685039
21
-4.3866694094488192
0
LINE
8
BLACK
6
CONTINUOUS
10
4.8626542519685039
20
-4.3866694094488192
11
4.8622047244094491
21
-4.3844094488188974
0
LINE
8
BLACK
6
CONTINUOUS
10
4.8622047244094491
20
-4.3844094488188974
11
4.8622047244094491
21
-4.3725984251968502
0
LINE
8
BLACK
6
CONTINUOUS
10
4.8622047244094491
20
-4.3725984251968502
11
4.8626542519685039
21
-4.3703384645669292
0
LINE
8
BLACK
6
CONTINUOUS
10
4.8626542519685039
20
-4.3703384645669292
11
4.8639344094488184
21
-4.3684225984251963
0
LINE
8
BLACK
6
CONTINUOUS
10
4.8639344094488184
20
-4.3684225984251963
11
4.8658502755905513
21
-4.3671424409448818
0
LINE
8
BLACK
6
CONTINUOUS
10
4.8658502755905513
20
-4.3671424409448818
11
4.8681102362204722
21
-4.366692913385827
0
LINE
8
BLACK
6
CONTINUOUS
10
4.8681102362204722
20
-4.366692913385827
11
4.9330708661417324
21
-4.366692913385827
0
LINE
8
BLACK
6
CONTINUOUS
10
4.9330708661417324
20
-4.366692913385827
11
4.9353308267716534
21
-4.3671424409448818
0
LINE
8
BLACK
6
CONTINUOUS
10
5.1003820472440946
20
-4.3312963385826775
11
5.1032558661417324
21
-4.3332165748031493
0
LINE
8
BLACK
6
CONTINUOUS
10
5.1032558661417324
20
-4.3332165748031493
11
5.1051761023622042
21
-4.3360903937007871
0
LINE
8
BLACK
6
CONTINUOUS
10
5.1051761023622042
20
-4.3360903937007871
11
5.1058503937007869
21
-4.33948031496063
0
LINE
8
BLACK
6
CONTINUOUS
10
5.1058503937007869
20
-4.33948031496063
11
5.1058503937007869
21
-4.3571968503937004
0
LINE
8
BLACK
6
CONTINUOUS
10
5.1058503937007869
20
-4.3571968503937004
11
5.1051761023622042
21
-4.3605867716535434
0
LINE
8
BLACK
6
CONTINUOUS
10
5.1051761023622042
20
-4.3605867716535434
11
5.1032558661417324
21
-4.3634605905511812
0
LINE
8
BLACK
6
CONTINUOUS
10
5.1032558661417324
20
-4.3634605905511812
11
5.1003820472440946
21
-4.3653808267716538
0
LINE
8
BLACK
6
CONTINUOUS
10
5.1003820472440946
20
-4.3653808267716538
11
5.0969921259842517
21
-4.3660551181102365
0
LINE
8
BLACK
6
CONTINUOUS
10
5.0969921259842517
20
-4.3660551181102365
11
5.077307086614173
21
-4.3660551181102365
0
LINE
8
BLACK
6
CONTINUOUS
10
5.077307086614173
20
-4.3660551181102365
11
5.0739171653543309
21
-4.3653808267716538
0
LINE
8
BLACK
6
CONTINUOUS
10
5.0739171653543309
20
-4.3653808267716538
11
5.0710433464566931
21
-4.3634605905511812
0
LINE
8
BLACK
6
CONTINUOUS
10
5.0710433464566931
20
-4.3634605905511812
11
5.0691231102362204
21
-4.3605867716535434
0
LINE
8
BLACK
6
CONTINUOUS
10
5.0691231102362204
20
-4.3605867716535434
11
5.0684488188976378
21
-4.3571968503937004
0
LINE
8
BLACK
6
CONTINUOUS
10
5.0684488188976378
20
-4.3571968503937004
11
5.0684488188976378
21
-4.33948031496063
0
LINE
8
BLACK
6
CONTINUOUS
10
5.0684488188976378
20
-4.33948031496063
11
5.0691231102362204
21
-4.3360903937007871
0
LINE
8
BLACK
6
CONTINUOUS
10
5.0691231102362204
20
-4.3360903937007871
11
5.0710433464566931
21
-4.3332165748031493
0
LINE
8
BLACK
6
CONTINUOUS
10
5.0710433464566931
20
-4.3332165748031493
11
5.0739171653543309
21
-4.3312963385826775
0
LINE
8
BLACK
6
CONTINUOUS
10
5.0739171653543309
20
-4.3312963385826775
11
5.077307086614173
21
-4.3306220472440948
0
LINE
8
BLACK
6
CONTINUOUS
10
5.077307086614173
20
-4.3306220472440948
11
5.0969921259842517
21
-4.3306220472440948
0
LINE
8
BLACK
6
CONTINUOUS
10
5.0969921259842517
20
-4.3306220472440948
11
5.1003820472440946
21
-4.3312963385826775
0
LINE
8
BLACK
6
CONTINUOUS
10
4.7404489370078737
20
-4.317142440944882
11
4.7423648031496066
21
-4.3184225984251965
0
LINE
8
BLACK
6
CONTINUOUS
10
4.7423648031496066
20
-4.3184225984251965
11
4.7436449606299211
21
-4.3203384645669294
0
LINE
8
BLACK
6
CONTINUOUS
10
4.7436449606299211
20
-4.3203384645669294
11
4.7440944881889759
21
-4.3225984251968503
0
LINE
8
BLACK
6
CONTINUOUS
10
4.7440944881889759
20
-4.3225984251968503
11
4.7440944881889759
21
-4.3344094488188976
0
LINE
8
BLACK
6
CONTINUOUS
10
4.7440944881889759
20
-4.3344094488188976
11
4.7436449606299211
21
-4.3366694094488185
0
LINE
8
BLACK
6
CONTINUOUS
10
4.7436449606299211
20
-4.3366694094488185
11
4.7423648031496066
21
-4.3385852755905514
0
LINE
8
BLACK
6
CONTINUOUS
10
4.7423648031496066
20
-4.3385852755905514
11
4.7404489370078737
21
-4.3398654330708659
0
LINE
8
BLACK
6
CONTINUOUS
10
4.7404489370078737
20
-4.3398654330708659
11
4.7381889763779528
21
-4.3403149606299207
0
LINE
8
BLACK
6
CONTINUOUS
10
4.7381889763779528
20
-4.3403149606299207
11
4.6732283464566926
21
-4.3403149606299207
0
LINE
8
BLACK
6
CONTINUOUS
10
4.6732283464566926
20
-4.3403149606299207
11
4.6709683858267717
21
-4.3398654330708659
0
LINE
8
BLACK
6
CONTINUOUS
10
4.6709683858267717
20
-4.3398654330708659
11
4.6690525196850396
21
-4.3385852755905514
0
LINE
8
BLACK
6
CONTINUOUS
10
4.6690525196850396
20
-4.3385852755905514
11
4.6677723622047242
21
-4.3366694094488185
0
LINE
8
BLACK
6
CONTINUOUS
10
4.6677723622047242
20
-4.3366694094488185
11
4.6673228346456694
21
-4.3344094488188976
0
LINE
8
BLACK
6
CONTINUOUS
10
4.6673228346456694
20
-4.3344094488188976
11
4.6673228346456694
21
-4.3225984251968503
0
LINE
8
BLACK
6
CONTINUOUS
10
4.6673228346456694
20
-4.3225984251968503
11
4.6677723622047242
21
-4.3203384645669294
0
LINE
8
BLACK
6
CONTINUOUS
10
4.6677723622047242
20
-4.3203384645669294
11
4.6690525196850396
21
-4.3184225984251965
0
LINE
8
BLACK
6
CONTINUOUS
10
4.6690525196850396
20
-4.3184225984251965
11
4.6709683858267717
21
-4.317142440944882
0
LINE
8
BLACK
6
CONTINUOUS
10
4.6709683858267717
20
-4.317142440944882
11
4.6732283464566926
21
-4.3166929133858263
0
LINE
8
BLACK
6
CONTINUOUS
10
4.6732283464566926
20
-4.3166929133858263
11
4.7381889763779528
21
-4.3166929133858263
0
LINE
8
BLACK
6
CONTINUOUS
10
4.7381889763779528
20
-4.3166929133858263
11
4.7404489370078737
21
-4.317142440944882
0
LINE
8
BLACK
6
CONTINUOUS
10
4.9353308267716534
20
-4.317142440944882
11
4.9372466929133854
21
-4.3184225984251965
0
LINE
8
BLACK
6
CONTINUOUS
10
4.9372466929133854
20
-4.3184225984251965
11
4.9385268503937008
21
-4.3203384645669294
0
LINE
8
BLACK
6
CONTINUOUS
10
4.9385268503937008
20
-4.3203384645669294
11
4.9389763779527556
21
-4.3225984251968503
0
LINE
8
BLACK
6
CONTINUOUS
10
4.9389763779527556
20
-4.3225984251968503
11
4.9389763779527556
21
-4.3344094488188976
0
LINE
8
BLACK
6
CONTINUOUS
10
4.9389763779527556
20
-4.3344094488188976
11
4.9385268503937008
21
-4.3366694094488185
0
LINE
8
BLACK
6
CONTINUOUS
10
4.9385268503937008
20
-4.3366694094488185
11
4.9372466929133854
21
-4.3385852755905514
0
LINE
8
BLACK
6
CONTINUOUS
10
4.9372466929133854
20
-4.3385852755905514
11
4.9353308267716534
21
-4.3398654330708659
0
LINE
8
BLACK
6
CONTINUOUS
10
4.9353308267716534
20
-4.3398654330708659
11
4.9330708661417324
21
-4.3403149606299207
0
LINE
8
BLACK
6
CONTINUOUS
10
4.9330708661417324
20
-4.3403149606299207
11
4.8681102362204722
21
-4.3403149606299207
0
LINE
8
BLACK
6
CONTINUOUS
10
4.8681102362204722
20
-4.3403149606299207
11
4.8658502755905513
21
-4.3398654330708659
0
LINE
8
BLACK
6
CONTINUOUS
10
4.8658502755905513
20
-4.3398654330708659
11
4.8639344094488184
21
-4.3385852755905514
0
LINE
8
BLACK
6
CONTINUOUS
10
4.8639344094488184
20
-4.3385852755905514
11
4.8626542519685039
21
-4.3366694094488185
0
LINE
8
BLACK
6
CONTINUOUS
10
4.8626542519685039
20
-4.3366694094488185
11
4.8622047244094491
21
-4.3344094488188976
0
LINE
8
BLACK
6
CONTINUOUS
10
4.8622047244094491
20
-4.3344094488188976
11
4.8622047244094491
21
-4.3225984251968503
0
LINE
8
BLACK
6
CONTINUOUS
10
4.8622047244094491
20
-4.3225984251968503
11
4.8626542519685039
21
-4.3203384645669294
0
LINE
8
BLACK
6
CONTINUOUS
10
4.8626542519685039
20
-4.3203384645669294
11
4.8639344094488184
21
-4.3184225984251965
0
LINE
8
BLACK
6
CONTINUOUS
10
4.8639344094488184
20
-4.3184225984251965
11
4.8658502755905513
21
-4.317142440944882
0
LINE
8
BLACK
6
CONTINUOUS
10
4.8658502755905513
20
-4.317142440944882
11
4.8681102362204722
21
-4.3166929133858263
0
LINE
8
BLACK
6
CONTINUOUS
10
4.8681102362204722
20
-4.3166929133858263
11
4.9330708661417324
21
-4.3166929133858263
0
LINE
8
BLACK
6
CONTINUOUS
10
4.9330708661417324
20
-4.3166929133858263
11
4.9353308267716534
21
-4.317142440944882
0
LINE
8
BLACK
6
CONTINUOUS
10
5.1043820472440942
20
-4.2683199606299214
11
5.107255866141732
21
-4.270240196850394
0
LINE
8
BLACK
6
CONTINUOUS
10
5.107255866141732
20
-4.270240196850394
11
5.1091761023622047
21
-4.273114015748031
0
LINE
8
BLACK
6
CONTINUOUS
10
5.1091761023622047
20
-4.273114015748031
11
5.1098503937007873
21
-4.2765039370078739
0
LINE
8
BLACK
6
CONTINUOUS
10
5.1098503937007873
20
-4.2765039370078739
11
5.1098503937007873
21
-4.2942204724409452
0
LINE
8
BLACK
6
CONTINUOUS
10
5.1098503937007873
20
-4.2942204724409452
11
5.1091761023622047
21
-4.2976103937007872
0
LINE
8
BLACK
6
CONTINUOUS
10
5.1091761023622047
20
-4.2976103937007872
11
5.107255866141732
21
-4.3004842125984251
0
LINE
8
BLACK
6
CONTINUOUS
10
5.107255866141732
20
-4.3004842125984251
11
5.1043820472440942
21
-4.3024044488188977
0
LINE
8
BLACK
6
CONTINUOUS
10
5.1043820472440942
20
-4.3024044488188977
11
5.1009921259842521
21
-4.3030787401574804
0
LINE
8
BLACK
6
CONTINUOUS
10
5.1009921259842521
20
-4.3030787401574804
11
5.0813070866141734
21
-4.3030787401574804
0
LINE
8
BLACK
6
CONTINUOUS
10
5.0813070866141734
20
-4.3030787401574804
11
5.0779171653543305
21
-4.3024044488188977
0
LINE
8
BLACK
6
CONTINUOUS
10
5.0779171653543305
20
-4.3024044488188977
11
5.0750433464566926
21
-4.3004842125984251
0
LINE
8
BLACK
6
CONTINUOUS
10
5.0750433464566926
20
-4.3004842125984251
11
5.07312311023622
21
-4.2976103937007872
0
LINE
8
BLACK
6
CONTINUOUS
10
5.07312311023622
20
-4.2976103937007872
11
5.0724488188976373
21
-4.2942204724409452
0
LINE
8
BLACK
6
CONTINUOUS
10
5.0724488188976373
20
-4.2942204724409452
11
5.0724488188976373
21
-4.2765039370078739
0
LINE
8
BLACK
6
CONTINUOUS
10
5.0724488188976373
20
-4.2765039370078739
11
5.07312311023622
21
-4.273114015748031
0
LINE
8
BLACK
6
CONTINUOUS
10
5.07312311023622
20
-4.273114015748031
11
5.0750433464566926
21
-4.270240196850394
0
LINE
8
BLACK
6
CONTINUOUS
10
5.0750433464566926
20
-4.270240196850394
11
5.0779171653543305
21
-4.2683199606299214
0
LINE
8
BLACK
6
CONTINUOUS
10
5.0779171653543305
20
-4.2683199606299214
11
5.0813070866141734
21
-4.2676456692913387
0
LINE
8
BLACK
6
CONTINUOUS
10
5.0813070866141734
20
-4.2676456692913387
11
5.1009921259842521
21
-4.2676456692913387
0
LINE
8
BLACK
6
CONTINUOUS
10
5.1009921259842521
20
-4.2676456692913387
11
5.1043820472440942
21
-4.2683199606299214
0
LINE
8
BLACK
6
CONTINUOUS
10
4.7404489370078737
20
-4.2671424409448822
11
4.7423648031496066
21
-4.2684225984251967
0
LINE
8
BLACK
6
CONTINUOUS
10
4.7423648031496066
20
-4.2684225984251967
11
4.7436449606299211
21
-4.2703384645669287
0
LINE
8
BLACK
6
CONTINUOUS
10
4.7436449606299211
20
-4.2703384645669287
11
4.7440944881889759
21
-4.2725984251968505
0
LINE
8
BLACK
6
CONTINUOUS
10
4.7440944881889759
20
-4.2725984251968505
11
4.7440944881889759
21
-4.2844094488188977
0
LINE
8
BLACK
6
CONTINUOUS
10
4.7440944881889759
20
-4.2844094488188977
11
4.7436449606299211
21
-4.2866694094488187
0
LINE
8
BLACK
6
CONTINUOUS
10
4.7436449606299211
20
-4.2866694094488187
11
4.7423648031496066
21
-4.2885852755905507
0
LINE
8
BLACK
6
CONTINUOUS
10
4.7423648031496066
20
-4.2885852755905507
11
4.7404489370078737
21
-4.2898654330708661
0
LINE
8
BLACK
6
CONTINUOUS
10
4.7404489370078737
20
-4.2898654330708661
11
4.7381889763779528
21
-4.2903149606299209
0
LINE
8
BLACK
6
CONTINUOUS
10
4.7381889763779528
20
-4.2903149606299209
11
4.6732283464566926
21
-4.2903149606299209
0
LINE
8
BLACK
6
CONTINUOUS
10
4.6732283464566926
20
-4.2903149606299209
11
4.6709683858267717
21
-4.2898654330708661
0
LINE
8
BLACK
6
CONTINUOUS
10
4.6709683858267717
20
-4.2898654330708661
11
4.6690525196850396
21
-4.2885852755905507
0
LINE
8
BLACK
6
CONTINUOUS
10
4.6690525196850396
20
-4.2885852755905507
11
4.6677723622047242
21
-4.2866694094488187
0
LINE
8
BLACK
6
CONTINUOUS
10
4.6677723622047242
20
-4.2866694094488187
11
4.6673228346456694
21
-4.2844094488188977
0
LINE
8
BLACK
6
CONTINUOUS
10
4.6673228346456694
20
-4.2844094488188977
11
4.6673228346456694
21
-4.2725984251968505
0
LINE
8
BLACK
6
CONTINUOUS
10
4.6673228346456694
20
-4.2725984251968505
11
4.6677723622047242
21
-4.2703384645669287
0
LINE
8
BLACK
6
CONTINUOUS
10
4.6677723622047242
20
-4.2703384645669287
11
4.6690525196850396
21
-4.2684225984251967
0
LINE
8
BLACK
6
CONTINUOUS
10
4.6690525196850396
20
-4.2684225984251967
11
4.6709683858267717
21
-4.2671424409448822
0
LINE
8
BLACK
6
CONTINUOUS
10
4.6709683858267717
20
-4.2671424409448822
11
4.6732283464566926
21
-4.2666929133858265
0
LINE
8
BLACK
6
CONTINUOUS
10
4.6732283464566926
20
-4.2666929133858265
11
4.7381889763779528
21
-4.2666929133858265
0
LINE
8
BLACK
6
CONTINUOUS
10
4.7381889763779528
20
-4.2666929133858265
11
4.7404489370078737
21
-4.2671424409448822
0
LINE
8
BLACK
6
CONTINUOUS
10
4.9353308267716534
20
-4.2671424409448822
11
4.9372466929133854
21
-4.2684225984251967
0
LINE
8
BLACK
6
CONTINUOUS
10
4.9372466929133854
20
-4.2684225984251967
11
4.9385268503937008
21
-4.2703384645669287
0
LINE
8
BLACK
6
CONTINUOUS
10
4.9385268503937008
20
-4.2703384645669287
11
4.9389763779527556
21
-4.2725984251968505
0
LINE
8
BLACK
6
CONTINUOUS
10
4.9389763779527556
20
-4.2725984251968505
11
4.9389763779527556
21
-4.2844094488188977
0
LINE
8
BLACK
6
CONTINUOUS
10
4.9389763779527556
20
-4.2844094488188977
11
4.9385268503937008
21
-4.2866694094488187
0
LINE
8
BLACK
6
CONTINUOUS
10
4.9385268503937008
20
-4.2866694094488187
11
4.9372466929133854
21
-4.2885852755905507
0
LINE
8
BLACK
6
CONTINUOUS
10
4.9372466929133854
20
-4.2885852755905507
11
4.9353308267716534
21
-4.2898654330708661
0
LINE
8
BLACK
6
CONTINUOUS
10
4.9353308267716534
20
-4.2898654330708661
11
4.9330708661417324
21
-4.2903149606299209
0
LINE
8
BLACK
6
CONTINUOUS
10
4.9330708661417324
20
-4.2903149606299209
11
4.8681102362204722
21
-4.2903149606299209
0
LINE
8
BLACK
6
CONTINUOUS
10
4.8681102362204722
20
-4.2903149606299209
11
4.8658502755905513
21
-4.2898654330708661
0
LINE
8
BLACK
6
CONTINUOUS
10
4.8658502755905513
20
-4.2898654330708661
11
4.8639344094488184
21
-4.2885852755905507
0
LINE
8
BLACK
6
CONTINUOUS
10
4.8639344094488184
20
-4.2885852755905507
11
4.8626542519685039
21
-4.2866694094488187
0
LINE
8
BLACK
6
CONTINUOUS
10
4.8626542519685039
20
-4.2866694094488187
11
4.8622047244094491
21
-4.2844094488188977
0
LINE
8
BLACK
6
CONTINUOUS
10
4.8622047244094491
20
-4.2844094488188977
11
4.8622047244094491
21
-4.2725984251968505
0
LINE
8
BLACK
6
CONTINUOUS
10
4.8622047244094491
20
-4.2725984251968505
11
4.8626542519685039
21
-4.2703384645669287
0
LINE
8
BLACK
6
CONTINUOUS
10
4.8626542519685039
20
-4.2703384645669287
11
4.8639344094488184
21
-4.2684225984251967
0
LINE
8
BLACK
6
CONTINUOUS
10
4.8639344094488184
20
-4.2684225984251967
11
4.8658502755905513
21
-4.2671424409448822
0
LINE
8
BLACK
6
CONTINUOUS
10
4.8658502755905513
20
-4.2671424409448822
11
4.8681102362204722
21
-4.2666929133858265
0
LINE
8
BLACK
6
CONTINUOUS
10
4.8681102362204722
20
-4.2666929133858265
11
4.9330708661417324
21
-4.2666929133858265
0
LINE
8
BLACK
6
CONTINUOUS
10
4.9330708661417324
20
-4.2666929133858265
11
4.9353308267716534
21
-4.2671424409448822
0
LINE
8
BLACK
6
CONTINUOUS
10
5.1043820472440942
20
-4.2072963385826769
11
5.107255866141732
21
-4.2092165748031496
0
LINE
8
BLACK
6
CONTINUOUS
10
5.107255866141732
20
-4.2092165748031496
11
5.1091761023622047
21
-4.2120903937007874
0
LINE
8
BLACK
6
CONTINUOUS
10
5.1091761023622047
20
-4.2120903937007874
11
5.1098503937007873
21
-4.2154803149606295
0
LINE
8
BLACK
6
CONTINUOUS
10
5.1098503937007873
20
-4.2154803149606295
11
5.1098503937007873
21
-4.2331968503937007
0
LINE
8
BLACK
6
CONTINUOUS
10
5.1098503937007873
20
-4.2331968503937007
11
5.1091761023622047
21
-4.2365867716535428
0
LINE
8
BLACK
6
CONTINUOUS
10
5.1091761023622047
20
-4.2365867716535428
11
5.107255866141732
21
-4.2394605905511806
0
LINE
8
BLACK
6
CONTINUOUS
10
5.107255866141732
20
-4.2394605905511806
11
5.1043820472440942
21
-4.2413808267716533
0
LINE
8
BLACK
6
CONTINUOUS
10
5.1043820472440942
20
-4.2413808267716533
11
5.1009921259842521
21
-4.2420551181102359
0
LINE
8
BLACK
6
CONTINUOUS
10
5.1009921259842521
20
-4.2420551181102359
11
5.0813070866141734
21
-4.2420551181102359
0
LINE
8
BLACK
6
CONTINUOUS
10
5.0813070866141734
20
-4.2420551181102359
11
5.0779171653543305
21
-4.2413808267716533
0
LINE
8
BLACK
6
CONTINUOUS
10
5.0779171653543305
20
-4.2413808267716533
11
5.0750433464566926
21
-4.2394605905511806
0
LINE
8
BLACK
6
CONTINUOUS
10
5.0750433464566926
20
-4.2394605905511806
11
5.07312311023622
21
-4.2365867716535428
0
LINE
8
BLACK
6
CONTINUOUS
10
5.07312311023622
20
-4.2365867716535428
11
5.0724488188976373
21
-4.2331968503937007
0
LINE
8
BLACK
6
CONTINUOUS
10
5.0724488188976373
20
-4.2331968503937007
11
5.0724488188976373
21
-4.2154803149606295
0
LINE
8
BLACK
6
CONTINUOUS
10
5.0724488188976373
20
-4.2154803149606295
11
5.07312311023622
21
-4.2120903937007874
0
LINE
8
BLACK
6
CONTINUOUS
10
5.07312311023622
20
-4.2120903937007874
11
5.0750433464566926
21
-4.2092165748031496
0
LINE
8
BLACK
6
CONTINUOUS
10
5.0750433464566926
20
-4.2092165748031496
11
5.0779171653543305
21
-4.2072963385826769
0
LINE
8
BLACK
6
CONTINUOUS
10
5.0779171653543305
20
-4.2072963385826769
11
5.0813070866141734
21
-4.2066220472440943
0
LINE
8
BLACK
6
CONTINUOUS
10
5.0813070866141734
20
-4.2066220472440943
11
5.1009921259842521
21
-4.2066220472440943
0
LINE
8
BLACK
6
CONTINUOUS
10
5.1009921259842521
20
-4.2066220472440943
11
5.1043820472440942
21
-4.2072963385826769
0
LINE
8
BLACK
6
CONTINUOUS
10
4.7404489370078737
20
-4.2171424409448814
11
4.7423648031496066
21
-4.2184225984251968
0
LINE
8
BLACK
6
CONTINUOUS
10
4.7423648031496066
20
-4.2184225984251968
11
4.7436449606299211
21
-4.2203384645669288
0
LINE
8
BLACK
6
CONTINUOUS
10
4.7436449606299211
20
-4.2203384645669288
11
4.7440944881889759
21
-4.2225984251968507
0
LINE
8
BLACK
6
CONTINUOUS
10
4.7440944881889759
20
-4.2225984251968507
11
4.7440944881889759
21
-4.2344094488188979
0
LINE
8
BLACK
6
CONTINUOUS
10
4.7440944881889759
20
-4.2344094488188979
11
4.7436449606299211
21
-4.2366694094488189
0
LINE
8
BLACK
6
CONTINUOUS
10
4.7436449606299211
20
-4.2366694094488189
11
4.7423648031496066
21
-4.2385852755905509
0
LINE
8
BLACK
6
CONTINUOUS
10
4.7423648031496066
20
-4.2385852755905509
11
4.7404489370078737
21
-4.2398654330708663
0
LINE
8
BLACK
6
CONTINUOUS
10
4.7404489370078737
20
-4.2398654330708663
11
4.7381889763779528
21
-4.2403149606299211
0
LINE
8
BLACK
6
CONTINUOUS
10
4.7381889763779528
20
-4.2403149606299211
11
4.6732283464566926
21
-4.2403149606299211
0
LINE
8
BLACK
6
CONTINUOUS
10
4.6732283464566926
20
-4.2403149606299211
11
4.6709683858267717
21
-4.2398654330708663
0
LINE
8
BLACK
6
CONTINUOUS
10
4.6709683858267717
20
-4.2398654330708663
11
4.6690525196850396
21
-4.2385852755905509
0
LINE
8
BLACK
6
CONTINUOUS
10
4.6690525196850396
20
-4.2385852755905509
11
4.6677723622047242
21
-4.2366694094488189
0
LINE
8
BLACK
6
CONTINUOUS
10
4.6677723622047242
20
-4.2366694094488189
11
4.6673228346456694
21
-4.2344094488188979
0
LINE
8
BLACK
6
CONTINUOUS
10
4.6673228346456694
20
-4.2344094488188979
11
4.6673228346456694
21
-4.2225984251968507
0
LINE
8
BLACK
6
CONTINUOUS
10
4.6673228346456694
20
-4.2225984251968507
11
4.6677723622047242
21
-4.2203384645669288
0
LINE
8
BLACK
6
CONTINUOUS
10
4.6677723622047242
20
-4.2203384645669288
11
4.6690525196850396
21
-4.2184225984251968
0
LINE
8
BLACK
6
CONTINUOUS
10
4.6690525196850396
20
-4.2184225984251968
11
4.6709683858267717
21
-4.2171424409448814
0
LINE
8
BLACK
6
CONTINUOUS
10
4.6709683858267717
20
-4.2171424409448814
11
4.6732283464566926
21
-4.2166929133858266
0
LINE
8
BLACK
6
CONTINUOUS
10
4.6732283464566926
20
-4.2166929133858266
11
4.7381889763779528
21
-4.2166929133858266
0
LINE
8
BLACK
6
CONTINUOUS
10
4.7381889763779528
20
-4.2166929133858266
11
4.7404489370078737
21
-4.2171424409448814
0
LINE
8
BLACK
6
CONTINUOUS
10
4.9353308267716534
20
-4.2171424409448814
11
4.9372466929133854
21
-4.2184225984251968
0
LINE
8
BLACK
6
CONTINUOUS
10
4.9372466929133854
20
-4.2184225984251968
11
4.9385268503937008
21
-4.2203384645669288
0
LINE
8
BLACK
6
CONTINUOUS
10
4.9385268503937008
20
-4.2203384645669288
11
4.9389763779527556
21
-4.2225984251968507
0
LINE
8
BLACK
6
CONTINUOUS
10
4.9389763779527556
20
-4.2225984251968507
11
4.9389763779527556
21
-4.2344094488188979
0
LINE
8
BLACK
6
CONTINUOUS
10
4.9389763779527556
20
-4.2344094488188979
11
4.9385268503937008
21
-4.2366694094488189
0
LINE
8
BLACK
6
CONTINUOUS
10
4.9385268503937008
20
-4.2366694094488189
11
4.9372466929133854
21
-4.2385852755905509
0
LINE
8
BLACK
6
CONTINUOUS
10
4.9372466929133854
20
-4.2385852755905509
11
4.9353308267716534
21
-4.2398654330708663
0
LINE
8
BLACK
6
CONTINUOUS
10
4.9353308267716534
20
-4.2398654330708663
11
4.9330708661417324
21
-4.2403149606299211
0
LINE
8
BLACK
6
CONTINUOUS
10
4.9330708661417324
20
-4.2403149606299211
11
4.8681102362204722
21
-4.2403149606299211
0
LINE
8
BLACK
6
CONTINUOUS
10
4.8681102362204722
20
-4.2403149606299211
11
4.8658502755905513
21
-4.2398654330708663
0
LINE
8
BLACK
6
CONTINUOUS
10
4.8658502755905513
20
-4.2398654330708663
11
4.8639344094488184
21
-4.2385852755905509
0
LINE
8
BLACK
6
CONTINUOUS
10
4.8639344094488184
20
-4.2385852755905509
11
4.8626542519685039
21
-4.2366694094488189
0
LINE
8
BLACK
6
CONTINUOUS
10
4.8626542519685039
20
-4.2366694094488189
11
4.8622047244094491
21
-4.2344094488188979
0
LINE
8
BLACK
6
CONTINUOUS
10
4.8622047244094491
20
-4.2344094488188979
11
4.8622047244094491
21
-4.2225984251968507
0
LINE
8
BLACK
6
CONTINUOUS
10
4.8622047244094491
20
-4.2225984251968507
11
4.8626542519685039
21
-4.2203384645669288
0
LINE
8
BLACK
6
CONTINUOUS
10
4.8626542519685039
20
-4.2203384645669288
11
4.8639344094488184
21
-4.2184225984251968
0
LINE
8
BLACK
6
CONTINUOUS
10
4.8639344094488184
20
-4.2184225984251968
11
4.8658502755905513
21
-4.2171424409448814
0
LINE
8
BLACK
6
CONTINUOUS
10
4.8658502755905513
20
-4.2171424409448814
11
4.8681102362204722
21
-4.2166929133858266
0
LINE
8
BLACK
6
CONTINUOUS
10
4.8681102362204722
20
-4.2166929133858266
11
4.9330708661417324
21
-4.2166929133858266
0
LINE
8
BLACK
6
CONTINUOUS
10
4.9330708661417324
20
-4.2166929133858266
11
4.9353308267716534
21
-4.2171424409448814
0
LINE
8
BLACK
6
CONTINUOUS
10
4.5315565748031492
20
-4.1607489763779526
11
4.5341110629921255
21
-4.1624558661417321
0
LINE
8
BLACK
6
CONTINUOUS
10
4.5341110629921255
20
-4.1624558661417321
11
4.535817952755905
21
-4.1650103543307084
0
LINE
8
BLACK
6
CONTINUOUS
10
4.535817952755905
20
-4.1650103543307084
11
4.5364173228346454
21
-4.1680236220472437
0
LINE
8
BLACK
6
CONTINUOUS
10
4.5364173228346454
20
-4.1680236220472437
11
4.5364173228346454
21
-4.1896771653543308
0
LINE
8
BLACK
6
CONTINUOUS
10
4.5364173228346454
20
-4.1896771653543308
11
4.535817952755905
21
-4.1926904330708661
0
LINE
8
BLACK
6
CONTINUOUS
10
4.535817952755905
20
-4.1926904330708661
11
4.5341110629921255
21
-4.1952449212598424
0
LINE
8
BLACK
6
CONTINUOUS
10
4.5341110629921255
20
-4.1952449212598424
11
4.5315565748031492
21
-4.1969518110236219
0
LINE
8
BLACK
6
CONTINUOUS
10
4.5315565748031492
20
-4.1969518110236219
11
4.5285433070866139
21
-4.1975511811023622
0
LINE
8
BLACK
6
CONTINUOUS
10
4.5285433070866139
20
-4.1975511811023622
11
4.5127952755905509
21
-4.1975511811023622
0
LINE
8
BLACK
6
CONTINUOUS
10
4.5127952755905509
20
-4.1975511811023622
11
4.5097820078740156
21
-4.1969518110236219
0
LINE
8
BLACK
6
CONTINUOUS
10
4.5097820078740156
20
-4.1969518110236219
11
4.5072275196850393
21
-4.1952449212598424
0
LINE
8
BLACK
6
CONTINUOUS
10
4.5072275196850393
20
-4.1952449212598424
11
4.5055206299212598
21
-4.1926904330708661
0
LINE
8
BLACK
6
CONTINUOUS
10
4.5055206299212598
20
-4.1926904330708661
11
4.5049212598425195
21
-4.1896771653543308
0
LINE
8
BLACK
6
CONTINUOUS
10
4.5049212598425195
20
-4.1896771653543308
11
4.5049212598425195
21
-4.1680236220472437
0
LINE
8
BLACK
6
CONTINUOUS
10
4.5049212598425195
20
-4.1680236220472437
11
4.5055206299212598
21
-4.1650103543307084
0
LINE
8
BLACK
6
CONTINUOUS
10
4.5055206299212598
20
-4.1650103543307084
11
4.5072275196850393
21
-4.1624558661417321
0
LINE
8
BLACK
6
CONTINUOUS
10
4.5072275196850393
20
-4.1624558661417321
11
4.5097820078740156
21
-4.1607489763779526
0
LINE
8
BLACK
6
CONTINUOUS
10
4.5097820078740156
20
-4.1607489763779526
11
4.5127952755905509
21
-4.1601496062992123
0
LINE
8
BLACK
6
CONTINUOUS
10
4.5127952755905509
20
-4.1601496062992123
11
4.5285433070866139
21
-4.1601496062992123
0
LINE
8
BLACK
6
CONTINUOUS
10
4.5285433070866139
20
-4.1601496062992123
11
4.5315565748031492
21
-4.1607489763779526
0
LINE
8
BLACK
6
CONTINUOUS
10
4.5965172047244094
20
-4.1607489763779526
11
4.5990716929133857
21
-4.1624558661417321
0
LINE
8
BLACK
6
CONTINUOUS
10
4.5990716929133857
20
-4.1624558661417321
11
4.6007785826771652
21
-4.1650103543307084
0
LINE
8
BLACK
6
CONTINUOUS
10
4.6007785826771652
20
-4.1650103543307084
11
4.6013779527559056
21
-4.1680236220472437
0
LINE
8
BLACK
6
CONTINUOUS
10
4.6013779527559056
20
-4.1680236220472437
11
4.6013779527559056
21
-4.1896771653543308
0
LINE
8
BLACK
6
CONTINUOUS
10
4.6013779527559056
20
-4.1896771653543308
11
4.6007785826771652
21
-4.1926904330708661
0
LINE
8
BLACK
6
CONTINUOUS
10
4.6007785826771652
20
-4.1926904330708661
11
4.5990716929133857
21
-4.1952449212598424
0
LINE
8
BLACK
6
CONTINUOUS
10
4.5990716929133857
20
-4.1952449212598424
11
4.5965172047244094
21
-4.1969518110236219
0
LINE
8
BLACK
6
CONTINUOUS
10
4.5965172047244094
20
-4.1969518110236219
11
4.5935039370078741
21
-4.1975511811023622
0
LINE
8
BLACK
6
CONTINUOUS
10
4.5935039370078741
20
-4.1975511811023622
11
4.5777559055118111
21
-4.1975511811023622
0
LINE
8
BLACK
6
CONTINUOUS
10
4.5777559055118111
20
-4.1975511811023622
11
4.5747426377952758
21
-4.1969518110236219
0
LINE
8
BLACK
6
CONTINUOUS
10
4.5747426377952758
20
-4.1969518110236219
11
4.5721881496062995
21
-4.1952449212598424
0
LINE
8
BLACK
6
CONTINUOUS
10
4.5721881496062995
20
-4.1952449212598424
11
4.57048125984252
21
-4.1926904330708661
0
LINE
8
BLACK
6
CONTINUOUS
10
4.57048125984252
20
-4.1926904330708661
11
4.5698818897637796
21
-4.1896771653543308
0
LINE
8
BLACK
6
CONTINUOUS
10
4.5698818897637796
20
-4.1896771653543308
11
4.5698818897637796
21
-4.1680236220472437
0
LINE
8
BLACK
6
CONTINUOUS
10
4.5698818897637796
20
-4.1680236220472437
11
4.57048125984252
21
-4.1650103543307084
0
LINE
8
BLACK
6
CONTINUOUS
10
4.57048125984252
20
-4.1650103543307084
11
4.5721881496062995
21
-4.1624558661417321
0
LINE
8
BLACK
6
CONTINUOUS
10
4.5721881496062995
20
-4.1624558661417321
11
4.5747426377952758
21
-4.1607489763779526
0
LINE
8
BLACK
6
CONTINUOUS
10
4.5747426377952758
20
-4.1607489763779526
11
4.5777559055118111
21
-4.1601496062992123
0
LINE
8
BLACK
6
CONTINUOUS
10
4.5777559055118111
20
-4.1601496062992123
11
4.5935039370078741
21
-4.1601496062992123
0
LINE
8
BLACK
6
CONTINUOUS
10
4.5935039370078741
20
-4.1601496062992123
11
4.5965172047244094
21
-4.1607489763779526
0
LINE
8
BLACK
6
CONTINUOUS
10
4.7404489370078737
20
-4.1671424409448816
11
4.7423648031496066
21
-4.168422598425197
0
LINE
8
BLACK
6
CONTINUOUS
10
4.7423648031496066
20
-4.168422598425197
11
4.7436449606299211
21
-4.170338464566929
0
LINE
8
BLACK
6
CONTINUOUS
10
4.7436449606299211
20
-4.170338464566929
11
4.7440944881889759
21
-4.17259842519685
0
LINE
8
BLACK
6
CONTINUOUS
10
4.7440944881889759
20
-4.17259842519685
11
4.7440944881889759
21
-4.1844094488188972
0
LINE
8
BLACK
6
CONTINUOUS
10
4.7440944881889759
20
-4.1844094488188972
11
4.7436449606299211
21
-4.186669409448819
0
LINE
8
BLACK
6
CONTINUOUS
10
4.7436449606299211
20
-4.186669409448819
11
4.7423648031496066
21
-4.188585275590551
0
LINE
8
BLACK
6
CONTINUOUS
10
4.7423648031496066
20
-4.188585275590551
11
4.7404489370078737
21
-4.1898654330708665
0
LINE
8
BLACK
6
CONTINUOUS
10
4.7404489370078737
20
-4.1898654330708665
11
4.7381889763779528
21
-4.1903149606299213
0
LINE
8
BLACK
6
CONTINUOUS
10
4.7381889763779528
20
-4.1903149606299213
11
4.6732283464566926
21
-4.1903149606299213
0
LINE
8
BLACK
6
CONTINUOUS
10
4.6732283464566926
20
-4.1903149606299213
11
4.6709683858267717
21
-4.1898654330708665
0
LINE
8
BLACK
6
CONTINUOUS
10
4.6709683858267717
20
-4.1898654330708665
11
4.6690525196850396
21
-4.188585275590551
0
LINE
8
BLACK
6
CONTINUOUS
10
4.6690525196850396
20
-4.188585275590551
11
4.6677723622047242
21
-4.186669409448819
0
LINE
8
BLACK
6
CONTINUOUS
10
4.6677723622047242
20
-4.186669409448819
11
4.6673228346456694
21
-4.1844094488188972
0
LINE
8
BLACK
6
CONTINUOUS
10
4.6673228346456694
20
-4.1844094488188972
11
4.6673228346456694
21
-4.17259842519685
0
LINE
8
BLACK
6
CONTINUOUS
10
4.6673228346456694
20
-4.17259842519685
11
4.6677723622047242
21
-4.170338464566929
0
LINE
8
BLACK
6
CONTINUOUS
10
4.6677723622047242
20
-4.170338464566929
11
4.6690525196850396
21
-4.168422598425197
0
LINE
8
BLACK
6
CONTINUOUS
10
4.6690525196850396
20
-4.168422598425197
11
4.6709683858267717
21
-4.1671424409448816
0
LINE
8
BLACK
6
CONTINUOUS
10
4.6709683858267717
20
-4.1671424409448816
11
4.6732283464566926
21
-4.1666929133858268
0
LINE
8
BLACK
6
CONTINUOUS
10
4.6732283464566926
20
-4.1666929133858268
11
4.7381889763779528
21
-4.1666929133858268
0
LINE
8
BLACK
6
CONTINUOUS
10
4.7381889763779528
20
-4.1666929133858268
11
4.7404489370078737
21
-4.1671424409448816
0
LINE
8
BLACK
6
CONTINUOUS
10
4.9353308267716534
20
-4.1671424409448816
11
4.9372466929133854
21
-4.168422598425197
0
LINE
8
BLACK
6
CONTINUOUS
10
4.9372466929133854
20
-4.168422598425197
11
4.9385268503937008
21
-4.170338464566929
0
LINE
8
BLACK
6
CONTINUOUS
10
4.9385268503937008
20
-4.170338464566929
11
4.9389763779527556
21
-4.17259842519685
0
LINE
8
BLACK
6
CONTINUOUS
10
4.9389763779527556
20
-4.17259842519685
11
4.9389763779527556
21
-4.1844094488188972
0
LINE
8
BLACK
6
CONTINUOUS
10
4.9389763779527556
20
-4.1844094488188972
11
4.9385268503937008
21
-4.186669409448819
0
LINE
8
BLACK
6
CONTINUOUS
10
4.9385268503937008
20
-4.186669409448819
11
4.9372466929133854
21
-4.188585275590551
0
LINE
8
BLACK
6
CONTINUOUS
10
4.9372466929133854
20
-4.188585275590551
11
4.9353308267716534
21
-4.1898654330708665
0
LINE
8
BLACK
6
CONTINUOUS
10
4.9353308267716534
20
-4.1898654330708665
11
4.9330708661417324
21
-4.1903149606299213
0
LINE
8
BLACK
6
CONTINUOUS
10
4.9330708661417324
20
-4.1903149606299213
11
4.8681102362204722
21
-4.1903149606299213
0
LINE
8
BLACK
6
CONTINUOUS
10
4.8681102362204722
20
-4.1903149606299213
11
4.8658502755905513
21
-4.1898654330708665
0
LINE
8
BLACK
6
CONTINUOUS
10
4.8658502755905513
20
-4.1898654330708665
11
4.8639344094488184
21
-4.188585275590551
0
LINE
8
BLACK
6
CONTINUOUS
10
4.8639344094488184
20
-4.188585275590551
11
4.8626542519685039
21
-4.186669409448819
0
LINE
8
BLACK
6
CONTINUOUS
10
4.8626542519685039
20
-4.186669409448819
11
4.8622047244094491
21
-4.1844094488188972
0
LINE
8
BLACK
6
CONTINUOUS
10
4.8622047244094491
20
-4.1844094488188972
11
4.8622047244094491
21
-4.17259842519685
0
LINE
8
BLACK
6
CONTINUOUS
10
4.8622047244094491
20
-4.17259842519685
11
4.8626542519685039
21
-4.170338464566929
0
LINE
8
BLACK
6
CONTINUOUS
10
4.8626542519685039
20
-4.170338464566929
11
4.8639344094488184
21
-4.168422598425197
0
LINE
8
BLACK
6
CONTINUOUS
10
4.8639344094488184
20
-4.168422598425197
11
4.8658502755905513
21
-4.1671424409448816
0
LINE
8
BLACK
6
CONTINUOUS
10
4.8658502755905513
20
-4.1671424409448816
11
4.8681102362204722
21
-4.1666929133858268
0
LINE
8
BLACK
6
CONTINUOUS
10
4.8681102362204722
20
-4.1666929133858268
11
4.9330708661417324
21
-4.1666929133858268
0
LINE
8
BLACK
6
CONTINUOUS
10
4.9330708661417324
20
-4.1666929133858268
11
4.9353308267716534
21
-4.1671424409448816
0
LINE
8
BLACK
6
CONTINUOUS
10
5.1043820472440942
20
-4.1463199606299215
11
5.107255866141732
21
-4.1482401968503932
0
LINE
8
BLACK
6
CONTINUOUS
10
5.107255866141732
20
-4.1482401968503932
11
5.1091761023622047
21
-4.1511140157480311
0
LINE
8
BLACK
6
CONTINUOUS
10
5.1091761023622047
20
-4.1511140157480311
11
5.1098503937007873
21
-4.154503937007874
0
LINE
8
BLACK
6
CONTINUOUS
10
5.1098503937007873
20
-4.154503937007874
11
5.1098503937007873
21
-4.1722204724409444
0
LINE
8
BLACK
6
CONTINUOUS
10
5.1098503937007873
20
-4.1722204724409444
11
5.1091761023622047
21
-4.1756103937007873
0
LINE
8
BLACK
6
CONTINUOUS
10
5.1091761023622047
20
-4.1756103937007873
11
5.107255866141732
21
-4.1784842125984252
0
LINE
8
BLACK
6
CONTINUOUS
10
5.107255866141732
20
-4.1784842125984252
11
5.1043820472440942
21
-4.1804044488188978
0
LINE
8
BLACK
6
CONTINUOUS
10
5.1043820472440942
20
-4.1804044488188978
11
5.1009921259842521
21
-4.1810787401574805
0
LINE
8
BLACK
6
CONTINUOUS
10
5.1009921259842521
20
-4.1810787401574805
11
5.0813070866141734
21
-4.1810787401574805
0
LINE
8
BLACK
6
CONTINUOUS
10
5.0813070866141734
20
-4.1810787401574805
11
5.0779171653543305
21
-4.1804044488188978
0
LINE
8
BLACK
6
CONTINUOUS
10
5.0779171653543305
20
-4.1804044488188978
11
5.0750433464566926
21
-4.1784842125984252
0
LINE
8
BLACK
6
CONTINUOUS
10
5.0750433464566926
20
-4.1784842125984252
11
5.07312311023622
21
-4.1756103937007873
0
LINE
8
BLACK
6
CONTINUOUS
10
5.07312311023622
20
-4.1756103937007873
11
5.0724488188976373
21
-4.1722204724409444
0
LINE
8
BLACK
6
CONTINUOUS
10
5.0724488188976373
20
-4.1722204724409444
11
5.0724488188976373
21
-4.154503937007874
0
LINE
8
BLACK
6
CONTINUOUS
10
5.0724488188976373
20
-4.154503937007874
11
5.07312311023622
21
-4.1511140157480311
0
LINE
8
BLACK
6
CONTINUOUS
10
5.07312311023622
20
-4.1511140157480311
11
5.0750433464566926
21
-4.1482401968503932
0
LINE
8
BLACK
6
CONTINUOUS
10
5.0750433464566926
20
-4.1482401968503932
11
5.0779171653543305
21
-4.1463199606299215
0
LINE
8
BLACK
6
CONTINUOUS
10
5.0779171653543305
20
-4.1463199606299215
11
5.0813070866141734
21
-4.1456456692913388
0
LINE
8
BLACK
6
CONTINUOUS
10
5.0813070866141734
20
-4.1456456692913388
11
5.1009921259842521
21
-4.1456456692913388
0
LINE
8
BLACK
6
CONTINUOUS
10
5.1009921259842521
20
-4.1456456692913388
11
5.1043820472440942
21
-4.1463199606299215
0
LINE
8
BLACK
6
CONTINUOUS
10
4.7404489370078737
20
-4.1171424409448818
11
4.7423648031496066
21
-4.1184225984251963
0
LINE
8
BLACK
6
CONTINUOUS
10
4.7423648031496066
20
-4.1184225984251963
11
4.7436449606299211
21
-4.1203384645669292
0
LINE
8
BLACK
6
CONTINUOUS
10
4.7436449606299211
20
-4.1203384645669292
11
4.7440944881889759
21
-4.1225984251968502
0
LINE
8
BLACK
6
CONTINUOUS
10
4.7440944881889759
20
-4.1225984251968502
11
4.7440944881889759
21
-4.1344094488188974
0
LINE
8
BLACK
6
CONTINUOUS
10
4.7440944881889759
20
-4.1344094488188974
11
4.7436449606299211
21
-4.1366694094488192
0
LINE
8
BLACK
6
CONTINUOUS
10
4.7436449606299211
20
-4.1366694094488192
11
4.7423648031496066
21
-4.1385852755905512
0
LINE
8
BLACK
6
CONTINUOUS
10
4.7423648031496066
20
-4.1385852755905512
11
4.7404489370078737
21
-4.1398654330708657
0
LINE
8
BLACK
6
CONTINUOUS
10
4.7404489370078737
20
-4.1398654330708657
11
4.7381889763779528
21
-4.1403149606299214
0
LINE
8
BLACK
6
CONTINUOUS
10
4.7381889763779528
20
-4.1403149606299214
11
4.6732283464566926
21
-4.1403149606299214
0
LINE
8
BLACK
6
CONTINUOUS
10
4.6732283464566926
20
-4.1403149606299214
11
4.6709683858267717
21
-4.1398654330708657
0
LINE
8
BLACK
6
CONTINUOUS
10
4.6709683858267717
20
-4.1398654330708657
11
4.6690525196850396
21
-4.1385852755905512
0
LINE
8
BLACK
6
CONTINUOUS
10
4.6690525196850396
20
-4.1385852755905512
11
4.6677723622047242
21
-4.1366694094488192
0
LINE
8
BLACK
6
CONTINUOUS
10
4.6677723622047242
20
-4.1366694094488192
11
4.6673228346456694
21
-4.1344094488188974
0
LINE
8
BLACK
6
CONTINUOUS
10
4.6673228346456694
20
-4.1344094488188974
11
4.6673228346456694
21
-4.1225984251968502
0
LINE
8
BLACK
6
CONTINUOUS
10
4.6673228346456694
20
-4.1225984251968502
11
4.6677723622047242
21
-4.1203384645669292
0
LINE
8
BLACK
6
CONTINUOUS
10
4.6677723622047242
20
-4.1203384645669292
11
4.6690525196850396
21
-4.1184225984251963
0
LINE
8
BLACK
6
CONTINUOUS
10
4.6690525196850396
20
-4.1184225984251963
11
4.6709683858267717
21
-4.1171424409448818
0
LINE
8
BLACK
6
CONTINUOUS
10
4.6709683858267717
20
-4.1171424409448818
11
4.6732283464566926
21
-4.116692913385827
0
LINE
8
BLACK
6
CONTINUOUS
10
4.6732283464566926
20
-4.116692913385827
11
4.7381889763779528
21
-4.116692913385827
0
LINE
8
BLACK
6
CONTINUOUS
10
4.7381889763779528
20
-4.116692913385827
11
4.7404489370078737
21
-4.1171424409448818
0
LINE
8
BLACK
6
CONTINUOUS
10
4.9353308267716534
20
-4.1171424409448818
11
4.9372466929133854
21
-4.1184225984251963
0
LINE
8
BLACK
6
CONTINUOUS
10
4.9372466929133854
20
-4.1184225984251963
11
4.9385268503937008
21
-4.1203384645669292
0
LINE
8
BLACK
6
CONTINUOUS
10
4.9385268503937008
20
-4.1203384645669292
11
4.9389763779527556
21
-4.1225984251968502
0
LINE
8
BLACK
6
CONTINUOUS
10
4.9389763779527556
20
-4.1225984251968502
11
4.9389763779527556
21
-4.1344094488188974
0
LINE
8
BLACK
6
CONTINUOUS
10
4.9389763779527556
20
-4.1344094488188974
11
4.9385268503937008
21
-4.1366694094488192
0
LINE
8
BLACK
6
CONTINUOUS
10
4.9385268503937008
20
-4.1366694094488192
11
4.9372466929133854
21
-4.1385852755905512
0
LINE
8
BLACK
6
CONTINUOUS
10
4.9372466929133854
20
-4.1385852755905512
11
4.9353308267716534
21
-4.1398654330708657
0
LINE
8
BLACK
6
CONTINUOUS
10
4.9353308267716534
20
-4.1398654330708657
11
4.9330708661417324
21
-4.1403149606299214
0
LINE
8
BLACK
6
CONTINUOUS
10
4.9330708661417324
20
-4.1403149606299214
11
4.8681102362204722
21
-4.1403149606299214
0
LINE
8
BLACK
6
CONTINUOUS
10
4.8681102362204722
20
-4.1403149606299214
11
4.8658502755905513
21
-4.1398654330708657
0
LINE
8
BLACK
6
CONTINUOUS
10
4.8658502755905513
20
-4.1398654330708657
11
4.8639344094488184
21
-4.1385852755905512
0
LINE
8
BLACK
6
CONTINUOUS
10
4.8639344094488184
20
-4.1385852755905512
11
4.8626542519685039
21
-4.1366694094488192
0
LINE
8
BLACK
6
CONTINUOUS
10
4.8626542519685039
20
-4.1366694094488192
11
4.8622047244094491
21
-4.1344094488188974
0
LINE
8
BLACK
6
CONTINUOUS
10
4.8622047244094491
20
-4.1344094488188974
11
4.8622047244094491
21
-4.1225984251968502
0
LINE
8
BLACK
6
CONTINUOUS
10
4.8622047244094491
20
-4.1225984251968502
11
4.8626542519685039
21
-4.1203384645669292
0
LINE
8
BLACK
6
CONTINUOUS
10
4.8626542519685039
20
-4.1203384645669292
11
4.8639344094488184
21
-4.1184225984251963
0
LINE
8
BLACK
6
CONTINUOUS
10
4.8639344094488184
20
-4.1184225984251963
11
4.8658502755905513
21
-4.1171424409448818
0
LINE
8
BLACK
6
CONTINUOUS
10
4.8658502755905513
20
-4.1171424409448818
11
4.8681102362204722
21
-4.116692913385827
0
LINE
8
BLACK
6
CONTINUOUS
10
4.8681102362204722
20
-4.116692913385827
11
4.9330708661417324
21
-4.116692913385827
0
LINE
8
BLACK
6
CONTINUOUS
10
4.9330708661417324
20
-4.116692913385827
11
4.9353308267716534
21
-4.1171424409448818
0
LINE
8
BLACK
6
CONTINUOUS
10
5.1043820472440942
20
-4.085296338582677
11
5.107255866141732
21
-4.0872165748031497
0
LINE
8
BLACK
6
CONTINUOUS
10
5.107255866141732
20
-4.0872165748031497
11
5.1091761023622047
21
-4.0900903937007875
0
LINE
8
BLACK
6
CONTINUOUS
10
5.1091761023622047
20
-4.0900903937007875
11
5.1098503937007873
21
-4.0934803149606296
0
LINE
8
BLACK
6
CONTINUOUS
10
5.1098503937007873
20
-4.0934803149606296
11
5.1098503937007873
21
-4.1111968503937009
0
LINE
8
BLACK
6
CONTINUOUS
10
5.1098503937007873
20
-4.1111968503937009
11
5.1091761023622047
21
-4.1145867716535429
0
LINE
8
BLACK
6
CONTINUOUS
10
5.1091761023622047
20
-4.1145867716535429
11
5.107255866141732
21
-4.1174605905511807
0
LINE
8
BLACK
6
CONTINUOUS
10
5.107255866141732
20
-4.1174605905511807
11
5.1043820472440942
21
-4.1193808267716534
0
LINE
8
BLACK
6
CONTINUOUS
10
5.1043820472440942
20
-4.1193808267716534
11
5.1009921259842521
21
-4.1200551181102361
0
LINE
8
BLACK
6
CONTINUOUS
10
5.1009921259842521
20
-4.1200551181102361
11
5.0813070866141734
21
-4.1200551181102361
0
LINE
8
BLACK
6
CONTINUOUS
10
5.0813070866141734
20
-4.1200551181102361
11
5.0779171653543305
21
-4.1193808267716534
0
LINE
8
BLACK
6
CONTINUOUS
10
5.0779171653543305
20
-4.1193808267716534
11
5.0750433464566926
21
-4.1174605905511807
0
LINE
8
BLACK
6
CONTINUOUS
10
5.0750433464566926
20
-4.1174605905511807
11
5.07312311023622
21
-4.1145867716535429
0
LINE
8
BLACK
6
CONTINUOUS
10
5.07312311023622
20
-4.1145867716535429
11
5.0724488188976373
21
-4.1111968503937009
0
LINE
8
BLACK
6
CONTINUOUS
10
5.0724488188976373
20
-4.1111968503937009
11
5.0724488188976373
21
-4.0934803149606296
0
LINE
8
BLACK
6
CONTINUOUS
10
5.0724488188976373
20
-4.0934803149606296
11
5.07312311023622
21
-4.0900903937007875
0
LINE
8
BLACK
6
CONTINUOUS
10
5.07312311023622
20
-4.0900903937007875
11
5.0750433464566926
21
-4.0872165748031497
0
LINE
8
BLACK
6
CONTINUOUS
10
5.0750433464566926
20
-4.0872165748031497
11
5.0779171653543305
21
-4.085296338582677
0
LINE
8
BLACK
6
CONTINUOUS
10
5.0779171653543305
20
-4.085296338582677
11
5.0813070866141734
21
-4.0846220472440944
0
LINE
8
BLACK
6
CONTINUOUS
10
5.0813070866141734
20
-4.0846220472440944
11
5.1009921259842521
21
-4.0846220472440944
0
LINE
8
BLACK
6
CONTINUOUS
10
5.1009921259842521
20
-4.0846220472440944
11
5.1043820472440942
21
-4.085296338582677
0
LINE
8
BLACK
6
CONTINUOUS
10
4.7404489370078737
20
-4.067142440944882
11
4.7423648031496066
21
-4.0684225984251965
0
LINE
8
BLACK
6
CONTINUOUS
10
4.7423648031496066
20
-4.0684225984251965
11
4.7436449606299211
21
-4.0703384645669294
0
LINE
8
BLACK
6
CONTINUOUS
10
4.7436449606299211
20
-4.0703384645669294
11
4.7440944881889759
21
-4.0725984251968503
0
LINE
8
BLACK
6
CONTINUOUS
10
4.7440944881889759
20
-4.0725984251968503
11
4.7440944881889759
21
-4.0844094488188976
0
LINE
8
BLACK
6
CONTINUOUS
10
4.7440944881889759
20
-4.0844094488188976
11
4.7436449606299211
21
-4.0866694094488185
0
LINE
8
BLACK
6
CONTINUOUS
10
4.7436449606299211
20
-4.0866694094488185
11
4.7423648031496066
21
-4.0885852755905514
0
LINE
8
BLACK
6
CONTINUOUS
10
4.7423648031496066
20
-4.0885852755905514
11
4.7404489370078737
21
-4.0898654330708659
0
LINE
8
BLACK
6
CONTINUOUS
10
4.7404489370078737
20
-4.0898654330708659
11
4.7381889763779528
21
-4.0903149606299207
0
LINE
8
BLACK
6
CONTINUOUS
10
4.7381889763779528
20
-4.0903149606299207
11
4.6732283464566926
21
-4.0903149606299207
0
LINE
8
BLACK
6
CONTINUOUS
10
4.6732283464566926
20
-4.0903149606299207
11
4.6709683858267717
21
-4.0898654330708659
0
LINE
8
BLACK
6
CONTINUOUS
10
4.6709683858267717
20
-4.0898654330708659
11
4.6690525196850396
21
-4.0885852755905514
0
LINE
8
BLACK
6
CONTINUOUS
10
4.6690525196850396
20
-4.0885852755905514
11
4.6677723622047242
21
-4.0866694094488185
0
LINE
8
BLACK
6
CONTINUOUS
10
4.6677723622047242
20
-4.0866694094488185
11
4.6673228346456694
21
-4.0844094488188976
0
LINE
8
BLACK
6
CONTINUOUS
10
4.6673228346456694
20
-4.0844094488188976
11
4.6673228346456694
21
-4.0725984251968503
0
LINE
8
BLACK
6
CONTINUOUS
10
4.6673228346456694
20
-4.0725984251968503
11
4.6677723622047242
21
-4.0703384645669294
0
LINE
8
BLACK
6
CONTINUOUS
10
4.6677723622047242
20
-4.0703384645669294
11
4.6690525196850396
21
-4.0684225984251965
0
LINE
8
BLACK
6
CONTINUOUS
10
4.6690525196850396
20
-4.0684225984251965
11
4.6709683858267717
21
-4.067142440944882
0
LINE
8
BLACK
6
CONTINUOUS
10
4.6709683858267717
20
-4.067142440944882
11
4.6732283464566926
21
-4.0666929133858263
0
LINE
8
BLACK
6
CONTINUOUS
10
4.6732283464566926
20
-4.0666929133858263
11
4.7381889763779528
21
-4.0666929133858263
0
LINE
8
BLACK
6
CONTINUOUS
10
4.7381889763779528
20
-4.0666929133858263
11
4.7404489370078737
21
-4.067142440944882
0
LINE
8
BLACK
6
CONTINUOUS
10
4.9353308267716534
20
-4.067142440944882
11
4.9372466929133854
21
-4.0684225984251965
0
LINE
8
BLACK
6
CONTINUOUS
10
4.9372466929133854
20
-4.0684225984251965
11
4.9385268503937008
21
-4.0703384645669294
0
LINE
8
BLACK
6
CONTINUOUS
10
4.9385268503937008
20
-4.0703384645669294
11
4.9389763779527556
21
-4.0725984251968503
0
LINE
8
BLACK
6
CONTINUOUS
10
4.9389763779527556
20
-4.0725984251968503
11
4.9389763779527556
21
-4.0844094488188976
0
LINE
8
BLACK
6
CONTINUOUS
10
4.9389763779527556
20
-4.0844094488188976
11
4.9385268503937008
21
-4.0866694094488185
0
LINE
8
BLACK
6
CONTINUOUS
10
4.9385268503937008
20
-4.0866694094488185
11
4.9372466929133854
21
-4.0885852755905514
0
LINE
8
BLACK
6
CONTINUOUS
10
4.9372466929133854
20
-4.0885852755905514
11
4.9353308267716534
21
-4.0898654330708659
0
LINE
8
BLACK
6
CONTINUOUS
10
4.9353308267716534
20
-4.0898654330708659
11
4.9330708661417324
21
-4.0903149606299207
0
LINE
8
BLACK
6
CONTINUOUS
10
4.9330708661417324
20
-4.0903149606299207
11
4.8681102362204722
21
-4.0903149606299207
0
LINE
8
BLACK
6
CONTINUOUS
10
4.8681102362204722
20
-4.0903149606299207
11
4.8658502755905513
21
-4.0898654330708659
0
LINE
8
BLACK
6
CONTINUOUS
10
4.8658502755905513
20
-4.0898654330708659
11
4.8639344094488184
21
-4.0885852755905514
0
LINE
8
BLACK
6
CONTINUOUS
10
4.8639344094488184
20
-4.0885852755905514
11
4.8626542519685039
21
-4.0866694094488185
0
LINE
8
BLACK
6
CONTINUOUS
10
4.8626542519685039
20
-4.0866694094488185
11
4.8622047244094491
21
-4.0844094488188976
0
LINE
8
BLACK
6
CONTINUOUS
10
4.8622047244094491
20
-4.0844094488188976
11
4.8622047244094491
21
-4.0725984251968503
0
LINE
8
BLACK
6
CONTINUOUS
10
4.8622047244094491
20
-4.0725984251968503
11
4.8626542519685039
21
-4.0703384645669294
0
LINE
8
BLACK
6
CONTINUOUS
10
4.8626542519685039
20
-4.0703384645669294
11
4.8639344094488184
21
-4.0684225984251965
0
LINE
8
BLACK
6
CONTINUOUS
10
4.8639344094488184
20
-4.0684225984251965
11
4.8658502755905513
21
-4.067142440944882
0
LINE
8
BLACK
6
CONTINUOUS
10
4.8658502755905513
20
-4.067142440944882
11
4.8681102362204722
21
-4.0666929133858263
0
LINE
8
BLACK
6
CONTINUOUS
10
4.8681102362204722
20
-4.0666929133858263
11
4.9330708661417324
21
-4.0666929133858263
0
LINE
8
BLACK
6
CONTINUOUS
10
4.9330708661417324
20
-4.0666929133858263
11
4.9353308267716534
21
-4.067142440944882
0
LINE
8
BLACK
6
CONTINUOUS
10
5.434948976377953
20
-3.967816023622047
11
5.4378227952755909
21
-3.9697362598425197
0
LINE
8
BLACK
6
CONTINUOUS
10
5.4378227952755909
20
-3.9697362598425197
11
5.4397430314960626
21
-3.9726100787401575
0
LINE
8
BLACK
6
CONTINUOUS
10
5.4397430314960626
20
-3.9726100787401575
11
5.4404173228346453
21
-3.976
0
LINE
8
BLACK
6
CONTINUOUS
10
5.4404173228346453
20
-3.976
11
5.4404173228346453
21
-3.9937165354330708
0
LINE
8
BLACK
6
CONTINUOUS
10
5.4404173228346453
20
-3.9937165354330708
11
5.4397430314960626
21
-3.9971064566929133
0
LINE
8
BLACK
6
CONTINUOUS
10
5.4397430314960626
20
-3.9971064566929133
11
5.4378227952755909
21
-3.9999802755905511
0
LINE
8
BLACK
6
CONTINUOUS
10
5.4378227952755909
20
-3.9999802755905511
11
5.434948976377953
21
-4.0019005118110238
0
LINE
8
BLACK
6
CONTINUOUS
10
5.434948976377953
20
-4.0019005118110238
11
5.4315590551181101
21
-4.0025748031496065
0
LINE
8
BLACK
6
CONTINUOUS
10
5.4315590551181101
20
-4.0025748031496065
11
5.4118740157480314
21
-4.0025748031496065
0
LINE
8
BLACK
6
CONTINUOUS
10
5.4118740157480314
20
-4.0025748031496065
11
5.4084840944881885
21
-4.0019005118110238
0
LINE
8
BLACK
6
CONTINUOUS
10
5.4084840944881885
20
-4.0019005118110238
11
5.4056102755905506
21
-3.9999802755905511
0
LINE
8
BLACK
6
CONTINUOUS
10
5.4056102755905506
20
-3.9999802755905511
11
5.4036900393700789
21
-3.9971064566929133
0
LINE
8
BLACK
6
CONTINUOUS
10
5.4036900393700789
20
-3.9971064566929133
11
5.4030157480314962
21
-3.9937165354330708
0
LINE
8
BLACK
6
CONTINUOUS
10
5.4030157480314962
20
-3.9937165354330708
11
5.4030157480314962
21
-3.976
0
LINE
8
BLACK
6
CONTINUOUS
10
5.4030157480314962
20
-3.976
11
5.4036900393700789
21
-3.9726100787401575
0
LINE
8
BLACK
6
CONTINUOUS
10
5.4036900393700789
20
-3.9726100787401575
11
5.4056102755905506
21
-3.9697362598425197
0
LINE
8
BLACK
6
CONTINUOUS
10
5.4056102755905506
20
-3.9697362598425197
11
5.4084840944881885
21
-3.967816023622047
0
LINE
8
BLACK
6
CONTINUOUS
10
5.4084840944881885
20
-3.967816023622047
11
5.4118740157480314
21
-3.9671417322834643
0
LINE
8
BLACK
6
CONTINUOUS
10
5.4118740157480314
20
-3.9671417322834643
11
5.4315590551181101
21
-3.9671417322834643
0
LINE
8
BLACK
6
CONTINUOUS
10
5.4315590551181101
20
-3.9671417322834643
11
5.434948976377953
21
-3.967816023622047
0
LINE
8
BLACK
6
CONTINUOUS
10
5.434948976377953
20
-3.906792401574803
11
5.4378227952755909
21
-3.9087126377952757
0
LINE
8
BLACK
6
CONTINUOUS
10
5.4378227952755909
20
-3.9087126377952757
11
5.4397430314960626
21
-3.9115864566929135
0
LINE
8
BLACK
6
CONTINUOUS
10
5.4397430314960626
20
-3.9115864566929135
11
5.4404173228346453
21
-3.914976377952756
0
LINE
8
BLACK
6
CONTINUOUS
10
5.4404173228346453
20
-3.914976377952756
11
5.4404173228346453
21
-3.9326929133858268
0
LINE
8
BLACK
6
CONTINUOUS
10
5.4404173228346453
20
-3.9326929133858268
11
5.4397430314960626
21
-3.9360828346456693
0
LINE
8
BLACK
6
CONTINUOUS
10
5.4397430314960626
20
-3.9360828346456693
11
5.4378227952755909
21
-3.9389566535433072
0
LINE
8
BLACK
6
CONTINUOUS
10
5.4378227952755909
20
-3.9389566535433072
11
5.434948976377953
21
-3.9408768897637794
0
LINE
8
BLACK
6
CONTINUOUS
10
5.434948976377953
20
-3.9408768897637794
11
5.4315590551181101
21
-3.941551181102362
0
LINE
8
BLACK
6
CONTINUOUS
10
5.4315590551181101
20
-3.941551181102362
11
5.4118740157480314
21
-3.941551181102362
0
LINE
8
BLACK
6
CONTINUOUS
10
5.4118740157480314
20
-3.941551181102362
11
5.4084840944881885
21
-3.9408768897637794
0
LINE
8
BLACK
6
CONTINUOUS
10
5.4084840944881885
20
-3.9408768897637794
11
5.4056102755905506
21
-3.9389566535433072
0
LINE
8
BLACK
6
CONTINUOUS
10
5.4056102755905506
20
-3.9389566535433072
11
5.4036900393700789
21
-3.9360828346456693
0
LINE
8
BLACK
6
CONTINUOUS
10
5.4036900393700789
20
-3.9360828346456693
11
5.4030157480314962
21
-3.9326929133858268
0
LINE
8
BLACK
6
CONTINUOUS
10
5.4030157480314962
20
-3.9326929133858268
11
5.4030157480314962
21
-3.914976377952756
0
LINE
8
BLACK
6
CONTINUOUS
10
5.4030157480314962
20
-3.914976377952756
11
5.4036900393700789
21
-3.9115864566929135
0
LINE
8
BLACK
6
CONTINUOUS
10
5.4036900393700789
20
-3.9115864566929135
11
5.4056102755905506
21
-3.9087126377952757
0
LINE
8
BLACK
6
CONTINUOUS
10
5.4056102755905506
20
-3.9087126377952757
11
5.4084840944881885
21
-3.906792401574803
0
LINE
8
BLACK
6
CONTINUOUS
10
5.4084840944881885
20
-3.906792401574803
11
5.4118740157480314
21
-3.9061181102362204
0
LINE
8
BLACK
6
CONTINUOUS
10
5.4118740157480314
20
-3.9061181102362204
11
5.4315590551181101
21
-3.9061181102362204
0
LINE
8
BLACK
6
CONTINUOUS
10
5.4315590551181101
20
-3.9061181102362204
11
5.434948976377953
21
-3.906792401574803
0
LINE
8
BLACK
6
CONTINUOUS
10
5.9516038188976372
20
-3.4007450393700789
11
5.9541583070866144
21
-3.4024519291338584
0
LINE
8
BLACK
6
CONTINUOUS
10
5.9541583070866144
20
-3.4024519291338584
11
5.955865196850394
21
-3.4050064173228347
0
LINE
8
BLACK
6
CONTINUOUS
10
5.955865196850394
20
-3.4050064173228347
11
5.9564645669291334
21
-3.40801968503937
0
LINE
8
BLACK
6
CONTINUOUS
10
5.9564645669291334
20
-3.40801968503937
11
5.9564645669291334
21
-3.4296732283464566
0
LINE
8
BLACK
6
CONTINUOUS
10
5.9564645669291334
20
-3.4296732283464566
11
5.955865196850394
21
-3.4326864960629919
0
LINE
8
BLACK
6
CONTINUOUS
10
5.955865196850394
20
-3.4326864960629919
11
5.9541583070866144
21
-3.4352409842519682
0
LINE
8
BLACK
6
CONTINUOUS
10
5.9541583070866144
20
-3.4352409842519682
11
5.9516038188976372
21
-3.4369478740157478
0
LINE
8
BLACK
6
CONTINUOUS
10
5.9516038188976372
20
-3.4369478740157478
11
5.9485905511811019
21
-3.4375472440944881
0
LINE
8
BLACK
6
CONTINUOUS
10
5.9485905511811019
20
-3.4375472440944881
11
5.932842519685039
21
-3.4375472440944881
0
LINE
8
BLACK
6
CONTINUOUS
10
5.932842519685039
20
-3.4375472440944881
11
5.9298292519685036
21
-3.4369478740157478
0
LINE
8
BLACK
6
CONTINUOUS
10
5.9298292519685036
20
-3.4369478740157478
11
5.9272747637795273
21
-3.4352409842519682
0
LINE
8
BLACK
6
CONTINUOUS
10
5.9272747637795273
20
-3.4352409842519682
11
5.9255678740157478
21
-3.4326864960629919
0
LINE
8
BLACK
6
CONTINUOUS
10
5.9255678740157478
20
-3.4326864960629919
11
5.9249685039370075
21
-3.4296732283464566
0
LINE
8
BLACK
6
CONTINUOUS
10
5.9249685039370075
20
-3.4296732283464566
11
5.9249685039370075
21
-3.40801968503937
0
LINE
8
BLACK
6
CONTINUOUS
10
5.9249685039370075
20
-3.40801968503937
11
5.9255678740157478
21
-3.4050064173228347
0
LINE
8
BLACK
6
CONTINUOUS
10
5.9255678740157478
20
-3.4050064173228347
11
5.9272747637795273
21
-3.4024519291338584
0
LINE
8
BLACK
6
CONTINUOUS
10
5.9272747637795273
20
-3.4024519291338584
11
5.9298292519685036
21
-3.4007450393700789
0
LINE
8
BLACK
6
CONTINUOUS
10
5.9298292519685036
20
-3.4007450393700789
11
5.932842519685039
21
-3.4001456692913385
0
LINE
8
BLACK
6
CONTINUOUS
10
5.932842519685039
20
-3.4001456692913385
11
5.9485905511811019
21
-3.4001456692913385
0
LINE
8
BLACK
6
CONTINUOUS
10
5.9485905511811019
20
-3.4001456692913385
11
5.9516038188976372
21
-3.4007450393700789
0
LINE
8
BLACK
6
CONTINUOUS
10
6.0165644488188974
20
-3.4007450393700789
11
6.0191189370078737
21
-3.4024519291338584
0
LINE
8
BLACK
6
CONTINUOUS
10
6.0191189370078737
20
-3.4024519291338584
11
6.0208258267716532
21
-3.4050064173228347
0
LINE
8
BLACK
6
CONTINUOUS
10
6.0208258267716532
20
-3.4050064173228347
11
6.0214251968503936
21
-3.40801968503937
0
LINE
8
BLACK
6
CONTINUOUS
10
6.0214251968503936
20
-3.40801968503937
11
6.0214251968503936
21
-3.4296732283464566
0
LINE
8
BLACK
6
CONTINUOUS
10
6.0214251968503936
20
-3.4296732283464566
11
6.0208258267716532
21
-3.4326864960629919
0
LINE
8
BLACK
6
CONTINUOUS
10
6.0208258267716532
20
-3.4326864960629919
11
6.0191189370078737
21
-3.4352409842519682
0
LINE
8
BLACK
6
CONTINUOUS
10
6.0191189370078737
20
-3.4352409842519682
11
6.0165644488188974
21
-3.4369478740157478
0
LINE
8
BLACK
6
CONTINUOUS
10
6.0165644488188974
20
-3.4369478740157478
11
6.0135511811023621
21
-3.4375472440944881
0
LINE
8
BLACK
6
CONTINUOUS
10
6.0135511811023621
20
-3.4375472440944881
11
5.9978031496062991
21
-3.4375472440944881
0
LINE
8
BLACK
6
CONTINUOUS
10
5.9978031496062991
20
-3.4375472440944881
11
5.9947898818897638
21
-3.4369478740157478
0
LINE
8
BLACK
6
CONTINUOUS
10
5.9947898818897638
20
-3.4369478740157478
11
5.9922353937007875
21
-3.4352409842519682
0
LINE
8
BLACK
6
CONTINUOUS
10
5.9922353937007875
20
-3.4352409842519682
11
5.990528503937008
21
-3.4326864960629919
0
LINE
8
BLACK
6
CONTINUOUS
10
5.990528503937008
20
-3.4326864960629919
11
5.9899291338582676
21
-3.4296732283464566
0
LINE
8
BLACK
6
CONTINUOUS
10
5.9899291338582676
20
-3.4296732283464566
11
5.9899291338582676
21
-3.40801968503937
0
LINE
8
BLACK
6
CONTINUOUS
10
5.9899291338582676
20
-3.40801968503937
11
5.990528503937008
21
-3.4050064173228347
0
LINE
8
BLACK
6
CONTINUOUS
10
5.990528503937008
20
-3.4050064173228347
11
5.9922353937007875
21
-3.4024519291338584
0
LINE
8
BLACK
6
CONTINUOUS
10
5.9922353937007875
20
-3.4024519291338584
11
5.9947898818897638
21
-3.4007450393700789
0
LINE
8
BLACK
6
CONTINUOUS
10
5.9947898818897638
20
-3.4007450393700789
11
5.9978031496062991
21
-3.4001456692913385
0
LINE
8
BLACK
6
CONTINUOUS
10
5.9978031496062991
20
-3.4001456692913385
11
6.0135511811023621
21
-3.4001456692913385
0
LINE
8
BLACK
6
CONTINUOUS
10
6.0135511811023621
20
-3.4001456692913385
11
6.0165644488188974
21
-3.4007450393700789
0
LINE
8
BLACK
6
CONTINUOUS
10
5.9584960629921255
20
-2.8787874015748032
11
5.9368425196850394
21
-2.8787874015748032
0
LINE
8
BLACK
6
CONTINUOUS
10
5.9368425196850394
20
-2.8787874015748032
11
5.9368425196850394
21
-2.8197322834645671
0
LINE
8
BLACK
6
CONTINUOUS
10
5.9368425196850394
20
-2.8197322834645671
11
5.9584960629921255
21
-2.8197322834645671
0
LINE
8
BLACK
6
CONTINUOUS
10
5.9584960629921255
20
-2.8197322834645671
11
5.9584960629921255
21
-2.8787874015748032
0
LINE
8
BLACK
6
CONTINUOUS
10
5.9899921259842515
20
-2.8787874015748032
11
5.9683385826771653
21
-2.8787874015748032
0
LINE
8
BLACK
6
CONTINUOUS
10
5.9683385826771653
20
-2.8787874015748032
11
5.9683385826771653
21
-2.8197322834645671
0
LINE
8
BLACK
6
CONTINUOUS
10
5.9683385826771653
20
-2.8197322834645671
11
5.9899921259842515
21
-2.8197322834645671
0
LINE
8
BLACK
6
CONTINUOUS
10
5.9899921259842515
20
-2.8197322834645671
11
5.9899921259842515
21
-2.8787874015748032
0
LINE
8
BLACK
6
CONTINUOUS
10
6.0214881889763774
20
-2.8787874015748032
11
5.9998346456692913
21
-2.8787874015748032
0
LINE
8
BLACK
6
CONTINUOUS
10
5.9998346456692913
20
-2.8787874015748032
11
5.9998346456692913
21
-2.8197322834645671
0
LINE
8
BLACK
6
CONTINUOUS
10
5.9998346456692913
20
-2.8197322834645671
11
6.0214881889763774
21
-2.8197322834645671
0
LINE
8
BLACK
6
CONTINUOUS
10
6.0214881889763774
20
-2.8197322834645671
11
6.0214881889763774
21
-2.8787874015748032
0
LINE
8
BLACK
6
CONTINUOUS
10
6.0529842519685042
20
-2.8787874015748032
11
6.0313307086614172
21
-2.8787874015748032
0
LINE
8
BLACK
6
CONTINUOUS
10
6.0313307086614172
20
-2.8787874015748032
11
6.0313307086614172
21
-2.8197322834645671
0
LINE
8
BLACK
6
CONTINUOUS
10
6.0313307086614172
20
-2.8197322834645671
11
6.0529842519685042
21
-2.8197322834645671
0
LINE
8
BLACK
6
CONTINUOUS
10
6.0529842519685042
20
-2.8197322834645671
11
6.0529842519685042
21
-2.8787874015748032
0
LINE
8
BLACK
6
CONTINUOUS
10
6.0844803149606301
20
-2.8787874015748032
11
6.0628267716535431
21
-2.8787874015748032
0
LINE
8
BLACK
6
CONTINUOUS
10
6.0628267716535431
20
-2.8787874015748032
11
6.0628267716535431
21
-2.8197322834645671
0
LINE
8
BLACK
6
CONTINUOUS
10
6.0628267716535431
20
-2.8197322834645671
11
6.0844803149606301
21
-2.8197322834645671
0
LINE
8
BLACK
6
CONTINUOUS
10
6.0844803149606301
20
-2.8197322834645671
11
6.0844803149606301
21
-2.8787874015748032
0
LINE
8
BLACK
6
CONTINUOUS
10
6.1159763779527561
20
-2.8787874015748032
11
6.094322834645669
21
-2.8787874015748032
0
LINE
8
BLACK
6
CONTINUOUS
10
6.094322834645669
20
-2.8787874015748032
11
6.094322834645669
21
-2.8197322834645671
0
LINE
8
BLACK
6
CONTINUOUS
10
6.094322834645669
20
-2.8197322834645671
11
6.1159763779527561
21
-2.8197322834645671
0
LINE
8
BLACK
6
CONTINUOUS
10
6.1159763779527561
20
-2.8197322834645671
11
6.1159763779527561
21
-2.8787874015748032
0
LINE
8
BLACK
6
CONTINUOUS
10
6.147472440944882
20
-2.8787874015748032
11
6.125818897637795
21
-2.8787874015748032
0
LINE
8
BLACK
6
CONTINUOUS
10
6.125818897637795
20
-2.8787874015748032
11
6.125818897637795
21
-2.8197322834645671
0
LINE
8
BLACK
6
CONTINUOUS
10
6.125818897637795
20
-2.8197322834645671
11
6.147472440944882
21
-2.8197322834645671
0
LINE
8
BLACK
6
CONTINUOUS
10
6.147472440944882
20
-2.8197322834645671
11
6.147472440944882
21
-2.8787874015748032
0
LINE
8
BLACK
6
CONTINUOUS
10
6.1789685039370079
20
-2.8787874015748032
11
6.1573149606299209
21
-2.8787874015748032
0
LINE
8
BLACK
6
CONTINUOUS
10
6.1573149606299209
20
-2.8787874015748032
11
6.1573149606299209
21
-2.8197322834645671
0
LINE
8
BLACK
6
CONTINUOUS
10
6.1573149606299209
20
-2.8197322834645671
11
6.1789685039370079
21
-2.8197322834645671
0
LINE
8
BLACK
6
CONTINUOUS
10
6.1789685039370079
20
-2.8197322834645671
11
6.1789685039370079
21
-2.8787874015748032
0
LINE
8
BLACK
6
CONTINUOUS
10
6.2104645669291338
20
-2.8787874015748032
11
6.1888110236220468
21
-2.8787874015748032
0
LINE
8
BLACK
6
CONTINUOUS
10
6.1888110236220468
20
-2.8787874015748032
11
6.1888110236220468
21
-2.8197322834645671
0
LINE
8
BLACK
6
CONTINUOUS
10
6.1888110236220468
20
-2.8197322834645671
11
6.2104645669291338
21
-2.8197322834645671
0
LINE
8
BLACK
6
CONTINUOUS
10
6.2104645669291338
20
-2.8197322834645671
11
6.2104645669291338
21
-2.8787874015748032
0
LINE
8
BLACK
6
CONTINUOUS
10
6.2419606299212598
20
-2.8787874015748032
11
6.2203070866141728
21
-2.8787874015748032
0
LINE
8
BLACK
6
CONTINUOUS
10
6.2203070866141728
20
-2.8787874015748032
11
6.2203070866141728
21
-2.8197322834645671
0
LINE
8
BLACK
6
CONTINUOUS
10
6.2203070866141728
20
-2.8197322834645671
11
6.2419606299212598
21
-2.8197322834645671
0
LINE
8
BLACK
6
CONTINUOUS
10
6.2419606299212598
20
-2.8197322834645671
11
6.2419606299212598
21
-2.8787874015748032
0
LINE
8
BLACK
6
CONTINUOUS
10
6.2734566929133857
20
-2.8787874015748032
11
6.2518031496062987
21
-2.8787874015748032
0
LINE
8
BLACK
6
CONTINUOUS
10
6.2518031496062987
20
-2.8787874015748032
11
6.2518031496062987
21
-2.8197322834645671
0
LINE
8
BLACK
6
CONTINUOUS
10
6.2518031496062987
20
-2.8197322834645671
11
6.2734566929133857
21
-2.8197322834645671
0
LINE
8
BLACK
6
CONTINUOUS
10
6.2734566929133857
20
-2.8197322834645671
11
6.2734566929133857
21
-2.8787874015748032
0
LINE
8
BLACK
6
CONTINUOUS
10
5.9102677165354329
20
-2.7931574803149606
11
5.8512125984251968
21
-2.7931574803149606
0
LINE
8
BLACK
6
CONTINUOUS
10
5.8512125984251968
20
-2.7931574803149606
11
5.8512125984251968
21
-2.771503937007874
0
LINE
8
BLACK
6
CONTINUOUS
10
5.8512125984251968
20
-2.771503937007874
11
5.9102677165354329
21
-2.771503937007874
0
LINE
8
BLACK
6
CONTINUOUS
10
5.9102677165354329
20
-2.771503937007874
11
5.9102677165354329
21
-2.7931574803149606
0
LINE
8
BLACK
6
CONTINUOUS
10
6.3590866141732283
20
-2.7931574803149606
11
6.3000314960629922
21
-2.7931574803149606
0
LINE
8
BLACK
6
CONTINUOUS
10
6.3000314960629922
20
-2.7931574803149606
11
6.3000314960629922
21
-2.771503937007874
0
LINE
8
BLACK
6
CONTINUOUS
10
6.3000314960629922
20
-2.771503937007874
11
6.3590866141732283
21
-2.771503937007874
0
LINE
8
BLACK
6
CONTINUOUS
10
6.3590866141732283
20
-2.771503937007874
11
6.3590866141732283
21
-2.7931574803149606
0
LINE
8
BLACK
6
CONTINUOUS
10
5.9102677165354329
20
-2.7616614173228347
11
5.8512125984251968
21
-2.7616614173228347
0
LINE
8
BLACK
6
CONTINUOUS
10
5.8512125984251968
20
-2.7616614173228347
11
5.8512125984251968
21
-2.7400078740157481
0
LINE
8
BLACK
6
CONTINUOUS
10
5.8512125984251968
20
-2.7400078740157481
11
5.9102677165354329
21
-2.7400078740157481
0
LINE
8
BLACK
6
CONTINUOUS
10
5.9102677165354329
20
-2.7400078740157481
11
5.9102677165354329
21
-2.7616614173228347
0
LINE
8
BLACK
6
CONTINUOUS
10
6.3590866141732283
20
-2.7616614173228347
11
6.3000314960629922
21
-2.7616614173228347
0
LINE
8
BLACK
6
CONTINUOUS
10
6.3000314960629922
20
-2.7616614173228347
11
6.3000314960629922
21
-2.7400078740157481
0
LINE
8
BLACK
6
CONTINUOUS
10
6.3000314960629922
20
-2.7400078740157481
11
6.3590866141732283
21
-2.7400078740157481
0
LINE
8
BLACK
6
CONTINUOUS
10
6.3590866141732283
20
-2.7400078740157481
11
6.3590866141732283
21
-2.7616614173228347
0
LINE
8
BLACK
6
CONTINUOUS
10
5.9102677165354329
20
-2.7301653543307087
11
5.8512125984251968
21
-2.7301653543307087
0
LINE
8
BLACK
6
CONTINUOUS
10
5.8512125984251968
20
-2.7301653543307087
11
5.8512125984251968
21
-2.7085118110236222
0
LINE
8
BLACK
6
CONTINUOUS
10
5.8512125984251968
20
-2.7085118110236222
11
5.9102677165354329
21
-2.7085118110236222
0
LINE
8
BLACK
6
CONTINUOUS
10
5.9102677165354329
20
-2.7085118110236222
11
5.9102677165354329
21
-2.7301653543307087
0
LINE
8
BLACK
6
CONTINUOUS
10
6.3590866141732283
20
-2.7301653543307087
11
6.3000314960629922
21
-2.7301653543307087
0
LINE
8
BLACK
6
CONTINUOUS
10
6.3000314960629922
20
-2.7301653543307087
11
6.3000314960629922
21
-2.7085118110236222
0
LINE
8
BLACK
6
CONTINUOUS
10
6.3000314960629922
20
-2.7085118110236222
11
6.3590866141732283
21
-2.7085118110236222
0
LINE
8
BLACK
6
CONTINUOUS
10
6.3590866141732283
20
-2.7085118110236222
11
6.3590866141732283
21
-2.7301653543307087
0
LINE
8
BLACK
6
CONTINUOUS
10
5.9102677165354329
20
-2.6986692913385828
11
5.8512125984251968
21
-2.6986692913385828
0
LINE
8
BLACK
6
CONTINUOUS
10
5.8512125984251968
20
-2.6986692913385828
11
5.8512125984251968
21
-2.6770157480314962
0
LINE
8
BLACK
6
CONTINUOUS
10
5.8512125984251968
20
-2.6770157480314962
11
5.9102677165354329
21
-2.6770157480314962
0
LINE
8
BLACK
6
CONTINUOUS
10
5.9102677165354329
20
-2.6770157480314962
11
5.9102677165354329
21
-2.6986692913385828
0
LINE
8
BLACK
6
CONTINUOUS
10
6.3590866141732283
20
-2.6986692913385828
11
6.3000314960629922
21
-2.6986692913385828
0
LINE
8
BLACK
6
CONTINUOUS
10
6.3000314960629922
20
-2.6986692913385828
11
6.3000314960629922
21
-2.6770157480314962
0
LINE
8
BLACK
6
CONTINUOUS
10
6.3000314960629922
20
-2.6770157480314962
11
6.3590866141732283
21
-2.6770157480314962
0
LINE
8
BLACK
6
CONTINUOUS
10
6.3590866141732283
20
-2.6770157480314962
11
6.3590866141732283
21
-2.6986692913385828
0
LINE
8
BLACK
6
CONTINUOUS
10
5.9102677165354329
20
-2.6671732283464564
11
5.8512125984251968
21
-2.6671732283464564
0
LINE
8
BLACK
6
CONTINUOUS
10
5.8512125984251968
20
-2.6671732283464564
11
5.8512125984251968
21
-2.6455196850393699
0
LINE
8
BLACK
6
CONTINUOUS
10
5.8512125984251968
20
-2.6455196850393699
11
5.9102677165354329
21
-2.6455196850393699
0
LINE
8
BLACK
6
CONTINUOUS
10
5.9102677165354329
20
-2.6455196850393699
11
5.9102677165354329
21
-2.6671732283464564
0
LINE
8
BLACK
6
CONTINUOUS
10
6.3590866141732283
20
-2.6671732283464564
11
6.3000314960629922
21
-2.6671732283464564
0
LINE
8
BLACK
6
CONTINUOUS
10
6.3000314960629922
20
-2.6671732283464564
11
6.3000314960629922
21
-2.6455196850393699
0
LINE
8
BLACK
6
CONTINUOUS
10
6.3000314960629922
20
-2.6455196850393699
11
6.3590866141732283
21
-2.6455196850393699
0
LINE
8
BLACK
6
CONTINUOUS
10
6.3590866141732283
20
-2.6455196850393699
11
6.3590866141732283
21
-2.6671732283464564
0
LINE
8
BLACK
6
CONTINUOUS
10
5.9102677165354329
20
-2.6356771653543305
11
5.8512125984251968
21
-2.6356771653543305
0
LINE
8
BLACK
6
CONTINUOUS
10
5.8512125984251968
20
-2.6356771653543305
11
5.8512125984251968
21
-2.6140236220472439
0
LINE
8
BLACK
6
CONTINUOUS
10
5.8512125984251968
20
-2.6140236220472439
11
5.9102677165354329
21
-2.6140236220472439
0
LINE
8
BLACK
6
CONTINUOUS
10
5.9102677165354329
20
-2.6140236220472439
11
5.9102677165354329
21
-2.6356771653543305
0
LINE
8
BLACK
6
CONTINUOUS
10
6.3590866141732283
20
-2.6356771653543305
11
6.3000314960629922
21
-2.6356771653543305
0
LINE
8
BLACK
6
CONTINUOUS
10
6.3000314960629922
20
-2.6356771653543305
11
6.3000314960629922
21
-2.6140236220472439
0
LINE
8
BLACK
6
CONTINUOUS
10
6.3000314960629922
20
-2.6140236220472439
11
6.3590866141732283
21
-2.6140236220472439
0
LINE
8
BLACK
6
CONTINUOUS
10
6.3590866141732283
20
-2.6140236220472439
11
6.3590866141732283
21
-2.6356771653543305
0
LINE
8
BLACK
6
CONTINUOUS
10
5.9102677165354329
20
-2.6041811023622046
11
5.8512125984251968
21
-2.6041811023622046
0
LINE
8
BLACK
6
CONTINUOUS
10
5.8512125984251968
20
-2.6041811023622046
11
5.8512125984251968
21
-2.582527559055118
0
LINE
8
BLACK
6
CONTINUOUS
10
5.8512125984251968
20
-2.582527559055118
11
5.9102677165354329
21
-2.582527559055118
0
LINE
8
BLACK
6
CONTINUOUS
10
5.9102677165354329
20
-2.582527559055118
11
5.9102677165354329
21
-2.6041811023622046
0
LINE
8
BLACK
6
CONTINUOUS
10
6.3590866141732283
20
-2.6041811023622046
11
6.3000314960629922
21
-2.6041811023622046
0
LINE
8
BLACK
6
CONTINUOUS
10
6.3000314960629922
20
-2.6041811023622046
11
6.3000314960629922
21
-2.582527559055118
0
LINE
8
BLACK
6
CONTINUOUS
10
6.3000314960629922
20
-2.582527559055118
11
6.3590866141732283
21
-2.582527559055118
0
LINE
8
BLACK
6
CONTINUOUS
10
6.3590866141732283
20
-2.582527559055118
11
6.3590866141732283
21
-2.6041811023622046
0
LINE
8
BLACK
6
CONTINUOUS
10
5.9102677165354329
20
-2.5726850393700786
11
5.8512125984251968
21
-2.5726850393700786
0
LINE
8
BLACK
6
CONTINUOUS
10
5.8512125984251968
20
-2.5726850393700786
11
5.8512125984251968
21
-2.5510314960629921
0
LINE
8
BLACK
6
CONTINUOUS
10
5.8512125984251968
20
-2.5510314960629921
11
5.9102677165354329
21
-2.5510314960629921
0
LINE
8
BLACK
6
CONTINUOUS
10
5.9102677165354329
20
-2.5510314960629921
11
5.9102677165354329
21
-2.5726850393700786
0
LINE
8
BLACK
6
CONTINUOUS
10
6.3590866141732283
20
-2.5726850393700786
11
6.3000314960629922
21
-2.5726850393700786
0
LINE
8
BLACK
6
CONTINUOUS
10
6.3000314960629922
20
-2.5726850393700786
11
6.3000314960629922
21
-2.5510314960629921
0
LINE
8
BLACK
6
CONTINUOUS
10
6.3000314960629922
20
-2.5510314960629921
11
6.3590866141732283
21
-2.5510314960629921
0
LINE
8
BLACK
6
CONTINUOUS
10
6.3590866141732283
20
-2.5510314960629921
11
6.3590866141732283
21
-2.5726850393700786
0
LINE
8
BLACK
6
CONTINUOUS
10
5.3110605118110232
20
-2.5175914960629919
11
5.3136149999999995
21
-2.5192983858267715
0
LINE
8
BLACK
6
CONTINUOUS
10
5.3136149999999995
20
-2.5192983858267715
11
5.3153218897637791
21
-2.5218528740157478
0
LINE
8
BLACK
6
CONTINUOUS
10
5.3153218897637791
20
-2.5218528740157478
11
5.3159212598425194
21
-2.5248661417322835
0
LINE
8
BLACK
6
CONTINUOUS
10
5.3159212598425194
20
-2.5248661417322835
11
5.3159212598425194
21
-2.5406141732283465
0
LINE
8
BLACK
6
CONTINUOUS
10
5.3159212598425194
20
-2.5406141732283465
11
5.3153218897637791
21
-2.5436274409448818
0
LINE
8
BLACK
6
CONTINUOUS
10
5.3153218897637791
20
-2.5436274409448818
11
5.3136149999999995
21
-2.5461819291338581
0
LINE
8
BLACK
6
CONTINUOUS
10
5.3136149999999995
20
-2.5461819291338581
11
5.3110605118110232
21
-2.5478888188976376
0
LINE
8
BLACK
6
CONTINUOUS
10
5.3110605118110232
20
-2.5478888188976376
11
5.3080472440944879
21
-2.548488188976378
0
LINE
8
BLACK
6
CONTINUOUS
10
5.3080472440944879
20
-2.548488188976378
11
5.2863937007874018
21
-2.548488188976378
0
LINE
8
BLACK
6
CONTINUOUS
10
5.2863937007874018
20
-2.548488188976378
11
5.2833804330708656
21
-2.5478888188976376
0
LINE
8
BLACK
6
CONTINUOUS
10
5.2833804330708656
20
-2.5478888188976376
11
5.2808259448818893
21
-2.5461819291338581
0
LINE
8
BLACK
6
CONTINUOUS
10
5.2808259448818893
20
-2.5461819291338581
11
5.2791190551181097
21
-2.5436274409448818
0
LINE
8
BLACK
6
CONTINUOUS
10
5.2791190551181097
20
-2.5436274409448818
11
5.2785196850393703
21
-2.5406141732283465
0
LINE
8
BLACK
6
CONTINUOUS
10
5.2785196850393703
20
-2.5406141732283465
11
5.2785196850393703
21
-2.5248661417322835
0
LINE
8
BLACK
6
CONTINUOUS
10
5.2785196850393703
20
-2.5248661417322835
11
5.2791190551181097
21
-2.5218528740157478
0
LINE
8
BLACK
6
CONTINUOUS
10
5.2791190551181097
20
-2.5218528740157478
11
5.2808259448818893
21
-2.5192983858267715
0
LINE
8
BLACK
6
CONTINUOUS
10
5.2808259448818893
20
-2.5192983858267715
11
5.2833804330708656
21
-2.5175914960629919
0
LINE
8
BLACK
6
CONTINUOUS
10
5.2833804330708656
20
-2.5175914960629919
11
5.2863937007874018
21
-2.516992125984252
0
LINE
8
BLACK
6
CONTINUOUS
10
5.2863937007874018
20
-2.516992125984252
11
5.3080472440944879
21
-2.516992125984252
0
LINE
8
BLACK
6
CONTINUOUS
10
5.3080472440944879
20
-2.516992125984252
11
5.3110605118110232
21
-2.5175914960629919
0
LINE
8
BLACK
6
CONTINUOUS
10
5.4610605118110236
20
-2.5175914960629919
11
5.4636149999999999
21
-2.5192983858267715
0
LINE
8
BLACK
6
CONTINUOUS
10
5.4636149999999999
20
-2.5192983858267715
11
5.4653218897637794
21
-2.5218528740157478
0
LINE
8
BLACK
6
CONTINUOUS
10
5.4653218897637794
20
-2.5218528740157478
11
5.4659212598425198
21
-2.5248661417322835
0
LINE
8
BLACK
6
CONTINUOUS
10
5.4659212598425198
20
-2.5248661417322835
11
5.4659212598425198
21
-2.5406141732283465
0
LINE
8
BLACK
6
CONTINUOUS
10
5.4659212598425198
20
-2.5406141732283465
11
5.4653218897637794
21
-2.5436274409448818
0
LINE
8
BLACK
6
CONTINUOUS
10
5.4653218897637794
20
-2.5436274409448818
11
5.4636149999999999
21
-2.5461819291338581
0
LINE
8
BLACK
6
CONTINUOUS
10
5.4636149999999999
20
-2.5461819291338581
11
5.4610605118110236
21
-2.5478888188976376
0
LINE
8
BLACK
6
CONTINUOUS
10
5.4610605118110236
20
-2.5478888188976376
11
5.4580472440944883
21
-2.548488188976378
0
LINE
8
BLACK
6
CONTINUOUS
10
5.4580472440944883
20
-2.548488188976378
11
5.4363937007874013
21
-2.548488188976378
0
LINE
8
BLACK
6
CONTINUOUS
10
5.4363937007874013
20
-2.548488188976378
11
5.4333804330708659
21
-2.5478888188976376
0
LINE
8
BLACK
6
CONTINUOUS
10
5.4333804330708659
20
-2.5478888188976376
11
5.4308259448818896
21
-2.5461819291338581
0
LINE
8
BLACK
6
CONTINUOUS
10
5.4308259448818896
20
-2.5461819291338581
11
5.4291190551181101
21
-2.5436274409448818
0
LINE
8
BLACK
6
CONTINUOUS
10
5.4291190551181101
20
-2.5436274409448818
11
5.4285196850393698
21
-2.5406141732283465
0
LINE
8
BLACK
6
CONTINUOUS
10
5.4285196850393698
20
-2.5406141732283465
11
5.4285196850393698
21
-2.5248661417322835
0
LINE
8
BLACK
6
CONTINUOUS
10
5.4285196850393698
20
-2.5248661417322835
11
5.4291190551181101
21
-2.5218528740157478
0
LINE
8
BLACK
6
CONTINUOUS
10
5.4291190551181101
20
-2.5218528740157478
11
5.4308259448818896
21
-2.5192983858267715
0
LINE
8
BLACK
6
CONTINUOUS
10
5.4308259448818896
20
-2.5192983858267715
11
5.4333804330708659
21
-2.5175914960629919
0
LINE
8
BLACK
6
CONTINUOUS
10
5.4333804330708659
20
-2.5175914960629919
11
5.4363937007874013
21
-2.516992125984252
0
LINE
8
BLACK
6
CONTINUOUS
10
5.4363937007874013
20
-2.516992125984252
11
5.4580472440944883
21
-2.516992125984252
0
LINE
8
BLACK
6
CONTINUOUS
10
5.4580472440944883
20
-2.516992125984252
11
5.4610605118110236
21
-2.5175914960629919
0
LINE
8
BLACK
6
CONTINUOUS
10
5.6384529133858265
20
-2.5117294094488187
11
5.6413267322834644
21
-2.5136496456692914
0
LINE
8
BLACK
6
CONTINUOUS
10
5.6413267322834644
20
-2.5136496456692914
11
5.643246968503937
21
-2.5165234645669292
0
LINE
8
BLACK
6
CONTINUOUS
10
5.643246968503937
20
-2.5165234645669292
11
5.6439212598425197
21
-2.5199133858267717
0
LINE
8
BLACK
6
CONTINUOUS
10
5.6439212598425197
20
-2.5199133858267717
11
5.6439212598425197
21
-2.5376299212598425
0
LINE
8
BLACK
6
CONTINUOUS
10
5.6439212598425197
20
-2.5376299212598425
11
5.643246968503937
21
-2.541019842519685
0
LINE
8
BLACK
6
CONTINUOUS
10
5.643246968503937
20
-2.541019842519685
11
5.6413267322834644
21
-2.5438936614173229
0
LINE
8
BLACK
6
CONTINUOUS
10
5.6413267322834644
20
-2.5438936614173229
11
5.6384529133858265
21
-2.5458138976377951
0
LINE
8
BLACK
6
CONTINUOUS
10
5.6384529133858265
20
-2.5458138976377951
11
5.6350629921259845
21
-2.5464881889763777
0
LINE
8
BLACK
6
CONTINUOUS
10
5.6350629921259845
20
-2.5464881889763777
11
5.6153779527559058
21
-2.5464881889763777
0
LINE
8
BLACK
6
CONTINUOUS
10
5.6153779527559058
20
-2.5464881889763777
11
5.6119880314960628
21
-2.5458138976377951
0
LINE
8
BLACK
6
CONTINUOUS
10
5.6119880314960628
20
-2.5458138976377951
11
5.609114212598425
21
-2.5438936614173229
0
LINE
8
BLACK
6
CONTINUOUS
10
5.609114212598425
20
-2.5438936614173229
11
5.6071939763779524
21
-2.541019842519685
0
LINE
8
BLACK
6
CONTINUOUS
10
5.6071939763779524
20
-2.541019842519685
11
5.6065196850393697
21
-2.5376299212598425
0
LINE
8
BLACK
6
CONTINUOUS
10
5.6065196850393697
20
-2.5376299212598425
11
5.6065196850393697
21
-2.5199133858267717
0
LINE
8
BLACK
6
CONTINUOUS
10
5.6065196850393697
20
-2.5199133858267717
11
5.6071939763779524
21
-2.5165234645669292
0
LINE
8
BLACK
6
CONTINUOUS
10
5.6071939763779524
20
-2.5165234645669292
11
5.609114212598425
21
-2.5136496456692914
0
LINE
8
BLACK
6
CONTINUOUS
10
5.609114212598425
20
-2.5136496456692914
11
5.6119880314960628
21
-2.5117294094488187
0
LINE
8
BLACK
6
CONTINUOUS
10
5.6119880314960628
20
-2.5117294094488187
11
5.6153779527559058
21
-2.5110551181102361
0
LINE
8
BLACK
6
CONTINUOUS
10
5.6153779527559058
20
-2.5110551181102361
11
5.6350629921259845
21
-2.5110551181102361
0
LINE
8
BLACK
6
CONTINUOUS
10
5.6350629921259845
20
-2.5110551181102361
11
5.6384529133858265
21
-2.5117294094488187
0
LINE
8
BLACK
6
CONTINUOUS
10
5.9102677165354329
20
-2.5411889763779527
11
5.8512125984251968
21
-2.5411889763779527
0
LINE
8
BLACK
6
CONTINUOUS
10
5.8512125984251968
20
-2.5411889763779527
11
5.8512125984251968
21
-2.5195354330708661
0
LINE
8
BLACK
6
CONTINUOUS
10
5.8512125984251968
20
-2.5195354330708661
11
5.9102677165354329
21
-2.5195354330708661
0
LINE
8
BLACK
6
CONTINUOUS
10
5.9102677165354329
20
-2.5195354330708661
11
5.9102677165354329
21
-2.5411889763779527
0
LINE
8
BLACK
6
CONTINUOUS
10
6.3590866141732283
20
-2.5411889763779527
11
6.3000314960629922
21
-2.5411889763779527
0
LINE
8
BLACK
6
CONTINUOUS
10
6.3000314960629922
20
-2.5411889763779527
11
6.3000314960629922
21
-2.5195354330708661
0
LINE
8
BLACK
6
CONTINUOUS
10
6.3000314960629922
20
-2.5195354330708661
11
6.3590866141732283
21
-2.5195354330708661
0
LINE
8
BLACK
6
CONTINUOUS
10
6.3590866141732283
20
-2.5195354330708661
11
6.3590866141732283
21
-2.5411889763779527
0
LINE
8
BLACK
6
CONTINUOUS
10
5.9102677165354329
20
-2.5096929133858268
11
5.8512125984251968
21
-2.5096929133858268
0
LINE
8
BLACK
6
CONTINUOUS
10
5.8512125984251968
20
-2.5096929133858268
11
5.8512125984251968
21
-2.4880393700787402
0
LINE
8
BLACK
6
CONTINUOUS
10
5.8512125984251968
20
-2.4880393700787402
11
5.9102677165354329
21
-2.4880393700787402
0
LINE
8
BLACK
6
CONTINUOUS
10
5.9102677165354329
20
-2.4880393700787402
11
5.9102677165354329
21
-2.5096929133858268
0
LINE
8
BLACK
6
CONTINUOUS
10
6.3590866141732283
20
-2.5096929133858268
11
6.3000314960629922
21
-2.5096929133858268
0
LINE
8
BLACK
6
CONTINUOUS
10
6.3000314960629922
20
-2.5096929133858268
11
6.3000314960629922
21
-2.4880393700787402
0
LINE
8
BLACK
6
CONTINUOUS
10
6.3000314960629922
20
-2.4880393700787402
11
6.3590866141732283
21
-2.4880393700787402
0
LINE
8
BLACK
6
CONTINUOUS
10
6.3590866141732283
20
-2.4880393700787402
11
6.3590866141732283
21
-2.5096929133858268
0
LINE
8
BLACK
6
CONTINUOUS
10
5.6384529133858265
20
-2.4507057874015747
11
5.6413267322834644
21
-2.4526260236220474
0
LINE
8
BLACK
6
CONTINUOUS
10
5.6413267322834644
20
-2.4526260236220474
11
5.643246968503937
21
-2.4554998425196848
0
LINE
8
BLACK
6
CONTINUOUS
10
5.643246968503937
20
-2.4554998425196848
11
5.6439212598425197
21
-2.4588897637795273
0
LINE
8
BLACK
6
CONTINUOUS
10
5.6439212598425197
20
-2.4588897637795273
11
5.6439212598425197
21
-2.4766062992125986
0
LINE
8
BLACK
6
CONTINUOUS
10
5.6439212598425197
20
-2.4766062992125986
11
5.643246968503937
21
-2.4799962204724411
0
LINE
8
BLACK
6
CONTINUOUS
10
5.643246968503937
20
-2.4799962204724411
11
5.6413267322834644
21
-2.4828700393700789
0
LINE
8
BLACK
6
CONTINUOUS
10
5.6413267322834644
20
-2.4828700393700789
11
5.6384529133858265
21
-2.4847902755905511
0
LINE
8
BLACK
6
CONTINUOUS
10
5.6384529133858265
20
-2.4847902755905511
11
5.6350629921259845
21
-2.4854645669291338
0
LINE
8
BLACK
6
CONTINUOUS
10
5.6350629921259845
20
-2.4854645669291338
11
5.6153779527559058
21
-2.4854645669291338
0
LINE
8
BLACK
6
CONTINUOUS
10
5.6153779527559058
20
-2.4854645669291338
11
5.6119880314960628
21
-2.4847902755905511
0
LINE
8
BLACK
6
CONTINUOUS
10
5.6119880314960628
20
-2.4847902755905511
11
5.609114212598425
21
-2.4828700393700789
0
LINE
8
BLACK
6
CONTINUOUS
10
5.609114212598425
20
-2.4828700393700789
11
5.6071939763779524
21
-2.4799962204724411
0
LINE
8
BLACK
6
CONTINUOUS
10
5.6071939763779524
20
-2.4799962204724411
11
5.6065196850393697
21
-2.4766062992125986
0
LINE
8
BLACK
6
CONTINUOUS
10
5.6065196850393697
20
-2.4766062992125986
11
5.6065196850393697
21
-2.4588897637795273
0
LINE
8
BLACK
6
CONTINUOUS
10
5.6065196850393697
20
-2.4588897637795273
11
5.6071939763779524
21
-2.4554998425196848
0
LINE
8
BLACK
6
CONTINUOUS
10
5.6071939763779524
20
-2.4554998425196848
11
5.609114212598425
21
-2.4526260236220474
0
LINE
8
BLACK
6
CONTINUOUS
10
5.609114212598425
20
-2.4526260236220474
11
5.6119880314960628
21
-2.4507057874015747
0
LINE
8
BLACK
6
CONTINUOUS
10
5.6119880314960628
20
-2.4507057874015747
11
5.6153779527559058
21
-2.4500314960629921
0
LINE
8
BLACK
6
CONTINUOUS
10
5.6153779527559058
20
-2.4500314960629921
11
5.6350629921259845
21
-2.4500314960629921
0
LINE
8
BLACK
6
CONTINUOUS
10
5.6350629921259845
20
-2.4500314960629921
11
5.6384529133858265
21
-2.4507057874015747
0
LINE
8
BLACK
6
CONTINUOUS
10
5.3110605118110232
20
-2.4526308661417322
11
5.3136149999999995
21
-2.4543377559055117
0
LINE
8
BLACK
6
CONTINUOUS
10
5.3136149999999995
20
-2.4543377559055117
11
5.3153218897637791
21
-2.456892244094488
0
LINE
8
BLACK
6
CONTINUOUS
10
5.3153218897637791
20
-2.456892244094488
11
5.3159212598425194
21
-2.4599055118110233
0
LINE
8
BLACK
6
CONTINUOUS
10
5.3159212598425194
20
-2.4599055118110233
11
5.3159212598425194
21
-2.4756535433070868
0
LINE
8
BLACK
6
CONTINUOUS
10
5.3159212598425194
20
-2.4756535433070868
11
5.3153218897637791
21
-2.4786668110236221
0
LINE
8
BLACK
6
CONTINUOUS
10
5.3153218897637791
20
-2.4786668110236221
11
5.3136149999999995
21
-2.4812212992125984
0
LINE
8
BLACK
6
CONTINUOUS
10
5.3136149999999995
20
-2.4812212992125984
11
5.3110605118110232
21
-2.4829281889763779
0
LINE
8
BLACK
6
CONTINUOUS
10
5.3110605118110232
20
-2.4829281889763779
11
5.3080472440944879
21
-2.4835275590551182
0
LINE
8
BLACK
6
CONTINUOUS
10
5.3080472440944879
20
-2.4835275590551182
11
5.2863937007874018
21
-2.4835275590551182
0
LINE
8
BLACK
6
CONTINUOUS
10
5.2863937007874018
20
-2.4835275590551182
11
5.2833804330708656
21
-2.4829281889763779
0
LINE
8
BLACK
6
CONTINUOUS
10
5.2833804330708656
20
-2.4829281889763779
11
5.2808259448818893
21
-2.4812212992125984
0
LINE
8
BLACK
6
CONTINUOUS
10
5.2808259448818893
20
-2.4812212992125984
11
5.2791190551181097
21
-2.4786668110236221
0
LINE
8
BLACK
6
CONTINUOUS
10
5.2791190551181097
20
-2.4786668110236221
11
5.2785196850393703
21
-2.4756535433070868
0
LINE
8
BLACK
6
CONTINUOUS
10
5.2785196850393703
20
-2.4756535433070868
11
5.2785196850393703
21
-2.4599055118110233
0
LINE
8
BLACK
6
CONTINUOUS
10
5.2785196850393703
20
-2.4599055118110233
11
5.2791190551181097
21
-2.456892244094488
0
LINE
8
BLACK
6
CONTINUOUS
10
5.2791190551181097
20
-2.456892244094488
11
5.2808259448818893
21
-2.4543377559055117
0
LINE
8
BLACK
6
CONTINUOUS
10
5.2808259448818893
20
-2.4543377559055117
11
5.2833804330708656
21
-2.4526308661417322
0
LINE
8
BLACK
6
CONTINUOUS
10
5.2833804330708656
20
-2.4526308661417322
11
5.2863937007874018
21
-2.4520314960629919
0
LINE
8
BLACK
6
CONTINUOUS
10
5.2863937007874018
20
-2.4520314960629919
11
5.3080472440944879
21
-2.4520314960629919
0
LINE
8
BLACK
6
CONTINUOUS
10
5.3080472440944879
20
-2.4520314960629919
11
5.3110605118110232
21
-2.4526308661417322
0
LINE
8
BLACK
6
CONTINUOUS
10
5.4610605118110236
20
-2.4526308661417322
11
5.4636149999999999
21
-2.4543377559055117
0
LINE
8
BLACK
6
CONTINUOUS
10
5.4636149999999999
20
-2.4543377559055117
11
5.4653218897637794
21
-2.456892244094488
0
LINE
8
BLACK
6
CONTINUOUS
10
5.4653218897637794
20
-2.456892244094488
11
5.4659212598425198
21
-2.4599055118110233
0
LINE
8
BLACK
6
CONTINUOUS
10
5.4659212598425198
20
-2.4599055118110233
11
5.4659212598425198
21
-2.4756535433070868
0
LINE
8
BLACK
6
CONTINUOUS
10
5.4659212598425198
20
-2.4756535433070868
11
5.4653218897637794
21
-2.4786668110236221
0
LINE
8
BLACK
6
CONTINUOUS
10
5.4653218897637794
20
-2.4786668110236221
11
5.4636149999999999
21
-2.4812212992125984
0
LINE
8
BLACK
6
CONTINUOUS
10
5.4636149999999999
20
-2.4812212992125984
11
5.4610605118110236
21
-2.4829281889763779
0
LINE
8
BLACK
6
CONTINUOUS
10
5.4610605118110236
20
-2.4829281889763779
11
5.4580472440944883
21
-2.4835275590551182
0
LINE
8
BLACK
6
CONTINUOUS
10
5.4580472440944883
20
-2.4835275590551182
11
5.4363937007874013
21
-2.4835275590551182
0
LINE
8
BLACK
6
CONTINUOUS
10
5.4363937007874013
20
-2.4835275590551182
11
5.4333804330708659
21
-2.4829281889763779
0
LINE
8
BLACK
6
CONTINUOUS
10
5.4333804330708659
20
-2.4829281889763779
11
5.4308259448818896
21
-2.4812212992125984
0
LINE
8
BLACK
6
CONTINUOUS
10
5.4308259448818896
20
-2.4812212992125984
11
5.4291190551181101
21
-2.4786668110236221
0
LINE
8
BLACK
6
CONTINUOUS
10
5.4291190551181101
20
-2.4786668110236221
11
5.4285196850393698
21
-2.4756535433070868
0
LINE
8
BLACK
6
CONTINUOUS
10
5.4285196850393698
20
-2.4756535433070868
11
5.4285196850393698
21
-2.4599055118110233
0
LINE
8
BLACK
6
CONTINUOUS
10
5.4285196850393698
20
-2.4599055118110233
11
5.4291190551181101
21
-2.456892244094488
0
LINE
8
BLACK
6
CONTINUOUS
10
5.4291190551181101
20
-2.456892244094488
11
5.4308259448818896
21
-2.4543377559055117
0
LINE
8
BLACK
6
CONTINUOUS
10
5.4308259448818896
20
-2.4543377559055117
11
5.4333804330708659
21
-2.4526308661417322
0
LINE
8
BLACK
6
CONTINUOUS
10
5.4333804330708659
20
-2.4526308661417322
11
5.4363937007874013
21
-2.4520314960629919
0
LINE
8
BLACK
6
CONTINUOUS
10
5.4363937007874013
20
-2.4520314960629919
11
5.4580472440944883
21
-2.4520314960629919
0
LINE
8
BLACK
6
CONTINUOUS
10
5.4580472440944883
20
-2.4520314960629919
11
5.4610605118110236
21
-2.4526308661417322
0
LINE
8
BLACK
6
CONTINUOUS
10
5.9102677165354329
20
-2.4781968503937009
11
5.8512125984251968
21
-2.4781968503937009
0
LINE
8
BLACK
6
CONTINUOUS
10
5.8512125984251968
20
-2.4781968503937009
11
5.8512125984251968
21
-2.4565433070866143
0
LINE
8
BLACK
6
CONTINUOUS
10
5.8512125984251968
20
-2.4565433070866143
11
5.9102677165354329
21
-2.4565433070866143
0
LINE
8
BLACK
6
CONTINUOUS
10
5.9102677165354329
20
-2.4565433070866143
11
5.9102677165354329
21
-2.4781968503937009
0
LINE
8
BLACK
6
CONTINUOUS
10
6.3590866141732283
20
-2.4781968503937009
11
6.3000314960629922
21
-2.4781968503937009
0
LINE
8
BLACK
6
CONTINUOUS
10
6.3000314960629922
20
-2.4781968503937009
11
6.3000314960629922
21
-2.4565433070866143
0
LINE
8
BLACK
6
CONTINUOUS
10
6.3000314960629922
20
-2.4565433070866143
11
6.3590866141732283
21
-2.4565433070866143
0
LINE
8
BLACK
6
CONTINUOUS
10
6.3590866141732283
20
-2.4565433070866143
11
6.3590866141732283
21
-2.4781968503937009
0
LINE
8
BLACK
6
CONTINUOUS
10
5.9584960629921255
20
-2.4299685039370078
11
5.9368425196850394
21
-2.4299685039370078
0
LINE
8
BLACK
6
CONTINUOUS
10
5.9368425196850394
20
-2.4299685039370078
11
5.9368425196850394
21
-2.3709133858267717
0
LINE
8
BLACK
6
CONTINUOUS
10
5.9368425196850394
20
-2.3709133858267717
11
5.9584960629921255
21
-2.3709133858267717
0
LINE
8
BLACK
6
CONTINUOUS
10
5.9584960629921255
20
-2.3709133858267717
11
5.9584960629921255
21
-2.4299685039370078
0
LINE
8
BLACK
6
CONTINUOUS
10
5.9899921259842515
20
-2.4299685039370078
11
5.9683385826771653
21
-2.4299685039370078
0
LINE
8
BLACK
6
CONTINUOUS
10
5.9683385826771653
20
-2.4299685039370078
11
5.9683385826771653
21
-2.3709133858267717
0
LINE
8
BLACK
6
CONTINUOUS
10
5.9683385826771653
20
-2.3709133858267717
11
5.9899921259842515
21
-2.3709133858267717
0
LINE
8
BLACK
6
CONTINUOUS
10
5.9899921259842515
20
-2.3709133858267717
11
5.9899921259842515
21
-2.4299685039370078
0
LINE
8
BLACK
6
CONTINUOUS
10
6.0214881889763774
20
-2.4299685039370078
11
5.9998346456692913
21
-2.4299685039370078
0
LINE
8
BLACK
6
CONTINUOUS
10
5.9998346456692913
20
-2.4299685039370078
11
5.9998346456692913
21
-2.3709133858267717
0
LINE
8
BLACK
6
CONTINUOUS
10
5.9998346456692913
20
-2.3709133858267717
11
6.0214881889763774
21
-2.3709133858267717
0
LINE
8
BLACK
6
CONTINUOUS
10
6.0214881889763774
20
-2.3709133858267717
11
6.0214881889763774
21
-2.4299685039370078
0
LINE
8
BLACK
6
CONTINUOUS
10
6.0529842519685042
20
-2.4299685039370078
11
6.0313307086614172
21
-2.4299685039370078
0
LINE
8
BLACK
6
CONTINUOUS
10
6.0313307086614172
20
-2.4299685039370078
11
6.0313307086614172
21
-2.3709133858267717
0
LINE
8
BLACK
6
CONTINUOUS
10
6.0313307086614172
20
-2.3709133858267717
11
6.0529842519685042
21
-2.3709133858267717
0
LINE
8
BLACK
6
CONTINUOUS
10
6.0529842519685042
20
-2.3709133858267717
11
6.0529842519685042
21
-2.4299685039370078
0
LINE
8
BLACK
6
CONTINUOUS
10
6.0844803149606301
20
-2.4299685039370078
11
6.0628267716535431
21
-2.4299685039370078
0
LINE
8
BLACK
6
CONTINUOUS
10
6.0628267716535431
20
-2.4299685039370078
11
6.0628267716535431
21
-2.3709133858267717
0
LINE
8
BLACK
6
CONTINUOUS
10
6.0628267716535431
20
-2.3709133858267717
11
6.0844803149606301
21
-2.3709133858267717
0
LINE
8
BLACK
6
CONTINUOUS
10
6.0844803149606301
20
-2.3709133858267717
11
6.0844803149606301
21
-2.4299685039370078
0
LINE
8
BLACK
6
CONTINUOUS
10
6.1159763779527561
20
-2.4299685039370078
11
6.094322834645669
21
-2.4299685039370078
0
LINE
8
BLACK
6
CONTINUOUS
10
6.094322834645669
20
-2.4299685039370078
11
6.094322834645669
21
-2.3709133858267717
0
LINE
8
BLACK
6
CONTINUOUS
10
6.094322834645669
20
-2.3709133858267717
11
6.1159763779527561
21
-2.3709133858267717
0
LINE
8
BLACK
6
CONTINUOUS
10
6.1159763779527561
20
-2.3709133858267717
11
6.1159763779527561
21
-2.4299685039370078
0
LINE
8
BLACK
6
CONTINUOUS
10
6.147472440944882
20
-2.4299685039370078
11
6.125818897637795
21
-2.4299685039370078
0
LINE
8
BLACK
6
CONTINUOUS
10
6.125818897637795
20
-2.4299685039370078
11
6.125818897637795
21
-2.3709133858267717
0
LINE
8
BLACK
6
CONTINUOUS
10
6.125818897637795
20
-2.3709133858267717
11
6.147472440944882
21
-2.3709133858267717
0
LINE
8
BLACK
6
CONTINUOUS
10
6.147472440944882
20
-2.3709133858267717
11
6.147472440944882
21
-2.4299685039370078
0
LINE
8
BLACK
6
CONTINUOUS
10
6.1789685039370079
20
-2.4299685039370078
11
6.1573149606299209
21
-2.4299685039370078
0
LINE
8
BLACK
6
CONTINUOUS
10
6.1573149606299209
20
-2.4299685039370078
11
6.1573149606299209
21
-2.3709133858267717
0
LINE
8
BLACK
6
CONTINUOUS
10
6.1573149606299209
20
-2.3709133858267717
11
6.1789685039370079
21
-2.3709133858267717
0
LINE
8
BLACK
6
CONTINUOUS
10
6.1789685039370079
20
-2.3709133858267717
11
6.1789685039370079
21
-2.4299685039370078
0
LINE
8
BLACK
6
CONTINUOUS
10
6.2104645669291338
20
-2.4299685039370078
11
6.1888110236220468
21
-2.4299685039370078
0
LINE
8
BLACK
6
CONTINUOUS
10
6.1888110236220468
20
-2.4299685039370078
11
6.1888110236220468
21
-2.3709133858267717
0
LINE
8
BLACK
6
CONTINUOUS
10
6.1888110236220468
20
-2.3709133858267717
11
6.2104645669291338
21
-2.3709133858267717
0
LINE
8
BLACK
6
CONTINUOUS
10
6.2104645669291338
20
-2.3709133858267717
11
6.2104645669291338
21
-2.4299685039370078
0
LINE
8
BLACK
6
CONTINUOUS
10
6.2419606299212598
20
-2.4299685039370078
11
6.2203070866141728
21
-2.4299685039370078
0
LINE
8
BLACK
6
CONTINUOUS
10
6.2203070866141728
20
-2.4299685039370078
11
6.2203070866141728
21
-2.3709133858267717
0
LINE
8
BLACK
6
CONTINUOUS
10
6.2203070866141728
20
-2.3709133858267717
11
6.2419606299212598
21
-2.3709133858267717
0
LINE
8
BLACK
6
CONTINUOUS
10
6.2419606299212598
20
-2.3709133858267717
11
6.2419606299212598
21
-2.4299685039370078
0
LINE
8
BLACK
6
CONTINUOUS
10
6.2734566929133857
20
-2.4299685039370078
11
6.2518031496062987
21
-2.4299685039370078
0
LINE
8
BLACK
6
CONTINUOUS
10
6.2518031496062987
20
-2.4299685039370078
11
6.2518031496062987
21
-2.3709133858267717
0
LINE
8
BLACK
6
CONTINUOUS
10
6.2518031496062987
20
-2.3709133858267717
11
6.2734566929133857
21
-2.3709133858267717
0
LINE
8
BLACK
6
CONTINUOUS
10
6.2734566929133857
20
-2.3709133858267717
11
6.2734566929133857
21
-2.4299685039370078
0
LINE
8
BLACK
6
CONTINUOUS
10
6.4129489763779528
20
-2.3738160236220471
11
6.4158227952755906
21
-2.3757362598425198
0
LINE
8
BLACK
6
CONTINUOUS
10
6.4158227952755906
20
-2.3757362598425198
11
6.4177430314960633
21
-2.3786100787401576
0
LINE
8
BLACK
6
CONTINUOUS
10
6.4177430314960633
20
-2.3786100787401576
11
6.4184173228346459
21
-2.3820000000000001
0
LINE
8
BLACK
6
CONTINUOUS
10
6.4184173228346459
20
-2.3820000000000001
11
6.4184173228346459
21
-2.399716535433071
0
LINE
8
BLACK
6
CONTINUOUS
10
6.4184173228346459
20
-2.399716535433071
11
6.4177430314960633
21
-2.4031064566929135
0
LINE
8
BLACK
6
CONTINUOUS
10
6.4177430314960633
20
-2.4031064566929135
11
6.4158227952755906
21
-2.4059802755905513
0
LINE
8
BLACK
6
CONTINUOUS
10
6.4158227952755906
20
-2.4059802755905513
11
6.4129489763779528
21
-2.4079005118110235
0
LINE
8
BLACK
6
CONTINUOUS
10
6.4129489763779528
20
-2.4079005118110235
11
6.4095590551181099
21
-2.4085748031496061
0
LINE
8
BLACK
6
CONTINUOUS
10
6.4095590551181099
20
-2.4085748031496061
11
6.3898740157480312
21
-2.4085748031496061
0
LINE
8
BLACK
6
CONTINUOUS
10
6.3898740157480312
20
-2.4085748031496061
11
6.3864840944881891
21
-2.4079005118110235
0
LINE
8
BLACK
6
CONTINUOUS
10
6.3864840944881891
20
-2.4079005118110235
11
6.3836102755905513
21
-2.4059802755905513
0
LINE
8
BLACK
6
CONTINUOUS
10
6.3836102755905513
20
-2.4059802755905513
11
6.3816900393700786
21
-2.4031064566929135
0
LINE
8
BLACK
6
CONTINUOUS
10
6.3816900393700786
20
-2.4031064566929135
11
6.381015748031496
21
-2.399716535433071
0
LINE
8
BLACK
6
CONTINUOUS
10
6.381015748031496
20
-2.399716535433071
11
6.381015748031496
21
-2.3820000000000001
0
LINE
8
BLACK
6
CONTINUOUS
10
6.381015748031496
20
-2.3820000000000001
11
6.3816900393700786
21
-2.3786100787401576
0
LINE
8
BLACK
6
CONTINUOUS
10
6.3816900393700786
20
-2.3786100787401576
11
6.3836102755905513
21
-2.3757362598425198
0
LINE
8
BLACK
6
CONTINUOUS
10
6.3836102755905513
20
-2.3757362598425198
11
6.3864840944881891
21
-2.3738160236220471
0
LINE
8
BLACK
6
CONTINUOUS
10
6.3864840944881891
20
-2.3738160236220471
11
6.3898740157480312
21
-2.3731417322834645
0
LINE
8
BLACK
6
CONTINUOUS
10
6.3898740157480312
20
-2.3731417322834645
11
6.4095590551181099
21
-2.3731417322834645
0
LINE
8
BLACK
6
CONTINUOUS
10
6.4095590551181099
20
-2.3731417322834645
11
6.4129489763779528
21
-2.3738160236220471
0
LINE
8
BLACK
6
CONTINUOUS
10
6.4729489763779524
20
-2.3738160236220471
11
6.4758227952755902
21
-2.3757362598425198
0
LINE
8
BLACK
6
CONTINUOUS
10
6.4758227952755902
20
-2.3757362598425198
11
6.4777430314960629
21
-2.3786100787401576
0
LINE
8
BLACK
6
CONTINUOUS
10
6.4777430314960629
20
-2.3786100787401576
11
6.4784173228346456
21
-2.3820000000000001
0
LINE
8
BLACK
6
CONTINUOUS
10
6.4784173228346456
20
-2.3820000000000001
11
6.4784173228346456
21
-2.399716535433071
0
LINE
8
BLACK
6
CONTINUOUS
10
6.4784173228346456
20
-2.399716535433071
11
6.4777430314960629
21
-2.4031064566929135
0
LINE
8
BLACK
6
CONTINUOUS
10
6.4777430314960629
20
-2.4031064566929135
11
6.4758227952755902
21
-2.4059802755905513
0
LINE
8
BLACK
6
CONTINUOUS
10
6.4758227952755902
20
-2.4059802755905513
11
6.4729489763779524
21
-2.4079005118110235
0
LINE
8
BLACK
6
CONTINUOUS
10
6.4729489763779524
20
-2.4079005118110235
11
6.4695590551181104
21
-2.4085748031496061
0
LINE
8
BLACK
6
CONTINUOUS
10
6.4695590551181104
20
-2.4085748031496061
11
6.4498740157480317
21
-2.4085748031496061
0
LINE
8
BLACK
6
CONTINUOUS
10
6.4498740157480317
20
-2.4085748031496061
11
6.4464840944881887
21
-2.4079005118110235
0
LINE
8
BLACK
6
CONTINUOUS
10
6.4464840944881887
20
-2.4079005118110235
11
6.4436102755905509
21
-2.4059802755905513
0
LINE
8
BLACK
6
CONTINUOUS
10
6.4436102755905509
20
-2.4059802755905513
11
6.4416900393700782
21
-2.4031064566929135
0
LINE
8
BLACK
6
CONTINUOUS
10
6.4416900393700782
20
-2.4031064566929135
11
6.4410157480314956
21
-2.399716535433071
0
LINE
8
BLACK
6
CONTINUOUS
10
6.4410157480314956
20
-2.399716535433071
11
6.4410157480314956
21
-2.3820000000000001
0
LINE
8
BLACK
6
CONTINUOUS
10
6.4410157480314956
20
-2.3820000000000001
11
6.4416900393700782
21
-2.3786100787401576
0
LINE
8
BLACK
6
CONTINUOUS
10
6.4416900393700782
20
-2.3786100787401576
11
6.4436102755905509
21
-2.3757362598425198
0
LINE
8
BLACK
6
CONTINUOUS
10
6.4436102755905509
20
-2.3757362598425198
11
6.4464840944881887
21
-2.3738160236220471
0
LINE
8
BLACK
6
CONTINUOUS
10
6.4464840944881887
20
-2.3738160236220471
11
6.4498740157480317
21
-2.3731417322834645
0
LINE
8
BLACK
6
CONTINUOUS
10
6.4498740157480317
20
-2.3731417322834645
11
6.4695590551181104
21
-2.3731417322834645
0
LINE
8
BLACK
6
CONTINUOUS
10
6.4695590551181104
20
-2.3731417322834645
11
6.4729489763779524
21
-2.3738160236220471
0
LINE
8
BLACK
6
CONTINUOUS
10
6.5329489763779529
20
-2.3738160236220471
11
6.5358227952755907
21
-2.3757362598425198
0
LINE
8
BLACK
6
CONTINUOUS
10
6.5358227952755907
20
-2.3757362598425198
11
6.5377430314960625
21
-2.3786100787401576
0
LINE
8
BLACK
6
CONTINUOUS
10
6.5377430314960625
20
-2.3786100787401576
11
6.5384173228346452
21
-2.3820000000000001
0
LINE
8
BLACK
6
CONTINUOUS
10
6.5384173228346452
20
-2.3820000000000001
11
6.5384173228346452
21
-2.399716535433071
0
LINE
8
BLACK
6
CONTINUOUS
10
6.5384173228346452
20
-2.399716535433071
11
6.5377430314960625
21
-2.4031064566929135
0
LINE
8
BLACK
6
CONTINUOUS
10
6.5377430314960625
20
-2.4031064566929135
11
6.5358227952755907
21
-2.4059802755905513
0
LINE
8
BLACK
6
CONTINUOUS
10
6.5358227952755907
20
-2.4059802755905513
11
6.5329489763779529
21
-2.4079005118110235
0
LINE
8
BLACK
6
CONTINUOUS
10
6.5329489763779529
20
-2.4079005118110235
11
6.52955905511811
21
-2.4085748031496061
0
LINE
8
BLACK
6
CONTINUOUS
10
6.52955905511811
20
-2.4085748031496061
11
6.5098740157480313
21
-2.4085748031496061
0
LINE
8
BLACK
6
CONTINUOUS
10
6.5098740157480313
20
-2.4085748031496061
11
6.5064840944881892
21
-2.4079005118110235
0
LINE
8
BLACK
6
CONTINUOUS
10
6.5064840944881892
20
-2.4079005118110235
11
6.5036102755905514
21
-2.4059802755905513
0
LINE
8
BLACK
6
CONTINUOUS
10
6.5036102755905514
20
-2.4059802755905513
11
6.5016900393700787
21
-2.4031064566929135
0
LINE
8
BLACK
6
CONTINUOUS
10
6.5016900393700787
20
-2.4031064566929135
11
6.5010157480314961
21
-2.399716535433071
0
LINE
8
BLACK
6
CONTINUOUS
10
6.5010157480314961
20
-2.399716535433071
11
6.5010157480314961
21
-2.3820000000000001
0
LINE
8
BLACK
6
CONTINUOUS
10
6.5010157480314961
20
-2.3820000000000001
11
6.5016900393700787
21
-2.3786100787401576
0
LINE
8
BLACK
6
CONTINUOUS
10
6.5016900393700787
20
-2.3786100787401576
11
6.5036102755905514
21
-2.3757362598425198
0
LINE
8
BLACK
6
CONTINUOUS
10
6.5036102755905514
20
-2.3757362598425198
11
6.5064840944881892
21
-2.3738160236220471
0
LINE
8
BLACK
6
CONTINUOUS
10
6.5064840944881892
20
-2.3738160236220471
11
6.5098740157480313
21
-2.3731417322834645
0
LINE
8
BLACK
6
CONTINUOUS
10
6.5098740157480313
20
-2.3731417322834645
11
6.52955905511811
21
-2.3731417322834645
0
LINE
8
BLACK
6
CONTINUOUS
10
6.52955905511811
20
-2.3731417322834645
11
6.5329489763779529
21
-2.3738160236220471
0
LINE
8
BLACK
6
CONTINUOUS
10
6.5929489763779525
20
-2.3738160236220471
11
6.5958227952755903
21
-2.3757362598425198
0
LINE
8
BLACK
6
CONTINUOUS
10
6.5958227952755903
20
-2.3757362598425198
11
6.597743031496063
21
-2.3786100787401576
0
LINE
8
BLACK
6
CONTINUOUS
10
6.597743031496063
20
-2.3786100787401576
11
6.5984173228346457
21
-2.3820000000000001
0
LINE
8
BLACK
6
CONTINUOUS
10
6.5984173228346457
20
-2.3820000000000001
11
6.5984173228346457
21
-2.399716535433071
0
LINE
8
BLACK
6
CONTINUOUS
10
6.5984173228346457
20
-2.399716535433071
11
6.597743031496063
21
-2.4031064566929135
0
LINE
8
BLACK
6
CONTINUOUS
10
6.597743031496063
20
-2.4031064566929135
11
6.5958227952755903
21
-2.4059802755905513
0
LINE
8
BLACK
6
CONTINUOUS
10
6.5958227952755903
20
-2.4059802755905513
11
6.5929489763779525
21
-2.4079005118110235
0
LINE
8
BLACK
6
CONTINUOUS
10
6.5929489763779525
20
-2.4079005118110235
11
6.5895590551181105
21
-2.4085748031496061
0
LINE
8
BLACK
6
CONTINUOUS
10
6.5895590551181105
20
-2.4085748031496061
11
6.5698740157480318
21
-2.4085748031496061
0
LINE
8
BLACK
6
CONTINUOUS
10
6.5698740157480318
20
-2.4085748031496061
11
6.5664840944881888
21
-2.4079005118110235
0
LINE
8
BLACK
6
CONTINUOUS
10
6.5664840944881888
20
-2.4079005118110235
11
6.563610275590551
21
-2.4059802755905513
0
LINE
8
BLACK
6
CONTINUOUS
10
6.563610275590551
20
-2.4059802755905513
11
6.5616900393700783
21
-2.4031064566929135
0
LINE
8
BLACK
6
CONTINUOUS
10
6.5616900393700783
20
-2.4031064566929135
11
6.5610157480314957
21
-2.399716535433071
0
LINE
8
BLACK
6
CONTINUOUS
10
6.5610157480314957
20
-2.399716535433071
11
6.5610157480314957
21
-2.3820000000000001
0
LINE
8
BLACK
6
CONTINUOUS
10
6.5610157480314957
20
-2.3820000000000001
11
6.5616900393700783
21
-2.3786100787401576
0
LINE
8
BLACK
6
CONTINUOUS
10
6.5616900393700783
20
-2.3786100787401576
11
6.563610275590551
21
-2.3757362598425198
0
LINE
8
BLACK
6
CONTINUOUS
10
6.563610275590551
20
-2.3757362598425198
11
6.5664840944881888
21
-2.3738160236220471
0
LINE
8
BLACK
6
CONTINUOUS
10
6.5664840944881888
20
-2.3738160236220471
11
6.5698740157480318
21
-2.3731417322834645
0
LINE
8
BLACK
6
CONTINUOUS
10
6.5698740157480318
20
-2.3731417322834645
11
6.5895590551181105
21
-2.3731417322834645
0
LINE
8
BLACK
6
CONTINUOUS
10
6.5895590551181105
20
-2.3731417322834645
11
6.5929489763779525
21
-2.3738160236220471
0
LINE
8
BLACK
6
CONTINUOUS
10
6.4129489763779528
20
-2.3127924015748031
11
6.4158227952755906
21
-2.3147126377952754
0
LINE
8
BLACK
6
CONTINUOUS
10
6.4158227952755906
20
-2.3147126377952754
11
6.4177430314960633
21
-2.3175864566929132
0
LINE
8
BLACK
6
CONTINUOUS
10
6.4177430314960633
20
-2.3175864566929132
11
6.4184173228346459
21
-2.3209763779527557
0
LINE
8
BLACK
6
CONTINUOUS
10
6.4184173228346459
20
-2.3209763779527557
11
6.4184173228346459
21
-2.3386929133858265
0
LINE
8
BLACK
6
CONTINUOUS
10
6.4184173228346459
20
-2.3386929133858265
11
6.4177430314960633
21
-2.342082834645669
0
LINE
8
BLACK
6
CONTINUOUS
10
6.4177430314960633
20
-2.342082834645669
11
6.4158227952755906
21
-2.3449566535433068
0
LINE
8
BLACK
6
CONTINUOUS
10
6.4158227952755906
20
-2.3449566535433068
11
6.4129489763779528
21
-2.3468768897637795
0
LINE
8
BLACK
6
CONTINUOUS
10
6.4129489763779528
20
-2.3468768897637795
11
6.4095590551181099
21
-2.3475511811023622
0
LINE
8
BLACK
6
CONTINUOUS
10
6.4095590551181099
20
-2.3475511811023622
11
6.3898740157480312
21
-2.3475511811023622
0
LINE
8
BLACK
6
CONTINUOUS
10
6.3898740157480312
20
-2.3475511811023622
11
6.3864840944881891
21
-2.3468768897637795
0
LINE
8
BLACK
6
CONTINUOUS
10
6.3864840944881891
20
-2.3468768897637795
11
6.3836102755905513
21
-2.3449566535433068
0
LINE
8
BLACK
6
CONTINUOUS
10
6.3836102755905513
20
-2.3449566535433068
11
6.3816900393700786
21
-2.342082834645669
0
LINE
8
BLACK
6
CONTINUOUS
10
6.3816900393700786
20
-2.342082834645669
11
6.381015748031496
21
-2.3386929133858265
0
LINE
8
BLACK
6
CONTINUOUS
10
6.381015748031496
20
-2.3386929133858265
11
6.381015748031496
21
-2.3209763779527557
0
LINE
8
BLACK
6
CONTINUOUS
10
6.381015748031496
20
-2.3209763779527557
11
6.3816900393700786
21
-2.3175864566929132
0
LINE
8
BLACK
6
CONTINUOUS
10
6.3816900393700786
20
-2.3175864566929132
11
6.3836102755905513
21
-2.3147126377952754
0
LINE
8
BLACK
6
CONTINUOUS
10
6.3836102755905513
20
-2.3147126377952754
11
6.3864840944881891
21
-2.3127924015748031
0
LINE
8
BLACK
6
CONTINUOUS
10
6.3864840944881891
20
-2.3127924015748031
11
6.3898740157480312
21
-2.3121181102362205
0
LINE
8
BLACK
6
CONTINUOUS
10
6.3898740157480312
20
-2.3121181102362205
11
6.4095590551181099
21
-2.3121181102362205
0
LINE
8
BLACK
6
CONTINUOUS
10
6.4095590551181099
20
-2.3121181102362205
11
6.4129489763779528
21
-2.3127924015748031
0
LINE
8
BLACK
6
CONTINUOUS
10
6.4729489763779524
20
-2.3127924015748031
11
6.4758227952755902
21
-2.3147126377952754
0
LINE
8
BLACK
6
CONTINUOUS
10
6.4758227952755902
20
-2.3147126377952754
11
6.4777430314960629
21
-2.3175864566929132
0
LINE
8
BLACK
6
CONTINUOUS
10
6.4777430314960629
20
-2.3175864566929132
11
6.4784173228346456
21
-2.3209763779527557
0
LINE
8
BLACK
6
CONTINUOUS
10
6.4784173228346456
20
-2.3209763779527557
11
6.4784173228346456
21
-2.3386929133858265
0
LINE
8
BLACK
6
CONTINUOUS
10
6.4784173228346456
20
-2.3386929133858265
11
6.4777430314960629
21
-2.342082834645669
0
LINE
8
BLACK
6
CONTINUOUS
10
6.4777430314960629
20
-2.342082834645669
11
6.4758227952755902
21
-2.3449566535433068
0
LINE
8
BLACK
6
CONTINUOUS
10
6.4758227952755902
20
-2.3449566535433068
11
6.4729489763779524
21
-2.3468768897637795
0
LINE
8
BLACK
6
CONTINUOUS
10
6.4729489763779524
20
-2.3468768897637795
11
6.4695590551181104
21
-2.3475511811023622
0
LINE
8
BLACK
6
CONTINUOUS
10
6.4695590551181104
20
-2.3475511811023622
11
6.4498740157480317
21
-2.3475511811023622
0
LINE
8
BLACK
6
CONTINUOUS
10
6.4498740157480317
20
-2.3475511811023622
11
6.4464840944881887
21
-2.3468768897637795
0
LINE
8
BLACK
6
CONTINUOUS
10
6.4464840944881887
20
-2.3468768897637795
11
6.4436102755905509
21
-2.3449566535433068
0
LINE
8
BLACK
6
CONTINUOUS
10
6.4436102755905509
20
-2.3449566535433068
11
6.4416900393700782
21
-2.342082834645669
0
LINE
8
BLACK
6
CONTINUOUS
10
6.4416900393700782
20
-2.342082834645669
11
6.4410157480314956
21
-2.3386929133858265
0
LINE
8
BLACK
6
CONTINUOUS
10
6.4410157480314956
20
-2.3386929133858265
11
6.4410157480314956
21
-2.3209763779527557
0
LINE
8
BLACK
6
CONTINUOUS
10
6.4410157480314956
20
-2.3209763779527557
11
6.4416900393700782
21
-2.3175864566929132
0
LINE
8
BLACK
6
CONTINUOUS
10
6.4416900393700782
20
-2.3175864566929132
11
6.4436102755905509
21
-2.3147126377952754
0
LINE
8
BLACK
6
CONTINUOUS
10
6.4436102755905509
20
-2.3147126377952754
11
6.4464840944881887
21
-2.3127924015748031
0
LINE
8
BLACK
6
CONTINUOUS
10
6.4464840944881887
20
-2.3127924015748031
11
6.4498740157480317
21
-2.3121181102362205
0
LINE
8
BLACK
6
CONTINUOUS
10
6.4498740157480317
20
-2.3121181102362205
11
6.4695590551181104
21
-2.3121181102362205
0
LINE
8
BLACK
6
CONTINUOUS
10
6.4695590551181104
20
-2.3121181102362205
11
6.4729489763779524
21
-2.3127924015748031
0
LINE
8
BLACK
6
CONTINUOUS
10
6.5329489763779529
20
-2.3127924015748031
11
6.5358227952755907
21
-2.3147126377952754
0
LINE
8
BLACK
6
CONTINUOUS
10
6.5358227952755907
20
-2.3147126377952754
11
6.5377430314960625
21
-2.3175864566929132
0
LINE
8
BLACK
6
CONTINUOUS
10
6.5377430314960625
20
-2.3175864566929132
11
6.5384173228346452
21
-2.3209763779527557
0
LINE
8
BLACK
6
CONTINUOUS
10
6.5384173228346452
20
-2.3209763779527557
11
6.5384173228346452
21
-2.3386929133858265
0
LINE
8
BLACK
6
CONTINUOUS
10
6.5384173228346452
20
-2.3386929133858265
11
6.5377430314960625
21
-2.342082834645669
0
LINE
8
BLACK
6
CONTINUOUS
10
6.5377430314960625
20
-2.342082834645669
11
6.5358227952755907
21
-2.3449566535433068
0
LINE
8
BLACK
6
CONTINUOUS
10
6.5358227952755907
20
-2.3449566535433068
11
6.5329489763779529
21
-2.3468768897637795
0
LINE
8
BLACK
6
CONTINUOUS
10
6.5329489763779529
20
-2.3468768897637795
11
6.52955905511811
21
-2.3475511811023622
0
LINE
8
BLACK
6
CONTINUOUS
10
6.52955905511811
20
-2.3475511811023622
11
6.5098740157480313
21
-2.3475511811023622
0
LINE
8
BLACK
6
CONTINUOUS
10
6.5098740157480313
20
-2.3475511811023622
11
6.5064840944881892
21
-2.3468768897637795
0
LINE
8
BLACK
6
CONTINUOUS
10
6.5064840944881892
20
-2.3468768897637795
11
6.5036102755905514
21
-2.3449566535433068
0
LINE
8
BLACK
6
CONTINUOUS
10
6.5036102755905514
20
-2.3449566535433068
11
6.5016900393700787
21
-2.342082834645669
0
LINE
8
BLACK
6
CONTINUOUS
10
6.5016900393700787
20
-2.342082834645669
11
6.5010157480314961
21
-2.3386929133858265
0
LINE
8
BLACK
6
CONTINUOUS
10
6.5010157480314961
20
-2.3386929133858265
11
6.5010157480314961
21
-2.3209763779527557
0
LINE
8
BLACK
6
CONTINUOUS
10
6.5010157480314961
20
-2.3209763779527557
11
6.5016900393700787
21
-2.3175864566929132
0
LINE
8
BLACK
6
CONTINUOUS
10
6.5016900393700787
20
-2.3175864566929132
11
6.5036102755905514
21
-2.3147126377952754
0
LINE
8
BLACK
6
CONTINUOUS
10
6.5036102755905514
20
-2.3147126377952754
11
6.5064840944881892
21
-2.3127924015748031
0
LINE
8
BLACK
6
CONTINUOUS
10
6.5064840944881892
20
-2.3127924015748031
11
6.5098740157480313
21
-2.3121181102362205
0
LINE
8
BLACK
6
CONTINUOUS
10
6.5098740157480313
20
-2.3121181102362205
11
6.52955905511811
21
-2.3121181102362205
0
LINE
8
BLACK
6
CONTINUOUS
10
6.52955905511811
20
-2.3121181102362205
11
6.5329489763779529
21
-2.3127924015748031
0
LINE
8
BLACK
6
CONTINUOUS
10
6.5929489763779525
20
-2.3127924015748031
11
6.5958227952755903
21
-2.3147126377952754
0
LINE
8
BLACK
6
CONTINUOUS
10
6.5958227952755903
20
-2.3147126377952754
11
6.597743031496063
21
-2.3175864566929132
0
LINE
8
BLACK
6
CONTINUOUS
10
6.597743031496063
20
-2.3175864566929132
11
6.5984173228346457
21
-2.3209763779527557
0
LINE
8
BLACK
6
CONTINUOUS
10
6.5984173228346457
20
-2.3209763779527557
11
6.5984173228346457
21
-2.3386929133858265
0
LINE
8
BLACK
6
CONTINUOUS
10
6.5984173228346457
20
-2.3386929133858265
11
6.597743031496063
21
-2.342082834645669
0
LINE
8
BLACK
6
CONTINUOUS
10
6.597743031496063
20
-2.342082834645669
11
6.5958227952755903
21
-2.3449566535433068
0
LINE
8
BLACK
6
CONTINUOUS
10
6.5958227952755903
20
-2.3449566535433068
11
6.5929489763779525
21
-2.3468768897637795
0
LINE
8
BLACK
6
CONTINUOUS
10
6.5929489763779525
20
-2.3468768897637795
11
6.5895590551181105
21
-2.3475511811023622
0
LINE
8
BLACK
6
CONTINUOUS
10
6.5895590551181105
20
-2.3475511811023622
11
6.5698740157480318
21
-2.3475511811023622
0
LINE
8
BLACK
6
CONTINUOUS
10
6.5698740157480318
20
-2.3475511811023622
11
6.5664840944881888
21
-2.3468768897637795
0
LINE
8
BLACK
6
CONTINUOUS
10
6.5664840944881888
20
-2.3468768897637795
11
6.563610275590551
21
-2.3449566535433068
0
LINE
8
BLACK
6
CONTINUOUS
10
6.563610275590551
20
-2.3449566535433068
11
6.5616900393700783
21
-2.342082834645669
0
LINE
8
BLACK
6
CONTINUOUS
10
6.5616900393700783
20
-2.342082834645669
11
6.5610157480314957
21
-2.3386929133858265
0
LINE
8
BLACK
6
CONTINUOUS
10
6.5610157480314957
20
-2.3386929133858265
11
6.5610157480314957
21
-2.3209763779527557
0
LINE
8
BLACK
6
CONTINUOUS
10
6.5610157480314957
20
-2.3209763779527557
11
6.5616900393700783
21
-2.3175864566929132
0
LINE
8
BLACK
6
CONTINUOUS
10
6.5616900393700783
20
-2.3175864566929132
11
6.563610275590551
21
-2.3147126377952754
0
LINE
8
BLACK
6
CONTINUOUS
10
6.563610275590551
20
-2.3147126377952754
11
6.5664840944881888
21
-2.3127924015748031
0
LINE
8
BLACK
6
CONTINUOUS
10
6.5664840944881888
20
-2.3127924015748031
11
6.5698740157480318
21
-2.3121181102362205
0
LINE
8
BLACK
6
CONTINUOUS
10
6.5698740157480318
20
-2.3121181102362205
11
6.5895590551181105
21
-2.3121181102362205
0
LINE
8
BLACK
6
CONTINUOUS
10
6.5895590551181105
20
-2.3121181102362205
11
6.5929489763779525
21
-2.3127924015748031
0
LINE
8
BLACK
6
CONTINUOUS
10
7.3627874015748027
20
-2.0233622047244095
11
7.3352283464566925
21
-2.0233622047244095
0
LINE
8
BLACK
6
CONTINUOUS
10
7.3352283464566925
20
-2.0233622047244095
11
7.3352283464566925
21
-2.0115511811023623
0
LINE
8
BLACK
6
CONTINUOUS
10
7.3352283464566925
20
-2.0115511811023623
11
7.3627874015748027
21
-2.0115511811023623
0
LINE
8
BLACK
6
CONTINUOUS
10
7.3627874015748027
20
-2.0115511811023623
11
7.3627874015748027
21
-2.0233622047244095
0
LINE
8
BLACK
6
CONTINUOUS
10
7.0478872834645667
20
-1.9807411023622046
11
7.050441771653543
21
-1.9824479921259841
0
LINE
8
BLACK
6
CONTINUOUS
10
7.050441771653543
20
-1.9824479921259841
11
7.0521486614173226
21
-1.9850024803149606
0
LINE
8
BLACK
6
CONTINUOUS
10
7.0521486614173226
20
-1.9850024803149606
11
7.0527480314960629
21
-1.9880157480314959
0
LINE
8
BLACK
6
CONTINUOUS
10
7.0527480314960629
20
-1.9880157480314959
11
7.0527480314960629
21
-2.0096692913385827
0
LINE
8
BLACK
6
CONTINUOUS
10
7.0527480314960629
20
-2.0096692913385827
11
7.0521486614173226
21
-2.0126825590551181
0
LINE
8
BLACK
6
CONTINUOUS
10
7.0521486614173226
20
-2.0126825590551181
11
7.050441771653543
21
-2.0152370472440944
0
LINE
8
BLACK
6
CONTINUOUS
10
7.050441771653543
20
-2.0152370472440944
11
7.0478872834645667
21
-2.0169439370078739
0
LINE
8
BLACK
6
CONTINUOUS
10
7.0478872834645667
20
-2.0169439370078739
11
7.0448740157480314
21
-2.0175433070866142
0
LINE
8
BLACK
6
CONTINUOUS
10
7.0448740157480314
20
-2.0175433070866142
11
7.0291259842519684
21
-2.0175433070866142
0
LINE
8
BLACK
6
CONTINUOUS
10
7.0291259842519684
20
-2.0175433070866142
11
7.0261127165354331
21
-2.0169439370078739
0
LINE
8
BLACK
6
CONTINUOUS
10
7.0261127165354331
20
-2.0169439370078739
11
7.0235582283464568
21
-2.0152370472440944
0
LINE
8
BLACK
6
CONTINUOUS
10
7.0235582283464568
20
-2.0152370472440944
11
7.0218513385826773
21
-2.0126825590551181
0
LINE
8
BLACK
6
CONTINUOUS
10
7.0218513385826773
20
-2.0126825590551181
11
7.021251968503937
21
-2.0096692913385827
0
LINE
8
BLACK
6
CONTINUOUS
10
7.021251968503937
20
-2.0096692913385827
11
7.021251968503937
21
-1.9880157480314959
0
LINE
8
BLACK
6
CONTINUOUS
10
7.021251968503937
20
-1.9880157480314959
11
7.0218513385826773
21
-1.9850024803149606
0
LINE
8
BLACK
6
CONTINUOUS
10
7.0218513385826773
20
-1.9850024803149606
11
7.0235582283464568
21
-1.9824479921259841
0
LINE
8
BLACK
6
CONTINUOUS
10
7.0235582283464568
20
-1.9824479921259841
11
7.0261127165354331
21
-1.9807411023622046
0
LINE
8
BLACK
6
CONTINUOUS
10
7.0261127165354331
20
-1.9807411023622046
11
7.0291259842519684
21
-1.9801417322834645
0
LINE
8
BLACK
6
CONTINUOUS
10
7.0291259842519684
20
-1.9801417322834645
11
7.0448740157480314
21
-1.9801417322834645
0
LINE
8
BLACK
6
CONTINUOUS
10
7.0448740157480314
20
-1.9801417322834645
11
7.0478872834645667
21
-1.9807411023622046
0
LINE
8
BLACK
6
CONTINUOUS
10
7.1128479133858269
20
-1.9807411023622046
11
7.1154024015748032
21
-1.9824479921259841
0
LINE
8
BLACK
6
CONTINUOUS
10
7.1154024015748032
20
-1.9824479921259841
11
7.1171092913385827
21
-1.9850024803149606
0
LINE
8
BLACK
6
CONTINUOUS
10
7.1171092913385827
20
-1.9850024803149606
11
7.1177086614173231
21
-1.9880157480314959
0
LINE
8
BLACK
6
CONTINUOUS
10
7.1177086614173231
20
-1.9880157480314959
11
7.1177086614173231
21
-2.0096692913385827
0
LINE
8
BLACK
6
CONTINUOUS
10
7.1177086614173231
20
-2.0096692913385827
11
7.1171092913385827
21
-2.0126825590551181
0
LINE
8
BLACK
6
CONTINUOUS
10
7.1171092913385827
20
-2.0126825590551181
11
7.1154024015748032
21
-2.0152370472440944
0
LINE
8
BLACK
6
CONTINUOUS
10
7.1154024015748032
20
-2.0152370472440944
11
7.1128479133858269
21
-2.0169439370078739
0
LINE
8
BLACK
6
CONTINUOUS
10
7.1128479133858269
20
-2.0169439370078739
11
7.1098346456692916
21
-2.0175433070866142
0
LINE
8
BLACK
6
CONTINUOUS
10
7.1098346456692916
20
-2.0175433070866142
11
7.0940866141732286
21
-2.0175433070866142
0
LINE
8
BLACK
6
CONTINUOUS
10
7.0940866141732286
20
-2.0175433070866142
11
7.0910733464566924
21
-2.0169439370078739
0
LINE
8
BLACK
6
CONTINUOUS
10
7.0910733464566924
20
-2.0169439370078739
11
7.0885188582677161
21
-2.0152370472440944
0
LINE
8
BLACK
6
CONTINUOUS
10
7.0885188582677161
20
-2.0152370472440944
11
7.0868119685039366
21
-2.0126825590551181
0
LINE
8
BLACK
6
CONTINUOUS
10
7.0868119685039366
20
-2.0126825590551181
11
7.0862125984251971
21
-2.0096692913385827
0
LINE
8
BLACK
6
CONTINUOUS
10
7.0862125984251971
20
-2.0096692913385827
11
7.0862125984251971
21
-1.9880157480314959
0
LINE
8
BLACK
6
CONTINUOUS
10
7.0862125984251971
20
-1.9880157480314959
11
7.0868119685039366
21
-1.9850024803149606
0
LINE
8
BLACK
6
CONTINUOUS
10
7.0868119685039366
20
-1.9850024803149606
11
7.0885188582677161
21
-1.9824479921259841
0
LINE
8
BLACK
6
CONTINUOUS
10
7.0885188582677161
20
-1.9824479921259841
11
7.0910733464566924
21
-1.9807411023622046
0
LINE
8
BLACK
6
CONTINUOUS
10
7.0910733464566924
20
-1.9807411023622046
11
7.0940866141732286
21
-1.9801417322834645
0
LINE
8
BLACK
6
CONTINUOUS
10
7.0940866141732286
20
-1.9801417322834645
11
7.1098346456692916
21
-1.9801417322834645
0
LINE
8
BLACK
6
CONTINUOUS
10
7.1098346456692916
20
-1.9801417322834645
11
7.1128479133858269
21
-1.9807411023622046
0
LINE
8
BLACK
6
CONTINUOUS
10
7.2958582677165351
20
-2.0135196850393702
11
7.2682992125984249
21
-2.0135196850393702
0
LINE
8
BLACK
6
CONTINUOUS
10
7.2682992125984249
20
-2.0135196850393702
11
7.2682992125984249
21
-2.001708661417323
0
LINE
8
BLACK
6
CONTINUOUS
10
7.2682992125984249
20
-2.001708661417323
11
7.2958582677165351
21
-2.001708661417323
0
LINE
8
BLACK
6
CONTINUOUS
10
7.2958582677165351
20
-2.001708661417323
11
7.2958582677165351
21
-2.0135196850393702
0
LINE
8
BLACK
6
CONTINUOUS
10
7.3627874015748027
20
-2.0036771653543308
11
7.3352283464566925
21
-2.0036771653543308
0
LINE
8
BLACK
6
CONTINUOUS
10
7.3352283464566925
20
-2.0036771653543308
11
7.3352283464566925
21
-1.9918661417322834
0
LINE
8
BLACK
6
CONTINUOUS
10
7.3352283464566925
20
-1.9918661417322834
11
7.3627874015748027
21
-1.9918661417322834
0
LINE
8
BLACK
6
CONTINUOUS
10
7.3627874015748027
20
-1.9918661417322834
11
7.3627874015748027
21
-2.0036771653543308
0
LINE
8
BLACK
6
CONTINUOUS
10
7.2958582677165351
20
-1.9938346456692913
11
7.2682992125984249
21
-1.9938346456692913
0
LINE
8
BLACK
6
CONTINUOUS
10
7.2682992125984249
20
-1.9938346456692913
11
7.2682992125984249
21
-1.982023622047244
0
LINE
8
BLACK
6
CONTINUOUS
10
7.2682992125984249
20
-1.982023622047244
11
7.2958582677165351
21
-1.982023622047244
0
LINE
8
BLACK
6
CONTINUOUS
10
7.2958582677165351
20
-1.982023622047244
11
7.2958582677165351
21
-1.9938346456692913
0
LINE
8
BLACK
6
CONTINUOUS
10
7.3627874015748027
20
-1.9839921259842519
11
7.3352283464566925
21
-1.9839921259842519
0
LINE
8
BLACK
6
CONTINUOUS
10
7.3352283464566925
20
-1.9839921259842519
11
7.3352283464566925
21
-1.9721811023622047
0
LINE
8
BLACK
6
CONTINUOUS
10
7.3352283464566925
20
-1.9721811023622047
11
7.3627874015748027
21
-1.9721811023622047
0
LINE
8
BLACK
6
CONTINUOUS
10
7.3627874015748027
20
-1.9721811023622047
11
7.3627874015748027
21
-1.9839921259842519
0
LINE
8
BLACK
6
CONTINUOUS
10
7.2958582677165351
20
-1.9741496062992125
11
7.2682992125984249
21
-1.9741496062992125
0
LINE
8
BLACK
6
CONTINUOUS
10
7.2682992125984249
20
-1.9741496062992125
11
7.2682992125984249
21
-1.9623385826771653
0
LINE
8
BLACK
6
CONTINUOUS
10
7.2682992125984249
20
-1.9623385826771653
11
7.2958582677165351
21
-1.9623385826771653
0
LINE
8
BLACK
6
CONTINUOUS
10
7.2958582677165351
20
-1.9623385826771653
11
7.2958582677165351
21
-1.9741496062992125
0
LINE
8
BLACK
6
CONTINUOUS
10
7.3627874015748027
20
-1.9643070866141732
11
7.3352283464566925
21
-1.9643070866141732
0
LINE
8
BLACK
6
CONTINUOUS
10
7.3352283464566925
20
-1.9643070866141732
11
7.3352283464566925
21
-1.952496062992126
0
LINE
8
BLACK
6
CONTINUOUS
10
7.3352283464566925
20
-1.952496062992126
11
7.3627874015748027
21
-1.952496062992126
0
LINE
8
BLACK
6
CONTINUOUS
10
7.3627874015748027
20
-1.952496062992126
11
7.3627874015748027
21
-1.9643070866141732
0
LINE
8
BLACK
6
CONTINUOUS
10
7.2958582677165351
20
-1.9544645669291338
11
7.2682992125984249
21
-1.9544645669291338
0
LINE
8
BLACK
6
CONTINUOUS
10
7.2682992125984249
20
-1.9544645669291338
11
7.2682992125984249
21
-1.9426535433070866
0
LINE
8
BLACK
6
CONTINUOUS
10
7.2682992125984249
20
-1.9426535433070866
11
7.2958582677165351
21
-1.9426535433070866
0
LINE
8
BLACK
6
CONTINUOUS
10
7.2958582677165351
20
-1.9426535433070866
11
7.2958582677165351
21
-1.9544645669291338
0
LINE
8
BLACK
6
CONTINUOUS
10
7.3627874015748027
20
-1.9446220472440945
11
7.3352283464566925
21
-1.9446220472440945
0
LINE
8
BLACK
6
CONTINUOUS
10
7.3352283464566925
20
-1.9446220472440945
11
7.3352283464566925
21
-1.9328110236220473
0
LINE
8
BLACK
6
CONTINUOUS
10
7.3352283464566925
20
-1.9328110236220473
11
7.3627874015748027
21
-1.9328110236220473
0
LINE
8
BLACK
6
CONTINUOUS
10
7.3627874015748027
20
-1.9328110236220473
11
7.3627874015748027
21
-1.9446220472440945
0
LINE
8
BLACK
6
CONTINUOUS
10
7.2958582677165351
20
-1.9347795275590551
11
7.2682992125984249
21
-1.9347795275590551
0
LINE
8
BLACK
6
CONTINUOUS
10
7.2682992125984249
20
-1.9347795275590551
11
7.2682992125984249
21
-1.9229685039370079
0
LINE
8
BLACK
6
CONTINUOUS
10
7.2682992125984249
20
-1.9229685039370079
11
7.2958582677165351
21
-1.9229685039370079
0
LINE
8
BLACK
6
CONTINUOUS
10
7.2958582677165351
20
-1.9229685039370079
11
7.2958582677165351
21
-1.9347795275590551
0
LINE
8
BLACK
6
CONTINUOUS
10
7.3627874015748027
20
-1.9249370078740158
11
7.3352283464566925
21
-1.9249370078740158
0
LINE
8
BLACK
6
CONTINUOUS
10
7.3352283464566925
20
-1.9249370078740158
11
7.3352283464566925
21
-1.9131259842519686
0
LINE
8
BLACK
6
CONTINUOUS
10
7.3352283464566925
20
-1.9131259842519686
11
7.3627874015748027
21
-1.9131259842519686
0
LINE
8
BLACK
6
CONTINUOUS
10
7.3627874015748027
20
-1.9131259842519686
11
7.3627874015748027
21
-1.9249370078740158
0
LINE
8
BLACK
6
CONTINUOUS
10
7.2958582677165351
20
-1.9150944881889764
11
7.2682992125984249
21
-1.9150944881889764
0
LINE
8
BLACK
6
CONTINUOUS
10
7.2682992125984249
20
-1.9150944881889764
11
7.2682992125984249
21
-1.903283464566929
0
LINE
8
BLACK
6
CONTINUOUS
10
7.2682992125984249
20
-1.903283464566929
11
7.2958582677165351
21
-1.903283464566929
0
LINE
8
BLACK
6
CONTINUOUS
10
7.2958582677165351
20
-1.903283464566929
11
7.2958582677165351
21
-1.9150944881889764
0
LINE
8
BLACK
6
CONTINUOUS
10
7.3627874015748027
20
-1.9052519685039369
11
7.3352283464566925
21
-1.9052519685039369
0
LINE
8
BLACK
6
CONTINUOUS
10
7.3352283464566925
20
-1.9052519685039369
11
7.3352283464566925
21
-1.8934409448818896
0
LINE
8
BLACK
6
CONTINUOUS
10
7.3352283464566925
20
-1.8934409448818896
11
7.3627874015748027
21
-1.8934409448818896
0
LINE
8
BLACK
6
CONTINUOUS
10
7.3627874015748027
20
-1.8934409448818896
11
7.3627874015748027
21
-1.9052519685039369
0
LINE
8
BLACK
6
CONTINUOUS
10
7.2958582677165351
20
-1.8954094488188975
11
7.2682992125984249
21
-1.8954094488188975
0
LINE
8
BLACK
6
CONTINUOUS
10
7.2682992125984249
20
-1.8954094488188975
11
7.2682992125984249
21
-1.8835984251968503
0
LINE
8
BLACK
6
CONTINUOUS
10
7.2682992125984249
20
-1.8835984251968503
11
7.2958582677165351
21
-1.8835984251968503
0
LINE
8
BLACK
6
CONTINUOUS
10
7.2958582677165351
20
-1.8835984251968503
11
7.2958582677165351
21
-1.8954094488188975
0
LINE
8
BLACK
6
CONTINUOUS
10
7.3627874015748027
20
-1.8855669291338581
11
7.3352283464566925
21
-1.8855669291338581
0
LINE
8
BLACK
6
CONTINUOUS
10
7.3352283464566925
20
-1.8855669291338581
11
7.3352283464566925
21
-1.8737559055118109
0
LINE
8
BLACK
6
CONTINUOUS
10
7.3352283464566925
20
-1.8737559055118109
11
7.3627874015748027
21
-1.8737559055118109
0
LINE
8
BLACK
6
CONTINUOUS
10
7.3627874015748027
20
-1.8737559055118109
11
7.3627874015748027
21
-1.8855669291338581
0
LINE
8
BLACK
6
CONTINUOUS
10
7.2958582677165351
20
-1.8757244094488188
11
7.2682992125984249
21
-1.8757244094488188
0
LINE
8
BLACK
6
CONTINUOUS
10
7.2682992125984249
20
-1.8757244094488188
11
7.2682992125984249
21
-1.8639133858267716
0
LINE
8
BLACK
6
CONTINUOUS
10
7.2682992125984249
20
-1.8639133858267716
11
7.2958582677165351
21
-1.8639133858267716
0
LINE
8
BLACK
6
CONTINUOUS
10
7.2958582677165351
20
-1.8639133858267716
11
7.2958582677165351
21
-1.8757244094488188
0
LINE
8
BLACK
6
CONTINUOUS
10
7.0478872834645667
20
-1.8377411023622048
11
7.050441771653543
21
-1.8394479921259843
0
LINE
8
BLACK
6
CONTINUOUS
10
7.050441771653543
20
-1.8394479921259843
11
7.0521486614173226
21
-1.8420024803149606
0
LINE
8
BLACK
6
CONTINUOUS
10
7.0521486614173226
20
-1.8420024803149606
11
7.0527480314960629
21
-1.8450157480314959
0
LINE
8
BLACK
6
CONTINUOUS
10
7.0527480314960629
20
-1.8450157480314959
11
7.0527480314960629
21
-1.8666692913385827
0
LINE
8
BLACK
6
CONTINUOUS
10
7.0527480314960629
20
-1.8666692913385827
11
7.0521486614173226
21
-1.869682559055118
0
LINE
8
BLACK
6
CONTINUOUS
10
7.0521486614173226
20
-1.869682559055118
11
7.050441771653543
21
-1.8722370472440943
0
LINE
8
BLACK
6
CONTINUOUS
10
7.050441771653543
20
-1.8722370472440943
11
7.0478872834645667
21
-1.8739439370078739
0
LINE
8
BLACK
6
CONTINUOUS
10
7.0478872834645667
20
-1.8739439370078739
11
7.0448740157480314
21
-1.8745433070866142
0
LINE
8
BLACK
6
CONTINUOUS
10
7.0448740157480314
20
-1.8745433070866142
11
7.0291259842519684
21
-1.8745433070866142
0
LINE
8
BLACK
6
CONTINUOUS
10
7.0291259842519684
20
-1.8745433070866142
11
7.0261127165354331
21
-1.8739439370078739
0
LINE
8
BLACK
6
CONTINUOUS
10
7.0261127165354331
20
-1.8739439370078739
11
7.0235582283464568
21
-1.8722370472440943
0
LINE
8
BLACK
6
CONTINUOUS
10
7.0235582283464568
20
-1.8722370472440943
11
7.0218513385826773
21
-1.869682559055118
0
LINE
8
BLACK
6
CONTINUOUS
10
7.0218513385826773
20
-1.869682559055118
11
7.021251968503937
21
-1.8666692913385827
0
LINE
8
BLACK
6
CONTINUOUS
10
7.021251968503937
20
-1.8666692913385827
11
7.021251968503937
21
-1.8450157480314959
0
LINE
8
BLACK
6
CONTINUOUS
10
7.021251968503937
20
-1.8450157480314959
11
7.0218513385826773
21
-1.8420024803149606
0
LINE
8
BLACK
6
CONTINUOUS
10
7.0218513385826773
20
-1.8420024803149606
11
7.0235582283464568
21
-1.8394479921259843
0
LINE
8
BLACK
6
CONTINUOUS
10
7.0235582283464568
20
-1.8394479921259843
11
7.0261127165354331
21
-1.8377411023622048
0
LINE
8
BLACK
6
CONTINUOUS
10
7.0261127165354331
20
-1.8377411023622048
11
7.0291259842519684
21
-1.8371417322834644
0
LINE
8
BLACK
6
CONTINUOUS
10
7.0291259842519684
20
-1.8371417322834644
11
7.0448740157480314
21
-1.8371417322834644
0
LINE
8
BLACK
6
CONTINUOUS
10
7.0448740157480314
20
-1.8371417322834644
11
7.0478872834645667
21
-1.8377411023622048
0
LINE
8
BLACK
6
CONTINUOUS
10
7.1128479133858269
20
-1.8377411023622048
11
7.1154024015748032
21
-1.8394479921259843
0
LINE
8
BLACK
6
CONTINUOUS
10
7.1154024015748032
20
-1.8394479921259843
11
7.1171092913385827
21
-1.8420024803149606
0
LINE
8
BLACK
6
CONTINUOUS
10
7.1171092913385827
20
-1.8420024803149606
11
7.1177086614173231
21
-1.8450157480314959
0
LINE
8
BLACK
6
CONTINUOUS
10
7.1177086614173231
20
-1.8450157480314959
11
7.1177086614173231
21
-1.8666692913385827
0
LINE
8
BLACK
6
CONTINUOUS
10
7.1177086614173231
20
-1.8666692913385827
11
7.1171092913385827
21
-1.869682559055118
0
LINE
8
BLACK
6
CONTINUOUS
10
7.1171092913385827
20
-1.869682559055118
11
7.1154024015748032
21
-1.8722370472440943
0
LINE
8
BLACK
6
CONTINUOUS
10
7.1154024015748032
20
-1.8722370472440943
11
7.1128479133858269
21
-1.8739439370078739
0
LINE
8
BLACK
6
CONTINUOUS
10
7.1128479133858269
20
-1.8739439370078739
11
7.1098346456692916
21
-1.8745433070866142
0
LINE
8
BLACK
6
CONTINUOUS
10
7.1098346456692916
20
-1.8745433070866142
11
7.0940866141732286
21
-1.8745433070866142
0
LINE
8
BLACK
6
CONTINUOUS
10
7.0940866141732286
20
-1.8745433070866142
11
7.0910733464566924
21
-1.8739439370078739
0
LINE
8
BLACK
6
CONTINUOUS
10
7.0910733464566924
20
-1.8739439370078739
11
7.0885188582677161
21
-1.8722370472440943
0
LINE
8
BLACK
6
CONTINUOUS
10
7.0885188582677161
20
-1.8722370472440943
11
7.0868119685039366
21
-1.869682559055118
0
LINE
8
BLACK
6
CONTINUOUS
10
7.0868119685039366
20
-1.869682559055118
11
7.0862125984251971
21
-1.8666692913385827
0
LINE
8
BLACK
6
CONTINUOUS
10
7.0862125984251971
20
-1.8666692913385827
11
7.0862125984251971
21
-1.8450157480314959
0
LINE
8
BLACK
6
CONTINUOUS
10
7.0862125984251971
20
-1.8450157480314959
11
7.0868119685039366
21
-1.8420024803149606
0
LINE
8
BLACK
6
CONTINUOUS
10
7.0868119685039366
20
-1.8420024803149606
11
7.0885188582677161
21
-1.8394479921259843
0
LINE
8
BLACK
6
CONTINUOUS
10
7.0885188582677161
20
-1.8394479921259843
11
7.0910733464566924
21
-1.8377411023622048
0
LINE
8
BLACK
6
CONTINUOUS
10
7.0910733464566924
20
-1.8377411023622048
11
7.0940866141732286
21
-1.8371417322834644
0
LINE
8
BLACK
6
CONTINUOUS
10
7.0940866141732286
20
-1.8371417322834644
11
7.1098346456692916
21
-1.8371417322834644
0
LINE
8
BLACK
6
CONTINUOUS
10
7.1098346456692916
20
-1.8371417322834644
11
7.1128479133858269
21
-1.8377411023622048
0
LINE
8
BLACK
6
CONTINUOUS
10
7.3627874015748027
20
-1.8658818897637794
11
7.3352283464566925
21
-1.8658818897637794
0
LINE
8
BLACK
6
CONTINUOUS
10
7.3352283464566925
20
-1.8658818897637794
11
7.3352283464566925
21
-1.8540708661417322
0
LINE
8
BLACK
6
CONTINUOUS
10
7.3352283464566925
20
-1.8540708661417322
11
7.3627874015748027
21
-1.8540708661417322
0
LINE
8
BLACK
6
CONTINUOUS
10
7.3627874015748027
20
-1.8540708661417322
11
7.3627874015748027
21
-1.8658818897637794
0
LINE
8
BLACK
6
CONTINUOUS
10
7.2958582677165351
20
-1.8560393700787401
11
7.2682992125984249
21
-1.8560393700787401
0
LINE
8
BLACK
6
CONTINUOUS
10
7.2682992125984249
20
-1.8560393700787401
11
7.2682992125984249
21
-1.8442283464566929
0
LINE
8
BLACK
6
CONTINUOUS
10
7.2682992125984249
20
-1.8442283464566929
11
7.2958582677165351
21
-1.8442283464566929
0
LINE
8
BLACK
6
CONTINUOUS
10
7.2958582677165351
20
-1.8442283464566929
11
7.2958582677165351
21
-1.8560393700787401
0
LINE
8
BLACK
6
CONTINUOUS
10
7.3627874015748027
20
-1.8461968503937007
11
7.3352283464566925
21
-1.8461968503937007
0
LINE
8
BLACK
6
CONTINUOUS
10
7.3352283464566925
20
-1.8461968503937007
11
7.3352283464566925
21
-1.8343858267716535
0
LINE
8
BLACK
6
CONTINUOUS
10
7.3352283464566925
20
-1.8343858267716535
11
7.3627874015748027
21
-1.8343858267716535
0
LINE
8
BLACK
6
CONTINUOUS
10
7.3627874015748027
20
-1.8343858267716535
11
7.3627874015748027
21
-1.8461968503937007
0
LINE
8
BLACK
6
CONTINUOUS
10
7.2958582677165351
20
-1.8363543307086614
11
7.2682992125984249
21
-1.8363543307086614
0
LINE
8
BLACK
6
CONTINUOUS
10
7.2682992125984249
20
-1.8363543307086614
11
7.2682992125984249
21
-1.8245433070866142
0
LINE
8
BLACK
6
CONTINUOUS
10
7.2682992125984249
20
-1.8245433070866142
11
7.2958582677165351
21
-1.8245433070866142
0
LINE
8
BLACK
6
CONTINUOUS
10
7.2958582677165351
20
-1.8245433070866142
11
7.2958582677165351
21
-1.8363543307086614
0
LINE
8
BLACK
6
CONTINUOUS
10
7.3627874015748027
20
-1.826511811023622
11
7.3352283464566925
21
-1.826511811023622
0
LINE
8
BLACK
6
CONTINUOUS
10
7.3352283464566925
20
-1.826511811023622
11
7.3352283464566925
21
-1.8147007874015748
0
LINE
8
BLACK
6
CONTINUOUS
10
7.3352283464566925
20
-1.8147007874015748
11
7.3627874015748027
21
-1.8147007874015748
0
LINE
8
BLACK
6
CONTINUOUS
10
7.3627874015748027
20
-1.8147007874015748
11
7.3627874015748027
21
-1.826511811023622
0
LINE
8
BLACK
6
CONTINUOUS
10
7.2958582677165351
20
-1.8166692913385827
11
7.2682992125984249
21
-1.8166692913385827
0
LINE
8
BLACK
6
CONTINUOUS
10
7.2682992125984249
20
-1.8166692913385827
11
7.2682992125984249
21
-1.8048582677165355
0
LINE
8
BLACK
6
CONTINUOUS
10
7.2682992125984249
20
-1.8048582677165355
11
7.2958582677165351
21
-1.8048582677165355
0
LINE
8
BLACK
6
CONTINUOUS
10
7.2958582677165351
20
-1.8048582677165355
11
7.2958582677165351
21
-1.8166692913385827
0
LINE
8
BLACK
6
CONTINUOUS
10
7.3627874015748027
20
-1.8068267716535433
11
7.3352283464566925
21
-1.8068267716535433
0
LINE
8
BLACK
6
CONTINUOUS
10
7.3352283464566925
20
-1.8068267716535433
11
7.3352283464566925
21
-1.7950157480314961
0
LINE
8
BLACK
6
CONTINUOUS
10
7.3352283464566925
20
-1.7950157480314961
11
7.3627874015748027
21
-1.7950157480314961
0
LINE
8
BLACK
6
CONTINUOUS
10
7.3627874015748027
20
-1.7950157480314961
11
7.3627874015748027
21
-1.8068267716535433
0
LINE
8
BLACK
6
CONTINUOUS
10
7.2958582677165351
20
-1.796984251968504
11
7.2682992125984249
21
-1.796984251968504
0
LINE
8
BLACK
6
CONTINUOUS
10
7.2682992125984249
20
-1.796984251968504
11
7.2682992125984249
21
-1.7851732283464568
0
LINE
8
BLACK
6
CONTINUOUS
10
7.2682992125984249
20
-1.7851732283464568
11
7.2958582677165351
21
-1.7851732283464568
0
LINE
8
BLACK
6
CONTINUOUS
10
7.2958582677165351
20
-1.7851732283464568
11
7.2958582677165351
21
-1.796984251968504
0
LINE
8
BLACK
6
CONTINUOUS
10
7.4229055511811026
20
-1.517117716535433
11
7.4272718110236218
21
-1.5192522440944882
0
LINE
8
BLACK
6
CONTINUOUS
10
7.4272718110236218
20
-1.5192522440944882
11
7.4307083858267715
21
-1.5226888188976377
0
LINE
8
BLACK
6
CONTINUOUS
10
7.4307083858267715
20
-1.5226888188976377
11
7.4328429133858265
21
-1.5270550787401576
0
LINE
8
BLACK
6
CONTINUOUS
10
7.4328429133858265
20
-1.5270550787401576
11
7.4334566929133858
21
-1.5312677165354331
0
LINE
8
BLACK
6
CONTINUOUS
10
7.4334566929133858
20
-1.5312677165354331
11
7.4334566929133858
21
-1.5804803149606299
0
LINE
8
BLACK
6
CONTINUOUS
10
7.4334566929133858
20
-1.5804803149606299
11
7.4328429133858265
21
-1.5846929527559055
0
LINE
8
BLACK
6
CONTINUOUS
10
7.4328429133858265
20
-1.5846929527559055
11
7.4307083858267715
21
-1.5890592125984251
0
LINE
8
BLACK
6
CONTINUOUS
10
7.4307083858267715
20
-1.5890592125984251
11
7.4272718110236218
21
-1.5924957874015748
0
LINE
8
BLACK
6
CONTINUOUS
10
7.4272718110236218
20
-1.5924957874015748
11
7.4229055511811026
21
-1.5946303149606298
0
LINE
8
BLACK
6
CONTINUOUS
10
7.4229055511811026
20
-1.5946303149606298
11
7.4186929133858266
21
-1.5952440944881889
0
LINE
8
BLACK
6
CONTINUOUS
10
7.4186929133858266
20
-1.5952440944881889
11
7.3891653543307081
21
-1.5952440944881889
0
LINE
8
BLACK
6
CONTINUOUS
10
7.3891653543307081
20
-1.5952440944881889
11
7.3849527165354329
21
-1.5946303149606298
0
LINE
8
BLACK
6
CONTINUOUS
10
7.3849527165354329
20
-1.5946303149606298
11
7.3805864566929129
21
-1.5924957874015748
0
LINE
8
BLACK
6
CONTINUOUS
10
7.3805864566929129
20
-1.5924957874015748
11
7.3771498818897632
21
-1.5890592125984251
0
LINE
8
BLACK
6
CONTINUOUS
10
7.3771498818897632
20
-1.5890592125984251
11
7.3750153543307082
21
-1.5846929527559055
0
LINE
8
BLACK
6
CONTINUOUS
10
7.3750153543307082
20
-1.5846929527559055
11
7.3744015748031497
21
-1.5804803149606299
0
LINE
8
BLACK
6
CONTINUOUS
10
7.3744015748031497
20
-1.5804803149606299
11
7.3744015748031497
21
-1.5312677165354331
0
LINE
8
BLACK
6
CONTINUOUS
10
7.3744015748031497
20
-1.5312677165354331
11
7.3750153543307082
21
-1.5270550787401576
0
LINE
8
BLACK
6
CONTINUOUS
10
7.3750153543307082
20
-1.5270550787401576
11
7.3771498818897632
21
-1.5226888188976377
0
LINE
8
BLACK
6
CONTINUOUS
10
7.3771498818897632
20
-1.5226888188976377
11
7.3805864566929129
21
-1.5192522440944882
0
LINE
8
BLACK
6
CONTINUOUS
10
7.3805864566929129
20
-1.5192522440944882
11
7.3849527165354329
21
-1.517117716535433
0
LINE
8
BLACK
6
CONTINUOUS
10
7.3849527165354329
20
-1.517117716535433
11
7.3891653543307081
21
-1.5165039370078739
0
LINE
8
BLACK
6
CONTINUOUS
10
7.3891653543307081
20
-1.5165039370078739
11
7.4186929133858266
21
-1.5165039370078739
0
LINE
8
BLACK
6
CONTINUOUS
10
7.4186929133858266
20
-1.5165039370078739
11
7.4229055511811026
21
-1.517117716535433
0
LINE
8
BLACK
6
CONTINUOUS
10
7.5134567322834647
20
-1.517117716535433
11
7.5178229921259838
21
-1.5192522440944882
0
LINE
8
BLACK
6
CONTINUOUS
10
7.5178229921259838
20
-1.5192522440944882
11
7.5212595669291336
21
-1.5226888188976377
0
LINE
8
BLACK
6
CONTINUOUS
10
7.5212595669291336
20
-1.5226888188976377
11
7.5233940944881885
21
-1.5270550787401576
0
LINE
8
BLACK
6
CONTINUOUS
10
7.5233940944881885
20
-1.5270550787401576
11
7.5240078740157479
21
-1.5312677165354331
0
LINE
8
BLACK
6
CONTINUOUS
10
7.5240078740157479
20
-1.5312677165354331
11
7.5240078740157479
21
-1.5804803149606299
0
LINE
8
BLACK
6
CONTINUOUS
10
7.5240078740157479
20
-1.5804803149606299
11
7.5233940944881885
21
-1.5846929527559055
0
LINE
8
BLACK
6
CONTINUOUS
10
7.5233940944881885
20
-1.5846929527559055
11
7.5212595669291336
21
-1.5890592125984251
0
LINE
8
BLACK
6
CONTINUOUS
10
7.5212595669291336
20
-1.5890592125984251
11
7.5178229921259838
21
-1.5924957874015748
0
LINE
8
BLACK
6
CONTINUOUS
10
7.5178229921259838
20
-1.5924957874015748
11
7.5134567322834647
21
-1.5946303149606298
0
LINE
8
BLACK
6
CONTINUOUS
10
7.5134567322834647
20
-1.5946303149606298
11
7.5092440944881886
21
-1.5952440944881889
0
LINE
8
BLACK
6
CONTINUOUS
10
7.5092440944881886
20
-1.5952440944881889
11
7.479716535433071
21
-1.5952440944881889
0
LINE
8
BLACK
6
CONTINUOUS
10
7.479716535433071
20
-1.5952440944881889
11
7.475503897637795
21
-1.5946303149606298
0
LINE
8
BLACK
6
CONTINUOUS
10
7.475503897637795
20
-1.5946303149606298
11
7.4711376377952758
21
-1.5924957874015748
0
LINE
8
BLACK
6
CONTINUOUS
10
7.4711376377952758
20
-1.5924957874015748
11
7.4677010629921261
21
-1.5890592125984251
0
LINE
8
BLACK
6
CONTINUOUS
10
7.4677010629921261
20
-1.5890592125984251
11
7.4655665354330711
21
-1.5846929527559055
0
LINE
8
BLACK
6
CONTINUOUS
10
7.4655665354330711
20
-1.5846929527559055
11
7.4649527559055118
21
-1.5804803149606299
0
LINE
8
BLACK
6
CONTINUOUS
10
7.4649527559055118
20
-1.5804803149606299
11
7.4649527559055118
21
-1.5312677165354331
0
LINE
8
BLACK
6
CONTINUOUS
10
7.4649527559055118
20
-1.5312677165354331
11
7.4655665354330711
21
-1.5270550787401576
0
LINE
8
BLACK
6
CONTINUOUS
10
7.4655665354330711
20
-1.5270550787401576
11
7.4677010629921261
21
-1.5226888188976377
0
LINE
8
BLACK
6
CONTINUOUS
10
7.4677010629921261
20
-1.5226888188976377
11
7.4711376377952758
21
-1.5192522440944882
0
LINE
8
BLACK
6
CONTINUOUS
10
7.4711376377952758
20
-1.5192522440944882
11
7.475503897637795
21
-1.517117716535433
0
LINE
8
BLACK
6
CONTINUOUS
10
7.475503897637795
20
-1.517117716535433
11
7.479716535433071
21
-1.5165039370078739
0
LINE
8
BLACK
6
CONTINUOUS
10
7.479716535433071
20
-1.5165039370078739
11
7.5092440944881886
21
-1.5165039370078739
0
LINE
8
BLACK
6
CONTINUOUS
10
7.5092440944881886
20
-1.5165039370078739
11
7.5134567322834647
21
-1.517117716535433
0
LINE
8
BLACK
6
CONTINUOUS
10
7.6040079133858267
20
-1.517117716535433
11
7.6083741732283459
21
-1.5192522440944882
0
LINE
8
BLACK
6
CONTINUOUS
10
7.6083741732283459
20
-1.5192522440944882
11
7.6118107480314956
21
-1.5226888188976377
0
LINE
8
BLACK
6
CONTINUOUS
10
7.6118107480314956
20
-1.5226888188976377
11
7.6139452755905506
21
-1.5270550787401576
0
LINE
8
BLACK
6
CONTINUOUS
10
7.6139452755905506
20
-1.5270550787401576
11
7.6145590551181099
21
-1.5312677165354331
0
LINE
8
BLACK
6
CONTINUOUS
10
7.6145590551181099
20
-1.5312677165354331
11
7.6145590551181099
21
-1.5804803149606299
0
LINE
8
BLACK
6
CONTINUOUS
10
7.6145590551181099
20
-1.5804803149606299
11
7.6139452755905506
21
-1.5846929527559055
0
LINE
8
BLACK
6
CONTINUOUS
10
7.6139452755905506
20
-1.5846929527559055
11
7.6118107480314956
21
-1.5890592125984251
0
LINE
8
BLACK
6
CONTINUOUS
10
7.6118107480314956
20
-1.5890592125984251
11
7.6083741732283459
21
-1.5924957874015748
0
LINE
8
BLACK
6
CONTINUOUS
10
7.6083741732283459
20
-1.5924957874015748
11
7.6040079133858267
21
-1.5946303149606298
0
LINE
8
BLACK
6
CONTINUOUS
10
7.6040079133858267
20
-1.5946303149606298
11
7.5997952755905507
21
-1.5952440944881889
0
LINE
8
BLACK
6
CONTINUOUS
10
7.5997952755905507
20
-1.5952440944881889
11
7.5702677165354331
21
-1.5952440944881889
0
LINE
8
BLACK
6
CONTINUOUS
10
7.5702677165354331
20
-1.5952440944881889
11
7.566055078740157
21
-1.5946303149606298
0
LINE
8
BLACK
6
CONTINUOUS
10
7.566055078740157
20
-1.5946303149606298
11
7.5616888188976379
21
-1.5924957874015748
0
LINE
8
BLACK
6
CONTINUOUS
10
7.5616888188976379
20
-1.5924957874015748
11
7.5582522440944881
21
-1.5890592125984251
0
LINE
8
BLACK
6
CONTINUOUS
10
7.5582522440944881
20
-1.5890592125984251
11
7.5561177165354332
21
-1.5846929527559055
0
LINE
8
BLACK
6
CONTINUOUS
10
7.5561177165354332
20
-1.5846929527559055
11
7.5555039370078738
21
-1.5804803149606299
0
LINE
8
BLACK
6
CONTINUOUS
10
7.5555039370078738
20
-1.5804803149606299
11
7.5555039370078738
21
-1.5312677165354331
0
LINE
8
BLACK
6
CONTINUOUS
10
7.5555039370078738
20
-1.5312677165354331
11
7.5561177165354332
21
-1.5270550787401576
0
LINE
8
BLACK
6
CONTINUOUS
10
7.5561177165354332
20
-1.5270550787401576
11
7.5582522440944881
21
-1.5226888188976377
0
LINE
8
BLACK
6
CONTINUOUS
10
7.5582522440944881
20
-1.5226888188976377
11
7.5616888188976379
21
-1.5192522440944882
0
LINE
8
BLACK
6
CONTINUOUS
10
7.5616888188976379
20
-1.5192522440944882
11
7.566055078740157
21
-1.517117716535433
0
LINE
8
BLACK
6
CONTINUOUS
10
7.566055078740157
20
-1.517117716535433
11
7.5702677165354331
21
-1.5165039370078739
0
LINE
8
BLACK
6
CONTINUOUS
10
7.5702677165354331
20
-1.5165039370078739
11
7.5997952755905507
21
-1.5165039370078739
0
LINE
8
BLACK
6
CONTINUOUS
10
7.5997952755905507
20
-1.5165039370078739
11
7.6040079133858267
21
-1.517117716535433
0
LINE
8
BLACK
6
CONTINUOUS
10
7.2512166929133857
20
-1.5388160236220472
11
7.2540905118110235
21
-1.5407362598425196
0
LINE
8
BLACK
6
CONTINUOUS
10
7.2540905118110235
20
-1.5407362598425196
11
7.2560107480314961
21
-1.5436100787401574
0
LINE
8
BLACK
6
CONTINUOUS
10
7.2560107480314961
20
-1.5436100787401574
11
7.2566850393700788
21
-1.5469999999999999
0
LINE
8
BLACK
6
CONTINUOUS
10
7.2566850393700788
20
-1.5469999999999999
11
7.2566850393700788
21
-1.5666850393700786
0
LINE
8
BLACK
6
CONTINUOUS
10
7.2566850393700788
20
-1.5666850393700786
11
7.2560107480314961
21
-1.5700749606299211
0
LINE
8
BLACK
6
CONTINUOUS
10
7.2560107480314961
20
-1.5700749606299211
11
7.2540905118110235
21
-1.572948779527559
0
LINE
8
BLACK
6
CONTINUOUS
10
7.2540905118110235
20
-1.572948779527559
11
7.2512166929133857
21
-1.5748690157480314
0
LINE
8
BLACK
6
CONTINUOUS
10
7.2512166929133857
20
-1.5748690157480314
11
7.2478267716535427
21
-1.5755433070866141
0
LINE
8
BLACK
6
CONTINUOUS
10
7.2478267716535427
20
-1.5755433070866141
11
7.2301102362204723
21
-1.5755433070866141
0
LINE
8
BLACK
6
CONTINUOUS
10
7.2301102362204723
20
-1.5755433070866141
11
7.2267203149606294
21
-1.5748690157480314
0
LINE
8
BLACK
6
CONTINUOUS
10
7.2267203149606294
20
-1.5748690157480314
11
7.2238464960629916
21
-1.572948779527559
0
LINE
8
BLACK
6
CONTINUOUS
10
7.2238464960629916
20
-1.572948779527559
11
7.2219262598425198
21
-1.5700749606299211
0
LINE
8
BLACK
6
CONTINUOUS
10
7.2219262598425198
20
-1.5700749606299211
11
7.2212519685039371
21
-1.5666850393700786
0
LINE
8
BLACK
6
CONTINUOUS
10
7.2212519685039371
20
-1.5666850393700786
11
7.2212519685039371
21
-1.5469999999999999
0
LINE
8
BLACK
6
CONTINUOUS
10
7.2212519685039371
20
-1.5469999999999999
11
7.2219262598425198
21
-1.5436100787401574
0
LINE
8
BLACK
6
CONTINUOUS
10
7.2219262598425198
20
-1.5436100787401574
11
7.2238464960629916
21
-1.5407362598425196
0
LINE
8
BLACK
6
CONTINUOUS
10
7.2238464960629916
20
-1.5407362598425196
11
7.2267203149606294
21
-1.5388160236220472
0
LINE
8
BLACK
6
CONTINUOUS
10
7.2267203149606294
20
-1.5388160236220472
11
7.2301102362204723
21
-1.5381417322834645
0
LINE
8
BLACK
6
CONTINUOUS
10
7.2301102362204723
20
-1.5381417322834645
11
7.2478267716535427
21
-1.5381417322834645
0
LINE
8
BLACK
6
CONTINUOUS
10
7.2478267716535427
20
-1.5381417322834645
11
7.2512166929133857
21
-1.5388160236220472
0
LINE
8
BLACK
6
CONTINUOUS
10
7.3122403149606301
20
-1.5388160236220472
11
7.3151141338582679
21
-1.5407362598425196
0
LINE
8
BLACK
6
CONTINUOUS
10
7.3151141338582679
20
-1.5407362598425196
11
7.3170343700787397
21
-1.5436100787401574
0
LINE
8
BLACK
6
CONTINUOUS
10
7.3170343700787397
20
-1.5436100787401574
11
7.3177086614173223
21
-1.5469999999999999
0
LINE
8
BLACK
6
CONTINUOUS
10
7.3177086614173223
20
-1.5469999999999999
11
7.3177086614173223
21
-1.5666850393700786
0
LINE
8
BLACK
6
CONTINUOUS
10
7.3177086614173223
20
-1.5666850393700786
11
7.3170343700787397
21
-1.5700749606299211
0
LINE
8
BLACK
6
CONTINUOUS
10
7.3170343700787397
20
-1.5700749606299211
11
7.3151141338582679
21
-1.572948779527559
0
LINE
8
BLACK
6
CONTINUOUS
10
7.3151141338582679
20
-1.572948779527559
11
7.3122403149606301
21
-1.5748690157480314
0
LINE
8
BLACK
6
CONTINUOUS
10
7.3122403149606301
20
-1.5748690157480314
11
7.3088503937007872
21
-1.5755433070866141
0
LINE
8
BLACK
6
CONTINUOUS
10
7.3088503937007872
20
-1.5755433070866141
11
7.2911338582677168
21
-1.5755433070866141
0
LINE
8
BLACK
6
CONTINUOUS
10
7.2911338582677168
20
-1.5755433070866141
11
7.2877439370078738
21
-1.5748690157480314
0
LINE
8
BLACK
6
CONTINUOUS
10
7.2877439370078738
20
-1.5748690157480314
11
7.284870118110236
21
-1.572948779527559
0
LINE
8
BLACK
6
CONTINUOUS
10
7.284870118110236
20
-1.572948779527559
11
7.2829498818897633
21
-1.5700749606299211
0
LINE
8
BLACK
6
CONTINUOUS
10
7.2829498818897633
20
-1.5700749606299211
11
7.2822755905511807
21
-1.5666850393700786
0
LINE
8
BLACK
6
CONTINUOUS
10
7.2822755905511807
20
-1.5666850393700786
11
7.2822755905511807
21
-1.5469999999999999
0
LINE
8
BLACK
6
CONTINUOUS
10
7.2822755905511807
20
-1.5469999999999999
11
7.2829498818897633
21
-1.5436100787401574
0
LINE
8
BLACK
6
CONTINUOUS
10
7.2829498818897633
20
-1.5436100787401574
11
7.284870118110236
21
-1.5407362598425196
0
LINE
8
BLACK
6
CONTINUOUS
10
7.284870118110236
20
-1.5407362598425196
11
7.2877439370078738
21
-1.5388160236220472
0
LINE
8
BLACK
6
CONTINUOUS
10
7.2877439370078738
20
-1.5388160236220472
11
7.2911338582677168
21
-1.5381417322834645
0
LINE
8
BLACK
6
CONTINUOUS
10
7.2911338582677168
20
-1.5381417322834645
11
7.3088503937007872
21
-1.5381417322834645
0
LINE
8
BLACK
6
CONTINUOUS
10
7.3088503937007872
20
-1.5381417322834645
11
7.3122403149606301
21
-1.5388160236220472
0
LINE
8
BLACK
6
CONTINUOUS
10
5.154989645669291
20
-1.4546623622047243
11
5.1575441338582673
21
-1.4563692519685039
0
LINE
8
BLACK
6
CONTINUOUS
10
5.1575441338582673
20
-1.4563692519685039
11
5.1592510236220468
21
-1.4589237401574804
0
LINE
8
BLACK
6
CONTINUOUS
10
5.1592510236220468
20
-1.4589237401574804
11
5.1598503937007871
21
-1.4619370078740157
0
LINE
8
BLACK
6
CONTINUOUS
10
5.1598503937007871
20
-1.4619370078740157
11
5.1598503937007871
21
-1.4776850393700787
0
LINE
8
BLACK
6
CONTINUOUS
10
5.1598503937007871
20
-1.4776850393700787
11
5.1592510236220468
21
-1.4806983070866142
0
LINE
8
BLACK
6
CONTINUOUS
10
5.1592510236220468
20
-1.4806983070866142
11
5.1575441338582673
21
-1.4832527952755905
0
LINE
8
BLACK
6
CONTINUOUS
10
5.1575441338582673
20
-1.4832527952755905
11
5.154989645669291
21
-1.48495968503937
0
LINE
8
BLACK
6
CONTINUOUS
10
5.154989645669291
20
-1.48495968503937
11
5.1519763779527556
21
-1.4855590551181101
0
LINE
8
BLACK
6
CONTINUOUS
10
5.1519763779527556
20
-1.4855590551181101
11
5.1303228346456695
21
-1.4855590551181101
0
LINE
8
BLACK
6
CONTINUOUS
10
5.1303228346456695
20
-1.4855590551181101
11
5.1273095669291333
21
-1.48495968503937
0
LINE
8
BLACK
6
CONTINUOUS
10
5.1273095669291333
20
-1.48495968503937
11
5.124755078740157
21
-1.4832527952755905
0
LINE
8
BLACK
6
CONTINUOUS
10
5.124755078740157
20
-1.4832527952755905
11
5.1230481889763775
21
-1.4806983070866142
0
LINE
8
BLACK
6
CONTINUOUS
10
5.1230481889763775
20
-1.4806983070866142
11
5.122448818897638
21
-1.4776850393700787
0
LINE
8
BLACK
6
CONTINUOUS
10
5.122448818897638
20
-1.4776850393700787
11
5.122448818897638
21
-1.4619370078740157
0
LINE
8
BLACK
6
CONTINUOUS
10
5.122448818897638
20
-1.4619370078740157
11
5.1230481889763775
21
-1.4589237401574804
0
LINE
8
BLACK
6
CONTINUOUS
10
5.1230481889763775
20
-1.4589237401574804
11
5.124755078740157
21
-1.4563692519685039
0
LINE
8
BLACK
6
CONTINUOUS
10
5.124755078740157
20
-1.4563692519685039
11
5.1273095669291333
21
-1.4546623622047243
0
LINE
8
BLACK
6
CONTINUOUS
10
5.1273095669291333
20
-1.4546623622047243
11
5.1303228346456695
21
-1.4540629921259842
0
LINE
8
BLACK
6
CONTINUOUS
10
5.1303228346456695
20
-1.4540629921259842
11
5.1519763779527556
21
-1.4540629921259842
0
LINE
8
BLACK
6
CONTINUOUS
10
5.1519763779527556
20
-1.4540629921259842
11
5.154989645669291
21
-1.4546623622047243
0
LINE
8
BLACK
6
CONTINUOUS
10
5.154989645669291
20
-1.3897017322834646
11
5.1575441338582673
21
-1.3914086220472441
0
LINE
8
BLACK
6
CONTINUOUS
10
5.1575441338582673
20
-1.3914086220472441
11
5.1592510236220468
21
-1.3939631102362204
0
LINE
8
BLACK
6
CONTINUOUS
10
5.1592510236220468
20
-1.3939631102362204
11
5.1598503937007871
21
-1.396976377952756
0
LINE
8
BLACK
6
CONTINUOUS
10
5.1598503937007871
20
-1.396976377952756
11
5.1598503937007871
21
-1.4127244094488189
0
LINE
8
BLACK
6
CONTINUOUS
10
5.1598503937007871
20
-1.4127244094488189
11
5.1592510236220468
21
-1.4157376771653543
0
LINE
8
BLACK
6
CONTINUOUS
10
5.1592510236220468
20
-1.4157376771653543
11
5.1575441338582673
21
-1.4182921653543308
0
LINE
8
BLACK
6
CONTINUOUS
10
5.1575441338582673
20
-1.4182921653543308
11
5.154989645669291
21
-1.4199990551181103
0
LINE
8
BLACK
6
CONTINUOUS
10
5.154989645669291
20
-1.4199990551181103
11
5.1519763779527556
21
-1.4205984251968504
0
LINE
8
BLACK
6
CONTINUOUS
10
5.1519763779527556
20
-1.4205984251968504
11
5.1303228346456695
21
-1.4205984251968504
0
LINE
8
BLACK
6
CONTINUOUS
10
5.1303228346456695
20
-1.4205984251968504
11
5.1273095669291333
21
-1.4199990551181103
0
LINE
8
BLACK
6
CONTINUOUS
10
5.1273095669291333
20
-1.4199990551181103
11
5.124755078740157
21
-1.4182921653543308
0
LINE
8
BLACK
6
CONTINUOUS
10
5.124755078740157
20
-1.4182921653543308
11
5.1230481889763775
21
-1.4157376771653543
0
LINE
8
BLACK
6
CONTINUOUS
10
5.1230481889763775
20
-1.4157376771653543
11
5.122448818897638
21
-1.4127244094488189
0
LINE
8
BLACK
6
CONTINUOUS
10
5.122448818897638
20
-1.4127244094488189
11
5.122448818897638
21
-1.396976377952756
0
LINE
8
BLACK
6
CONTINUOUS
10
5.122448818897638
20
-1.396976377952756
11
5.1230481889763775
21
-1.3939631102362204
0
LINE
8
BLACK
6
CONTINUOUS
10
5.1230481889763775
20
-1.3939631102362204
11
5.124755078740157
21
-1.3914086220472441
0
LINE
8
BLACK
6
CONTINUOUS
10
5.124755078740157
20
-1.3914086220472441
11
5.1273095669291333
21
-1.3897017322834646
0
LINE
8
BLACK
6
CONTINUOUS
10
5.1273095669291333
20
-1.3897017322834646
11
5.1303228346456695
21
-1.3891023622047243
0
LINE
8
BLACK
6
CONTINUOUS
10
5.1303228346456695
20
-1.3891023622047243
11
5.1519763779527556
21
-1.3891023622047243
0
LINE
8
BLACK
6
CONTINUOUS
10
5.1519763779527556
20
-1.3891023622047243
11
5.154989645669291
21
-1.3897017322834646
0
LINE
8
BLACK
6
CONTINUOUS
10
7.5537827952755903
20
-1.2689223228346456
11
7.5590324409448817
21
-1.2708803543307086
0
LINE
8
BLACK
6
CONTINUOUS
10
7.5590324409448817
20
-1.2708803543307086
11
7.5635178346456691
21
-1.2742380708661416
0
LINE
8
BLACK
6
CONTINUOUS
10
7.5635178346456691
20
-1.2742380708661416
11
7.5668755511811021
21
-1.2787234645669292
0
LINE
8
BLACK
6
CONTINUOUS
10
7.5668755511811021
20
-1.2787234645669292
11
7.5688335826771649
21
-1.2839731102362204
0
LINE
8
BLACK
6
CONTINUOUS
10
7.5688335826771649
20
-1.2839731102362204
11
7.5692834645669294
21
-1.2881574803149607
0
LINE
8
BLACK
6
CONTINUOUS
10
7.5692834645669294
20
-1.2881574803149607
11
7.5692834645669294
21
-1.3275275590551181
0
LINE
8
BLACK
6
CONTINUOUS
10
7.5692834645669294
20
-1.3275275590551181
11
7.5688335826771649
21
-1.3317119291338582
0
LINE
8
BLACK
6
CONTINUOUS
10
7.5688335826771649
20
-1.3317119291338582
11
7.5668755511811021
21
-1.3369615748031496
0
LINE
8
BLACK
6
CONTINUOUS
10
7.5668755511811021
20
-1.3369615748031496
11
7.5635178346456691
21
-1.341446968503937
0
LINE
8
BLACK
6
CONTINUOUS
10
7.5635178346456691
20
-1.341446968503937
11
7.5590324409448817
21
-1.34480468503937
0
LINE
8
BLACK
6
CONTINUOUS
10
7.5590324409448817
20
-1.34480468503937
11
7.5537827952755903
21
-1.346762716535433
0
LINE
8
BLACK
6
CONTINUOUS
10
7.5537827952755903
20
-1.346762716535433
11
7.5495984251968506
21
-1.3472125984251968
0
LINE
8
BLACK
6
CONTINUOUS
10
7.5495984251968506
20
-1.3472125984251968
11
7.439362204724409
21
-1.3472125984251968
0
LINE
8
BLACK
6
CONTINUOUS
10
7.439362204724409
20
-1.3472125984251968
11
7.4351778346456694
21
-1.346762716535433
0
LINE
8
BLACK
6
CONTINUOUS
10
7.4351778346456694
20
-1.346762716535433
11
7.429928188976378
21
-1.34480468503937
0
LINE
8
BLACK
6
CONTINUOUS
10
7.429928188976378
20
-1.34480468503937
11
7.4254427952755906
21
-1.341446968503937
0
LINE
8
BLACK
6
CONTINUOUS
10
7.4254427952755906
20
-1.341446968503937
11
7.4220850787401575
21
-1.3369615748031496
0
LINE
8
BLACK
6
CONTINUOUS
10
7.4220850787401575
20
-1.3369615748031496
11
7.4201270472440939
21
-1.3317119291338582
0
LINE
8
BLACK
6
CONTINUOUS
10
7.4201270472440939
20
-1.3317119291338582
11
7.4196771653543303
21
-1.3275275590551181
0
LINE
8
BLACK
6
CONTINUOUS
10
7.4196771653543303
20
-1.3275275590551181
11
7.4196771653543303
21
-1.2881574803149607
0
LINE
8
BLACK
6
CONTINUOUS
10
7.4196771653543303
20
-1.2881574803149607
11
7.4201270472440939
21
-1.2839731102362204
0
LINE
8
BLACK
6
CONTINUOUS
10
7.4201270472440939
20
-1.2839731102362204
11
7.4220850787401575
21
-1.2787234645669292
0
LINE
8
BLACK
6
CONTINUOUS
10
7.4220850787401575
20
-1.2787234645669292
11
7.4254427952755906
21
-1.2742380708661416
0
LINE
8
BLACK
6
CONTINUOUS
10
7.4254427952755906
20
-1.2742380708661416
11
7.429928188976378
21
-1.2708803543307086
0
LINE
8
BLACK
6
CONTINUOUS
10
7.429928188976378
20
-1.2708803543307086
11
7.4351778346456694
21
-1.2689223228346456
0
LINE
8
BLACK
6
CONTINUOUS
10
7.4351778346456694
20
-1.2689223228346456
11
7.439362204724409
21
-1.2684724409448818
0
LINE
8
BLACK
6
CONTINUOUS
10
7.439362204724409
20
-1.2684724409448818
11
7.5495984251968506
21
-1.2684724409448818
0
LINE
8
BLACK
6
CONTINUOUS
10
7.5495984251968506
20
-1.2684724409448818
11
7.5537827952755903
21
-1.2689223228346456
0
LINE
8
BLACK
6
CONTINUOUS
10
7.0628387401574804
20
-1.2888160236220472
11
7.0657125590551182
21
-1.2907362598425196
0
LINE
8
BLACK
6
CONTINUOUS
10
7.0657125590551182
20
-1.2907362598425196
11
7.06763279527559
21
-1.2936100787401574
0
LINE
8
BLACK
6
CONTINUOUS
10
7.06763279527559
20
-1.2936100787401574
11
7.0683070866141735
21
-1.2969999999999999
0
LINE
8
BLACK
6
CONTINUOUS
10
7.0683070866141735
20
-1.2969999999999999
11
7.0683070866141735
21
-1.3166850393700786
0
LINE
8
BLACK
6
CONTINUOUS
10
7.0683070866141735
20
-1.3166850393700786
11
7.06763279527559
21
-1.3200749606299211
0
LINE
8
BLACK
6
CONTINUOUS
10
7.06763279527559
20
-1.3200749606299211
11
7.0657125590551182
21
-1.322948779527559
0
LINE
8
BLACK
6
CONTINUOUS
10
7.0657125590551182
20
-1.322948779527559
11
7.0628387401574804
21
-1.3248690157480314
0
LINE
8
BLACK
6
CONTINUOUS
10
7.0628387401574804
20
-1.3248690157480314
11
7.0594488188976374
21
-1.3255433070866141
0
LINE
8
BLACK
6
CONTINUOUS
10
7.0594488188976374
20
-1.3255433070866141
11
7.041732283464567
21
-1.3255433070866141
0
LINE
8
BLACK
6
CONTINUOUS
10
7.041732283464567
20
-1.3255433070866141
11
7.0383423622047241
21
-1.3248690157480314
0
LINE
8
BLACK
6
CONTINUOUS
10
7.0383423622047241
20
-1.3248690157480314
11
7.0354685433070863
21
-1.322948779527559
0
LINE
8
BLACK
6
CONTINUOUS
10
7.0354685433070863
20
-1.322948779527559
11
7.0335483070866136
21
-1.3200749606299211
0
LINE
8
BLACK
6
CONTINUOUS
10
7.0335483070866136
20
-1.3200749606299211
11
7.0328740157480309
21
-1.3166850393700786
0
LINE
8
BLACK
6
CONTINUOUS
10
7.0328740157480309
20
-1.3166850393700786
11
7.0328740157480309
21
-1.2969999999999999
0
LINE
8
BLACK
6
CONTINUOUS
10
7.0328740157480309
20
-1.2969999999999999
11
7.0335483070866136
21
-1.2936100787401574
0
LINE
8
BLACK
6
CONTINUOUS
10
7.0335483070866136
20
-1.2936100787401574
11
7.0354685433070863
21
-1.2907362598425196
0
LINE
8
BLACK
6
CONTINUOUS
10
7.0354685433070863
20
-1.2907362598425196
11
7.0383423622047241
21
-1.2888160236220472
0
LINE
8
BLACK
6
CONTINUOUS
10
7.0383423622047241
20
-1.2888160236220472
11
7.041732283464567
21
-1.2881417322834645
0
LINE
8
BLACK
6
CONTINUOUS
10
7.041732283464567
20
-1.2881417322834645
11
7.0594488188976374
21
-1.2881417322834645
0
LINE
8
BLACK
6
CONTINUOUS
10
7.0594488188976374
20
-1.2881417322834645
11
7.0628387401574804
21
-1.2888160236220472
0
LINE
8
BLACK
6
CONTINUOUS
10
7.1238623622047239
20
-1.2888160236220472
11
7.1267361811023617
21
-1.2907362598425196
0
LINE
8
BLACK
6
CONTINUOUS
10
7.1267361811023617
20
-1.2907362598425196
11
7.1286564173228344
21
-1.2936100787401574
0
LINE
8
BLACK
6
CONTINUOUS
10
7.1286564173228344
20
-1.2936100787401574
11
7.129330708661417
21
-1.2969999999999999
0
LINE
8
BLACK
6
CONTINUOUS
10
7.129330708661417
20
-1.2969999999999999
11
7.129330708661417
21
-1.3166850393700786
0
LINE
8
BLACK
6
CONTINUOUS
10
7.129330708661417
20
-1.3166850393700786
11
7.1286564173228344
21
-1.3200749606299211
0
LINE
8
BLACK
6
CONTINUOUS
10
7.1286564173228344
20
-1.3200749606299211
11
7.1267361811023617
21
-1.322948779527559
0
LINE
8
BLACK
6
CONTINUOUS
10
7.1267361811023617
20
-1.322948779527559
11
7.1238623622047239
21
-1.3248690157480314
0
LINE
8
BLACK
6
CONTINUOUS
10
7.1238623622047239
20
-1.3248690157480314
11
7.1204724409448819
21
-1.3255433070866141
0
LINE
8
BLACK
6
CONTINUOUS
10
7.1204724409448819
20
-1.3255433070866141
11
7.1027559055118106
21
-1.3255433070866141
0
LINE
8
BLACK
6
CONTINUOUS
10
7.1027559055118106
20
-1.3255433070866141
11
7.0993659842519685
21
-1.3248690157480314
0
LINE
8
BLACK
6
CONTINUOUS
10
7.0993659842519685
20
-1.3248690157480314
11
7.0964921653543307
21
-1.322948779527559
0
LINE
8
BLACK
6
CONTINUOUS
10
7.0964921653543307
20
-1.322948779527559
11
7.094571929133858
21
-1.3200749606299211
0
LINE
8
BLACK
6
CONTINUOUS
10
7.094571929133858
20
-1.3200749606299211
11
7.0938976377952754
21
-1.3166850393700786
0
LINE
8
BLACK
6
CONTINUOUS
10
7.0938976377952754
20
-1.3166850393700786
11
7.0938976377952754
21
-1.2969999999999999
0
LINE
8
BLACK
6
CONTINUOUS
10
7.0938976377952754
20
-1.2969999999999999
11
7.094571929133858
21
-1.2936100787401574
0
LINE
8
BLACK
6
CONTINUOUS
10
7.094571929133858
20
-1.2936100787401574
11
7.0964921653543307
21
-1.2907362598425196
0
LINE
8
BLACK
6
CONTINUOUS
10
7.0964921653543307
20
-1.2907362598425196
11
7.0993659842519685
21
-1.2888160236220472
0
LINE
8
BLACK
6
CONTINUOUS
10
7.0993659842519685
20
-1.2888160236220472
11
7.1027559055118106
21
-1.2881417322834645
0
LINE
8
BLACK
6
CONTINUOUS
10
7.1027559055118106
20
-1.2881417322834645
11
7.1204724409448819
21
-1.2881417322834645
0
LINE
8
BLACK
6
CONTINUOUS
10
7.1204724409448819
20
-1.2881417322834645
11
7.1238623622047239
21
-1.2888160236220472
0
LINE
8
BLACK
6
CONTINUOUS
10
6.9406970078740153
20
-1.2068002755905511
11
6.9435708267716532
21
-1.2087205118110236
0
LINE
8
BLACK
6
CONTINUOUS
10
6.9435708267716532
20
-1.2087205118110236
11
6.9454910629921258
21
-1.2115943307086614
0
LINE
8
BLACK
6
CONTINUOUS
10
6.9454910629921258
20
-1.2115943307086614
11
6.9461653543307085
21
-1.2149842519685039
0
LINE
8
BLACK
6
CONTINUOUS
10
6.9461653543307085
20
-1.2149842519685039
11
6.9461653543307085
21
-1.2346692913385826
0
LINE
8
BLACK
6
CONTINUOUS
10
6.9461653543307085
20
-1.2346692913385826
11
6.9454910629921258
21
-1.2380592125984251
0
LINE
8
BLACK
6
CONTINUOUS
10
6.9454910629921258
20
-1.2380592125984251
11
6.9435708267716532
21
-1.2409330314960629
0
LINE
8
BLACK
6
CONTINUOUS
10
6.9435708267716532
20
-1.2409330314960629
11
6.9406970078740153
21
-1.2428532677165354
0
LINE
8
BLACK
6
CONTINUOUS
10
6.9406970078740153
20
-1.2428532677165354
11
6.9373070866141733
21
-1.243527559055118
0
LINE
8
BLACK
6
CONTINUOUS
10
6.9373070866141733
20
-1.243527559055118
11
6.919590551181102
21
-1.243527559055118
0
LINE
8
BLACK
6
CONTINUOUS
10
6.919590551181102
20
-1.243527559055118
11
6.9162006299212599
21
-1.2428532677165354
0
LINE
8
BLACK
6
CONTINUOUS
10
6.9162006299212599
20
-1.2428532677165354
11
6.9133268110236221
21
-1.2409330314960629
0
LINE
8
BLACK
6
CONTINUOUS
10
6.9133268110236221
20
-1.2409330314960629
11
6.9114065748031495
21
-1.2380592125984251
0
LINE
8
BLACK
6
CONTINUOUS
10
6.9114065748031495
20
-1.2380592125984251
11
6.9107322834645668
21
-1.2346692913385826
0
LINE
8
BLACK
6
CONTINUOUS
10
6.9107322834645668
20
-1.2346692913385826
11
6.9107322834645668
21
-1.2149842519685039
0
LINE
8
BLACK
6
CONTINUOUS
10
6.9107322834645668
20
-1.2149842519685039
11
6.9114065748031495
21
-1.2115943307086614
0
LINE
8
BLACK
6
CONTINUOUS
10
6.9114065748031495
20
-1.2115943307086614
11
6.9133268110236221
21
-1.2087205118110236
0
LINE
8
BLACK
6
CONTINUOUS
10
6.9133268110236221
20
-1.2087205118110236
11
6.9162006299212599
21
-1.2068002755905511
0
LINE
8
BLACK
6
CONTINUOUS
10
6.9162006299212599
20
-1.2068002755905511
11
6.919590551181102
21
-1.2061259842519685
0
LINE
8
BLACK
6
CONTINUOUS
10
6.919590551181102
20
-1.2061259842519685
11
6.9373070866141733
21
-1.2061259842519685
0
LINE
8
BLACK
6
CONTINUOUS
10
6.9373070866141733
20
-1.2061259842519685
11
6.9406970078740153
21
-1.2068002755905511
0
LINE
8
BLACK
6
CONTINUOUS
10
7.0017206299212598
20
-1.2068002755905511
11
7.0045944488188976
21
-1.2087205118110236
0
LINE
8
BLACK
6
CONTINUOUS
10
7.0045944488188976
20
-1.2087205118110236
11
7.0065146850393702
21
-1.2115943307086614
0
LINE
8
BLACK
6
CONTINUOUS
10
7.0065146850393702
20
-1.2115943307086614
11
7.0071889763779529
21
-1.2149842519685039
0
LINE
8
BLACK
6
CONTINUOUS
10
7.0071889763779529
20
-1.2149842519685039
11
7.0071889763779529
21
-1.2346692913385826
0
LINE
8
BLACK
6
CONTINUOUS
10
7.0071889763779529
20
-1.2346692913385826
11
7.0065146850393702
21
-1.2380592125984251
0
LINE
8
BLACK
6
CONTINUOUS
10
7.0065146850393702
20
-1.2380592125984251
11
7.0045944488188976
21
-1.2409330314960629
0
LINE
8
BLACK
6
CONTINUOUS
10
7.0045944488188976
20
-1.2409330314960629
11
7.0017206299212598
21
-1.2428532677165354
0
LINE
8
BLACK
6
CONTINUOUS
10
7.0017206299212598
20
-1.2428532677165354
11
6.9983307086614168
21
-1.243527559055118
0
LINE
8
BLACK
6
CONTINUOUS
10
6.9983307086614168
20
-1.243527559055118
11
6.9806141732283464
21
-1.243527559055118
0
LINE
8
BLACK
6
CONTINUOUS
10
6.9806141732283464
20
-1.243527559055118
11
6.9772242519685035
21
-1.2428532677165354
0
LINE
8
BLACK
6
CONTINUOUS
10
6.9772242519685035
20
-1.2428532677165354
11
6.9743504330708657
21
-1.2409330314960629
0
LINE
8
BLACK
6
CONTINUOUS
10
6.9743504330708657
20
-1.2409330314960629
11
6.9724301968503939
21
-1.2380592125984251
0
LINE
8
BLACK
6
CONTINUOUS
10
6.9724301968503939
20
-1.2380592125984251
11
6.9717559055118112
21
-1.2346692913385826
0
LINE
8
BLACK
6
CONTINUOUS
10
6.9717559055118112
20
-1.2346692913385826
11
6.9717559055118112
21
-1.2149842519685039
0
LINE
8
BLACK
6
CONTINUOUS
10
6.9717559055118112
20
-1.2149842519685039
11
6.9724301968503939
21
-1.2115943307086614
0
LINE
8
BLACK
6
CONTINUOUS
10
6.9724301968503939
20
-1.2115943307086614
11
6.9743504330708657
21
-1.2087205118110236
0
LINE
8
BLACK
6
CONTINUOUS
10
6.9743504330708657
20
-1.2087205118110236
11
6.9772242519685035
21
-1.2068002755905511
0
LINE
8
BLACK
6
CONTINUOUS
10
6.9772242519685035
20
-1.2068002755905511
11
6.9806141732283464
21
-1.2061259842519685
0
LINE
8
BLACK
6
CONTINUOUS
10
6.9806141732283464
20
-1.2061259842519685
11
6.9983307086614168
21
-1.2061259842519685
0
LINE
8
BLACK
6
CONTINUOUS
10
6.9983307086614168
20
-1.2061259842519685
11
7.0017206299212598
21
-1.2068002755905511
0
LINE
8
BLACK
6
CONTINUOUS
10
4.8155565748031499
20
-1.1627489763779528
11
4.8181110629921262
21
-1.1644558661417324
0
LINE
8
BLACK
6
CONTINUOUS
10
4.8181110629921262
20
-1.1644558661417324
11
4.8198179527559057
21
-1.1670103543307087
0
LINE
8
BLACK
6
CONTINUOUS
10
4.8198179527559057
20
-1.1670103543307087
11
4.8204173228346452
21
-1.170023622047244
0
LINE
8
BLACK
6
CONTINUOUS
10
4.8204173228346452
20
-1.170023622047244
11
4.8204173228346452
21
-1.1916771653543308
0
LINE
8
BLACK
6
CONTINUOUS
10
4.8204173228346452
20
-1.1916771653543308
11
4.8198179527559057
21
-1.1946904330708661
0
LINE
8
BLACK
6
CONTINUOUS
10
4.8198179527559057
20
-1.1946904330708661
11
4.8181110629921262
21
-1.1972449212598424
0
LINE
8
BLACK
6
CONTINUOUS
10
4.8181110629921262
20
-1.1972449212598424
11
4.8155565748031499
21
-1.1989518110236219
0
LINE
8
BLACK
6
CONTINUOUS
10
4.8155565748031499
20
-1.1989518110236219
11
4.8125433070866137
21
-1.1995511811023623
0
LINE
8
BLACK
6
CONTINUOUS
10
4.8125433070866137
20
-1.1995511811023623
11
4.7967952755905507
21
-1.1995511811023623
0
LINE
8
BLACK
6
CONTINUOUS
10
4.7967952755905507
20
-1.1995511811023623
11
4.7937820078740154
21
-1.1989518110236219
0
LINE
8
BLACK
6
CONTINUOUS
10
4.7937820078740154
20
-1.1989518110236219
11
4.7912275196850391
21
-1.1972449212598424
0
LINE
8
BLACK
6
CONTINUOUS
10
4.7912275196850391
20
-1.1972449212598424
11
4.7895206299212596
21
-1.1946904330708661
0
LINE
8
BLACK
6
CONTINUOUS
10
4.7895206299212596
20
-1.1946904330708661
11
4.7889212598425193
21
-1.1916771653543308
0
LINE
8
BLACK
6
CONTINUOUS
10
4.7889212598425193
20
-1.1916771653543308
11
4.7889212598425193
21
-1.170023622047244
0
LINE
8
BLACK
6
CONTINUOUS
10
4.7889212598425193
20
-1.170023622047244
11
4.7895206299212596
21
-1.1670103543307087
0
LINE
8
BLACK
6
CONTINUOUS
10
4.7895206299212596
20
-1.1670103543307087
11
4.7912275196850391
21
-1.1644558661417324
0
LINE
8
BLACK
6
CONTINUOUS
10
4.7912275196850391
20
-1.1644558661417324
11
4.7937820078740154
21
-1.1627489763779528
0
LINE
8
BLACK
6
CONTINUOUS
10
4.7937820078740154
20
-1.1627489763779528
11
4.7967952755905507
21
-1.1621496062992125
0
LINE
8
BLACK
6
CONTINUOUS
10
4.7967952755905507
20
-1.1621496062992125
11
4.8125433070866137
21
-1.1621496062992125
0
LINE
8
BLACK
6
CONTINUOUS
10
4.8125433070866137
20
-1.1621496062992125
11
4.8155565748031499
21
-1.1627489763779528
0
LINE
8
BLACK
6
CONTINUOUS
10
4.8805172047244092
20
-1.1627489763779528
11
4.8830716929133855
21
-1.1644558661417324
0
LINE
8
BLACK
6
CONTINUOUS
10
4.8830716929133855
20
-1.1644558661417324
11
4.884778582677165
21
-1.1670103543307087
0
LINE
8
BLACK
6
CONTINUOUS
10
4.884778582677165
20
-1.1670103543307087
11
4.8853779527559054
21
-1.170023622047244
0
LINE
8
BLACK
6
CONTINUOUS
10
4.8853779527559054
20
-1.170023622047244
11
4.8853779527559054
21
-1.1916771653543308
0
LINE
8
BLACK
6
CONTINUOUS
10
4.8853779527559054
20
-1.1916771653543308
11
4.884778582677165
21
-1.1946904330708661
0
LINE
8
BLACK
6
CONTINUOUS
10
4.884778582677165
20
-1.1946904330708661
11
4.8830716929133855
21
-1.1972449212598424
0
LINE
8
BLACK
6
CONTINUOUS
10
4.8830716929133855
20
-1.1972449212598424
11
4.8805172047244092
21
-1.1989518110236219
0
LINE
8
BLACK
6
CONTINUOUS
10
4.8805172047244092
20
-1.1989518110236219
11
4.8775039370078739
21
-1.1995511811023623
0
LINE
8
BLACK
6
CONTINUOUS
10
4.8775039370078739
20
-1.1995511811023623
11
4.8617559055118109
21
-1.1995511811023623
0
LINE
8
BLACK
6
CONTINUOUS
10
4.8617559055118109
20
-1.1995511811023623
11
4.8587426377952756
21
-1.1989518110236219
0
LINE
8
BLACK
6
CONTINUOUS
10
4.8587426377952756
20
-1.1989518110236219
11
4.8561881496062993
21
-1.1972449212598424
0
LINE
8
BLACK
6
CONTINUOUS
10
4.8561881496062993
20
-1.1972449212598424
11
4.8544812598425198
21
-1.1946904330708661
0
LINE
8
BLACK
6
CONTINUOUS
10
4.8544812598425198
20
-1.1946904330708661
11
4.8538818897637794
21
-1.1916771653543308
0
LINE
8
BLACK
6
CONTINUOUS
10
4.8538818897637794
20
-1.1916771653543308
11
4.8538818897637794
21
-1.170023622047244
0
LINE
8
BLACK
6
CONTINUOUS
10
4.8538818897637794
20
-1.170023622047244
11
4.8544812598425198
21
-1.1670103543307087
0
LINE
8
BLACK
6
CONTINUOUS
10
4.8544812598425198
20
-1.1670103543307087
11
4.8561881496062993
21
-1.1644558661417324
0
LINE
8
BLACK
6
CONTINUOUS
10
4.8561881496062993
20
-1.1644558661417324
11
4.8587426377952756
21
-1.1627489763779528
0
LINE
8
BLACK
6
CONTINUOUS
10
4.8587426377952756
20
-1.1627489763779528
11
4.8617559055118109
21
-1.1621496062992125
0
LINE
8
BLACK
6
CONTINUOUS
10
4.8617559055118109
20
-1.1621496062992125
11
4.8775039370078739
21
-1.1621496062992125
0
LINE
8
BLACK
6
CONTINUOUS
10
4.8775039370078739
20
-1.1621496062992125
11
4.8805172047244092
21
-1.1627489763779528
0
LINE
8
BLACK
6
CONTINUOUS
10
5.9975565748031494
20
-1.1096781102362205
11
6.0001110629921257
21
-1.1113850000000001
0
LINE
8
BLACK
6
CONTINUOUS
10
6.0001110629921257
20
-1.1113850000000001
11
6.0018179527559052
21
-1.1139394881889764
0
LINE
8
BLACK
6
CONTINUOUS
10
6.0018179527559052
20
-1.1139394881889764
11
6.0024173228346456
21
-1.1169527559055117
0
LINE
8
BLACK
6
CONTINUOUS
10
6.0024173228346456
20
-1.1169527559055117
11
6.0024173228346456
21
-1.1327007874015749
0
LINE
8
BLACK
6
CONTINUOUS
10
6.0024173228346456
20
-1.1327007874015749
11
6.0018179527559052
21
-1.1357140551181102
0
LINE
8
BLACK
6
CONTINUOUS
10
6.0018179527559052
20
-1.1357140551181102
11
6.0001110629921257
21
-1.1382685433070865
0
LINE
8
BLACK
6
CONTINUOUS
10
6.0001110629921257
20
-1.1382685433070865
11
5.9975565748031494
21
-1.139975433070866
0
LINE
8
BLACK
6
CONTINUOUS
10
5.9975565748031494
20
-1.139975433070866
11
5.9945433070866141
21
-1.1405748031496064
0
LINE
8
BLACK
6
CONTINUOUS
10
5.9945433070866141
20
-1.1405748031496064
11
5.9728897637795271
21
-1.1405748031496064
0
LINE
8
BLACK
6
CONTINUOUS
10
5.9728897637795271
20
-1.1405748031496064
11
5.9698764960629918
21
-1.139975433070866
0
LINE
8
BLACK
6
CONTINUOUS
10
5.9698764960629918
20
-1.139975433070866
11
5.9673220078740155
21
-1.1382685433070865
0
LINE
8
BLACK
6
CONTINUOUS
10
5.9673220078740155
20
-1.1382685433070865
11
5.9656151181102359
21
-1.1357140551181102
0
LINE
8
BLACK
6
CONTINUOUS
10
5.9656151181102359
20
-1.1357140551181102
11
5.9650157480314956
21
-1.1327007874015749
0
LINE
8
BLACK
6
CONTINUOUS
10
5.9650157480314956
20
-1.1327007874015749
11
5.9650157480314956
21
-1.1169527559055117
0
LINE
8
BLACK
6
CONTINUOUS
10
5.9650157480314956
20
-1.1169527559055117
11
5.9656151181102359
21
-1.1139394881889764
0
LINE
8
BLACK
6
CONTINUOUS
10
5.9656151181102359
20
-1.1139394881889764
11
5.9673220078740155
21
-1.1113850000000001
0
LINE
8
BLACK
6
CONTINUOUS
10
5.9673220078740155
20
-1.1113850000000001
11
5.9698764960629918
21
-1.1096781102362205
0
LINE
8
BLACK
6
CONTINUOUS
10
5.9698764960629918
20
-1.1096781102362205
11
5.9728897637795271
21
-1.1090787401574802
0
LINE
8
BLACK
6
CONTINUOUS
10
5.9728897637795271
20
-1.1090787401574802
11
5.9945433070866141
21
-1.1090787401574802
0
LINE
8
BLACK
6
CONTINUOUS
10
5.9945433070866141
20
-1.1090787401574802
11
5.9975565748031494
21
-1.1096781102362205
0
LINE
8
BLACK
6
CONTINUOUS
10
6.1975565748031496
20
-1.1096781102362205
11
6.2001110629921259
21
-1.1113850000000001
0
LINE
8
BLACK
6
CONTINUOUS
10
6.2001110629921259
20
-1.1113850000000001
11
6.2018179527559054
21
-1.1139394881889764
0
LINE
8
BLACK
6
CONTINUOUS
10
6.2018179527559054
20
-1.1139394881889764
11
6.2024173228346458
21
-1.1169527559055117
0
LINE
8
BLACK
6
CONTINUOUS
10
6.2024173228346458
20
-1.1169527559055117
11
6.2024173228346458
21
-1.1327007874015749
0
LINE
8
BLACK
6
CONTINUOUS
10
6.2024173228346458
20
-1.1327007874015749
11
6.2018179527559054
21
-1.1357140551181102
0
LINE
8
BLACK
6
CONTINUOUS
10
6.2018179527559054
20
-1.1357140551181102
11
6.2001110629921259
21
-1.1382685433070865
0
LINE
8
BLACK
6
CONTINUOUS
10
6.2001110629921259
20
-1.1382685433070865
11
6.1975565748031496
21
-1.139975433070866
0
LINE
8
BLACK
6
CONTINUOUS
10
6.1975565748031496
20
-1.139975433070866
11
6.1945433070866143
21
-1.1405748031496064
0
LINE
8
BLACK
6
CONTINUOUS
10
6.1945433070866143
20
-1.1405748031496064
11
6.1728897637795273
21
-1.1405748031496064
0
LINE
8
BLACK
6
CONTINUOUS
10
6.1728897637795273
20
-1.1405748031496064
11
6.1698764960629919
21
-1.139975433070866
0
LINE
8
BLACK
6
CONTINUOUS
10
6.1698764960629919
20
-1.139975433070866
11
6.1673220078740156
21
-1.1382685433070865
0
LINE
8
BLACK
6
CONTINUOUS
10
6.1673220078740156
20
-1.1382685433070865
11
6.1656151181102361
21
-1.1357140551181102
0
LINE
8
BLACK
6
CONTINUOUS
10
6.1656151181102361
20
-1.1357140551181102
11
6.1650157480314958
21
-1.1327007874015749
0
LINE
8
BLACK
6
CONTINUOUS
10
6.1650157480314958
20
-1.1327007874015749
11
6.1650157480314958
21
-1.1169527559055117
0
LINE
8
BLACK
6
CONTINUOUS
10
6.1650157480314958
20
-1.1169527559055117
11
6.1656151181102361
21
-1.1139394881889764
0
LINE
8
BLACK
6
CONTINUOUS
10
6.1656151181102361
20
-1.1139394881889764
11
6.1673220078740156
21
-1.1113850000000001
0
LINE
8
BLACK
6
CONTINUOUS
10
6.1673220078740156
20
-1.1113850000000001
11
6.1698764960629919
21
-1.1096781102362205
0
LINE
8
BLACK
6
CONTINUOUS
10
6.1698764960629919
20
-1.1096781102362205
11
6.1728897637795273
21
-1.1090787401574802
0
LINE
8
BLACK
6
CONTINUOUS
10
6.1728897637795273
20
-1.1090787401574802
11
6.1945433070866143
21
-1.1090787401574802
0
LINE
8
BLACK
6
CONTINUOUS
10
6.1945433070866143
20
-1.1090787401574802
11
6.1975565748031496
21
-1.1096781102362205
0
LINE
8
BLACK
6
CONTINUOUS
10
6.9028268897637792
20
-1.1080085826771653
11
6.9047427559055112
21
-1.1092887401574802
0
LINE
8
BLACK
6
CONTINUOUS
10
6.9047427559055112
20
-1.1092887401574802
11
6.9060229133858266
21
-1.1112046062992125
0
LINE
8
BLACK
6
CONTINUOUS
10
6.9060229133858266
20
-1.1112046062992125
11
6.9064724409448814
21
-1.1134645669291339
0
LINE
8
BLACK
6
CONTINUOUS
10
6.9064724409448814
20
-1.1134645669291339
11
6.9064724409448814
21
-1.1252755905511811
0
LINE
8
BLACK
6
CONTINUOUS
10
6.9064724409448814
20
-1.1252755905511811
11
6.9060229133858266
21
-1.1275355511811023
0
LINE
8
BLACK
6
CONTINUOUS
10
6.9060229133858266
20
-1.1275355511811023
11
6.9047427559055112
21
-1.1294514173228347
0
LINE
8
BLACK
6
CONTINUOUS
10
6.9047427559055112
20
-1.1294514173228347
11
6.9028268897637792
21
-1.1307315748031497
0
LINE
8
BLACK
6
CONTINUOUS
10
6.9028268897637792
20
-1.1307315748031497
11
6.9005669291338583
21
-1.1311811023622047
0
LINE
8
BLACK
6
CONTINUOUS
10
6.9005669291338583
20
-1.1311811023622047
11
6.8356062992125981
21
-1.1311811023622047
0
LINE
8
BLACK
6
CONTINUOUS
10
6.8356062992125981
20
-1.1311811023622047
11
6.8333463385826771
21
-1.1307315748031497
0
LINE
8
BLACK
6
CONTINUOUS
10
6.8333463385826771
20
-1.1307315748031497
11
6.8314304724409451
21
-1.1294514173228347
0
LINE
8
BLACK
6
CONTINUOUS
10
6.8314304724409451
20
-1.1294514173228347
11
6.8301503149606297
21
-1.1275355511811023
0
LINE
8
BLACK
6
CONTINUOUS
10
6.8301503149606297
20
-1.1275355511811023
11
6.8297007874015749
21
-1.1252755905511811
0
LINE
8
BLACK
6
CONTINUOUS
10
6.8297007874015749
20
-1.1252755905511811
11
6.8297007874015749
21
-1.1134645669291339
0
LINE
8
BLACK
6
CONTINUOUS
10
6.8297007874015749
20
-1.1134645669291339
11
6.8301503149606297
21
-1.1112046062992125
0
LINE
8
BLACK
6
CONTINUOUS
10
6.8301503149606297
20
-1.1112046062992125
11
6.8314304724409451
21
-1.1092887401574802
0
LINE
8
BLACK
6
CONTINUOUS
10
6.8314304724409451
20
-1.1092887401574802
11
6.8333463385826771
21
-1.1080085826771653
0
LINE
8
BLACK
6
CONTINUOUS
10
6.8333463385826771
20
-1.1080085826771653
11
6.8356062992125981
21
-1.1075590551181103
0
LINE
8
BLACK
6
CONTINUOUS
10
6.8356062992125981
20
-1.1075590551181103
11
6.9005669291338583
21
-1.1075590551181103
0
LINE
8
BLACK
6
CONTINUOUS
10
6.9005669291338583
20
-1.1075590551181103
11
6.9028268897637792
21
-1.1080085826771653
0
LINE
8
BLACK
6
CONTINUOUS
10
7.0977087795275589
20
-1.1080085826771653
11
7.0996246456692909
21
-1.1092887401574802
0
LINE
8
BLACK
6
CONTINUOUS
10
7.0996246456692909
20
-1.1092887401574802
11
7.1009048031496063
21
-1.1112046062992125
0
LINE
8
BLACK
6
CONTINUOUS
10
7.1009048031496063
20
-1.1112046062992125
11
7.1013543307086611
21
-1.1134645669291339
0
LINE
8
BLACK
6
CONTINUOUS
10
7.1013543307086611
20
-1.1134645669291339
11
7.1013543307086611
21
-1.1252755905511811
0
LINE
8
BLACK
6
CONTINUOUS
10
7.1013543307086611
20
-1.1252755905511811
11
7.1009048031496063
21
-1.1275355511811023
0
LINE
8
BLACK
6
CONTINUOUS
10
7.1009048031496063
20
-1.1275355511811023
11
7.0996246456692909
21
-1.1294514173228347
0
LINE
8
BLACK
6
CONTINUOUS
10
7.0996246456692909
20
-1.1294514173228347
11
7.0977087795275589
21
-1.1307315748031497
0
LINE
8
BLACK
6
CONTINUOUS
10
7.0977087795275589
20
-1.1307315748031497
11
7.0954488188976379
21
-1.1311811023622047
0
LINE
8
BLACK
6
CONTINUOUS
10
7.0954488188976379
20
-1.1311811023622047
11
7.0304881889763777
21
-1.1311811023622047
0
LINE
8
BLACK
6
CONTINUOUS
10
7.0304881889763777
20
-1.1311811023622047
11
7.0282282283464568
21
-1.1307315748031497
0
LINE
8
BLACK
6
CONTINUOUS
10
7.0282282283464568
20
-1.1307315748031497
11
7.0263123622047239
21
-1.1294514173228347
0
LINE
8
BLACK
6
CONTINUOUS
10
7.0263123622047239
20
-1.1294514173228347
11
7.0250322047244094
21
-1.1275355511811023
0
LINE
8
BLACK
6
CONTINUOUS
10
7.0250322047244094
20
-1.1275355511811023
11
7.0245826771653546
21
-1.1252755905511811
0
LINE
8
BLACK
6
CONTINUOUS
10
7.0245826771653546
20
-1.1252755905511811
11
7.0245826771653546
21
-1.1134645669291339
0
LINE
8
BLACK
6
CONTINUOUS
10
7.0245826771653546
20
-1.1134645669291339
11
7.0250322047244094
21
-1.1112046062992125
0
LINE
8
BLACK
6
CONTINUOUS
10
7.0250322047244094
20
-1.1112046062992125
11
7.0263123622047239
21
-1.1092887401574802
0
LINE
8
BLACK
6
CONTINUOUS
10
7.0263123622047239
20
-1.1092887401574802
11
7.0282282283464568
21
-1.1080085826771653
0
LINE
8
BLACK
6
CONTINUOUS
10
7.0282282283464568
20
-1.1080085826771653
11
7.0304881889763777
21
-1.1075590551181103
0
LINE
8
BLACK
6
CONTINUOUS
10
7.0304881889763777
20
-1.1075590551181103
11
7.0954488188976379
21
-1.1075590551181103
0
LINE
8
BLACK
6
CONTINUOUS
10
7.0954488188976379
20
-1.1075590551181103
11
7.0977087795275589
21
-1.1080085826771653
0
LINE
8
BLACK
6
CONTINUOUS
10
6.9551063385826772
20
-1.0513960236220472
11
6.9582036614173228
21
-1.0534656299212599
0
LINE
8
BLACK
6
CONTINUOUS
10
6.9582036614173228
20
-1.0534656299212599
11
6.9602732677165351
21
-1.0565629527559055
0
LINE
8
BLACK
6
CONTINUOUS
10
6.9602732677165351
20
-1.0565629527559055
11
6.9609999999999994
21
-1.0602165354330708
0
LINE
8
BLACK
6
CONTINUOUS
10
6.9609999999999994
20
-1.0602165354330708
11
6.9609999999999994
21
-1.093484251968504
0
LINE
8
BLACK
6
CONTINUOUS
10
6.9609999999999994
20
-1.093484251968504
11
6.9602732677165351
21
-1.0971378346456693
0
LINE
8
BLACK
6
CONTINUOUS
10
6.9602732677165351
20
-1.0971378346456693
11
6.9582036614173228
21
-1.1002351574803149
0
LINE
8
BLACK
6
CONTINUOUS
10
6.9582036614173228
20
-1.1002351574803149
11
6.9551063385826772
21
-1.1023047637795276
0
LINE
8
BLACK
6
CONTINUOUS
10
6.9551063385826772
20
-1.1023047637795276
11
6.9514527559055113
21
-1.1030314960629921
0
LINE
8
BLACK
6
CONTINUOUS
10
6.9514527559055113
20
-1.1030314960629921
11
6.932358267716535
21
-1.1030314960629921
0
LINE
8
BLACK
6
CONTINUOUS
10
6.932358267716535
20
-1.1030314960629921
11
6.9287046850393699
21
-1.1023047637795276
0
LINE
8
BLACK
6
CONTINUOUS
10
6.9287046850393699
20
-1.1023047637795276
11
6.9256073622047243
21
-1.1002351574803149
0
LINE
8
BLACK
6
CONTINUOUS
10
6.9256073622047243
20
-1.1002351574803149
11
6.923537755905512
21
-1.0971378346456693
0
LINE
8
BLACK
6
CONTINUOUS
10
6.923537755905512
20
-1.0971378346456693
11
6.9228110236220468
21
-1.093484251968504
0
LINE
8
BLACK
6
CONTINUOUS
10
6.9228110236220468
20
-1.093484251968504
11
6.9228110236220468
21
-1.0602165354330708
0
LINE
8
BLACK
6
CONTINUOUS
10
6.9228110236220468
20
-1.0602165354330708
11
6.923537755905512
21
-1.0565629527559055
0
LINE
8
BLACK
6
CONTINUOUS
10
6.923537755905512
20
-1.0565629527559055
11
6.9256073622047243
21
-1.0534656299212599
0
LINE
8
BLACK
6
CONTINUOUS
10
6.9256073622047243
20
-1.0534656299212599
11
6.9287046850393699
21
-1.0513960236220472
0
LINE
8
BLACK
6
CONTINUOUS
10
6.9287046850393699
20
-1.0513960236220472
11
6.932358267716535
21
-1.0506692913385827
0
LINE
8
BLACK
6
CONTINUOUS
10
6.932358267716535
20
-1.0506692913385827
11
6.9514527559055113
21
-1.0506692913385827
0
LINE
8
BLACK
6
CONTINUOUS
10
6.9514527559055113
20
-1.0506692913385827
11
6.9551063385826772
21
-1.0513960236220472
0
LINE
8
BLACK
6
CONTINUOUS
10
7.0023504330708661
20
-1.0513960236220472
11
7.0054477559055117
21
-1.0534656299212599
0
LINE
8
BLACK
6
CONTINUOUS
10
7.0054477559055117
20
-1.0534656299212599
11
7.007517362204724
21
-1.0565629527559055
0
LINE
8
BLACK
6
CONTINUOUS
10
7.007517362204724
20
-1.0565629527559055
11
7.0082440944881892
21
-1.0602165354330708
0
LINE
8
BLACK
6
CONTINUOUS
10
7.0082440944881892
20
-1.0602165354330708
11
7.0082440944881892
21
-1.093484251968504
0
LINE
8
BLACK
6
CONTINUOUS
10
7.0082440944881892
20
-1.093484251968504
11
7.007517362204724
21
-1.0971378346456693
0
LINE
8
BLACK
6
CONTINUOUS
10
7.007517362204724
20
-1.0971378346456693
11
7.0054477559055117
21
-1.1002351574803149
0
LINE
8
BLACK
6
CONTINUOUS
10
7.0054477559055117
20
-1.1002351574803149
11
7.0023504330708661
21
-1.1023047637795276
0
LINE
8
BLACK
6
CONTINUOUS
10
7.0023504330708661
20
-1.1023047637795276
11
6.998696850393701
21
-1.1030314960629921
0
LINE
8
BLACK
6
CONTINUOUS
10
6.998696850393701
20
-1.1030314960629921
11
6.9796023622047239
21
-1.1030314960629921
0
LINE
8
BLACK
6
CONTINUOUS
10
6.9796023622047239
20
-1.1030314960629921
11
6.9759487795275588
21
-1.1023047637795276
0
LINE
8
BLACK
6
CONTINUOUS
10
6.9759487795275588
20
-1.1023047637795276
11
6.9728514566929132
21
-1.1002351574803149
0
LINE
8
BLACK
6
CONTINUOUS
10
6.9728514566929132
20
-1.1002351574803149
11
6.9707818503937009
21
-1.0971378346456693
0
LINE
8
BLACK
6
CONTINUOUS
10
6.9707818503937009
20
-1.0971378346456693
11
6.9700551181102357
21
-1.093484251968504
0
LINE
8
BLACK
6
CONTINUOUS
10
6.9700551181102357
20
-1.093484251968504
11
6.9700551181102357
21
-1.0602165354330708
0
LINE
8
BLACK
6
CONTINUOUS
10
6.9700551181102357
20
-1.0602165354330708
11
6.9707818503937009
21
-1.0565629527559055
0
LINE
8
BLACK
6
CONTINUOUS
10
6.9707818503937009
20
-1.0565629527559055
11
6.9728514566929132
21
-1.0534656299212599
0
LINE
8
BLACK
6
CONTINUOUS
10
6.9728514566929132
20
-1.0534656299212599
11
6.9759487795275588
21
-1.0513960236220472
0
LINE
8
BLACK
6
CONTINUOUS
10
6.9759487795275588
20
-1.0513960236220472
11
6.9796023622047239
21
-1.0506692913385827
0
LINE
8
BLACK
6
CONTINUOUS
10
6.9796023622047239
20
-1.0506692913385827
11
6.998696850393701
21
-1.0506692913385827
0
LINE
8
BLACK
6
CONTINUOUS
10
6.998696850393701
20
-1.0506692913385827
11
7.0023504330708661
21
-1.0513960236220472
0
LINE
8
BLACK
6
CONTINUOUS
10
5.8254529133858268
20
-1.0603199606299212
11
5.8283267322834647
21
-1.0622401968503936
0
LINE
8
BLACK
6
CONTINUOUS
10
5.8283267322834647
20
-1.0622401968503936
11
5.8302469685039373
21
-1.0651140157480314
0
LINE
8
BLACK
6
CONTINUOUS
10
5.8302469685039373
20
-1.0651140157480314
11
5.83092125984252
21
-1.0685039370078739
0
LINE
8
BLACK
6
CONTINUOUS
10
5.83092125984252
20
-1.0685039370078739
11
5.83092125984252
21
-1.0881889763779526
0
LINE
8
BLACK
6
CONTINUOUS
10
5.83092125984252
20
-1.0881889763779526
11
5.8302469685039373
21
-1.0915788976377951
0
LINE
8
BLACK
6
CONTINUOUS
10
5.8302469685039373
20
-1.0915788976377951
11
5.8283267322834647
21
-1.094452716535433
0
LINE
8
BLACK
6
CONTINUOUS
10
5.8283267322834647
20
-1.094452716535433
11
5.8254529133858268
21
-1.0963729527559054
0
LINE
8
BLACK
6
CONTINUOUS
10
5.8254529133858268
20
-1.0963729527559054
11
5.8220629921259839
21
-1.0970472440944881
0
LINE
8
BLACK
6
CONTINUOUS
10
5.8220629921259839
20
-1.0970472440944881
11
5.8043464566929135
21
-1.0970472440944881
0
LINE
8
BLACK
6
CONTINUOUS
10
5.8043464566929135
20
-1.0970472440944881
11
5.8009565354330705
21
-1.0963729527559054
0
LINE
8
BLACK
6
CONTINUOUS
10
5.8009565354330705
20
-1.0963729527559054
11
5.7980827165354327
21
-1.094452716535433
0
LINE
8
BLACK
6
CONTINUOUS
10
5.7980827165354327
20
-1.094452716535433
11
5.7961624803149601
21
-1.0915788976377951
0
LINE
8
BLACK
6
CONTINUOUS
10
5.7961624803149601
20
-1.0915788976377951
11
5.7954881889763774
21
-1.0881889763779526
0
LINE
8
BLACK
6
CONTINUOUS
10
5.7954881889763774
20
-1.0881889763779526
11
5.7954881889763774
21
-1.0685039370078739
0
LINE
8
BLACK
6
CONTINUOUS
10
5.7954881889763774
20
-1.0685039370078739
11
5.7961624803149601
21
-1.0651140157480314
0
LINE
8
BLACK
6
CONTINUOUS
10
5.7961624803149601
20
-1.0651140157480314
11
5.7980827165354327
21
-1.0622401968503936
0
LINE
8
BLACK
6
CONTINUOUS
10
5.7980827165354327
20
-1.0622401968503936
11
5.8009565354330705
21
-1.0603199606299212
0
LINE
8
BLACK
6
CONTINUOUS
10
5.8009565354330705
20
-1.0603199606299212
11
5.8043464566929135
21
-1.0596456692913385
0
LINE
8
BLACK
6
CONTINUOUS
10
5.8043464566929135
20
-1.0596456692913385
11
5.8220629921259839
21
-1.0596456692913385
0
LINE
8
BLACK
6
CONTINUOUS
10
5.8220629921259839
20
-1.0596456692913385
11
5.8254529133858268
21
-1.0603199606299212
0
LINE
8
BLACK
6
CONTINUOUS
10
5.8864765354330704
20
-1.0603199606299212
11
5.8893503543307082
21
-1.0622401968503936
0
LINE
8
BLACK
6
CONTINUOUS
10
5.8893503543307082
20
-1.0622401968503936
11
5.8912705905511809
21
-1.0651140157480314
0
LINE
8
BLACK
6
CONTINUOUS
10
5.8912705905511809
20
-1.0651140157480314
11
5.8919448818897635
21
-1.0685039370078739
0
LINE
8
BLACK
6
CONTINUOUS
10
5.8919448818897635
20
-1.0685039370078739
11
5.8919448818897635
21
-1.0881889763779526
0
LINE
8
BLACK
6
CONTINUOUS
10
5.8919448818897635
20
-1.0881889763779526
11
5.8912705905511809
21
-1.0915788976377951
0
LINE
8
BLACK
6
CONTINUOUS
10
5.8912705905511809
20
-1.0915788976377951
11
5.8893503543307082
21
-1.094452716535433
0
LINE
8
BLACK
6
CONTINUOUS
10
5.8893503543307082
20
-1.094452716535433
11
5.8864765354330704
21
-1.0963729527559054
0
LINE
8
BLACK
6
CONTINUOUS
10
5.8864765354330704
20
-1.0963729527559054
11
5.8830866141732283
21
-1.0970472440944881
0
LINE
8
BLACK
6
CONTINUOUS
10
5.8830866141732283
20
-1.0970472440944881
11
5.865370078740157
21
-1.0970472440944881
0
LINE
8
BLACK
6
CONTINUOUS
10
5.865370078740157
20
-1.0970472440944881
11
5.861980157480315
21
-1.0963729527559054
0
LINE
8
BLACK
6
CONTINUOUS
10
5.861980157480315
20
-1.0963729527559054
11
5.8591063385826772
21
-1.094452716535433
0
LINE
8
BLACK
6
CONTINUOUS
10
5.8591063385826772
20
-1.094452716535433
11
5.8571861023622045
21
-1.0915788976377951
0
LINE
8
BLACK
6
CONTINUOUS
10
5.8571861023622045
20
-1.0915788976377951
11
5.8565118110236218
21
-1.0881889763779526
0
LINE
8
BLACK
6
CONTINUOUS
10
5.8565118110236218
20
-1.0881889763779526
11
5.8565118110236218
21
-1.0685039370078739
0
LINE
8
BLACK
6
CONTINUOUS
10
5.8565118110236218
20
-1.0685039370078739
11
5.8571861023622045
21
-1.0651140157480314
0
LINE
8
BLACK
6
CONTINUOUS
10
5.8571861023622045
20
-1.0651140157480314
11
5.8591063385826772
21
-1.0622401968503936
0
LINE
8
BLACK
6
CONTINUOUS
10
5.8591063385826772
20
-1.0622401968503936
11
5.861980157480315
21
-1.0603199606299212
0
LINE
8
BLACK
6
CONTINUOUS
10
5.861980157480315
20
-1.0603199606299212
11
5.865370078740157
21
-1.0596456692913385
0
LINE
8
BLACK
6
CONTINUOUS
10
5.865370078740157
20
-1.0596456692913385
11
5.8830866141732283
21
-1.0596456692913385
0
LINE
8
BLACK
6
CONTINUOUS
10
5.8830866141732283
20
-1.0596456692913385
11
5.8864765354330704
21
-1.0603199606299212
0
LINE
8
BLACK
6
CONTINUOUS
10
6.9028268897637792
20
-1.0580085826771652
11
6.9047427559055112
21
-1.0592887401574802
0
LINE
8
BLACK
6
CONTINUOUS
10
6.9047427559055112
20
-1.0592887401574802
11
6.9060229133858266
21
-1.0612046062992126
0
LINE
8
BLACK
6
CONTINUOUS
10
6.9060229133858266
20
-1.0612046062992126
11
6.9064724409448814
21
-1.0634645669291338
0
LINE
8
BLACK
6
CONTINUOUS
10
6.9064724409448814
20
-1.0634645669291338
11
6.9064724409448814
21
-1.075275590551181
0
LINE
8
BLACK
6
CONTINUOUS
10
6.9064724409448814
20
-1.075275590551181
11
6.9060229133858266
21
-1.0775355511811024
0
LINE
8
BLACK
6
CONTINUOUS
10
6.9060229133858266
20
-1.0775355511811024
11
6.9047427559055112
21
-1.0794514173228347
0
LINE
8
BLACK
6
CONTINUOUS
10
6.9047427559055112
20
-1.0794514173228347
11
6.9028268897637792
21
-1.0807315748031496
0
LINE
8
BLACK
6
CONTINUOUS
10
6.9028268897637792
20
-1.0807315748031496
11
6.9005669291338583
21
-1.0811811023622047
0
LINE
8
BLACK
6
CONTINUOUS
10
6.9005669291338583
20
-1.0811811023622047
11
6.8356062992125981
21
-1.0811811023622047
0
LINE
8
BLACK
6
CONTINUOUS
10
6.8356062992125981
20
-1.0811811023622047
11
6.8333463385826771
21
-1.0807315748031496
0
LINE
8
BLACK
6
CONTINUOUS
10
6.8333463385826771
20
-1.0807315748031496
11
6.8314304724409451
21
-1.0794514173228347
0
LINE
8
BLACK
6
CONTINUOUS
10
6.8314304724409451
20
-1.0794514173228347
11
6.8301503149606297
21
-1.0775355511811024
0
LINE
8
BLACK
6
CONTINUOUS
10
6.8301503149606297
20
-1.0775355511811024
11
6.8297007874015749
21
-1.075275590551181
0
LINE
8
BLACK
6
CONTINUOUS
10
6.8297007874015749
20
-1.075275590551181
11
6.8297007874015749
21
-1.0634645669291338
0
LINE
8
BLACK
6
CONTINUOUS
10
6.8297007874015749
20
-1.0634645669291338
11
6.8301503149606297
21
-1.0612046062992126
0
LINE
8
BLACK
6
CONTINUOUS
10
6.8301503149606297
20
-1.0612046062992126
11
6.8314304724409451
21
-1.0592887401574802
0
LINE
8
BLACK
6
CONTINUOUS
10
6.8314304724409451
20
-1.0592887401574802
11
6.8333463385826771
21
-1.0580085826771652
0
LINE
8
BLACK
6
CONTINUOUS
10
6.8333463385826771
20
-1.0580085826771652
11
6.8356062992125981
21
-1.0575590551181102
0
LINE
8
BLACK
6
CONTINUOUS
10
6.8356062992125981
20
-1.0575590551181102
11
6.9005669291338583
21
-1.0575590551181102
0
LINE
8
BLACK
6
CONTINUOUS
10
6.9005669291338583
20
-1.0575590551181102
11
6.9028268897637792
21
-1.0580085826771652
0
LINE
8
BLACK
6
CONTINUOUS
10
7.0977087795275589
20
-1.0580085826771652
11
7.0996246456692909
21
-1.0592887401574802
0
LINE
8
BLACK
6
CONTINUOUS
10
7.0996246456692909
20
-1.0592887401574802
11
7.1009048031496063
21
-1.0612046062992126
0
LINE
8
BLACK
6
CONTINUOUS
10
7.1009048031496063
20
-1.0612046062992126
11
7.1013543307086611
21
-1.0634645669291338
0
LINE
8
BLACK
6
CONTINUOUS
10
7.1013543307086611
20
-1.0634645669291338
11
7.1013543307086611
21
-1.075275590551181
0
LINE
8
BLACK
6
CONTINUOUS
10
7.1013543307086611
20
-1.075275590551181
11
7.1009048031496063
21
-1.0775355511811024
0
LINE
8
BLACK
6
CONTINUOUS
10
7.1009048031496063
20
-1.0775355511811024
11
7.0996246456692909
21
-1.0794514173228347
0
LINE
8
BLACK
6
CONTINUOUS
10
7.0996246456692909
20
-1.0794514173228347
11
7.0977087795275589
21
-1.0807315748031496
0
LINE
8
BLACK
6
CONTINUOUS
10
7.0977087795275589
20
-1.0807315748031496
11
7.0954488188976379
21
-1.0811811023622047
0
LINE
8
BLACK
6
CONTINUOUS
10
7.0954488188976379
20
-1.0811811023622047
11
7.0304881889763777
21
-1.0811811023622047
0
LINE
8
BLACK
6
CONTINUOUS
10
7.0304881889763777
20
-1.0811811023622047
11
7.0282282283464568
21
-1.0807315748031496
0
LINE
8
BLACK
6
CONTINUOUS
10
7.0282282283464568
20
-1.0807315748031496
11
7.0263123622047239
21
-1.0794514173228347
0
LINE
8
BLACK
6
CONTINUOUS
10
7.0263123622047239
20
-1.0794514173228347
11
7.0250322047244094
21
-1.0775355511811024
0
LINE
8
BLACK
6
CONTINUOUS
10
7.0250322047244094
20
-1.0775355511811024
11
7.0245826771653546
21
-1.075275590551181
0
LINE
8
BLACK
6
CONTINUOUS
10
7.0245826771653546
20
-1.075275590551181
11
7.0245826771653546
21
-1.0634645669291338
0
LINE
8
BLACK
6
CONTINUOUS
10
7.0245826771653546
20
-1.0634645669291338
11
7.0250322047244094
21
-1.0612046062992126
0
LINE
8
BLACK
6
CONTINUOUS
10
7.0250322047244094
20
-1.0612046062992126
11
7.0263123622047239
21
-1.0592887401574802
0
LINE
8
BLACK
6
CONTINUOUS
10
7.0263123622047239
20
-1.0592887401574802
11
7.0282282283464568
21
-1.0580085826771652
0
LINE
8
BLACK
6
CONTINUOUS
10
7.0282282283464568
20
-1.0580085826771652
11
7.0304881889763777
21
-1.0575590551181102
0
LINE
8
BLACK
6
CONTINUOUS
10
7.0304881889763777
20
-1.0575590551181102
11
7.0954488188976379
21
-1.0575590551181102
0
LINE
8
BLACK
6
CONTINUOUS
10
7.0954488188976379
20
-1.0575590551181102
11
7.0977087795275589
21
-1.0580085826771652
0
LINE
8
BLACK
6
CONTINUOUS
10
5.9975565748031494
20
-1.0447174803149606
11
6.0001110629921257
21
-1.0464243700787401
0
LINE
8
BLACK
6
CONTINUOUS
10
6.0001110629921257
20
-1.0464243700787401
11
6.0018179527559052
21
-1.0489788582677164
0
LINE
8
BLACK
6
CONTINUOUS
10
6.0018179527559052
20
-1.0489788582677164
11
6.0024173228346456
21
-1.051992125984252
0
LINE
8
BLACK
6
CONTINUOUS
10
6.0024173228346456
20
-1.051992125984252
11
6.0024173228346456
21
-1.0677401574803149
0
LINE
8
BLACK
6
CONTINUOUS
10
6.0024173228346456
20
-1.0677401574803149
11
6.0018179527559052
21
-1.0707534251968505
0
LINE
8
BLACK
6
CONTINUOUS
10
6.0018179527559052
20
-1.0707534251968505
11
6.0001110629921257
21
-1.0733079133858268
0
LINE
8
BLACK
6
CONTINUOUS
10
6.0001110629921257
20
-1.0733079133858268
11
5.9975565748031494
21
-1.0750148031496063
0
LINE
8
BLACK
6
CONTINUOUS
10
5.9975565748031494
20
-1.0750148031496063
11
5.9945433070866141
21
-1.0756141732283464
0
LINE
8
BLACK
6
CONTINUOUS
10
5.9945433070866141
20
-1.0756141732283464
11
5.9728897637795271
21
-1.0756141732283464
0
LINE
8
BLACK
6
CONTINUOUS
10
5.9728897637795271
20
-1.0756141732283464
11
5.9698764960629918
21
-1.0750148031496063
0
LINE
8
BLACK
6
CONTINUOUS
10
5.9698764960629918
20
-1.0750148031496063
11
5.9673220078740155
21
-1.0733079133858268
0
LINE
8
BLACK
6
CONTINUOUS
10
5.9673220078740155
20
-1.0733079133858268
11
5.9656151181102359
21
-1.0707534251968505
0
LINE
8
BLACK
6
CONTINUOUS
10
5.9656151181102359
20
-1.0707534251968505
11
5.9650157480314956
21
-1.0677401574803149
0
LINE
8
BLACK
6
CONTINUOUS
10
5.9650157480314956
20
-1.0677401574803149
11
5.9650157480314956
21
-1.051992125984252
0
LINE
8
BLACK
6
CONTINUOUS
10
5.9650157480314956
20
-1.051992125984252
11
5.9656151181102359
21
-1.0489788582677164
0
LINE
8
BLACK
6
CONTINUOUS
10
5.9656151181102359
20
-1.0489788582677164
11
5.9673220078740155
21
-1.0464243700787401
0
LINE
8
BLACK
6
CONTINUOUS
10
5.9673220078740155
20
-1.0464243700787401
11
5.9698764960629918
21
-1.0447174803149606
0
LINE
8
BLACK
6
CONTINUOUS
10
5.9698764960629918
20
-1.0447174803149606
11
5.9728897637795271
21
-1.0441181102362205
0
LINE
8
BLACK
6
CONTINUOUS
10
5.9728897637795271
20
-1.0441181102362205
11
5.9945433070866141
21
-1.0441181102362205
0
LINE
8
BLACK
6
CONTINUOUS
10
5.9945433070866141
20
-1.0441181102362205
11
5.9975565748031494
21
-1.0447174803149606
0
LINE
8
BLACK
6
CONTINUOUS
10
6.1975565748031496
20
-1.0447174803149606
11
6.2001110629921259
21
-1.0464243700787401
0
LINE
8
BLACK
6
CONTINUOUS
10
6.2001110629921259
20
-1.0464243700787401
11
6.2018179527559054
21
-1.0489788582677164
0
LINE
8
BLACK
6
CONTINUOUS
10
6.2018179527559054
20
-1.0489788582677164
11
6.2024173228346458
21
-1.051992125984252
0
LINE
8
BLACK
6
CONTINUOUS
10
6.2024173228346458
20
-1.051992125984252
11
6.2024173228346458
21
-1.0677401574803149
0
LINE
8
BLACK
6
CONTINUOUS
10
6.2024173228346458
20
-1.0677401574803149
11
6.2018179527559054
21
-1.0707534251968505
0
LINE
8
BLACK
6
CONTINUOUS
10
6.2018179527559054
20
-1.0707534251968505
11
6.2001110629921259
21
-1.0733079133858268
0
LINE
8
BLACK
6
CONTINUOUS
10
6.2001110629921259
20
-1.0733079133858268
11
6.1975565748031496
21
-1.0750148031496063
0
LINE
8
BLACK
6
CONTINUOUS
10
6.1975565748031496
20
-1.0750148031496063
11
6.1945433070866143
21
-1.0756141732283464
0
LINE
8
BLACK
6
CONTINUOUS
10
6.1945433070866143
20
-1.0756141732283464
11
6.1728897637795273
21
-1.0756141732283464
0
LINE
8
BLACK
6
CONTINUOUS
10
6.1728897637795273
20
-1.0756141732283464
11
6.1698764960629919
21
-1.0750148031496063
0
LINE
8
BLACK
6
CONTINUOUS
10
6.1698764960629919
20
-1.0750148031496063
11
6.1673220078740156
21
-1.0733079133858268
0
LINE
8
BLACK
6
CONTINUOUS
10
6.1673220078740156
20
-1.0733079133858268
11
6.1656151181102361
21
-1.0707534251968505
0
LINE
8
BLACK
6
CONTINUOUS
10
6.1656151181102361
20
-1.0707534251968505
11
6.1650157480314958
21
-1.0677401574803149
0
LINE
8
BLACK
6
CONTINUOUS
10
6.1650157480314958
20
-1.0677401574803149
11
6.1650157480314958
21
-1.051992125984252
0
LINE
8
BLACK
6
CONTINUOUS
10
6.1650157480314958
20
-1.051992125984252
11
6.1656151181102361
21
-1.0489788582677164
0
LINE
8
BLACK
6
CONTINUOUS
10
6.1656151181102361
20
-1.0489788582677164
11
6.1673220078740156
21
-1.0464243700787401
0
LINE
8
BLACK
6
CONTINUOUS
10
6.1673220078740156
20
-1.0464243700787401
11
6.1698764960629919
21
-1.0447174803149606
0
LINE
8
BLACK
6
CONTINUOUS
10
6.1698764960629919
20
-1.0447174803149606
11
6.1728897637795273
21
-1.0441181102362205
0
LINE
8
BLACK
6
CONTINUOUS
10
6.1728897637795273
20
-1.0441181102362205
11
6.1945433070866143
21
-1.0441181102362205
0
LINE
8
BLACK
6
CONTINUOUS
10
6.1945433070866143
20
-1.0441181102362205
11
6.1975565748031496
21
-1.0447174803149606
0
LINE
8
BLACK
6
CONTINUOUS
10
6.9551063385826772
20
-0.9864353937007874
11
6.9582036614173228
21
-0.988505
0
LINE
8
BLACK
6
CONTINUOUS
10
6.9582036614173228
20
-0.988505
11
6.9602732677165351
21
-0.9916023228346457
0
LINE
8
BLACK
6
CONTINUOUS
10
6.9602732677165351
20
-0.9916023228346457
11
6.9609999999999994
21
-0.995255905511811
0
LINE
8
BLACK
6
CONTINUOUS
10
6.9609999999999994
20
-0.995255905511811
11
6.9609999999999994
21
-1.028523622047244
0
LINE
8
BLACK
6
CONTINUOUS
10
6.9609999999999994
20
-1.028523622047244
11
6.9602732677165351
21
-1.0321772047244093
0
LINE
8
BLACK
6
CONTINUOUS
10
6.9602732677165351
20
-1.0321772047244093
11
6.9582036614173228
21
-1.0352745275590551
0
LINE
8
BLACK
6
CONTINUOUS
10
6.9582036614173228
20
-1.0352745275590551
11
6.9551063385826772
21
-1.0373441338582676
0
LINE
8
BLACK
6
CONTINUOUS
10
6.9551063385826772
20
-1.0373441338582676
11
6.9514527559055113
21
-1.0380708661417322
0
LINE
8
BLACK
6
CONTINUOUS
10
6.9514527559055113
20
-1.0380708661417322
11
6.932358267716535
21
-1.0380708661417322
0
LINE
8
BLACK
6
CONTINUOUS
10
6.932358267716535
20
-1.0380708661417322
11
6.9287046850393699
21
-1.0373441338582676
0
LINE
8
BLACK
6
CONTINUOUS
10
6.9287046850393699
20
-1.0373441338582676
11
6.9256073622047243
21
-1.0352745275590551
0
LINE
8
BLACK
6
CONTINUOUS
10
6.9256073622047243
20
-1.0352745275590551
11
6.923537755905512
21
-1.0321772047244093
0
LINE
8
BLACK
6
CONTINUOUS
10
6.923537755905512
20
-1.0321772047244093
11
6.9228110236220468
21
-1.028523622047244
0
LINE
8
BLACK
6
CONTINUOUS
10
6.9228110236220468
20
-1.028523622047244
11
6.9228110236220468
21
-0.995255905511811
0
LINE
8
BLACK
6
CONTINUOUS
10
6.9228110236220468
20
-0.995255905511811
11
6.923537755905512
21
-0.9916023228346457
0
LINE
8
BLACK
6
CONTINUOUS
10
6.923537755905512
20
-0.9916023228346457
11
6.9256073622047243
21
-0.988505
0
LINE
8
BLACK
6
CONTINUOUS
10
6.9256073622047243
20
-0.988505
11
6.9287046850393699
21
-0.9864353937007874
0
LINE
8
BLACK
6
CONTINUOUS
10
6.9287046850393699
20
-0.9864353937007874
11
6.932358267716535
21
-0.9857086614173228
0
LINE
8
BLACK
6
CONTINUOUS
10
6.932358267716535
20
-0.9857086614173228
11
6.9514527559055113
21
-0.9857086614173228
0
LINE
8
BLACK
6
CONTINUOUS
10
6.9514527559055113
20
-0.9857086614173228
11
6.9551063385826772
21
-0.9864353937007874
0
LINE
8
BLACK
6
CONTINUOUS
10
7.0023504330708661
20
-0.9864353937007874
11
7.0054477559055117
21
-0.988505
0
LINE
8
BLACK
6
CONTINUOUS
10
7.0054477559055117
20
-0.988505
11
7.007517362204724
21
-0.9916023228346457
0
LINE
8
BLACK
6
CONTINUOUS
10
7.007517362204724
20
-0.9916023228346457
11
7.0082440944881892
21
-0.995255905511811
0
LINE
8
BLACK
6
CONTINUOUS
10
7.0082440944881892
20
-0.995255905511811
11
7.0082440944881892
21
-1.028523622047244
0
LINE
8
BLACK
6
CONTINUOUS
10
7.0082440944881892
20
-1.028523622047244
11
7.007517362204724
21
-1.0321772047244093
0
LINE
8
BLACK
6
CONTINUOUS
10
7.007517362204724
20
-1.0321772047244093
11
7.0054477559055117
21
-1.0352745275590551
0
LINE
8
BLACK
6
CONTINUOUS
10
7.0054477559055117
20
-1.0352745275590551
11
7.0023504330708661
21
-1.0373441338582676
0
LINE
8
BLACK
6
CONTINUOUS
10
7.0023504330708661
20
-1.0373441338582676
11
6.998696850393701
21
-1.0380708661417322
0
LINE
8
BLACK
6
CONTINUOUS
10
6.998696850393701
20
-1.0380708661417322
11
6.9796023622047239
21
-1.0380708661417322
0
LINE
8
BLACK
6
CONTINUOUS
10
6.9796023622047239
20
-1.0380708661417322
11
6.9759487795275588
21
-1.0373441338582676
0
LINE
8
BLACK
6
CONTINUOUS
10
6.9759487795275588
20
-1.0373441338582676
11
6.9728514566929132
21
-1.0352745275590551
0
LINE
8
BLACK
6
CONTINUOUS
10
6.9728514566929132
20
-1.0352745275590551
11
6.9707818503937009
21
-1.0321772047244093
0
LINE
8
BLACK
6
CONTINUOUS
10
6.9707818503937009
20
-1.0321772047244093
11
6.9700551181102357
21
-1.028523622047244
0
LINE
8
BLACK
6
CONTINUOUS
10
6.9700551181102357
20
-1.028523622047244
11
6.9700551181102357
21
-0.995255905511811
0
LINE
8
BLACK
6
CONTINUOUS
10
6.9700551181102357
20
-0.995255905511811
11
6.9707818503937009
21
-0.9916023228346457
0
LINE
8
BLACK
6
CONTINUOUS
10
6.9707818503937009
20
-0.9916023228346457
11
6.9728514566929132
21
-0.988505
0
LINE
8
BLACK
6
CONTINUOUS
10
6.9728514566929132
20
-0.988505
11
6.9759487795275588
21
-0.9864353937007874
0
LINE
8
BLACK
6
CONTINUOUS
10
6.9759487795275588
20
-0.9864353937007874
11
6.9796023622047239
21
-0.9857086614173228
0
LINE
8
BLACK
6
CONTINUOUS
10
6.9796023622047239
20
-0.9857086614173228
11
6.998696850393701
21
-0.9857086614173228
0
LINE
8
BLACK
6
CONTINUOUS
10
6.998696850393701
20
-0.9857086614173228
11
7.0023504330708661
21
-0.9864353937007874
0
LINE
8
BLACK
6
CONTINUOUS
10
6.9028268897637792
20
-1.0080085826771654
11
6.9047427559055112
21
-1.0092887401574804
0
LINE
8
BLACK
6
CONTINUOUS
10
6.9047427559055112
20
-1.0092887401574804
11
6.9060229133858266
21
-1.0112046062992126
0
LINE
8
BLACK
6
CONTINUOUS
10
6.9060229133858266
20
-1.0112046062992126
11
6.9064724409448814
21
-1.0134645669291338
0
LINE
8
BLACK
6
CONTINUOUS
10
6.9064724409448814
20
-1.0134645669291338
11
6.9064724409448814
21
-1.025275590551181
0
LINE
8
BLACK
6
CONTINUOUS
10
6.9064724409448814
20
-1.025275590551181
11
6.9060229133858266
21
-1.0275355511811024
0
LINE
8
BLACK
6
CONTINUOUS
10
6.9060229133858266
20
-1.0275355511811024
11
6.9047427559055112
21
-1.0294514173228346
0
LINE
8
BLACK
6
CONTINUOUS
10
6.9047427559055112
20
-1.0294514173228346
11
6.9028268897637792
21
-1.0307315748031496
0
LINE
8
BLACK
6
CONTINUOUS
10
6.9028268897637792
20
-1.0307315748031496
11
6.9005669291338583
21
-1.0311811023622046
0
LINE
8
BLACK
6
CONTINUOUS
10
6.9005669291338583
20
-1.0311811023622046
11
6.8356062992125981
21
-1.0311811023622046
0
LINE
8
BLACK
6
CONTINUOUS
10
6.8356062992125981
20
-1.0311811023622046
11
6.8333463385826771
21
-1.0307315748031496
0
LINE
8
BLACK
6
CONTINUOUS
10
6.8333463385826771
20
-1.0307315748031496
11
6.8314304724409451
21
-1.0294514173228346
0
LINE
8
BLACK
6
CONTINUOUS
10
6.8314304724409451
20
-1.0294514173228346
11
6.8301503149606297
21
-1.0275355511811024
0
LINE
8
BLACK
6
CONTINUOUS
10
6.8301503149606297
20
-1.0275355511811024
11
6.8297007874015749
21
-1.025275590551181
0
LINE
8
BLACK
6
CONTINUOUS
10
6.8297007874015749
20
-1.025275590551181
11
6.8297007874015749
21
-1.0134645669291338
0
LINE
8
BLACK
6
CONTINUOUS
10
6.8297007874015749
20
-1.0134645669291338
11
6.8301503149606297
21
-1.0112046062992126
0
LINE
8
BLACK
6
CONTINUOUS
10
6.8301503149606297
20
-1.0112046062992126
11
6.8314304724409451
21
-1.0092887401574804
0
LINE
8
BLACK
6
CONTINUOUS
10
6.8314304724409451
20
-1.0092887401574804
11
6.8333463385826771
21
-1.0080085826771654
0
LINE
8
BLACK
6
CONTINUOUS
10
6.8333463385826771
20
-1.0080085826771654
11
6.8356062992125981
21
-1.0075590551181102
0
LINE
8
BLACK
6
CONTINUOUS
10
6.8356062992125981
20
-1.0075590551181102
11
6.9005669291338583
21
-1.0075590551181102
0
LINE
8
BLACK
6
CONTINUOUS
10
6.9005669291338583
20
-1.0075590551181102
11
6.9028268897637792
21
-1.0080085826771654
0
LINE
8
BLACK
6
CONTINUOUS
10
7.0977087795275589
20
-1.0080085826771654
11
7.0996246456692909
21
-1.0092887401574804
0
LINE
8
BLACK
6
CONTINUOUS
10
7.0996246456692909
20
-1.0092887401574804
11
7.1009048031496063
21
-1.0112046062992126
0
LINE
8
BLACK
6
CONTINUOUS
10
7.1009048031496063
20
-1.0112046062992126
11
7.1013543307086611
21
-1.0134645669291338
0
LINE
8
BLACK
6
CONTINUOUS
10
7.1013543307086611
20
-1.0134645669291338
11
7.1013543307086611
21
-1.025275590551181
0
LINE
8
BLACK
6
CONTINUOUS
10
7.1013543307086611
20
-1.025275590551181
11
7.1009048031496063
21
-1.0275355511811024
0
LINE
8
BLACK
6
CONTINUOUS
10
7.1009048031496063
20
-1.0275355511811024
11
7.0996246456692909
21
-1.0294514173228346
0
LINE
8
BLACK
6
CONTINUOUS
10
7.0996246456692909
20
-1.0294514173228346
11
7.0977087795275589
21
-1.0307315748031496
0
LINE
8
BLACK
6
CONTINUOUS
10
7.0977087795275589
20
-1.0307315748031496
11
7.0954488188976379
21
-1.0311811023622046
0
LINE
8
BLACK
6
CONTINUOUS
10
7.0954488188976379
20
-1.0311811023622046
11
7.0304881889763777
21
-1.0311811023622046
0
LINE
8
BLACK
6
CONTINUOUS
10
7.0304881889763777
20
-1.0311811023622046
11
7.0282282283464568
21
-1.0307315748031496
0
LINE
8
BLACK
6
CONTINUOUS
10
7.0282282283464568
20
-1.0307315748031496
11
7.0263123622047239
21
-1.0294514173228346
0
LINE
8
BLACK
6
CONTINUOUS
10
7.0263123622047239
20
-1.0294514173228346
11
7.0250322047244094
21
-1.0275355511811024
0
LINE
8
BLACK
6
CONTINUOUS
10
7.0250322047244094
20
-1.0275355511811024
11
7.0245826771653546
21
-1.025275590551181
0
LINE
8
BLACK
6
CONTINUOUS
10
7.0245826771653546
20
-1.025275590551181
11
7.0245826771653546
21
-1.0134645669291338
0
LINE
8
BLACK
6
CONTINUOUS
10
7.0245826771653546
20
-1.0134645669291338
11
7.0250322047244094
21
-1.0112046062992126
0
LINE
8
BLACK
6
CONTINUOUS
10
7.0250322047244094
20
-1.0112046062992126
11
7.0263123622047239
21
-1.0092887401574804
0
LINE
8
BLACK
6
CONTINUOUS
10
7.0263123622047239
20
-1.0092887401574804
11
7.0282282283464568
21
-1.0080085826771654
0
LINE
8
BLACK
6
CONTINUOUS
10
7.0282282283464568
20
-1.0080085826771654
11
7.0304881889763777
21
-1.0075590551181102
0
LINE
8
BLACK
6
CONTINUOUS
10
7.0304881889763777
20
-1.0075590551181102
11
7.0954488188976379
21
-1.0075590551181102
0
LINE
8
BLACK
6
CONTINUOUS
10
7.0954488188976379
20
-1.0075590551181102
11
7.0977087795275589
21
-1.0080085826771654
0
LINE
8
BLACK
6
CONTINUOUS
10
6.9028268897637792
20
-0.9580085826771654
11
6.9047427559055112
21
-0.9592887401574803
0
LINE
8
BLACK
6
CONTINUOUS
10
6.9047427559055112
20
-0.9592887401574803
11
6.9060229133858266
21
-0.9612046062992126
0
LINE
8
BLACK
6
CONTINUOUS
10
6.9060229133858266
20
-0.9612046062992126
11
6.9064724409448814
21
-0.9634645669291338
0
LINE
8
BLACK
6
CONTINUOUS
10
6.9064724409448814
20
-0.9634645669291338
11
6.9064724409448814
21
-0.9752755905511811
0
LINE
8
BLACK
6
CONTINUOUS
10
6.9064724409448814
20
-0.9752755905511811
11
6.9060229133858266
21
-0.9775355511811024
0
LINE
8
BLACK
6
CONTINUOUS
10
6.9060229133858266
20
-0.9775355511811024
11
6.9047427559055112
21
-0.9794514173228346
0
LINE
8
BLACK
6
CONTINUOUS
10
6.9047427559055112
20
-0.9794514173228346
11
6.9028268897637792
21
-0.9807315748031495
0
LINE
8
BLACK
6
CONTINUOUS
10
6.9028268897637792
20
-0.9807315748031495
11
6.9005669291338583
21
-0.9811811023622047
0
LINE
8
BLACK
6
CONTINUOUS
10
6.9005669291338583
20
-0.9811811023622047
11
6.8356062992125981
21
-0.9811811023622047
0
LINE
8
BLACK
6
CONTINUOUS
10
6.8356062992125981
20
-0.9811811023622047
11
6.8333463385826771
21
-0.9807315748031495
0
LINE
8
BLACK
6
CONTINUOUS
10
6.8333463385826771
20
-0.9807315748031495
11
6.8314304724409451
21
-0.9794514173228346
0
LINE
8
BLACK
6
CONTINUOUS
10
6.8314304724409451
20
-0.9794514173228346
11
6.8301503149606297
21
-0.9775355511811024
0
LINE
8
BLACK
6
CONTINUOUS
10
6.8301503149606297
20
-0.9775355511811024
11
6.8297007874015749
21
-0.9752755905511811
0
LINE
8
BLACK
6
CONTINUOUS
10
6.8297007874015749
20
-0.9752755905511811
11
6.8297007874015749
21
-0.9634645669291338
0
LINE
8
BLACK
6
CONTINUOUS
10
6.8297007874015749
20
-0.9634645669291338
11
6.8301503149606297
21
-0.9612046062992126
0
LINE
8
BLACK
6
CONTINUOUS
10
6.8301503149606297
20
-0.9612046062992126
11
6.8314304724409451
21
-0.9592887401574803
0
LINE
8
BLACK
6
CONTINUOUS
10
6.8314304724409451
20
-0.9592887401574803
11
6.8333463385826771
21
-0.9580085826771654
0
LINE
8
BLACK
6
CONTINUOUS
10
6.8333463385826771
20
-0.9580085826771654
11
6.8356062992125981
21
-0.9575590551181102
0
LINE
8
BLACK
6
CONTINUOUS
10
6.8356062992125981
20
-0.9575590551181102
11
6.9005669291338583
21
-0.9575590551181102
0
LINE
8
BLACK
6
CONTINUOUS
10
6.9005669291338583
20
-0.9575590551181102
11
6.9028268897637792
21
-0.9580085826771654
0
LINE
8
BLACK
6
CONTINUOUS
10
7.0977087795275589
20
-0.9580085826771654
11
7.0996246456692909
21
-0.9592887401574803
0
LINE
8
BLACK
6
CONTINUOUS
10
7.0996246456692909
20
-0.9592887401574803
11
7.1009048031496063
21
-0.9612046062992126
0
LINE
8
BLACK
6
CONTINUOUS
10
7.1009048031496063
20
-0.9612046062992126
11
7.1013543307086611
21
-0.9634645669291338
0
LINE
8
BLACK
6
CONTINUOUS
10
7.1013543307086611
20
-0.9634645669291338
11
7.1013543307086611
21
-0.9752755905511811
0
LINE
8
BLACK
6
CONTINUOUS
10
7.1013543307086611
20
-0.9752755905511811
11
7.1009048031496063
21
-0.9775355511811024
0
LINE
8
BLACK
6
CONTINUOUS
10
7.1009048031496063
20
-0.9775355511811024
11
7.0996246456692909
21
-0.9794514173228346
0
LINE
8
BLACK
6
CONTINUOUS
10
7.0996246456692909
20
-0.9794514173228346
11
7.0977087795275589
21
-0.9807315748031495
0
LINE
8
BLACK
6
CONTINUOUS
10
7.0977087795275589
20
-0.9807315748031495
11
7.0954488188976379
21
-0.9811811023622047
0
LINE
8
BLACK
6
CONTINUOUS
10
7.0954488188976379
20
-0.9811811023622047
11
7.0304881889763777
21
-0.9811811023622047
0
LINE
8
BLACK
6
CONTINUOUS
10
7.0304881889763777
20
-0.9811811023622047
11
7.0282282283464568
21
-0.9807315748031495
0
LINE
8
BLACK
6
CONTINUOUS
10
7.0282282283464568
20
-0.9807315748031495
11
7.0263123622047239
21
-0.9794514173228346
0
LINE
8
BLACK
6
CONTINUOUS
10
7.0263123622047239
20
-0.9794514173228346
11
7.0250322047244094
21
-0.9775355511811024
0
LINE
8
BLACK
6
CONTINUOUS
10
7.0250322047244094
20
-0.9775355511811024
11
7.0245826771653546
21
-0.9752755905511811
0
LINE
8
BLACK
6
CONTINUOUS
10
7.0245826771653546
20
-0.9752755905511811
11
7.0245826771653546
21
-0.9634645669291338
0
LINE
8
BLACK
6
CONTINUOUS
10
7.0245826771653546
20
-0.9634645669291338
11
7.0250322047244094
21
-0.9612046062992126
0
LINE
8
BLACK
6
CONTINUOUS
10
7.0250322047244094
20
-0.9612046062992126
11
7.0263123622047239
21
-0.9592887401574803
0
LINE
8
BLACK
6
CONTINUOUS
10
7.0263123622047239
20
-0.9592887401574803
11
7.0282282283464568
21
-0.9580085826771654
0
LINE
8
BLACK
6
CONTINUOUS
10
7.0282282283464568
20
-0.9580085826771654
11
7.0304881889763777
21
-0.9575590551181102
0
LINE
8
BLACK
6
CONTINUOUS
10
7.0304881889763777
20
-0.9575590551181102
11
7.0954488188976379
21
-0.9575590551181102
0
LINE
8
BLACK
6
CONTINUOUS
10
7.0954488188976379
20
-0.9575590551181102
11
7.0977087795275589
21
-0.9580085826771654
  0
ENDSEC
  0
EOF
