  0
SECTION
  2
HEADER
  9
$ANGBASE
  50
0.0
  9
$ANGDIR
  70
1
  9
$MEASUREMENT
  70
0
  0
ENDSEC
  0
SECTION
  2
TABLES
  0
TABLE
  2
LTYPE
  70
4
  0
LTYPE
  5
40F
  2
CONTINUOUS
  70
0
  3
Solid line
  72
65
  73
0
  40
0.0
  0
LTYPE
  5
410
  2
DASHDOT
 70
0
  3
Dash Dot ____ _ ____ _
 72
65
 73
4
 40
2.0
 49
1.25
 49
-0.25
 49
0.25
 49
-0.25
  0
LTYPE
  5
411
  2
DASHED
 70
0
  3
Dashed __ __ __ __ __
 72
65
 73
2
 40
0.75
 49
0.5
 49
-0.25
  0
LTYPE
  5
43B
  2
DOTTED
 70
0
  3
Dotted .  .  .  .
 72
65
 73
2
 40
0.2
 49
0.0
 49
-0.2
  0
ENDTAB
  0
TABLE
  2
STYLE
  70
4
  0
STYLE
  2
KICAD
  70
0
  40
0
  41
1
  42
1
  50
0
  71
0
  3
isocp.shx
  0
STYLE
  2
KICADB
  70
0
  40
0
  41
1
  42
1
  50
0
  71
0
  3
isocp.shx
  0
STYLE
  2
KICADI
  70
0
  40
0
  41
1
  42
1
  50
15
  71
0
  3
isocp.shx
  0
STYLE
  2
KICADBI
  70
0
  40
0
  41
1
  42
1
  50
15
  71
0
  3
isocp.shx
  0
ENDTAB
  0
TABLE
  2
LAYER
  70
1
  0
LAYER
  2
BLACK
  70
0
  62
7
  6
CONTINUOUS
  0
ENDTAB
  0
ENDSEC
  0
SECTION
  2
ENTITIES
0
LINE
8
BLACK
6
CONTINUOUS
10
5.9607268897637793
20
-5.9275031496062986
11
5.9670658267716536
21
-5.9301288188976375
0
LINE
8
BLACK
6
CONTINUOUS
10
5.9670658267716536
20
-5.9301288188976375
11
5.9727707086614172
21
-5.9339407086614173
0
LINE
8
BLACK
6
CONTINUOUS
10
5.9727707086614172
20
-5.9339407086614173
11
5.9776222834645667
21
-5.9387922834645668
0
LINE
8
BLACK
6
CONTINUOUS
10
5.9776222834645667
20
-5.9387922834645668
11
5.9814341732283465
21
-5.9444971653543304
0
LINE
8
BLACK
6
CONTINUOUS
10
5.9814341732283465
20
-5.9444971653543304
11
5.9840598425196845
21
-5.9508361023622047
0
LINE
8
BLACK
6
CONTINUOUS
10
5.9840598425196845
20
-5.9508361023622047
11
5.9853983858267714
21
-5.9575654724409448
0
LINE
8
BLACK
6
CONTINUOUS
10
5.9853983858267714
20
-5.9575654724409448
11
5.9853983858267714
21
-5.964426653543307
0
LINE
8
BLACK
6
CONTINUOUS
10
5.9853983858267714
20
-5.964426653543307
11
5.9840598425196845
21
-5.9711560236220471
0
LINE
8
BLACK
6
CONTINUOUS
10
5.9840598425196845
20
-5.9711560236220471
11
5.9814341732283465
21
-5.9774949606299215
0
LINE
8
BLACK
6
CONTINUOUS
10
5.9814341732283465
20
-5.9774949606299215
11
5.9776222834645667
21
-5.9831998425196851
0
LINE
8
BLACK
6
CONTINUOUS
10
5.9776222834645667
20
-5.9831998425196851
11
5.9727707086614172
21
-5.9880514173228345
0
LINE
8
BLACK
6
CONTINUOUS
10
5.9727707086614172
20
-5.9880514173228345
11
5.9670658267716536
21
-5.9918633070866143
0
LINE
8
BLACK
6
CONTINUOUS
10
5.9670658267716536
20
-5.9918633070866143
11
5.9607268897637793
21
-5.9944889763779523
0
LINE
8
BLACK
6
CONTINUOUS
10
5.9607268897637793
20
-5.9944889763779523
11
5.9539975196850392
21
-5.9958275196850392
0
LINE
8
BLACK
6
CONTINUOUS
10
5.9539975196850392
20
-5.9958275196850392
11
5.947136338582677
21
-5.9958275196850392
0
LINE
8
BLACK
6
CONTINUOUS
10
5.947136338582677
20
-5.9958275196850392
11
5.9404069685039369
21
-5.9944889763779523
0
LINE
8
BLACK
6
CONTINUOUS
10
5.9404069685039369
20
-5.9944889763779523
11
5.9340680314960625
21
-5.9918633070866143
0
LINE
8
BLACK
6
CONTINUOUS
10
5.9340680314960625
20
-5.9918633070866143
11
5.928363149606299
21
-5.9880514173228345
0
LINE
8
BLACK
6
CONTINUOUS
10
5.928363149606299
20
-5.9880514173228345
11
5.9235115748031495
21
-5.9831998425196851
0
LINE
8
BLACK
6
CONTINUOUS
10
5.9235115748031495
20
-5.9831998425196851
11
5.9196996850393697
21
-5.9774949606299215
0
LINE
8
BLACK
6
CONTINUOUS
10
5.9196996850393697
20
-5.9774949606299215
11
5.9170740157480317
21
-5.9711560236220471
0
LINE
8
BLACK
6
CONTINUOUS
10
5.9170740157480317
20
-5.9711560236220471
11
5.9157354724409448
21
-5.964426653543307
0
LINE
8
BLACK
6
CONTINUOUS
10
5.9157354724409448
20
-5.964426653543307
11
5.9157354724409448
21
-5.9575654724409448
0
LINE
8
BLACK
6
CONTINUOUS
10
5.9157354724409448
20
-5.9575654724409448
11
5.9170740157480317
21
-5.9508361023622047
0
LINE
8
BLACK
6
CONTINUOUS
10
5.9170740157480317
20
-5.9508361023622047
11
5.9196996850393697
21
-5.9444971653543304
0
LINE
8
BLACK
6
CONTINUOUS
10
5.9196996850393697
20
-5.9444971653543304
11
5.9235115748031495
21
-5.9387922834645668
0
LINE
8
BLACK
6
CONTINUOUS
10
5.9235115748031495
20
-5.9387922834645668
11
5.928363149606299
21
-5.9339407086614173
0
LINE
8
BLACK
6
CONTINUOUS
10
5.928363149606299
20
-5.9339407086614173
11
5.9340680314960625
21
-5.9301288188976375
0
LINE
8
BLACK
6
CONTINUOUS
10
5.9340680314960625
20
-5.9301288188976375
11
5.9404069685039369
21
-5.9275031496062986
0
LINE
8
BLACK
6
CONTINUOUS
10
5.9404069685039369
20
-5.9275031496062986
11
5.947136338582677
21
-5.9261646062992126
0
LINE
8
BLACK
6
CONTINUOUS
10
5.947136338582677
20
-5.9261646062992126
11
5.9539975196850392
21
-5.9261646062992126
0
LINE
8
BLACK
6
CONTINUOUS
10
5.9539975196850392
20
-5.9261646062992126
11
5.9607268897637793
21
-5.9275031496062986
0
LINE
8
BLACK
6
CONTINUOUS
10
6.0607268897637798
20
-5.9275031496062986
11
6.0670658267716533
21
-5.9301288188976375
0
LINE
8
BLACK
6
CONTINUOUS
10
6.0670658267716533
20
-5.9301288188976375
11
6.0727707086614169
21
-5.9339407086614173
0
LINE
8
BLACK
6
CONTINUOUS
10
6.0727707086614169
20
-5.9339407086614173
11
6.0776222834645672
21
-5.9387922834645668
0
LINE
8
BLACK
6
CONTINUOUS
10
6.0776222834645672
20
-5.9387922834645668
11
6.0814341732283461
21
-5.9444971653543304
0
LINE
8
BLACK
6
CONTINUOUS
10
6.0814341732283461
20
-5.9444971653543304
11
6.084059842519685
21
-5.9508361023622047
0
LINE
8
BLACK
6
CONTINUOUS
10
6.084059842519685
20
-5.9508361023622047
11
6.0853983858267719
21
-5.9575654724409448
0
LINE
8
BLACK
6
CONTINUOUS
10
6.0853983858267719
20
-5.9575654724409448
11
6.0853983858267719
21
-5.964426653543307
0
LINE
8
BLACK
6
CONTINUOUS
10
6.0853983858267719
20
-5.964426653543307
11
6.084059842519685
21
-5.9711560236220471
0
LINE
8
BLACK
6
CONTINUOUS
10
6.084059842519685
20
-5.9711560236220471
11
6.0814341732283461
21
-5.9774949606299215
0
LINE
8
BLACK
6
CONTINUOUS
10
6.0814341732283461
20
-5.9774949606299215
11
6.0776222834645672
21
-5.9831998425196851
0
LINE
8
BLACK
6
CONTINUOUS
10
6.0776222834645672
20
-5.9831998425196851
11
6.0727707086614169
21
-5.9880514173228345
0
LINE
8
BLACK
6
CONTINUOUS
10
6.0727707086614169
20
-5.9880514173228345
11
6.0670658267716533
21
-5.9918633070866143
0
LINE
8
BLACK
6
CONTINUOUS
10
6.0670658267716533
20
-5.9918633070866143
11
6.0607268897637798
21
-5.9944889763779523
0
LINE
8
BLACK
6
CONTINUOUS
10
6.0607268897637798
20
-5.9944889763779523
11
6.0539975196850389
21
-5.9958275196850392
0
LINE
8
BLACK
6
CONTINUOUS
10
6.0539975196850389
20
-5.9958275196850392
11
6.0471363385826766
21
-5.9958275196850392
0
LINE
8
BLACK
6
CONTINUOUS
10
6.0471363385826766
20
-5.9958275196850392
11
6.0404069685039365
21
-5.9944889763779523
0
LINE
8
BLACK
6
CONTINUOUS
10
6.0404069685039365
20
-5.9944889763779523
11
6.0340680314960631
21
-5.9918633070866143
0
LINE
8
BLACK
6
CONTINUOUS
10
6.0340680314960631
20
-5.9918633070866143
11
6.0283631496062995
21
-5.9880514173228345
0
LINE
8
BLACK
6
CONTINUOUS
10
6.0283631496062995
20
-5.9880514173228345
11
6.0235115748031491
21
-5.9831998425196851
0
LINE
8
BLACK
6
CONTINUOUS
10
6.0235115748031491
20
-5.9831998425196851
11
6.0196996850393703
21
-5.9774949606299215
0
LINE
8
BLACK
6
CONTINUOUS
10
6.0196996850393703
20
-5.9774949606299215
11
6.0170740157480314
21
-5.9711560236220471
0
LINE
8
BLACK
6
CONTINUOUS
10
6.0170740157480314
20
-5.9711560236220471
11
6.0157354724409444
21
-5.964426653543307
0
LINE
8
BLACK
6
CONTINUOUS
10
6.0157354724409444
20
-5.964426653543307
11
6.0157354724409444
21
-5.9575654724409448
0
LINE
8
BLACK
6
CONTINUOUS
10
6.0157354724409444
20
-5.9575654724409448
11
6.0170740157480314
21
-5.9508361023622047
0
LINE
8
BLACK
6
CONTINUOUS
10
6.0170740157480314
20
-5.9508361023622047
11
6.0196996850393703
21
-5.9444971653543304
0
LINE
8
BLACK
6
CONTINUOUS
10
6.0196996850393703
20
-5.9444971653543304
11
6.0235115748031491
21
-5.9387922834645668
0
LINE
8
BLACK
6
CONTINUOUS
10
6.0235115748031491
20
-5.9387922834645668
11
6.0283631496062995
21
-5.9339407086614173
0
LINE
8
BLACK
6
CONTINUOUS
10
6.0283631496062995
20
-5.9339407086614173
11
6.0340680314960631
21
-5.9301288188976375
0
LINE
8
BLACK
6
CONTINUOUS
10
6.0340680314960631
20
-5.9301288188976375
11
6.0404069685039365
21
-5.9275031496062986
0
LINE
8
BLACK
6
CONTINUOUS
10
6.0404069685039365
20
-5.9275031496062986
11
6.0471363385826766
21
-5.9261646062992126
0
LINE
8
BLACK
6
CONTINUOUS
10
6.0471363385826766
20
-5.9261646062992126
11
6.0539975196850389
21
-5.9261646062992126
0
LINE
8
BLACK
6
CONTINUOUS
10
6.0539975196850389
20
-5.9261646062992126
11
6.0607268897637798
21
-5.9275031496062986
0
LINE
8
BLACK
6
CONTINUOUS
10
6.1607268897637795
20
-5.9275031496062986
11
6.1670658267716538
21
-5.9301288188976375
0
LINE
8
BLACK
6
CONTINUOUS
10
6.1670658267716538
20
-5.9301288188976375
11
6.1727707086614174
21
-5.9339407086614173
0
LINE
8
BLACK
6
CONTINUOUS
10
6.1727707086614174
20
-5.9339407086614173
11
6.1776222834645669
21
-5.9387922834645668
0
LINE
8
BLACK
6
CONTINUOUS
10
6.1776222834645669
20
-5.9387922834645668
11
6.1814341732283467
21
-5.9444971653543304
0
LINE
8
BLACK
6
CONTINUOUS
10
6.1814341732283467
20
-5.9444971653543304
11
6.1840598425196847
21
-5.9508361023622047
0
LINE
8
BLACK
6
CONTINUOUS
10
6.1840598425196847
20
-5.9508361023622047
11
6.1853983858267716
21
-5.9575654724409448
0
LINE
8
BLACK
6
CONTINUOUS
10
6.1853983858267716
20
-5.9575654724409448
11
6.1853983858267716
21
-5.964426653543307
0
LINE
8
BLACK
6
CONTINUOUS
10
6.1853983858267716
20
-5.964426653543307
11
6.1840598425196847
21
-5.9711560236220471
0
LINE
8
BLACK
6
CONTINUOUS
10
6.1840598425196847
20
-5.9711560236220471
11
6.1814341732283467
21
-5.9774949606299215
0
LINE
8
BLACK
6
CONTINUOUS
10
6.1814341732283467
20
-5.9774949606299215
11
6.1776222834645669
21
-5.9831998425196851
0
LINE
8
BLACK
6
CONTINUOUS
10
6.1776222834645669
20
-5.9831998425196851
11
6.1727707086614174
21
-5.9880514173228345
0
LINE
8
BLACK
6
CONTINUOUS
10
6.1727707086614174
20
-5.9880514173228345
11
6.1670658267716538
21
-5.9918633070866143
0
LINE
8
BLACK
6
CONTINUOUS
10
6.1670658267716538
20
-5.9918633070866143
11
6.1607268897637795
21
-5.9944889763779523
0
LINE
8
BLACK
6
CONTINUOUS
10
6.1607268897637795
20
-5.9944889763779523
11
6.1539975196850394
21
-5.9958275196850392
0
LINE
8
BLACK
6
CONTINUOUS
10
6.1539975196850394
20
-5.9958275196850392
11
6.1471363385826772
21
-5.9958275196850392
0
LINE
8
BLACK
6
CONTINUOUS
10
6.1471363385826772
20
-5.9958275196850392
11
6.1404069685039371
21
-5.9944889763779523
0
LINE
8
BLACK
6
CONTINUOUS
10
6.1404069685039371
20
-5.9944889763779523
11
6.1340680314960627
21
-5.9918633070866143
0
LINE
8
BLACK
6
CONTINUOUS
10
6.1340680314960627
20
-5.9918633070866143
11
6.1283631496062991
21
-5.9880514173228345
0
LINE
8
BLACK
6
CONTINUOUS
10
6.1283631496062991
20
-5.9880514173228345
11
6.1235115748031497
21
-5.9831998425196851
0
LINE
8
BLACK
6
CONTINUOUS
10
6.1235115748031497
20
-5.9831998425196851
11
6.1196996850393699
21
-5.9774949606299215
0
LINE
8
BLACK
6
CONTINUOUS
10
6.1196996850393699
20
-5.9774949606299215
11
6.117074015748031
21
-5.9711560236220471
0
LINE
8
BLACK
6
CONTINUOUS
10
6.117074015748031
20
-5.9711560236220471
11
6.115735472440945
21
-5.964426653543307
0
LINE
8
BLACK
6
CONTINUOUS
10
6.115735472440945
20
-5.964426653543307
11
6.115735472440945
21
-5.9575654724409448
0
LINE
8
BLACK
6
CONTINUOUS
10
6.115735472440945
20
-5.9575654724409448
11
6.117074015748031
21
-5.9508361023622047
0
LINE
8
BLACK
6
CONTINUOUS
10
6.117074015748031
20
-5.9508361023622047
11
6.1196996850393699
21
-5.9444971653543304
0
LINE
8
BLACK
6
CONTINUOUS
10
6.1196996850393699
20
-5.9444971653543304
11
6.1235115748031497
21
-5.9387922834645668
0
LINE
8
BLACK
6
CONTINUOUS
10
6.1235115748031497
20
-5.9387922834645668
11
6.1283631496062991
21
-5.9339407086614173
0
LINE
8
BLACK
6
CONTINUOUS
10
6.1283631496062991
20
-5.9339407086614173
11
6.1340680314960627
21
-5.9301288188976375
0
LINE
8
BLACK
6
CONTINUOUS
10
6.1340680314960627
20
-5.9301288188976375
11
6.1404069685039371
21
-5.9275031496062986
0
LINE
8
BLACK
6
CONTINUOUS
10
6.1404069685039371
20
-5.9275031496062986
11
6.1471363385826772
21
-5.9261646062992126
0
LINE
8
BLACK
6
CONTINUOUS
10
6.1471363385826772
20
-5.9261646062992126
11
6.1539975196850394
21
-5.9261646062992126
0
LINE
8
BLACK
6
CONTINUOUS
10
6.1539975196850394
20
-5.9261646062992126
11
6.1607268897637795
21
-5.9275031496062986
0
LINE
8
BLACK
6
CONTINUOUS
10
5.7610719685039369
20
-5.779739409448819
11
5.7677876771653542
21
-5.7819214960629921
0
LINE
8
BLACK
6
CONTINUOUS
10
5.7677876771653542
20
-5.7819214960629921
11
5.7740793700787396
21
-5.7851272440944879
0
LINE
8
BLACK
6
CONTINUOUS
10
5.7740793700787396
20
-5.7851272440944879
11
5.7797920866141732
21
-5.7892777952755905
0
LINE
8
BLACK
6
CONTINUOUS
10
5.7797920866141732
20
-5.7892777952755905
11
5.7847851968503932
21
-5.7942709055118105
0
LINE
8
BLACK
6
CONTINUOUS
10
5.7847851968503932
20
-5.7942709055118105
11
5.7889357480314958
21
-5.799983622047244
0
LINE
8
BLACK
6
CONTINUOUS
10
5.7889357480314958
20
-5.799983622047244
11
5.7921414960629916
21
-5.8062753149606294
0
LINE
8
BLACK
6
CONTINUOUS
10
5.7921414960629916
20
-5.8062753149606294
11
5.7943235826771655
21
-5.8129910236220468
0
LINE
8
BLACK
6
CONTINUOUS
10
5.7943235826771655
20
-5.8129910236220468
11
5.7954282283464567
21
-5.8199653937007874
0
LINE
8
BLACK
6
CONTINUOUS
10
5.7954282283464567
20
-5.8199653937007874
11
5.7954282283464567
21
-5.8270267322834641
0
LINE
8
BLACK
6
CONTINUOUS
10
5.7954282283464567
20
-5.8270267322834641
11
5.7943235826771655
21
-5.8340011023622047
0
LINE
8
BLACK
6
CONTINUOUS
10
5.7943235826771655
20
-5.8340011023622047
11
5.7921414960629916
21
-5.8407168110236221
0
LINE
8
BLACK
6
CONTINUOUS
10
5.7921414960629916
20
-5.8407168110236221
11
5.7889357480314958
21
-5.8470085039370074
0
LINE
8
BLACK
6
CONTINUOUS
10
5.7889357480314958
20
-5.8470085039370074
11
5.7847851968503932
21
-5.852721220472441
0
LINE
8
BLACK
6
CONTINUOUS
10
5.7847851968503932
20
-5.852721220472441
11
5.7797920866141732
21
-5.857714330708661
0
LINE
8
BLACK
6
CONTINUOUS
10
5.7797920866141732
20
-5.857714330708661
11
5.7740793700787396
21
-5.8618648818897636
0
LINE
8
BLACK
6
CONTINUOUS
10
5.7740793700787396
20
-5.8618648818897636
11
5.7677876771653542
21
-5.8650706299212594
0
LINE
8
BLACK
6
CONTINUOUS
10
5.7677876771653542
20
-5.8650706299212594
11
5.7610719685039369
21
-5.8672527165354333
0
LINE
8
BLACK
6
CONTINUOUS
10
5.7610719685039369
20
-5.8672527165354333
11
5.7540975984251963
21
-5.8683573622047245
0
LINE
8
BLACK
6
CONTINUOUS
10
5.7540975984251963
20
-5.8683573622047245
11
5.7470362598425195
21
-5.8683573622047245
0
LINE
8
BLACK
6
CONTINUOUS
10
5.7470362598425195
20
-5.8683573622047245
11
5.740061889763779
21
-5.8672527165354333
0
LINE
8
BLACK
6
CONTINUOUS
10
5.740061889763779
20
-5.8672527165354333
11
5.7333461811023625
21
-5.8650706299212594
0
LINE
8
BLACK
6
CONTINUOUS
10
5.7333461811023625
20
-5.8650706299212594
11
5.7270544881889762
21
-5.8618648818897636
0
LINE
8
BLACK
6
CONTINUOUS
10
5.7270544881889762
20
-5.8618648818897636
11
5.7213417716535435
21
-5.857714330708661
0
LINE
8
BLACK
6
CONTINUOUS
10
5.7213417716535435
20
-5.857714330708661
11
5.7163486614173227
21
-5.852721220472441
0
LINE
8
BLACK
6
CONTINUOUS
10
5.7163486614173227
20
-5.852721220472441
11
5.71219811023622
21
-5.8470085039370074
0
LINE
8
BLACK
6
CONTINUOUS
10
5.71219811023622
20
-5.8470085039370074
11
5.7089923622047243
21
-5.8407168110236221
0
LINE
8
BLACK
6
CONTINUOUS
10
5.7089923622047243
20
-5.8407168110236221
11
5.7068102755905512
21
-5.8340011023622047
0
LINE
8
BLACK
6
CONTINUOUS
10
5.7068102755905512
20
-5.8340011023622047
11
5.7057056299212601
21
-5.8270267322834641
0
LINE
8
BLACK
6
CONTINUOUS
10
5.7057056299212601
20
-5.8270267322834641
11
5.7057056299212601
21
-5.8199653937007874
0
LINE
8
BLACK
6
CONTINUOUS
10
5.7057056299212601
20
-5.8199653937007874
11
5.7068102755905512
21
-5.8129910236220468
0
LINE
8
BLACK
6
CONTINUOUS
10
5.7068102755905512
20
-5.8129910236220468
11
5.7089923622047243
21
-5.8062753149606294
0
LINE
8
BLACK
6
CONTINUOUS
10
5.7089923622047243
20
-5.8062753149606294
11
5.71219811023622
21
-5.799983622047244
0
LINE
8
BLACK
6
CONTINUOUS
10
5.71219811023622
20
-5.799983622047244
11
5.7163486614173227
21
-5.7942709055118105
0
LINE
8
BLACK
6
CONTINUOUS
10
5.7163486614173227
20
-5.7942709055118105
11
5.7213417716535435
21
-5.7892777952755905
0
LINE
8
BLACK
6
CONTINUOUS
10
5.7213417716535435
20
-5.7892777952755905
11
5.7270544881889762
21
-5.7851272440944879
0
LINE
8
BLACK
6
CONTINUOUS
10
5.7270544881889762
20
-5.7851272440944879
11
5.7333461811023625
21
-5.7819214960629921
0
LINE
8
BLACK
6
CONTINUOUS
10
5.7333461811023625
20
-5.7819214960629921
11
5.740061889763779
21
-5.779739409448819
0
LINE
8
BLACK
6
CONTINUOUS
10
5.740061889763779
20
-5.779739409448819
11
5.7470362598425195
21
-5.778634763779527
0
LINE
8
BLACK
6
CONTINUOUS
10
5.7470362598425195
20
-5.778634763779527
11
5.7540975984251963
21
-5.778634763779527
0
LINE
8
BLACK
6
CONTINUOUS
10
5.7540975984251963
20
-5.778634763779527
11
5.7610719685039369
21
-5.779739409448819
0
LINE
8
BLACK
6
CONTINUOUS
10
6.3610719685039365
20
-5.779739409448819
11
6.3677876771653539
21
-5.7819214960629921
0
LINE
8
BLACK
6
CONTINUOUS
10
6.3677876771653539
20
-5.7819214960629921
11
6.3740793700787401
21
-5.7851272440944879
0
LINE
8
BLACK
6
CONTINUOUS
10
6.3740793700787401
20
-5.7851272440944879
11
6.3797920866141729
21
-5.7892777952755905
0
LINE
8
BLACK
6
CONTINUOUS
10
6.3797920866141729
20
-5.7892777952755905
11
6.3847851968503937
21
-5.7942709055118105
0
LINE
8
BLACK
6
CONTINUOUS
10
6.3847851968503937
20
-5.7942709055118105
11
6.3889357480314963
21
-5.799983622047244
0
LINE
8
BLACK
6
CONTINUOUS
10
6.3889357480314963
20
-5.799983622047244
11
6.3921414960629921
21
-5.8062753149606294
0
LINE
8
BLACK
6
CONTINUOUS
10
6.3921414960629921
20
-5.8062753149606294
11
6.3943235826771652
21
-5.8129910236220468
0
LINE
8
BLACK
6
CONTINUOUS
10
6.3943235826771652
20
-5.8129910236220468
11
6.3954282283464563
21
-5.8199653937007874
0
LINE
8
BLACK
6
CONTINUOUS
10
6.3954282283464563
20
-5.8199653937007874
11
6.3954282283464563
21
-5.8270267322834641
0
LINE
8
BLACK
6
CONTINUOUS
10
6.3954282283464563
20
-5.8270267322834641
11
6.3943235826771652
21
-5.8340011023622047
0
LINE
8
BLACK
6
CONTINUOUS
10
6.3943235826771652
20
-5.8340011023622047
11
6.3921414960629921
21
-5.8407168110236221
0
LINE
8
BLACK
6
CONTINUOUS
10
6.3921414960629921
20
-5.8407168110236221
11
6.3889357480314963
21
-5.8470085039370074
0
LINE
8
BLACK
6
CONTINUOUS
10
6.3889357480314963
20
-5.8470085039370074
11
6.3847851968503937
21
-5.852721220472441
0
LINE
8
BLACK
6
CONTINUOUS
10
6.3847851968503937
20
-5.852721220472441
11
6.3797920866141729
21
-5.857714330708661
0
LINE
8
BLACK
6
CONTINUOUS
10
6.3797920866141729
20
-5.857714330708661
11
6.3740793700787401
21
-5.8618648818897636
0
LINE
8
BLACK
6
CONTINUOUS
10
6.3740793700787401
20
-5.8618648818897636
11
6.3677876771653539
21
-5.8650706299212594
0
LINE
8
BLACK
6
CONTINUOUS
10
6.3677876771653539
20
-5.8650706299212594
11
6.3610719685039365
21
-5.8672527165354333
0
LINE
8
BLACK
6
CONTINUOUS
10
6.3610719685039365
20
-5.8672527165354333
11
6.3540975984251968
21
-5.8683573622047245
0
LINE
8
BLACK
6
CONTINUOUS
10
6.3540975984251968
20
-5.8683573622047245
11
6.3470362598425192
21
-5.8683573622047245
0
LINE
8
BLACK
6
CONTINUOUS
10
6.3470362598425192
20
-5.8683573622047245
11
6.3400618897637795
21
-5.8672527165354333
0
LINE
8
BLACK
6
CONTINUOUS
10
6.3400618897637795
20
-5.8672527165354333
11
6.3333461811023621
21
-5.8650706299212594
0
LINE
8
BLACK
6
CONTINUOUS
10
6.3333461811023621
20
-5.8650706299212594
11
6.3270544881889759
21
-5.8618648818897636
0
LINE
8
BLACK
6
CONTINUOUS
10
6.3270544881889759
20
-5.8618648818897636
11
6.3213417716535432
21
-5.857714330708661
0
LINE
8
BLACK
6
CONTINUOUS
10
6.3213417716535432
20
-5.857714330708661
11
6.3163486614173223
21
-5.852721220472441
0
LINE
8
BLACK
6
CONTINUOUS
10
6.3163486614173223
20
-5.852721220472441
11
6.3121981102362206
21
-5.8470085039370074
0
LINE
8
BLACK
6
CONTINUOUS
10
6.3121981102362206
20
-5.8470085039370074
11
6.3089923622047239
21
-5.8407168110236221
0
LINE
8
BLACK
6
CONTINUOUS
10
6.3089923622047239
20
-5.8407168110236221
11
6.3068102755905509
21
-5.8340011023622047
0
LINE
8
BLACK
6
CONTINUOUS
10
6.3068102755905509
20
-5.8340011023622047
11
6.3057056299212597
21
-5.8270267322834641
0
LINE
8
BLACK
6
CONTINUOUS
10
6.3057056299212597
20
-5.8270267322834641
11
6.3057056299212597
21
-5.8199653937007874
0
LINE
8
BLACK
6
CONTINUOUS
10
6.3057056299212597
20
-5.8199653937007874
11
6.3068102755905509
21
-5.8129910236220468
0
LINE
8
BLACK
6
CONTINUOUS
10
6.3068102755905509
20
-5.8129910236220468
11
6.3089923622047239
21
-5.8062753149606294
0
LINE
8
BLACK
6
CONTINUOUS
10
6.3089923622047239
20
-5.8062753149606294
11
6.3121981102362206
21
-5.799983622047244
0
LINE
8
BLACK
6
CONTINUOUS
10
6.3121981102362206
20
-5.799983622047244
11
6.3163486614173223
21
-5.7942709055118105
0
LINE
8
BLACK
6
CONTINUOUS
10
6.3163486614173223
20
-5.7942709055118105
11
6.3213417716535432
21
-5.7892777952755905
0
LINE
8
BLACK
6
CONTINUOUS
10
6.3213417716535432
20
-5.7892777952755905
11
6.3270544881889759
21
-5.7851272440944879
0
LINE
8
BLACK
6
CONTINUOUS
10
6.3270544881889759
20
-5.7851272440944879
11
6.3333461811023621
21
-5.7819214960629921
0
LINE
8
BLACK
6
CONTINUOUS
10
6.3333461811023621
20
-5.7819214960629921
11
6.3400618897637795
21
-5.779739409448819
0
LINE
8
BLACK
6
CONTINUOUS
10
6.3400618897637795
20
-5.779739409448819
11
6.3470362598425192
21
-5.778634763779527
0
LINE
8
BLACK
6
CONTINUOUS
10
6.3470362598425192
20
-5.778634763779527
11
6.3540975984251968
21
-5.778634763779527
0
LINE
8
BLACK
6
CONTINUOUS
10
6.3540975984251968
20
-5.778634763779527
11
6.3610719685039365
21
-5.779739409448819
0
LINE
8
BLACK
6
CONTINUOUS
10
5.6607268897637795
20
-5.6275031496062988
11
5.6670658267716538
21
-5.6301288188976377
0
LINE
8
BLACK
6
CONTINUOUS
10
5.6670658267716538
20
-5.6301288188976377
11
5.6727707086614174
21
-5.6339407086614175
0
LINE
8
BLACK
6
CONTINUOUS
10
5.6727707086614174
20
-5.6339407086614175
11
5.6776222834645669
21
-5.638792283464567
0
LINE
8
BLACK
6
CONTINUOUS
10
5.6776222834645669
20
-5.638792283464567
11
5.6814341732283467
21
-5.6444971653543305
0
LINE
8
BLACK
6
CONTINUOUS
10
5.6814341732283467
20
-5.6444971653543305
11
5.6840598425196847
21
-5.6508361023622049
0
LINE
8
BLACK
6
CONTINUOUS
10
5.6840598425196847
20
-5.6508361023622049
11
5.6853983858267716
21
-5.657565472440945
0
LINE
8
BLACK
6
CONTINUOUS
10
5.6853983858267716
20
-5.657565472440945
11
5.6853983858267716
21
-5.6644266535433072
0
LINE
8
BLACK
6
CONTINUOUS
10
5.6853983858267716
20
-5.6644266535433072
11
5.6840598425196847
21
-5.6711560236220473
0
LINE
8
BLACK
6
CONTINUOUS
10
5.6840598425196847
20
-5.6711560236220473
11
5.6814341732283467
21
-5.6774949606299208
0
LINE
8
BLACK
6
CONTINUOUS
10
5.6814341732283467
20
-5.6774949606299208
11
5.6776222834645669
21
-5.6831998425196852
0
LINE
8
BLACK
6
CONTINUOUS
10
5.6776222834645669
20
-5.6831998425196852
11
5.6727707086614174
21
-5.6880514173228347
0
LINE
8
BLACK
6
CONTINUOUS
10
5.6727707086614174
20
-5.6880514173228347
11
5.6670658267716538
21
-5.6918633070866145
0
LINE
8
BLACK
6
CONTINUOUS
10
5.6670658267716538
20
-5.6918633070866145
11
5.6607268897637795
21
-5.6944889763779525
0
LINE
8
BLACK
6
CONTINUOUS
10
5.6607268897637795
20
-5.6944889763779525
11
5.6539975196850394
21
-5.6958275196850394
0
LINE
8
BLACK
6
CONTINUOUS
10
5.6539975196850394
20
-5.6958275196850394
11
5.6471363385826772
21
-5.6958275196850394
0
LINE
8
BLACK
6
CONTINUOUS
10
5.6471363385826772
20
-5.6958275196850394
11
5.6404069685039371
21
-5.6944889763779525
0
LINE
8
BLACK
6
CONTINUOUS
10
5.6404069685039371
20
-5.6944889763779525
11
5.6340680314960627
21
-5.6918633070866145
0
LINE
8
BLACK
6
CONTINUOUS
10
5.6340680314960627
20
-5.6918633070866145
11
5.6283631496062991
21
-5.6880514173228347
0
LINE
8
BLACK
6
CONTINUOUS
10
5.6283631496062991
20
-5.6880514173228347
11
5.6235115748031497
21
-5.6831998425196852
0
LINE
8
BLACK
6
CONTINUOUS
10
5.6235115748031497
20
-5.6831998425196852
11
5.6196996850393699
21
-5.6774949606299208
0
LINE
8
BLACK
6
CONTINUOUS
10
5.6196996850393699
20
-5.6774949606299208
11
5.617074015748031
21
-5.6711560236220473
0
LINE
8
BLACK
6
CONTINUOUS
10
5.617074015748031
20
-5.6711560236220473
11
5.615735472440945
21
-5.6644266535433072
0
LINE
8
BLACK
6
CONTINUOUS
10
5.615735472440945
20
-5.6644266535433072
11
5.615735472440945
21
-5.657565472440945
0
LINE
8
BLACK
6
CONTINUOUS
10
5.615735472440945
20
-5.657565472440945
11
5.617074015748031
21
-5.6508361023622049
0
LINE
8
BLACK
6
CONTINUOUS
10
5.617074015748031
20
-5.6508361023622049
11
5.6196996850393699
21
-5.6444971653543305
0
LINE
8
BLACK
6
CONTINUOUS
10
5.6196996850393699
20
-5.6444971653543305
11
5.6235115748031497
21
-5.638792283464567
0
LINE
8
BLACK
6
CONTINUOUS
10
5.6235115748031497
20
-5.638792283464567
11
5.6283631496062991
21
-5.6339407086614175
0
LINE
8
BLACK
6
CONTINUOUS
10
5.6283631496062991
20
-5.6339407086614175
11
5.6340680314960627
21
-5.6301288188976377
0
LINE
8
BLACK
6
CONTINUOUS
10
5.6340680314960627
20
-5.6301288188976377
11
5.6404069685039371
21
-5.6275031496062988
0
LINE
8
BLACK
6
CONTINUOUS
10
5.6404069685039371
20
-5.6275031496062988
11
5.6471363385826772
21
-5.6261646062992128
0
LINE
8
BLACK
6
CONTINUOUS
10
5.6471363385826772
20
-5.6261646062992128
11
5.6539975196850394
21
-5.6261646062992128
0
LINE
8
BLACK
6
CONTINUOUS
10
5.6539975196850394
20
-5.6261646062992128
11
5.6607268897637795
21
-5.6275031496062988
0
LINE
8
BLACK
6
CONTINUOUS
10
5.6607268897637795
20
-5.5275031496062992
11
5.6670658267716538
21
-5.5301288188976381
0
LINE
8
BLACK
6
CONTINUOUS
10
5.6670658267716538
20
-5.5301288188976381
11
5.6727707086614174
21
-5.533940708661417
0
LINE
8
BLACK
6
CONTINUOUS
10
5.6727707086614174
20
-5.533940708661417
11
5.6776222834645669
21
-5.5387922834645664
0
LINE
8
BLACK
6
CONTINUOUS
10
5.6776222834645669
20
-5.5387922834645664
11
5.6814341732283467
21
-5.5444971653543309
0
LINE
8
BLACK
6
CONTINUOUS
10
5.6814341732283467
20
-5.5444971653543309
11
5.6840598425196847
21
-5.5508361023622044
0
LINE
8
BLACK
6
CONTINUOUS
10
5.6840598425196847
20
-5.5508361023622044
11
5.6853983858267716
21
-5.5575654724409445
0
LINE
8
BLACK
6
CONTINUOUS
10
5.6853983858267716
20
-5.5575654724409445
11
5.6853983858267716
21
-5.5644266535433067
0
LINE
8
BLACK
6
CONTINUOUS
10
5.6853983858267716
20
-5.5644266535433067
11
5.6840598425196847
21
-5.5711560236220468
0
LINE
8
BLACK
6
CONTINUOUS
10
5.6840598425196847
20
-5.5711560236220468
11
5.6814341732283467
21
-5.5774949606299211
0
LINE
8
BLACK
6
CONTINUOUS
10
5.6814341732283467
20
-5.5774949606299211
11
5.6776222834645669
21
-5.5831998425196847
0
LINE
8
BLACK
6
CONTINUOUS
10
5.6776222834645669
20
-5.5831998425196847
11
5.6727707086614174
21
-5.5880514173228342
0
LINE
8
BLACK
6
CONTINUOUS
10
5.6727707086614174
20
-5.5880514173228342
11
5.6670658267716538
21
-5.5918633070866139
0
LINE
8
BLACK
6
CONTINUOUS
10
5.6670658267716538
20
-5.5918633070866139
11
5.6607268897637795
21
-5.5944889763779528
0
LINE
8
BLACK
6
CONTINUOUS
10
5.6607268897637795
20
-5.5944889763779528
11
5.6539975196850394
21
-5.5958275196850389
0
LINE
8
BLACK
6
CONTINUOUS
10
5.6539975196850394
20
-5.5958275196850389
11
5.6471363385826772
21
-5.5958275196850389
0
LINE
8
BLACK
6
CONTINUOUS
10
5.6471363385826772
20
-5.5958275196850389
11
5.6404069685039371
21
-5.5944889763779528
0
LINE
8
BLACK
6
CONTINUOUS
10
5.6404069685039371
20
-5.5944889763779528
11
5.6340680314960627
21
-5.5918633070866139
0
LINE
8
BLACK
6
CONTINUOUS
10
5.6340680314960627
20
-5.5918633070866139
11
5.6283631496062991
21
-5.5880514173228342
0
LINE
8
BLACK
6
CONTINUOUS
10
5.6283631496062991
20
-5.5880514173228342
11
5.6235115748031497
21
-5.5831998425196847
0
LINE
8
BLACK
6
CONTINUOUS
10
5.6235115748031497
20
-5.5831998425196847
11
5.6196996850393699
21
-5.5774949606299211
0
LINE
8
BLACK
6
CONTINUOUS
10
5.6196996850393699
20
-5.5774949606299211
11
5.617074015748031
21
-5.5711560236220468
0
LINE
8
BLACK
6
CONTINUOUS
10
5.617074015748031
20
-5.5711560236220468
11
5.615735472440945
21
-5.5644266535433067
0
LINE
8
BLACK
6
CONTINUOUS
10
5.615735472440945
20
-5.5644266535433067
11
5.615735472440945
21
-5.5575654724409445
0
LINE
8
BLACK
6
CONTINUOUS
10
5.615735472440945
20
-5.5575654724409445
11
5.617074015748031
21
-5.5508361023622044
0
LINE
8
BLACK
6
CONTINUOUS
10
5.617074015748031
20
-5.5508361023622044
11
5.6196996850393699
21
-5.5444971653543309
0
LINE
8
BLACK
6
CONTINUOUS
10
5.6196996850393699
20
-5.5444971653543309
11
5.6235115748031497
21
-5.5387922834645664
0
LINE
8
BLACK
6
CONTINUOUS
10
5.6235115748031497
20
-5.5387922834645664
11
5.6283631496062991
21
-5.533940708661417
0
LINE
8
BLACK
6
CONTINUOUS
10
5.6283631496062991
20
-5.533940708661417
11
5.6340680314960627
21
-5.5301288188976381
0
LINE
8
BLACK
6
CONTINUOUS
10
5.6340680314960627
20
-5.5301288188976381
11
5.6404069685039371
21
-5.5275031496062992
0
LINE
8
BLACK
6
CONTINUOUS
10
5.6404069685039371
20
-5.5275031496062992
11
5.6471363385826772
21
-5.5261646062992122
0
LINE
8
BLACK
6
CONTINUOUS
10
5.6471363385826772
20
-5.5261646062992122
11
5.6539975196850394
21
-5.5261646062992122
0
LINE
8
BLACK
6
CONTINUOUS
10
5.6539975196850394
20
-5.5261646062992122
11
5.6607268897637795
21
-5.5275031496062992
0
LINE
8
BLACK
6
CONTINUOUS
10
5.6607268897637795
20
-5.4275031496062986
11
5.6670658267716538
21
-5.4301288188976375
0
LINE
8
BLACK
6
CONTINUOUS
10
5.6670658267716538
20
-5.4301288188976375
11
5.6727707086614174
21
-5.4339407086614173
0
LINE
8
BLACK
6
CONTINUOUS
10
5.6727707086614174
20
-5.4339407086614173
11
5.6776222834645669
21
-5.4387922834645668
0
LINE
8
BLACK
6
CONTINUOUS
10
5.6776222834645669
20
-5.4387922834645668
11
5.6814341732283467
21
-5.4444971653543304
0
LINE
8
BLACK
6
CONTINUOUS
10
5.6814341732283467
20
-5.4444971653543304
11
5.6840598425196847
21
-5.4508361023622047
0
LINE
8
BLACK
6
CONTINUOUS
10
5.6840598425196847
20
-5.4508361023622047
11
5.6853983858267716
21
-5.4575654724409448
0
LINE
8
BLACK
6
CONTINUOUS
10
5.6853983858267716
20
-5.4575654724409448
11
5.6853983858267716
21
-5.464426653543307
0
LINE
8
BLACK
6
CONTINUOUS
10
5.6853983858267716
20
-5.464426653543307
11
5.6840598425196847
21
-5.4711560236220471
0
LINE
8
BLACK
6
CONTINUOUS
10
5.6840598425196847
20
-5.4711560236220471
11
5.6814341732283467
21
-5.4774949606299215
0
LINE
8
BLACK
6
CONTINUOUS
10
5.6814341732283467
20
-5.4774949606299215
11
5.6776222834645669
21
-5.4831998425196851
0
LINE
8
BLACK
6
CONTINUOUS
10
5.6776222834645669
20
-5.4831998425196851
11
5.6727707086614174
21
-5.4880514173228345
0
LINE
8
BLACK
6
CONTINUOUS
10
5.6727707086614174
20
-5.4880514173228345
11
5.6670658267716538
21
-5.4918633070866143
0
LINE
8
BLACK
6
CONTINUOUS
10
5.6670658267716538
20
-5.4918633070866143
11
5.6607268897637795
21
-5.4944889763779523
0
LINE
8
BLACK
6
CONTINUOUS
10
5.6607268897637795
20
-5.4944889763779523
11
5.6539975196850394
21
-5.4958275196850392
0
LINE
8
BLACK
6
CONTINUOUS
10
5.6539975196850394
20
-5.4958275196850392
11
5.6471363385826772
21
-5.4958275196850392
0
LINE
8
BLACK
6
CONTINUOUS
10
5.6471363385826772
20
-5.4958275196850392
11
5.6404069685039371
21
-5.4944889763779523
0
LINE
8
BLACK
6
CONTINUOUS
10
5.6404069685039371
20
-5.4944889763779523
11
5.6340680314960627
21
-5.4918633070866143
0
LINE
8
BLACK
6
CONTINUOUS
10
5.6340680314960627
20
-5.4918633070866143
11
5.6283631496062991
21
-5.4880514173228345
0
LINE
8
BLACK
6
CONTINUOUS
10
5.6283631496062991
20
-5.4880514173228345
11
5.6235115748031497
21
-5.4831998425196851
0
LINE
8
BLACK
6
CONTINUOUS
10
5.6235115748031497
20
-5.4831998425196851
11
5.6196996850393699
21
-5.4774949606299215
0
LINE
8
BLACK
6
CONTINUOUS
10
5.6196996850393699
20
-5.4774949606299215
11
5.617074015748031
21
-5.4711560236220471
0
LINE
8
BLACK
6
CONTINUOUS
10
5.617074015748031
20
-5.4711560236220471
11
5.615735472440945
21
-5.464426653543307
0
LINE
8
BLACK
6
CONTINUOUS
10
5.615735472440945
20
-5.464426653543307
11
5.615735472440945
21
-5.4575654724409448
0
LINE
8
BLACK
6
CONTINUOUS
10
5.615735472440945
20
-5.4575654724409448
11
5.617074015748031
21
-5.4508361023622047
0
LINE
8
BLACK
6
CONTINUOUS
10
5.617074015748031
20
-5.4508361023622047
11
5.6196996850393699
21
-5.4444971653543304
0
LINE
8
BLACK
6
CONTINUOUS
10
5.6196996850393699
20
-5.4444971653543304
11
5.6235115748031497
21
-5.4387922834645668
0
LINE
8
BLACK
6
CONTINUOUS
10
5.6235115748031497
20
-5.4387922834645668
11
5.6283631496062991
21
-5.4339407086614173
0
LINE
8
BLACK
6
CONTINUOUS
10
5.6283631496062991
20
-5.4339407086614173
11
5.6340680314960627
21
-5.4301288188976375
0
LINE
8
BLACK
6
CONTINUOUS
10
5.6340680314960627
20
-5.4301288188976375
11
5.6404069685039371
21
-5.4275031496062986
0
LINE
8
BLACK
6
CONTINUOUS
10
5.6404069685039371
20
-5.4275031496062986
11
5.6471363385826772
21
-5.4261646062992126
0
LINE
8
BLACK
6
CONTINUOUS
10
5.6471363385826772
20
-5.4261646062992126
11
5.6539975196850394
21
-5.4261646062992126
0
LINE
8
BLACK
6
CONTINUOUS
10
5.6539975196850394
20
-5.4261646062992126
11
5.6607268897637795
21
-5.4275031496062986
0
LINE
8
BLACK
6
CONTINUOUS
10
5.7610719685039369
20
-5.2547394094488187
11
5.7677876771653542
21
-5.2569214960629917
0
LINE
8
BLACK
6
CONTINUOUS
10
5.7677876771653542
20
-5.2569214960629917
11
5.7740793700787396
21
-5.2601272440944884
0
LINE
8
BLACK
6
CONTINUOUS
10
5.7740793700787396
20
-5.2601272440944884
11
5.7797920866141732
21
-5.2642777952755901
0
LINE
8
BLACK
6
CONTINUOUS
10
5.7797920866141732
20
-5.2642777952755901
11
5.7847851968503932
21
-5.269270905511811
0
LINE
8
BLACK
6
CONTINUOUS
10
5.7847851968503932
20
-5.269270905511811
11
5.7889357480314958
21
-5.2749836220472437
0
LINE
8
BLACK
6
CONTINUOUS
10
5.7889357480314958
20
-5.2749836220472437
11
5.7921414960629916
21
-5.28127531496063
0
LINE
8
BLACK
6
CONTINUOUS
10
5.7921414960629916
20
-5.28127531496063
11
5.7943235826771655
21
-5.2879910236220473
0
LINE
8
BLACK
6
CONTINUOUS
10
5.7943235826771655
20
-5.2879910236220473
11
5.7954282283464567
21
-5.294965393700787
0
LINE
8
BLACK
6
CONTINUOUS
10
5.7954282283464567
20
-5.294965393700787
11
5.7954282283464567
21
-5.3020267322834647
0
LINE
8
BLACK
6
CONTINUOUS
10
5.7954282283464567
20
-5.3020267322834647
11
5.7943235826771655
21
-5.3090011023622043
0
LINE
8
BLACK
6
CONTINUOUS
10
5.7943235826771655
20
-5.3090011023622043
11
5.7921414960629916
21
-5.3157168110236217
0
LINE
8
BLACK
6
CONTINUOUS
10
5.7921414960629916
20
-5.3157168110236217
11
5.7889357480314958
21
-5.322008503937008
0
LINE
8
BLACK
6
CONTINUOUS
10
5.7889357480314958
20
-5.322008503937008
11
5.7847851968503932
21
-5.3277212204724407
0
LINE
8
BLACK
6
CONTINUOUS
10
5.7847851968503932
20
-5.3277212204724407
11
5.7797920866141732
21
-5.3327143307086615
0
LINE
8
BLACK
6
CONTINUOUS
10
5.7797920866141732
20
-5.3327143307086615
11
5.7740793700787396
21
-5.3368648818897633
0
LINE
8
BLACK
6
CONTINUOUS
10
5.7740793700787396
20
-5.3368648818897633
11
5.7677876771653542
21
-5.3400706299212599
0
LINE
8
BLACK
6
CONTINUOUS
10
5.7677876771653542
20
-5.3400706299212599
11
5.7610719685039369
21
-5.342252716535433
0
LINE
8
BLACK
6
CONTINUOUS
10
5.7610719685039369
20
-5.342252716535433
11
5.7540975984251963
21
-5.3433573622047241
0
LINE
8
BLACK
6
CONTINUOUS
10
5.7540975984251963
20
-5.3433573622047241
11
5.7470362598425195
21
-5.3433573622047241
0
LINE
8
BLACK
6
CONTINUOUS
10
5.7470362598425195
20
-5.3433573622047241
11
5.740061889763779
21
-5.342252716535433
0
LINE
8
BLACK
6
CONTINUOUS
10
5.740061889763779
20
-5.342252716535433
11
5.7333461811023625
21
-5.3400706299212599
0
LINE
8
BLACK
6
CONTINUOUS
10
5.7333461811023625
20
-5.3400706299212599
11
5.7270544881889762
21
-5.3368648818897633
0
LINE
8
BLACK
6
CONTINUOUS
10
5.7270544881889762
20
-5.3368648818897633
11
5.7213417716535435
21
-5.3327143307086615
0
LINE
8
BLACK
6
CONTINUOUS
10
5.7213417716535435
20
-5.3327143307086615
11
5.7163486614173227
21
-5.3277212204724407
0
LINE
8
BLACK
6
CONTINUOUS
10
5.7163486614173227
20
-5.3277212204724407
11
5.71219811023622
21
-5.322008503937008
0
LINE
8
BLACK
6
CONTINUOUS
10
5.71219811023622
20
-5.322008503937008
11
5.7089923622047243
21
-5.3157168110236217
0
LINE
8
BLACK
6
CONTINUOUS
10
5.7089923622047243
20
-5.3157168110236217
11
5.7068102755905512
21
-5.3090011023622043
0
LINE
8
BLACK
6
CONTINUOUS
10
5.7068102755905512
20
-5.3090011023622043
11
5.7057056299212601
21
-5.3020267322834647
0
LINE
8
BLACK
6
CONTINUOUS
10
5.7057056299212601
20
-5.3020267322834647
11
5.7057056299212601
21
-5.294965393700787
0
LINE
8
BLACK
6
CONTINUOUS
10
5.7057056299212601
20
-5.294965393700787
11
5.7068102755905512
21
-5.2879910236220473
0
LINE
8
BLACK
6
CONTINUOUS
10
5.7068102755905512
20
-5.2879910236220473
11
5.7089923622047243
21
-5.28127531496063
0
LINE
8
BLACK
6
CONTINUOUS
10
5.7089923622047243
20
-5.28127531496063
11
5.71219811023622
21
-5.2749836220472437
0
LINE
8
BLACK
6
CONTINUOUS
10
5.71219811023622
20
-5.2749836220472437
11
5.7163486614173227
21
-5.269270905511811
0
LINE
8
BLACK
6
CONTINUOUS
10
5.7163486614173227
20
-5.269270905511811
11
5.7213417716535435
21
-5.2642777952755901
0
LINE
8
BLACK
6
CONTINUOUS
10
5.7213417716535435
20
-5.2642777952755901
11
5.7270544881889762
21
-5.2601272440944884
0
LINE
8
BLACK
6
CONTINUOUS
10
5.7270544881889762
20
-5.2601272440944884
11
5.7333461811023625
21
-5.2569214960629917
0
LINE
8
BLACK
6
CONTINUOUS
10
5.7333461811023625
20
-5.2569214960629917
11
5.740061889763779
21
-5.2547394094488187
0
LINE
8
BLACK
6
CONTINUOUS
10
5.740061889763779
20
-5.2547394094488187
11
5.7470362598425195
21
-5.2536347637795275
0
LINE
8
BLACK
6
CONTINUOUS
10
5.7470362598425195
20
-5.2536347637795275
11
5.7540975984251963
21
-5.2536347637795275
0
LINE
8
BLACK
6
CONTINUOUS
10
5.7540975984251963
20
-5.2536347637795275
11
5.7610719685039369
21
-5.2547394094488187
0
LINE
8
BLACK
6
CONTINUOUS
10
6.3610719685039365
20
-5.2547394094488187
11
6.3677876771653539
21
-5.2569214960629917
0
LINE
8
BLACK
6
CONTINUOUS
10
6.3677876771653539
20
-5.2569214960629917
11
6.3740793700787401
21
-5.2601272440944884
0
LINE
8
BLACK
6
CONTINUOUS
10
6.3740793700787401
20
-5.2601272440944884
11
6.3797920866141729
21
-5.2642777952755901
0
LINE
8
BLACK
6
CONTINUOUS
10
6.3797920866141729
20
-5.2642777952755901
11
6.3847851968503937
21
-5.269270905511811
0
LINE
8
BLACK
6
CONTINUOUS
10
6.3847851968503937
20
-5.269270905511811
11
6.3889357480314963
21
-5.2749836220472437
0
LINE
8
BLACK
6
CONTINUOUS
10
6.3889357480314963
20
-5.2749836220472437
11
6.3921414960629921
21
-5.28127531496063
0
LINE
8
BLACK
6
CONTINUOUS
10
6.3921414960629921
20
-5.28127531496063
11
6.3943235826771652
21
-5.2879910236220473
0
LINE
8
BLACK
6
CONTINUOUS
10
6.3943235826771652
20
-5.2879910236220473
11
6.3954282283464563
21
-5.294965393700787
0
LINE
8
BLACK
6
CONTINUOUS
10
6.3954282283464563
20
-5.294965393700787
11
6.3954282283464563
21
-5.3020267322834647
0
LINE
8
BLACK
6
CONTINUOUS
10
6.3954282283464563
20
-5.3020267322834647
11
6.3943235826771652
21
-5.3090011023622043
0
LINE
8
BLACK
6
CONTINUOUS
10
6.3943235826771652
20
-5.3090011023622043
11
6.3921414960629921
21
-5.3157168110236217
0
LINE
8
BLACK
6
CONTINUOUS
10
6.3921414960629921
20
-5.3157168110236217
11
6.3889357480314963
21
-5.322008503937008
0
LINE
8
BLACK
6
CONTINUOUS
10
6.3889357480314963
20
-5.322008503937008
11
6.3847851968503937
21
-5.3277212204724407
0
LINE
8
BLACK
6
CONTINUOUS
10
6.3847851968503937
20
-5.3277212204724407
11
6.3797920866141729
21
-5.3327143307086615
0
LINE
8
BLACK
6
CONTINUOUS
10
6.3797920866141729
20
-5.3327143307086615
11
6.3740793700787401
21
-5.3368648818897633
0
LINE
8
BLACK
6
CONTINUOUS
10
6.3740793700787401
20
-5.3368648818897633
11
6.3677876771653539
21
-5.3400706299212599
0
LINE
8
BLACK
6
CONTINUOUS
10
6.3677876771653539
20
-5.3400706299212599
11
6.3610719685039365
21
-5.342252716535433
0
LINE
8
BLACK
6
CONTINUOUS
10
6.3610719685039365
20
-5.342252716535433
11
6.3540975984251968
21
-5.3433573622047241
0
LINE
8
BLACK
6
CONTINUOUS
10
6.3540975984251968
20
-5.3433573622047241
11
6.3470362598425192
21
-5.3433573622047241
0
LINE
8
BLACK
6
CONTINUOUS
10
6.3470362598425192
20
-5.3433573622047241
11
6.3400618897637795
21
-5.342252716535433
0
LINE
8
BLACK
6
CONTINUOUS
10
6.3400618897637795
20
-5.342252716535433
11
6.3333461811023621
21
-5.3400706299212599
0
LINE
8
BLACK
6
CONTINUOUS
10
6.3333461811023621
20
-5.3400706299212599
11
6.3270544881889759
21
-5.3368648818897633
0
LINE
8
BLACK
6
CONTINUOUS
10
6.3270544881889759
20
-5.3368648818897633
11
6.3213417716535432
21
-5.3327143307086615
0
LINE
8
BLACK
6
CONTINUOUS
10
6.3213417716535432
20
-5.3327143307086615
11
6.3163486614173223
21
-5.3277212204724407
0
LINE
8
BLACK
6
CONTINUOUS
10
6.3163486614173223
20
-5.3277212204724407
11
6.3121981102362206
21
-5.322008503937008
0
LINE
8
BLACK
6
CONTINUOUS
10
6.3121981102362206
20
-5.322008503937008
11
6.3089923622047239
21
-5.3157168110236217
0
LINE
8
BLACK
6
CONTINUOUS
10
6.3089923622047239
20
-5.3157168110236217
11
6.3068102755905509
21
-5.3090011023622043
0
LINE
8
BLACK
6
CONTINUOUS
10
6.3068102755905509
20
-5.3090011023622043
11
6.3057056299212597
21
-5.3020267322834647
0
LINE
8
BLACK
6
CONTINUOUS
10
6.3057056299212597
20
-5.3020267322834647
11
6.3057056299212597
21
-5.294965393700787
0
LINE
8
BLACK
6
CONTINUOUS
10
6.3057056299212597
20
-5.294965393700787
11
6.3068102755905509
21
-5.2879910236220473
0
LINE
8
BLACK
6
CONTINUOUS
10
6.3068102755905509
20
-5.2879910236220473
11
6.3089923622047239
21
-5.28127531496063
0
LINE
8
BLACK
6
CONTINUOUS
10
6.3089923622047239
20
-5.28127531496063
11
6.3121981102362206
21
-5.2749836220472437
0
LINE
8
BLACK
6
CONTINUOUS
10
6.3121981102362206
20
-5.2749836220472437
11
6.3163486614173223
21
-5.269270905511811
0
LINE
8
BLACK
6
CONTINUOUS
10
6.3163486614173223
20
-5.269270905511811
11
6.3213417716535432
21
-5.2642777952755901
0
LINE
8
BLACK
6
CONTINUOUS
10
6.3213417716535432
20
-5.2642777952755901
11
6.3270544881889759
21
-5.2601272440944884
0
LINE
8
BLACK
6
CONTINUOUS
10
6.3270544881889759
20
-5.2601272440944884
11
6.3333461811023621
21
-5.2569214960629917
0
LINE
8
BLACK
6
CONTINUOUS
10
6.3333461811023621
20
-5.2569214960629917
11
6.3400618897637795
21
-5.2547394094488187
0
LINE
8
BLACK
6
CONTINUOUS
10
6.3400618897637795
20
-5.2547394094488187
11
6.3470362598425192
21
-5.2536347637795275
0
LINE
8
BLACK
6
CONTINUOUS
10
6.3470362598425192
20
-5.2536347637795275
11
6.3540975984251968
21
-5.2536347637795275
0
LINE
8
BLACK
6
CONTINUOUS
10
6.3540975984251968
20
-5.2536347637795275
11
6.3610719685039365
21
-5.2547394094488187
0
LINE
8
BLACK
6
CONTINUOUS
10
5.9357268897637798
20
-5.2275031496062994
11
5.9420658267716533
21
-5.2301288188976374
0
LINE
8
BLACK
6
CONTINUOUS
10
5.9420658267716533
20
-5.2301288188976374
11
5.9477707086614169
21
-5.2339407086614171
0
LINE
8
BLACK
6
CONTINUOUS
10
5.9477707086614169
20
-5.2339407086614171
11
5.9526222834645672
21
-5.2387922834645666
0
LINE
8
BLACK
6
CONTINUOUS
10
5.9526222834645672
20
-5.2387922834645666
11
5.9564341732283461
21
-5.2444971653543302
0
LINE
8
BLACK
6
CONTINUOUS
10
5.9564341732283461
20
-5.2444971653543302
11
5.959059842519685
21
-5.2508361023622045
0
LINE
8
BLACK
6
CONTINUOUS
10
5.959059842519685
20
-5.2508361023622045
11
5.9603983858267719
21
-5.2575654724409446
0
LINE
8
BLACK
6
CONTINUOUS
10
5.9603983858267719
20
-5.2575654724409446
11
5.9603983858267719
21
-5.2644266535433069
0
LINE
8
BLACK
6
CONTINUOUS
10
5.9603983858267719
20
-5.2644266535433069
11
5.959059842519685
21
-5.2711560236220469
0
LINE
8
BLACK
6
CONTINUOUS
10
5.959059842519685
20
-5.2711560236220469
11
5.9564341732283461
21
-5.2774949606299213
0
LINE
8
BLACK
6
CONTINUOUS
10
5.9564341732283461
20
-5.2774949606299213
11
5.9526222834645672
21
-5.2831998425196849
0
LINE
8
BLACK
6
CONTINUOUS
10
5.9526222834645672
20
-5.2831998425196849
11
5.9477707086614169
21
-5.2880514173228343
0
LINE
8
BLACK
6
CONTINUOUS
10
5.9477707086614169
20
-5.2880514173228343
11
5.9420658267716533
21
-5.2918633070866141
0
LINE
8
BLACK
6
CONTINUOUS
10
5.9420658267716533
20
-5.2918633070866141
11
5.9357268897637798
21
-5.294488976377953
0
LINE
8
BLACK
6
CONTINUOUS
10
5.9357268897637798
20
-5.294488976377953
11
5.9289975196850389
21
-5.2958275196850391
0
LINE
8
BLACK
6
CONTINUOUS
10
5.9289975196850389
20
-5.2958275196850391
11
5.9221363385826766
21
-5.2958275196850391
0
LINE
8
BLACK
6
CONTINUOUS
10
5.9221363385826766
20
-5.2958275196850391
11
5.9154069685039365
21
-5.294488976377953
0
LINE
8
BLACK
6
CONTINUOUS
10
5.9154069685039365
20
-5.294488976377953
11
5.9090680314960631
21
-5.2918633070866141
0
LINE
8
BLACK
6
CONTINUOUS
10
5.9090680314960631
20
-5.2918633070866141
11
5.9033631496062995
21
-5.2880514173228343
0
LINE
8
BLACK
6
CONTINUOUS
10
5.9033631496062995
20
-5.2880514173228343
11
5.8985115748031491
21
-5.2831998425196849
0
LINE
8
BLACK
6
CONTINUOUS
10
5.8985115748031491
20
-5.2831998425196849
11
5.8946996850393703
21
-5.2774949606299213
0
LINE
8
BLACK
6
CONTINUOUS
10
5.8946996850393703
20
-5.2774949606299213
11
5.8920740157480314
21
-5.2711560236220469
0
LINE
8
BLACK
6
CONTINUOUS
10
5.8920740157480314
20
-5.2711560236220469
11
5.8907354724409444
21
-5.2644266535433069
0
LINE
8
BLACK
6
CONTINUOUS
10
5.8907354724409444
20
-5.2644266535433069
11
5.8907354724409444
21
-5.2575654724409446
0
LINE
8
BLACK
6
CONTINUOUS
10
5.8907354724409444
20
-5.2575654724409446
11
5.8920740157480314
21
-5.2508361023622045
0
LINE
8
BLACK
6
CONTINUOUS
10
5.8920740157480314
20
-5.2508361023622045
11
5.8946996850393703
21
-5.2444971653543302
0
LINE
8
BLACK
6
CONTINUOUS
10
5.8946996850393703
20
-5.2444971653543302
11
5.8985115748031491
21
-5.2387922834645666
0
LINE
8
BLACK
6
CONTINUOUS
10
5.8985115748031491
20
-5.2387922834645666
11
5.9033631496062995
21
-5.2339407086614171
0
LINE
8
BLACK
6
CONTINUOUS
10
5.9033631496062995
20
-5.2339407086614171
11
5.9090680314960631
21
-5.2301288188976374
0
LINE
8
BLACK
6
CONTINUOUS
10
5.9090680314960631
20
-5.2301288188976374
11
5.9154069685039365
21
-5.2275031496062994
0
LINE
8
BLACK
6
CONTINUOUS
10
5.9154069685039365
20
-5.2275031496062994
11
5.9221363385826766
21
-5.2261646062992124
0
LINE
8
BLACK
6
CONTINUOUS
10
5.9221363385826766
20
-5.2261646062992124
11
5.9289975196850389
21
-5.2261646062992124
0
LINE
8
BLACK
6
CONTINUOUS
10
5.9289975196850389
20
-5.2261646062992124
11
5.9357268897637798
21
-5.2275031496062994
0
LINE
8
BLACK
6
CONTINUOUS
10
6.1857268897637798
20
-5.2275031496062994
11
6.1920658267716533
21
-5.2301288188976374
0
LINE
8
BLACK
6
CONTINUOUS
10
6.1920658267716533
20
-5.2301288188976374
11
6.1977707086614169
21
-5.2339407086614171
0
LINE
8
BLACK
6
CONTINUOUS
10
6.1977707086614169
20
-5.2339407086614171
11
6.2026222834645663
21
-5.2387922834645666
0
LINE
8
BLACK
6
CONTINUOUS
10
6.2026222834645663
20
-5.2387922834645666
11
6.2064341732283461
21
-5.2444971653543302
0
LINE
8
BLACK
6
CONTINUOUS
10
6.2064341732283461
20
-5.2444971653543302
11
6.209059842519685
21
-5.2508361023622045
0
LINE
8
BLACK
6
CONTINUOUS
10
6.209059842519685
20
-5.2508361023622045
11
6.2103983858267719
21
-5.2575654724409446
0
LINE
8
BLACK
6
CONTINUOUS
10
6.2103983858267719
20
-5.2575654724409446
11
6.2103983858267719
21
-5.2644266535433069
0
LINE
8
BLACK
6
CONTINUOUS
10
6.2103983858267719
20
-5.2644266535433069
11
6.209059842519685
21
-5.2711560236220469
0
LINE
8
BLACK
6
CONTINUOUS
10
6.209059842519685
20
-5.2711560236220469
11
6.2064341732283461
21
-5.2774949606299213
0
LINE
8
BLACK
6
CONTINUOUS
10
6.2064341732283461
20
-5.2774949606299213
11
6.2026222834645663
21
-5.2831998425196849
0
LINE
8
BLACK
6
CONTINUOUS
10
6.2026222834645663
20
-5.2831998425196849
11
6.1977707086614169
21
-5.2880514173228343
0
LINE
8
BLACK
6
CONTINUOUS
10
6.1977707086614169
20
-5.2880514173228343
11
6.1920658267716533
21
-5.2918633070866141
0
LINE
8
BLACK
6
CONTINUOUS
10
6.1920658267716533
20
-5.2918633070866141
11
6.1857268897637798
21
-5.294488976377953
0
LINE
8
BLACK
6
CONTINUOUS
10
6.1857268897637798
20
-5.294488976377953
11
6.1789975196850389
21
-5.2958275196850391
0
LINE
8
BLACK
6
CONTINUOUS
10
6.1789975196850389
20
-5.2958275196850391
11
6.1721363385826766
21
-5.2958275196850391
0
LINE
8
BLACK
6
CONTINUOUS
10
6.1721363385826766
20
-5.2958275196850391
11
6.1654069685039365
21
-5.294488976377953
0
LINE
8
BLACK
6
CONTINUOUS
10
6.1654069685039365
20
-5.294488976377953
11
6.1590680314960631
21
-5.2918633070866141
0
LINE
8
BLACK
6
CONTINUOUS
10
6.1590680314960631
20
-5.2918633070866141
11
6.1533631496062995
21
-5.2880514173228343
0
LINE
8
BLACK
6
CONTINUOUS
10
6.1533631496062995
20
-5.2880514173228343
11
6.1485115748031491
21
-5.2831998425196849
0
LINE
8
BLACK
6
CONTINUOUS
10
6.1485115748031491
20
-5.2831998425196849
11
6.1446996850393703
21
-5.2774949606299213
0
LINE
8
BLACK
6
CONTINUOUS
10
6.1446996850393703
20
-5.2774949606299213
11
6.1420740157480314
21
-5.2711560236220469
0
LINE
8
BLACK
6
CONTINUOUS
10
6.1420740157480314
20
-5.2711560236220469
11
6.1407354724409444
21
-5.2644266535433069
0
LINE
8
BLACK
6
CONTINUOUS
10
6.1407354724409444
20
-5.2644266535433069
11
6.1407354724409444
21
-5.2575654724409446
0
LINE
8
BLACK
6
CONTINUOUS
10
6.1407354724409444
20
-5.2575654724409446
11
6.1420740157480314
21
-5.2508361023622045
0
LINE
8
BLACK
6
CONTINUOUS
10
6.1420740157480314
20
-5.2508361023622045
11
6.1446996850393703
21
-5.2444971653543302
0
LINE
8
BLACK
6
CONTINUOUS
10
6.1446996850393703
20
-5.2444971653543302
11
6.1485115748031491
21
-5.2387922834645666
0
LINE
8
BLACK
6
CONTINUOUS
10
6.1485115748031491
20
-5.2387922834645666
11
6.1533631496062995
21
-5.2339407086614171
0
LINE
8
BLACK
6
CONTINUOUS
10
6.1533631496062995
20
-5.2339407086614171
11
6.1590680314960631
21
-5.2301288188976374
0
LINE
8
BLACK
6
CONTINUOUS
10
6.1590680314960631
20
-5.2301288188976374
11
6.1654069685039365
21
-5.2275031496062994
0
LINE
8
BLACK
6
CONTINUOUS
10
6.1654069685039365
20
-5.2275031496062994
11
6.1721363385826766
21
-5.2261646062992124
0
LINE
8
BLACK
6
CONTINUOUS
10
6.1721363385826766
20
-5.2261646062992124
11
6.1789975196850389
21
-5.2261646062992124
0
LINE
8
BLACK
6
CONTINUOUS
10
6.1789975196850389
20
-5.2261646062992124
11
6.1857268897637798
21
-5.2275031496062994
0
LINE
8
BLACK
6
CONTINUOUS
10
4.1942811811023617
20
-5.1214724803149609
11
4.2003420078740152
21
-5.1239829527559051
0
LINE
8
BLACK
6
CONTINUOUS
10
4.2003420078740152
20
-5.1239829527559051
11
4.2057966141732281
21
-5.1276275984251969
0
LINE
8
BLACK
6
CONTINUOUS
10
4.2057966141732281
20
-5.1276275984251969
11
4.210435393700787
21
-5.1322663779527558
0
LINE
8
BLACK
6
CONTINUOUS
10
4.210435393700787
20
-5.1322663779527558
11
4.2140800393700788
21
-5.1377209842519687
0
LINE
8
BLACK
6
CONTINUOUS
10
4.2140800393700788
20
-5.1377209842519687
11
4.2165905118110238
21
-5.1437818110236222
0
LINE
8
BLACK
6
CONTINUOUS
10
4.2165905118110238
20
-5.1437818110236222
11
4.2178703543307083
21
-5.1502159448818894
0
LINE
8
BLACK
6
CONTINUOUS
10
4.2178703543307083
20
-5.1502159448818894
11
4.2178703543307083
21
-5.1567761811023622
0
LINE
8
BLACK
6
CONTINUOUS
10
4.2178703543307083
20
-5.1567761811023622
11
4.2165905118110238
21
-5.1632103149606294
0
LINE
8
BLACK
6
CONTINUOUS
10
4.2165905118110238
20
-5.1632103149606294
11
4.2140800393700788
21
-5.169271141732283
0
LINE
8
BLACK
6
CONTINUOUS
10
4.2140800393700788
20
-5.169271141732283
11
4.210435393700787
21
-5.1747257480314959
0
LINE
8
BLACK
6
CONTINUOUS
10
4.210435393700787
20
-5.1747257480314959
11
4.2057966141732281
21
-5.1793645275590547
0
LINE
8
BLACK
6
CONTINUOUS
10
4.2057966141732281
20
-5.1793645275590547
11
4.2003420078740152
21
-5.1830091732283465
0
LINE
8
BLACK
6
CONTINUOUS
10
4.2003420078740152
20
-5.1830091732283465
11
4.1942811811023617
21
-5.1855196456692916
0
LINE
8
BLACK
6
CONTINUOUS
10
4.1942811811023617
20
-5.1855196456692916
11
4.1878470472440945
21
-5.1867994881889761
0
LINE
8
BLACK
6
CONTINUOUS
10
4.1878470472440945
20
-5.1867994881889761
11
4.1812868110236217
21
-5.1867994881889761
0
LINE
8
BLACK
6
CONTINUOUS
10
4.1812868110236217
20
-5.1867994881889761
11
4.1748526771653545
21
-5.1855196456692916
0
LINE
8
BLACK
6
CONTINUOUS
10
4.1748526771653545
20
-5.1855196456692916
11
4.1687918503937009
21
-5.1830091732283465
0
LINE
8
BLACK
6
CONTINUOUS
10
4.1687918503937009
20
-5.1830091732283465
11
4.163337244094488
21
-5.1793645275590547
0
LINE
8
BLACK
6
CONTINUOUS
10
4.163337244094488
20
-5.1793645275590547
11
4.1586984645669292
21
-5.1747257480314959
0
LINE
8
BLACK
6
CONTINUOUS
10
4.1586984645669292
20
-5.1747257480314959
11
4.1550538188976374
21
-5.169271141732283
0
LINE
8
BLACK
6
CONTINUOUS
10
4.1550538188976374
20
-5.169271141732283
11
4.1525433464566932
21
-5.1632103149606294
0
LINE
8
BLACK
6
CONTINUOUS
10
4.1525433464566932
20
-5.1632103149606294
11
4.1512635039370078
21
-5.1567761811023622
0
LINE
8
BLACK
6
CONTINUOUS
10
4.1512635039370078
20
-5.1567761811023622
11
4.1512635039370078
21
-5.1502159448818894
0
LINE
8
BLACK
6
CONTINUOUS
10
4.1512635039370078
20
-5.1502159448818894
11
4.1525433464566932
21
-5.1437818110236222
0
LINE
8
BLACK
6
CONTINUOUS
10
4.1525433464566932
20
-5.1437818110236222
11
4.1550538188976374
21
-5.1377209842519687
0
LINE
8
BLACK
6
CONTINUOUS
10
4.1550538188976374
20
-5.1377209842519687
11
4.1586984645669292
21
-5.1322663779527558
0
LINE
8
BLACK
6
CONTINUOUS
10
4.1586984645669292
20
-5.1322663779527558
11
4.163337244094488
21
-5.1276275984251969
0
LINE
8
BLACK
6
CONTINUOUS
10
4.163337244094488
20
-5.1276275984251969
11
4.1687918503937009
21
-5.1239829527559051
0
LINE
8
BLACK
6
CONTINUOUS
10
4.1687918503937009
20
-5.1239829527559051
11
4.1748526771653545
21
-5.1214724803149609
0
LINE
8
BLACK
6
CONTINUOUS
10
4.1748526771653545
20
-5.1214724803149609
11
4.1812868110236217
21
-5.1201926377952756
0
LINE
8
BLACK
6
CONTINUOUS
10
4.1812868110236217
20
-5.1201926377952756
11
4.1878470472440945
21
-5.1201926377952756
0
LINE
8
BLACK
6
CONTINUOUS
10
4.1878470472440945
20
-5.1201926377952756
11
4.1942811811023617
21
-5.1214724803149609
0
LINE
8
BLACK
6
CONTINUOUS
10
5.9357268897637798
20
-5.0275031496062992
11
5.9420658267716533
21
-5.0301288188976381
0
LINE
8
BLACK
6
CONTINUOUS
10
5.9420658267716533
20
-5.0301288188976381
11
5.9477707086614169
21
-5.033940708661417
0
LINE
8
BLACK
6
CONTINUOUS
10
5.9477707086614169
20
-5.033940708661417
11
5.9526222834645672
21
-5.0387922834645664
0
LINE
8
BLACK
6
CONTINUOUS
10
5.9526222834645672
20
-5.0387922834645664
11
5.9564341732283461
21
-5.0444971653543309
0
LINE
8
BLACK
6
CONTINUOUS
10
5.9564341732283461
20
-5.0444971653543309
11
5.959059842519685
21
-5.0508361023622044
0
LINE
8
BLACK
6
CONTINUOUS
10
5.959059842519685
20
-5.0508361023622044
11
5.9603983858267719
21
-5.0575654724409445
0
LINE
8
BLACK
6
CONTINUOUS
10
5.9603983858267719
20
-5.0575654724409445
11
5.9603983858267719
21
-5.0644266535433067
0
LINE
8
BLACK
6
CONTINUOUS
10
5.9603983858267719
20
-5.0644266535433067
11
5.959059842519685
21
-5.0711560236220468
0
LINE
8
BLACK
6
CONTINUOUS
10
5.959059842519685
20
-5.0711560236220468
11
5.9564341732283461
21
-5.0774949606299211
0
LINE
8
BLACK
6
CONTINUOUS
10
5.9564341732283461
20
-5.0774949606299211
11
5.9526222834645672
21
-5.0831998425196847
0
LINE
8
BLACK
6
CONTINUOUS
10
5.9526222834645672
20
-5.0831998425196847
11
5.9477707086614169
21
-5.0880514173228342
0
LINE
8
BLACK
6
CONTINUOUS
10
5.9477707086614169
20
-5.0880514173228342
11
5.9420658267716533
21
-5.0918633070866139
0
LINE
8
BLACK
6
CONTINUOUS
10
5.9420658267716533
20
-5.0918633070866139
11
5.9357268897637798
21
-5.0944889763779528
0
LINE
8
BLACK
6
CONTINUOUS
10
5.9357268897637798
20
-5.0944889763779528
11
5.9289975196850389
21
-5.0958275196850389
0
LINE
8
BLACK
6
CONTINUOUS
10
5.9289975196850389
20
-5.0958275196850389
11
5.9221363385826766
21
-5.0958275196850389
0
LINE
8
BLACK
6
CONTINUOUS
10
5.9221363385826766
20
-5.0958275196850389
11
5.9154069685039365
21
-5.0944889763779528
0
LINE
8
BLACK
6
CONTINUOUS
10
5.9154069685039365
20
-5.0944889763779528
11
5.9090680314960631
21
-5.0918633070866139
0
LINE
8
BLACK
6
CONTINUOUS
10
5.9090680314960631
20
-5.0918633070866139
11
5.9033631496062995
21
-5.0880514173228342
0
LINE
8
BLACK
6
CONTINUOUS
10
5.9033631496062995
20
-5.0880514173228342
11
5.8985115748031491
21
-5.0831998425196847
0
LINE
8
BLACK
6
CONTINUOUS
10
5.8985115748031491
20
-5.0831998425196847
11
5.8946996850393703
21
-5.0774949606299211
0
LINE
8
BLACK
6
CONTINUOUS
10
5.8946996850393703
20
-5.0774949606299211
11
5.8920740157480314
21
-5.0711560236220468
0
LINE
8
BLACK
6
CONTINUOUS
10
5.8920740157480314
20
-5.0711560236220468
11
5.8907354724409444
21
-5.0644266535433067
0
LINE
8
BLACK
6
CONTINUOUS
10
5.8907354724409444
20
-5.0644266535433067
11
5.8907354724409444
21
-5.0575654724409445
0
LINE
8
BLACK
6
CONTINUOUS
10
5.8907354724409444
20
-5.0575654724409445
11
5.8920740157480314
21
-5.0508361023622044
0
LINE
8
BLACK
6
CONTINUOUS
10
5.8920740157480314
20
-5.0508361023622044
11
5.8946996850393703
21
-5.0444971653543309
0
LINE
8
BLACK
6
CONTINUOUS
10
5.8946996850393703
20
-5.0444971653543309
11
5.8985115748031491
21
-5.0387922834645664
0
LINE
8
BLACK
6
CONTINUOUS
10
5.8985115748031491
20
-5.0387922834645664
11
5.9033631496062995
21
-5.033940708661417
0
LINE
8
BLACK
6
CONTINUOUS
10
5.9033631496062995
20
-5.033940708661417
11
5.9090680314960631
21
-5.0301288188976381
0
LINE
8
BLACK
6
CONTINUOUS
10
5.9090680314960631
20
-5.0301288188976381
11
5.9154069685039365
21
-5.0275031496062992
0
LINE
8
BLACK
6
CONTINUOUS
10
5.9154069685039365
20
-5.0275031496062992
11
5.9221363385826766
21
-5.0261646062992122
0
LINE
8
BLACK
6
CONTINUOUS
10
5.9221363385826766
20
-5.0261646062992122
11
5.9289975196850389
21
-5.0261646062992122
0
LINE
8
BLACK
6
CONTINUOUS
10
5.9289975196850389
20
-5.0261646062992122
11
5.9357268897637798
21
-5.0275031496062992
0
LINE
8
BLACK
6
CONTINUOUS
10
6.1857268897637798
20
-5.0275031496062992
11
6.1920658267716533
21
-5.0301288188976381
0
LINE
8
BLACK
6
CONTINUOUS
10
6.1920658267716533
20
-5.0301288188976381
11
6.1977707086614169
21
-5.033940708661417
0
LINE
8
BLACK
6
CONTINUOUS
10
6.1977707086614169
20
-5.033940708661417
11
6.2026222834645663
21
-5.0387922834645664
0
LINE
8
BLACK
6
CONTINUOUS
10
6.2026222834645663
20
-5.0387922834645664
11
6.2064341732283461
21
-5.0444971653543309
0
LINE
8
BLACK
6
CONTINUOUS
10
6.2064341732283461
20
-5.0444971653543309
11
6.209059842519685
21
-5.0508361023622044
0
LINE
8
BLACK
6
CONTINUOUS
10
6.209059842519685
20
-5.0508361023622044
11
6.2103983858267719
21
-5.0575654724409445
0
LINE
8
BLACK
6
CONTINUOUS
10
6.2103983858267719
20
-5.0575654724409445
11
6.2103983858267719
21
-5.0644266535433067
0
LINE
8
BLACK
6
CONTINUOUS
10
6.2103983858267719
20
-5.0644266535433067
11
6.209059842519685
21
-5.0711560236220468
0
LINE
8
BLACK
6
CONTINUOUS
10
6.209059842519685
20
-5.0711560236220468
11
6.2064341732283461
21
-5.0774949606299211
0
LINE
8
BLACK
6
CONTINUOUS
10
6.2064341732283461
20
-5.0774949606299211
11
6.2026222834645663
21
-5.0831998425196847
0
LINE
8
BLACK
6
CONTINUOUS
10
6.2026222834645663
20
-5.0831998425196847
11
6.1977707086614169
21
-5.0880514173228342
0
LINE
8
BLACK
6
CONTINUOUS
10
6.1977707086614169
20
-5.0880514173228342
11
6.1920658267716533
21
-5.0918633070866139
0
LINE
8
BLACK
6
CONTINUOUS
10
6.1920658267716533
20
-5.0918633070866139
11
6.1857268897637798
21
-5.0944889763779528
0
LINE
8
BLACK
6
CONTINUOUS
10
6.1857268897637798
20
-5.0944889763779528
11
6.1789975196850389
21
-5.0958275196850389
0
LINE
8
BLACK
6
CONTINUOUS
10
6.1789975196850389
20
-5.0958275196850389
11
6.1721363385826766
21
-5.0958275196850389
0
LINE
8
BLACK
6
CONTINUOUS
10
6.1721363385826766
20
-5.0958275196850389
11
6.1654069685039365
21
-5.0944889763779528
0
LINE
8
BLACK
6
CONTINUOUS
10
6.1654069685039365
20
-5.0944889763779528
11
6.1590680314960631
21
-5.0918633070866139
0
LINE
8
BLACK
6
CONTINUOUS
10
6.1590680314960631
20
-5.0918633070866139
11
6.1533631496062995
21
-5.0880514173228342
0
LINE
8
BLACK
6
CONTINUOUS
10
6.1533631496062995
20
-5.0880514173228342
11
6.1485115748031491
21
-5.0831998425196847
0
LINE
8
BLACK
6
CONTINUOUS
10
6.1485115748031491
20
-5.0831998425196847
11
6.1446996850393703
21
-5.0774949606299211
0
LINE
8
BLACK
6
CONTINUOUS
10
6.1446996850393703
20
-5.0774949606299211
11
6.1420740157480314
21
-5.0711560236220468
0
LINE
8
BLACK
6
CONTINUOUS
10
6.1420740157480314
20
-5.0711560236220468
11
6.1407354724409444
21
-5.0644266535433067
0
LINE
8
BLACK
6
CONTINUOUS
10
6.1407354724409444
20
-5.0644266535433067
11
6.1407354724409444
21
-5.0575654724409445
0
LINE
8
BLACK
6
CONTINUOUS
10
6.1407354724409444
20
-5.0575654724409445
11
6.1420740157480314
21
-5.0508361023622044
0
LINE
8
BLACK
6
CONTINUOUS
10
6.1420740157480314
20
-5.0508361023622044
11
6.1446996850393703
21
-5.0444971653543309
0
LINE
8
BLACK
6
CONTINUOUS
10
6.1446996850393703
20
-5.0444971653543309
11
6.1485115748031491
21
-5.0387922834645664
0
LINE
8
BLACK
6
CONTINUOUS
10
6.1485115748031491
20
-5.0387922834645664
11
6.1533631496062995
21
-5.033940708661417
0
LINE
8
BLACK
6
CONTINUOUS
10
6.1533631496062995
20
-5.033940708661417
11
6.1590680314960631
21
-5.0301288188976381
0
LINE
8
BLACK
6
CONTINUOUS
10
6.1590680314960631
20
-5.0301288188976381
11
6.1654069685039365
21
-5.0275031496062992
0
LINE
8
BLACK
6
CONTINUOUS
10
6.1654069685039365
20
-5.0275031496062992
11
6.1721363385826766
21
-5.0261646062992122
0
LINE
8
BLACK
6
CONTINUOUS
10
6.1721363385826766
20
-5.0261646062992122
11
6.1789975196850389
21
-5.0261646062992122
0
LINE
8
BLACK
6
CONTINUOUS
10
6.1789975196850389
20
-5.0261646062992122
11
6.1857268897637798
21
-5.0275031496062992
0
LINE
8
BLACK
6
CONTINUOUS
10
4.1942811811023617
20
-5.0214724803149604
11
4.2003420078740152
21
-5.0239829527559055
0
LINE
8
BLACK
6
CONTINUOUS
10
4.2003420078740152
20
-5.0239829527559055
11
4.2057966141732281
21
-5.0276275984251964
0
LINE
8
BLACK
6
CONTINUOUS
10
4.2057966141732281
20
-5.0276275984251964
11
4.210435393700787
21
-5.0322663779527561
0
LINE
8
BLACK
6
CONTINUOUS
10
4.210435393700787
20
-5.0322663779527561
11
4.2140800393700788
21
-5.0377209842519681
0
LINE
8
BLACK
6
CONTINUOUS
10
4.2140800393700788
20
-5.0377209842519681
11
4.2165905118110238
21
-5.0437818110236217
0
LINE
8
BLACK
6
CONTINUOUS
10
4.2165905118110238
20
-5.0437818110236217
11
4.2178703543307083
21
-5.0502159448818897
0
LINE
8
BLACK
6
CONTINUOUS
10
4.2178703543307083
20
-5.0502159448818897
11
4.2178703543307083
21
-5.0567761811023617
0
LINE
8
BLACK
6
CONTINUOUS
10
4.2178703543307083
20
-5.0567761811023617
11
4.2165905118110238
21
-5.0632103149606298
0
LINE
8
BLACK
6
CONTINUOUS
10
4.2165905118110238
20
-5.0632103149606298
11
4.2140800393700788
21
-5.0692711417322833
0
LINE
8
BLACK
6
CONTINUOUS
10
4.2140800393700788
20
-5.0692711417322833
11
4.210435393700787
21
-5.0747257480314962
0
LINE
8
BLACK
6
CONTINUOUS
10
4.210435393700787
20
-5.0747257480314962
11
4.2057966141732281
21
-5.0793645275590551
0
LINE
8
BLACK
6
CONTINUOUS
10
4.2057966141732281
20
-5.0793645275590551
11
4.2003420078740152
21
-5.083009173228346
0
LINE
8
BLACK
6
CONTINUOUS
10
4.2003420078740152
20
-5.083009173228346
11
4.1942811811023617
21
-5.085519645669291
0
LINE
8
BLACK
6
CONTINUOUS
10
4.1942811811023617
20
-5.085519645669291
11
4.1878470472440945
21
-5.0867994881889764
0
LINE
8
BLACK
6
CONTINUOUS
10
4.1878470472440945
20
-5.0867994881889764
11
4.1812868110236217
21
-5.0867994881889764
0
LINE
8
BLACK
6
CONTINUOUS
10
4.1812868110236217
20
-5.0867994881889764
11
4.1748526771653545
21
-5.085519645669291
0
LINE
8
BLACK
6
CONTINUOUS
10
4.1748526771653545
20
-5.085519645669291
11
4.1687918503937009
21
-5.083009173228346
0
LINE
8
BLACK
6
CONTINUOUS
10
4.1687918503937009
20
-5.083009173228346
11
4.163337244094488
21
-5.0793645275590551
0
LINE
8
BLACK
6
CONTINUOUS
10
4.163337244094488
20
-5.0793645275590551
11
4.1586984645669292
21
-5.0747257480314962
0
LINE
8
BLACK
6
CONTINUOUS
10
4.1586984645669292
20
-5.0747257480314962
11
4.1550538188976374
21
-5.0692711417322833
0
LINE
8
BLACK
6
CONTINUOUS
10
4.1550538188976374
20
-5.0692711417322833
11
4.1525433464566932
21
-5.0632103149606298
0
LINE
8
BLACK
6
CONTINUOUS
10
4.1525433464566932
20
-5.0632103149606298
11
4.1512635039370078
21
-5.0567761811023617
0
LINE
8
BLACK
6
CONTINUOUS
10
4.1512635039370078
20
-5.0567761811023617
11
4.1512635039370078
21
-5.0502159448818897
0
LINE
8
BLACK
6
CONTINUOUS
10
4.1512635039370078
20
-5.0502159448818897
11
4.1525433464566932
21
-5.0437818110236217
0
LINE
8
BLACK
6
CONTINUOUS
10
4.1525433464566932
20
-5.0437818110236217
11
4.1550538188976374
21
-5.0377209842519681
0
LINE
8
BLACK
6
CONTINUOUS
10
4.1550538188976374
20
-5.0377209842519681
11
4.1586984645669292
21
-5.0322663779527561
0
LINE
8
BLACK
6
CONTINUOUS
10
4.1586984645669292
20
-5.0322663779527561
11
4.163337244094488
21
-5.0276275984251964
0
LINE
8
BLACK
6
CONTINUOUS
10
4.163337244094488
20
-5.0276275984251964
11
4.1687918503937009
21
-5.0239829527559055
0
LINE
8
BLACK
6
CONTINUOUS
10
4.1687918503937009
20
-5.0239829527559055
11
4.1748526771653545
21
-5.0214724803149604
0
LINE
8
BLACK
6
CONTINUOUS
10
4.1748526771653545
20
-5.0214724803149604
11
4.1812868110236217
21
-5.0201926377952759
0
LINE
8
BLACK
6
CONTINUOUS
10
4.1812868110236217
20
-5.0201926377952759
11
4.1878470472440945
21
-5.0201926377952759
0
LINE
8
BLACK
6
CONTINUOUS
10
4.1878470472440945
20
-5.0201926377952759
11
4.1942811811023617
21
-5.0214724803149604
0
LINE
8
BLACK
6
CONTINUOUS
10
4.1942811811023617
20
-4.9214724803149608
11
4.2003420078740152
21
-4.9239829527559058
0
LINE
8
BLACK
6
CONTINUOUS
10
4.2003420078740152
20
-4.9239829527559058
11
4.2057966141732281
21
-4.9276275984251967
0
LINE
8
BLACK
6
CONTINUOUS
10
4.2057966141732281
20
-4.9276275984251967
11
4.210435393700787
21
-4.9322663779527556
0
LINE
8
BLACK
6
CONTINUOUS
10
4.210435393700787
20
-4.9322663779527556
11
4.2140800393700788
21
-4.9377209842519685
0
LINE
8
BLACK
6
CONTINUOUS
10
4.2140800393700788
20
-4.9377209842519685
11
4.2165905118110238
21
-4.943781811023622
0
LINE
8
BLACK
6
CONTINUOUS
10
4.2165905118110238
20
-4.943781811023622
11
4.2178703543307083
21
-4.9502159448818892
0
LINE
8
BLACK
6
CONTINUOUS
10
4.2178703543307083
20
-4.9502159448818892
11
4.2178703543307083
21
-4.9567761811023621
0
LINE
8
BLACK
6
CONTINUOUS
10
4.2178703543307083
20
-4.9567761811023621
11
4.2165905118110238
21
-4.9632103149606301
0
LINE
8
BLACK
6
CONTINUOUS
10
4.2165905118110238
20
-4.9632103149606301
11
4.2140800393700788
21
-4.9692711417322837
0
LINE
8
BLACK
6
CONTINUOUS
10
4.2140800393700788
20
-4.9692711417322837
11
4.210435393700787
21
-4.9747257480314957
0
LINE
8
BLACK
6
CONTINUOUS
10
4.210435393700787
20
-4.9747257480314957
11
4.2057966141732281
21
-4.9793645275590546
0
LINE
8
BLACK
6
CONTINUOUS
10
4.2057966141732281
20
-4.9793645275590546
11
4.2003420078740152
21
-4.9830091732283464
0
LINE
8
BLACK
6
CONTINUOUS
10
4.2003420078740152
20
-4.9830091732283464
11
4.1942811811023617
21
-4.9855196456692914
0
LINE
8
BLACK
6
CONTINUOUS
10
4.1942811811023617
20
-4.9855196456692914
11
4.1878470472440945
21
-4.9867994881889759
0
LINE
8
BLACK
6
CONTINUOUS
10
4.1878470472440945
20
-4.9867994881889759
11
4.1812868110236217
21
-4.9867994881889759
0
LINE
8
BLACK
6
CONTINUOUS
10
4.1812868110236217
20
-4.9867994881889759
11
4.1748526771653545
21
-4.9855196456692914
0
LINE
8
BLACK
6
CONTINUOUS
10
4.1748526771653545
20
-4.9855196456692914
11
4.1687918503937009
21
-4.9830091732283464
0
LINE
8
BLACK
6
CONTINUOUS
10
4.1687918503937009
20
-4.9830091732283464
11
4.163337244094488
21
-4.9793645275590546
0
LINE
8
BLACK
6
CONTINUOUS
10
4.163337244094488
20
-4.9793645275590546
11
4.1586984645669292
21
-4.9747257480314957
0
LINE
8
BLACK
6
CONTINUOUS
10
4.1586984645669292
20
-4.9747257480314957
11
4.1550538188976374
21
-4.9692711417322837
0
LINE
8
BLACK
6
CONTINUOUS
10
4.1550538188976374
20
-4.9692711417322837
11
4.1525433464566932
21
-4.9632103149606301
0
LINE
8
BLACK
6
CONTINUOUS
10
4.1525433464566932
20
-4.9632103149606301
11
4.1512635039370078
21
-4.9567761811023621
0
LINE
8
BLACK
6
CONTINUOUS
10
4.1512635039370078
20
-4.9567761811023621
11
4.1512635039370078
21
-4.9502159448818892
0
LINE
8
BLACK
6
CONTINUOUS
10
4.1512635039370078
20
-4.9502159448818892
11
4.1525433464566932
21
-4.943781811023622
0
LINE
8
BLACK
6
CONTINUOUS
10
4.1525433464566932
20
-4.943781811023622
11
4.1550538188976374
21
-4.9377209842519685
0
LINE
8
BLACK
6
CONTINUOUS
10
4.1550538188976374
20
-4.9377209842519685
11
4.1586984645669292
21
-4.9322663779527556
0
LINE
8
BLACK
6
CONTINUOUS
10
4.1586984645669292
20
-4.9322663779527556
11
4.163337244094488
21
-4.9276275984251967
0
LINE
8
BLACK
6
CONTINUOUS
10
4.163337244094488
20
-4.9276275984251967
11
4.1687918503937009
21
-4.9239829527559058
0
LINE
8
BLACK
6
CONTINUOUS
10
4.1687918503937009
20
-4.9239829527559058
11
4.1748526771653545
21
-4.9214724803149608
0
LINE
8
BLACK
6
CONTINUOUS
10
4.1748526771653545
20
-4.9214724803149608
11
4.1812868110236217
21
-4.9201926377952754
0
LINE
8
BLACK
6
CONTINUOUS
10
4.1812868110236217
20
-4.9201926377952754
11
4.1878470472440945
21
-4.9201926377952754
0
LINE
8
BLACK
6
CONTINUOUS
10
4.1878470472440945
20
-4.9201926377952754
11
4.1942811811023617
21
-4.9214724803149608
0
LINE
8
BLACK
6
CONTINUOUS
10
7.6620314960629923
20
-4.9735511811023621
11
7.5951023622047247
21
-4.9735511811023621
0
LINE
8
BLACK
6
CONTINUOUS
10
7.5951023622047247
20
-4.9735511811023621
11
7.5951023622047247
21
-4.9066220472440945
0
LINE
8
BLACK
6
CONTINUOUS
10
7.5951023622047247
20
-4.9066220472440945
11
7.6620314960629923
21
-4.9066220472440945
0
LINE
8
BLACK
6
CONTINUOUS
10
7.6620314960629923
20
-4.9066220472440945
11
7.6620314960629923
21
-4.9735511811023621
0
LINE
8
BLACK
6
CONTINUOUS
10
4.1942811811023617
20
-4.8214724803149602
11
4.2003420078740152
21
-4.8239829527559053
0
LINE
8
BLACK
6
CONTINUOUS
10
4.2003420078740152
20
-4.8239829527559053
11
4.2057966141732281
21
-4.8276275984251971
0
LINE
8
BLACK
6
CONTINUOUS
10
4.2057966141732281
20
-4.8276275984251971
11
4.210435393700787
21
-4.8322663779527559
0
LINE
8
BLACK
6
CONTINUOUS
10
4.210435393700787
20
-4.8322663779527559
11
4.2140800393700788
21
-4.8377209842519688
0
LINE
8
BLACK
6
CONTINUOUS
10
4.2140800393700788
20
-4.8377209842519688
11
4.2165905118110238
21
-4.8437818110236224
0
LINE
8
BLACK
6
CONTINUOUS
10
4.2165905118110238
20
-4.8437818110236224
11
4.2178703543307083
21
-4.8502159448818896
0
LINE
8
BLACK
6
CONTINUOUS
10
4.2178703543307083
20
-4.8502159448818896
11
4.2178703543307083
21
-4.8567761811023624
0
LINE
8
BLACK
6
CONTINUOUS
10
4.2178703543307083
20
-4.8567761811023624
11
4.2165905118110238
21
-4.8632103149606296
0
LINE
8
BLACK
6
CONTINUOUS
10
4.2165905118110238
20
-4.8632103149606296
11
4.2140800393700788
21
-4.8692711417322831
0
LINE
8
BLACK
6
CONTINUOUS
10
4.2140800393700788
20
-4.8692711417322831
11
4.210435393700787
21
-4.8747257480314961
0
LINE
8
BLACK
6
CONTINUOUS
10
4.210435393700787
20
-4.8747257480314961
11
4.2057966141732281
21
-4.8793645275590549
0
LINE
8
BLACK
6
CONTINUOUS
10
4.2057966141732281
20
-4.8793645275590549
11
4.2003420078740152
21
-4.8830091732283467
0
LINE
8
BLACK
6
CONTINUOUS
10
4.2003420078740152
20
-4.8830091732283467
11
4.1942811811023617
21
-4.8855196456692909
0
LINE
8
BLACK
6
CONTINUOUS
10
4.1942811811023617
20
-4.8855196456692909
11
4.1878470472440945
21
-4.8867994881889762
0
LINE
8
BLACK
6
CONTINUOUS
10
4.1878470472440945
20
-4.8867994881889762
11
4.1812868110236217
21
-4.8867994881889762
0
LINE
8
BLACK
6
CONTINUOUS
10
4.1812868110236217
20
-4.8867994881889762
11
4.1748526771653545
21
-4.8855196456692909
0
LINE
8
BLACK
6
CONTINUOUS
10
4.1748526771653545
20
-4.8855196456692909
11
4.1687918503937009
21
-4.8830091732283467
0
LINE
8
BLACK
6
CONTINUOUS
10
4.1687918503937009
20
-4.8830091732283467
11
4.163337244094488
21
-4.8793645275590549
0
LINE
8
BLACK
6
CONTINUOUS
10
4.163337244094488
20
-4.8793645275590549
11
4.1586984645669292
21
-4.8747257480314961
0
LINE
8
BLACK
6
CONTINUOUS
10
4.1586984645669292
20
-4.8747257480314961
11
4.1550538188976374
21
-4.8692711417322831
0
LINE
8
BLACK
6
CONTINUOUS
10
4.1550538188976374
20
-4.8692711417322831
11
4.1525433464566932
21
-4.8632103149606296
0
LINE
8
BLACK
6
CONTINUOUS
10
4.1525433464566932
20
-4.8632103149606296
11
4.1512635039370078
21
-4.8567761811023624
0
LINE
8
BLACK
6
CONTINUOUS
10
4.1512635039370078
20
-4.8567761811023624
11
4.1512635039370078
21
-4.8502159448818896
0
LINE
8
BLACK
6
CONTINUOUS
10
4.1512635039370078
20
-4.8502159448818896
11
4.1525433464566932
21
-4.8437818110236224
0
LINE
8
BLACK
6
CONTINUOUS
10
4.1525433464566932
20
-4.8437818110236224
11
4.1550538188976374
21
-4.8377209842519688
0
LINE
8
BLACK
6
CONTINUOUS
10
4.1550538188976374
20
-4.8377209842519688
11
4.1586984645669292
21
-4.8322663779527559
0
LINE
8
BLACK
6
CONTINUOUS
10
4.1586984645669292
20
-4.8322663779527559
11
4.163337244094488
21
-4.8276275984251971
0
LINE
8
BLACK
6
CONTINUOUS
10
4.163337244094488
20
-4.8276275984251971
11
4.1687918503937009
21
-4.8239829527559053
0
LINE
8
BLACK
6
CONTINUOUS
10
4.1687918503937009
20
-4.8239829527559053
11
4.1748526771653545
21
-4.8214724803149602
0
LINE
8
BLACK
6
CONTINUOUS
10
4.1748526771653545
20
-4.8214724803149602
11
4.1812868110236217
21
-4.8201926377952757
0
LINE
8
BLACK
6
CONTINUOUS
10
4.1812868110236217
20
-4.8201926377952757
11
4.1878470472440945
21
-4.8201926377952757
0
LINE
8
BLACK
6
CONTINUOUS
10
4.1878470472440945
20
-4.8201926377952757
11
4.1942811811023617
21
-4.8214724803149602
0
LINE
8
BLACK
6
CONTINUOUS
10
7.6382811811023616
20
-4.8080630314960633
11
7.6443420078740152
21
-4.8105735039370074
0
LINE
8
BLACK
6
CONTINUOUS
10
7.6443420078740152
20
-4.8105735039370074
11
7.6497966141732281
21
-4.8142181496062992
0
LINE
8
BLACK
6
CONTINUOUS
10
7.6497966141732281
20
-4.8142181496062992
11
7.654435393700787
21
-4.8188569291338581
0
LINE
8
BLACK
6
CONTINUOUS
10
7.654435393700787
20
-4.8188569291338581
11
7.6580800393700788
21
-4.824311535433071
0
LINE
8
BLACK
6
CONTINUOUS
10
7.6580800393700788
20
-4.824311535433071
11
7.6605905118110238
21
-4.8303723622047245
0
LINE
8
BLACK
6
CONTINUOUS
10
7.6605905118110238
20
-4.8303723622047245
11
7.6618703543307083
21
-4.8368064960629917
0
LINE
8
BLACK
6
CONTINUOUS
10
7.6618703543307083
20
-4.8368064960629917
11
7.6618703543307083
21
-4.8433667322834646
0
LINE
8
BLACK
6
CONTINUOUS
10
7.6618703543307083
20
-4.8433667322834646
11
7.6605905118110238
21
-4.8498008661417318
0
LINE
8
BLACK
6
CONTINUOUS
10
7.6605905118110238
20
-4.8498008661417318
11
7.6580800393700788
21
-4.8558616929133853
0
LINE
8
BLACK
6
CONTINUOUS
10
7.6580800393700788
20
-4.8558616929133853
11
7.654435393700787
21
-4.8613162992125982
0
LINE
8
BLACK
6
CONTINUOUS
10
7.654435393700787
20
-4.8613162992125982
11
7.6497966141732281
21
-4.8659550787401571
0
LINE
8
BLACK
6
CONTINUOUS
10
7.6497966141732281
20
-4.8659550787401571
11
7.6443420078740152
21
-4.8695997244094489
0
LINE
8
BLACK
6
CONTINUOUS
10
7.6443420078740152
20
-4.8695997244094489
11
7.6382811811023616
21
-4.8721101968503939
0
LINE
8
BLACK
6
CONTINUOUS
10
7.6382811811023616
20
-4.8721101968503939
11
7.6318470472440945
21
-4.8733900393700784
0
LINE
8
BLACK
6
CONTINUOUS
10
7.6318470472440945
20
-4.8733900393700784
11
7.6252868110236216
21
-4.8733900393700784
0
LINE
8
BLACK
6
CONTINUOUS
10
7.6252868110236216
20
-4.8733900393700784
11
7.6188526771653544
21
-4.8721101968503939
0
LINE
8
BLACK
6
CONTINUOUS
10
7.6188526771653544
20
-4.8721101968503939
11
7.6127918503937009
21
-4.8695997244094489
0
LINE
8
BLACK
6
CONTINUOUS
10
7.6127918503937009
20
-4.8695997244094489
11
7.607337244094488
21
-4.8659550787401571
0
LINE
8
BLACK
6
CONTINUOUS
10
7.607337244094488
20
-4.8659550787401571
11
7.6026984645669291
21
-4.8613162992125982
0
LINE
8
BLACK
6
CONTINUOUS
10
7.6026984645669291
20
-4.8613162992125982
11
7.5990538188976373
21
-4.8558616929133853
0
LINE
8
BLACK
6
CONTINUOUS
10
7.5990538188976373
20
-4.8558616929133853
11
7.5965433464566932
21
-4.8498008661417318
0
LINE
8
BLACK
6
CONTINUOUS
10
7.5965433464566932
20
-4.8498008661417318
11
7.5952635039370078
21
-4.8433667322834646
0
LINE
8
BLACK
6
CONTINUOUS
10
7.5952635039370078
20
-4.8433667322834646
11
7.5952635039370078
21
-4.8368064960629917
0
LINE
8
BLACK
6
CONTINUOUS
10
7.5952635039370078
20
-4.8368064960629917
11
7.5965433464566932
21
-4.8303723622047245
0
LINE
8
BLACK
6
CONTINUOUS
10
7.5965433464566932
20
-4.8303723622047245
11
7.5990538188976373
21
-4.824311535433071
0
LINE
8
BLACK
6
CONTINUOUS
10
7.5990538188976373
20
-4.824311535433071
11
7.6026984645669291
21
-4.8188569291338581
0
LINE
8
BLACK
6
CONTINUOUS
10
7.6026984645669291
20
-4.8188569291338581
11
7.607337244094488
21
-4.8142181496062992
0
LINE
8
BLACK
6
CONTINUOUS
10
7.607337244094488
20
-4.8142181496062992
11
7.6127918503937009
21
-4.8105735039370074
0
LINE
8
BLACK
6
CONTINUOUS
10
7.6127918503937009
20
-4.8105735039370074
11
7.6188526771653544
21
-4.8080630314960633
0
LINE
8
BLACK
6
CONTINUOUS
10
7.6188526771653544
20
-4.8080630314960633
11
7.6252868110236216
21
-4.8067831889763779
0
LINE
8
BLACK
6
CONTINUOUS
10
7.6252868110236216
20
-4.8067831889763779
11
7.6318470472440945
21
-4.8067831889763779
0
LINE
8
BLACK
6
CONTINUOUS
10
7.6318470472440945
20
-4.8067831889763779
11
7.6382811811023616
21
-4.8080630314960633
0
LINE
8
BLACK
6
CONTINUOUS
10
7.1540314960629923
20
-4.84896062992126
11
7.0871023622047247
21
-4.84896062992126
0
LINE
8
BLACK
6
CONTINUOUS
10
7.0871023622047247
20
-4.84896062992126
11
7.0871023622047247
21
-4.7820314960629924
0
LINE
8
BLACK
6
CONTINUOUS
10
7.0871023622047247
20
-4.7820314960629924
11
7.1540314960629923
21
-4.7820314960629924
0
LINE
8
BLACK
6
CONTINUOUS
10
7.1540314960629923
20
-4.7820314960629924
11
7.1540314960629923
21
-4.84896062992126
0
LINE
8
BLACK
6
CONTINUOUS
10
6.7302811811023622
20
-4.7834724803149609
11
6.7363420078740157
21
-4.785982952755905
0
LINE
8
BLACK
6
CONTINUOUS
10
6.7363420078740157
20
-4.785982952755905
11
6.7417966141732286
21
-4.7896275984251968
0
LINE
8
BLACK
6
CONTINUOUS
10
6.7417966141732286
20
-4.7896275984251968
11
6.7464353937007875
21
-4.7942663779527557
0
LINE
8
BLACK
6
CONTINUOUS
10
6.7464353937007875
20
-4.7942663779527557
11
6.7500800393700784
21
-4.7997209842519686
0
LINE
8
BLACK
6
CONTINUOUS
10
6.7500800393700784
20
-4.7997209842519686
11
6.7525905118110234
21
-4.8057818110236221
0
LINE
8
BLACK
6
CONTINUOUS
10
6.7525905118110234
20
-4.8057818110236221
11
6.7538703543307088
21
-4.8122159448818893
0
LINE
8
BLACK
6
CONTINUOUS
10
6.7538703543307088
20
-4.8122159448818893
11
6.7538703543307088
21
-4.8187761811023622
0
LINE
8
BLACK
6
CONTINUOUS
10
6.7538703543307088
20
-4.8187761811023622
11
6.7525905118110234
21
-4.8252103149606302
0
LINE
8
BLACK
6
CONTINUOUS
10
6.7525905118110234
20
-4.8252103149606302
11
6.7500800393700784
21
-4.8312711417322838
0
LINE
8
BLACK
6
CONTINUOUS
10
6.7500800393700784
20
-4.8312711417322838
11
6.7464353937007875
21
-4.8367257480314958
0
LINE
8
BLACK
6
CONTINUOUS
10
6.7464353937007875
20
-4.8367257480314958
11
6.7417966141732286
21
-4.8413645275590547
0
LINE
8
BLACK
6
CONTINUOUS
10
6.7417966141732286
20
-4.8413645275590547
11
6.7363420078740157
21
-4.8450091732283465
0
LINE
8
BLACK
6
CONTINUOUS
10
6.7363420078740157
20
-4.8450091732283465
11
6.7302811811023622
21
-4.8475196456692915
0
LINE
8
BLACK
6
CONTINUOUS
10
6.7302811811023622
20
-4.8475196456692915
11
6.7238470472440941
21
-4.848799488188976
0
LINE
8
BLACK
6
CONTINUOUS
10
6.7238470472440941
20
-4.848799488188976
11
6.7172868110236221
21
-4.848799488188976
0
LINE
8
BLACK
6
CONTINUOUS
10
6.7172868110236221
20
-4.848799488188976
11
6.7108526771653541
21
-4.8475196456692915
0
LINE
8
BLACK
6
CONTINUOUS
10
6.7108526771653541
20
-4.8475196456692915
11
6.7047918503937005
21
-4.8450091732283465
0
LINE
8
BLACK
6
CONTINUOUS
10
6.7047918503937005
20
-4.8450091732283465
11
6.6993372440944876
21
-4.8413645275590547
0
LINE
8
BLACK
6
CONTINUOUS
10
6.6993372440944876
20
-4.8413645275590547
11
6.6946984645669287
21
-4.8367257480314958
0
LINE
8
BLACK
6
CONTINUOUS
10
6.6946984645669287
20
-4.8367257480314958
11
6.6910538188976378
21
-4.8312711417322838
0
LINE
8
BLACK
6
CONTINUOUS
10
6.6910538188976378
20
-4.8312711417322838
11
6.6885433464566928
21
-4.8252103149606302
0
LINE
8
BLACK
6
CONTINUOUS
10
6.6885433464566928
20
-4.8252103149606302
11
6.6872635039370074
21
-4.8187761811023622
0
LINE
8
BLACK
6
CONTINUOUS
10
6.6872635039370074
20
-4.8187761811023622
11
6.6872635039370074
21
-4.8122159448818893
0
LINE
8
BLACK
6
CONTINUOUS
10
6.6872635039370074
20
-4.8122159448818893
11
6.6885433464566928
21
-4.8057818110236221
0
LINE
8
BLACK
6
CONTINUOUS
10
6.6885433464566928
20
-4.8057818110236221
11
6.6910538188976378
21
-4.7997209842519686
0
LINE
8
BLACK
6
CONTINUOUS
10
6.6910538188976378
20
-4.7997209842519686
11
6.6946984645669287
21
-4.7942663779527557
0
LINE
8
BLACK
6
CONTINUOUS
10
6.6946984645669287
20
-4.7942663779527557
11
6.6993372440944876
21
-4.7896275984251968
0
LINE
8
BLACK
6
CONTINUOUS
10
6.6993372440944876
20
-4.7896275984251968
11
6.7047918503937005
21
-4.785982952755905
0
LINE
8
BLACK
6
CONTINUOUS
10
6.7047918503937005
20
-4.785982952755905
11
6.7108526771653541
21
-4.7834724803149609
0
LINE
8
BLACK
6
CONTINUOUS
10
6.7108526771653541
20
-4.7834724803149609
11
6.7172868110236221
21
-4.7821926377952755
0
LINE
8
BLACK
6
CONTINUOUS
10
6.7172868110236221
20
-4.7821926377952755
11
6.7238470472440941
21
-4.7821926377952755
0
LINE
8
BLACK
6
CONTINUOUS
10
6.7238470472440941
20
-4.7821926377952755
11
6.7302811811023622
21
-4.7834724803149609
0
LINE
8
BLACK
6
CONTINUOUS
10
6.8302811811023618
20
-4.7834724803149609
11
6.8363420078740154
21
-4.785982952755905
0
LINE
8
BLACK
6
CONTINUOUS
10
6.8363420078740154
20
-4.785982952755905
11
6.8417966141732283
21
-4.7896275984251968
0
LINE
8
BLACK
6
CONTINUOUS
10
6.8417966141732283
20
-4.7896275984251968
11
6.8464353937007871
21
-4.7942663779527557
0
LINE
8
BLACK
6
CONTINUOUS
10
6.8464353937007871
20
-4.7942663779527557
11
6.8500800393700789
21
-4.7997209842519686
0
LINE
8
BLACK
6
CONTINUOUS
10
6.8500800393700789
20
-4.7997209842519686
11
6.8525905118110231
21
-4.8057818110236221
0
LINE
8
BLACK
6
CONTINUOUS
10
6.8525905118110231
20
-4.8057818110236221
11
6.8538703543307085
21
-4.8122159448818893
0
LINE
8
BLACK
6
CONTINUOUS
10
6.8538703543307085
20
-4.8122159448818893
11
6.8538703543307085
21
-4.8187761811023622
0
LINE
8
BLACK
6
CONTINUOUS
10
6.8538703543307085
20
-4.8187761811023622
11
6.8525905118110231
21
-4.8252103149606302
0
LINE
8
BLACK
6
CONTINUOUS
10
6.8525905118110231
20
-4.8252103149606302
11
6.8500800393700789
21
-4.8312711417322838
0
LINE
8
BLACK
6
CONTINUOUS
10
6.8500800393700789
20
-4.8312711417322838
11
6.8464353937007871
21
-4.8367257480314958
0
LINE
8
BLACK
6
CONTINUOUS
10
6.8464353937007871
20
-4.8367257480314958
11
6.8417966141732283
21
-4.8413645275590547
0
LINE
8
BLACK
6
CONTINUOUS
10
6.8417966141732283
20
-4.8413645275590547
11
6.8363420078740154
21
-4.8450091732283465
0
LINE
8
BLACK
6
CONTINUOUS
10
6.8363420078740154
20
-4.8450091732283465
11
6.8302811811023618
21
-4.8475196456692915
0
LINE
8
BLACK
6
CONTINUOUS
10
6.8302811811023618
20
-4.8475196456692915
11
6.8238470472440946
21
-4.848799488188976
0
LINE
8
BLACK
6
CONTINUOUS
10
6.8238470472440946
20
-4.848799488188976
11
6.8172868110236218
21
-4.848799488188976
0
LINE
8
BLACK
6
CONTINUOUS
10
6.8172868110236218
20
-4.848799488188976
11
6.8108526771653546
21
-4.8475196456692915
0
LINE
8
BLACK
6
CONTINUOUS
10
6.8108526771653546
20
-4.8475196456692915
11
6.804791850393701
21
-4.8450091732283465
0
LINE
8
BLACK
6
CONTINUOUS
10
6.804791850393701
20
-4.8450091732283465
11
6.7993372440944881
21
-4.8413645275590547
0
LINE
8
BLACK
6
CONTINUOUS
10
6.7993372440944881
20
-4.8413645275590547
11
6.7946984645669293
21
-4.8367257480314958
0
LINE
8
BLACK
6
CONTINUOUS
10
6.7946984645669293
20
-4.8367257480314958
11
6.7910538188976375
21
-4.8312711417322838
0
LINE
8
BLACK
6
CONTINUOUS
10
6.7910538188976375
20
-4.8312711417322838
11
6.7885433464566924
21
-4.8252103149606302
0
LINE
8
BLACK
6
CONTINUOUS
10
6.7885433464566924
20
-4.8252103149606302
11
6.7872635039370079
21
-4.8187761811023622
0
LINE
8
BLACK
6
CONTINUOUS
10
6.7872635039370079
20
-4.8187761811023622
11
6.7872635039370079
21
-4.8122159448818893
0
LINE
8
BLACK
6
CONTINUOUS
10
6.7872635039370079
20
-4.8122159448818893
11
6.7885433464566924
21
-4.8057818110236221
0
LINE
8
BLACK
6
CONTINUOUS
10
6.7885433464566924
20
-4.8057818110236221
11
6.7910538188976375
21
-4.7997209842519686
0
LINE
8
BLACK
6
CONTINUOUS
10
6.7910538188976375
20
-4.7997209842519686
11
6.7946984645669293
21
-4.7942663779527557
0
LINE
8
BLACK
6
CONTINUOUS
10
6.7946984645669293
20
-4.7942663779527557
11
6.7993372440944881
21
-4.7896275984251968
0
LINE
8
BLACK
6
CONTINUOUS
10
6.7993372440944881
20
-4.7896275984251968
11
6.804791850393701
21
-4.785982952755905
0
LINE
8
BLACK
6
CONTINUOUS
10
6.804791850393701
20
-4.785982952755905
11
6.8108526771653546
21
-4.7834724803149609
0
LINE
8
BLACK
6
CONTINUOUS
10
6.8108526771653546
20
-4.7834724803149609
11
6.8172868110236218
21
-4.7821926377952755
0
LINE
8
BLACK
6
CONTINUOUS
10
6.8172868110236218
20
-4.7821926377952755
11
6.8238470472440946
21
-4.7821926377952755
0
LINE
8
BLACK
6
CONTINUOUS
10
6.8238470472440946
20
-4.7821926377952755
11
6.8302811811023618
21
-4.7834724803149609
0
LINE
8
BLACK
6
CONTINUOUS
10
6.9302811811023624
20
-4.7834724803149609
11
6.9363420078740159
21
-4.785982952755905
0
LINE
8
BLACK
6
CONTINUOUS
10
6.9363420078740159
20
-4.785982952755905
11
6.9417966141732279
21
-4.7896275984251968
0
LINE
8
BLACK
6
CONTINUOUS
10
6.9417966141732279
20
-4.7896275984251968
11
6.9464353937007877
21
-4.7942663779527557
0
LINE
8
BLACK
6
CONTINUOUS
10
6.9464353937007877
20
-4.7942663779527557
11
6.9500800393700786
21
-4.7997209842519686
0
LINE
8
BLACK
6
CONTINUOUS
10
6.9500800393700786
20
-4.7997209842519686
11
6.9525905118110236
21
-4.8057818110236221
0
LINE
8
BLACK
6
CONTINUOUS
10
6.9525905118110236
20
-4.8057818110236221
11
6.9538703543307081
21
-4.8122159448818893
0
LINE
8
BLACK
6
CONTINUOUS
10
6.9538703543307081
20
-4.8122159448818893
11
6.9538703543307081
21
-4.8187761811023622
0
LINE
8
BLACK
6
CONTINUOUS
10
6.9538703543307081
20
-4.8187761811023622
11
6.9525905118110236
21
-4.8252103149606302
0
LINE
8
BLACK
6
CONTINUOUS
10
6.9525905118110236
20
-4.8252103149606302
11
6.9500800393700786
21
-4.8312711417322838
0
LINE
8
BLACK
6
CONTINUOUS
10
6.9500800393700786
20
-4.8312711417322838
11
6.9464353937007877
21
-4.8367257480314958
0
LINE
8
BLACK
6
CONTINUOUS
10
6.9464353937007877
20
-4.8367257480314958
11
6.9417966141732279
21
-4.8413645275590547
0
LINE
8
BLACK
6
CONTINUOUS
10
6.9417966141732279
20
-4.8413645275590547
11
6.9363420078740159
21
-4.8450091732283465
0
LINE
8
BLACK
6
CONTINUOUS
10
6.9363420078740159
20
-4.8450091732283465
11
6.9302811811023624
21
-4.8475196456692915
0
LINE
8
BLACK
6
CONTINUOUS
10
6.9302811811023624
20
-4.8475196456692915
11
6.9238470472440943
21
-4.848799488188976
0
LINE
8
BLACK
6
CONTINUOUS
10
6.9238470472440943
20
-4.848799488188976
11
6.9172868110236223
21
-4.848799488188976
0
LINE
8
BLACK
6
CONTINUOUS
10
6.9172868110236223
20
-4.848799488188976
11
6.9108526771653542
21
-4.8475196456692915
0
LINE
8
BLACK
6
CONTINUOUS
10
6.9108526771653542
20
-4.8475196456692915
11
6.9047918503937007
21
-4.8450091732283465
0
LINE
8
BLACK
6
CONTINUOUS
10
6.9047918503937007
20
-4.8450091732283465
11
6.8993372440944878
21
-4.8413645275590547
0
LINE
8
BLACK
6
CONTINUOUS
10
6.8993372440944878
20
-4.8413645275590547
11
6.8946984645669289
21
-4.8367257480314958
0
LINE
8
BLACK
6
CONTINUOUS
10
6.8946984645669289
20
-4.8367257480314958
11
6.891053818897638
21
-4.8312711417322838
0
LINE
8
BLACK
6
CONTINUOUS
10
6.891053818897638
20
-4.8312711417322838
11
6.888543346456693
21
-4.8252103149606302
0
LINE
8
BLACK
6
CONTINUOUS
10
6.888543346456693
20
-4.8252103149606302
11
6.8872635039370076
21
-4.8187761811023622
0
LINE
8
BLACK
6
CONTINUOUS
10
6.8872635039370076
20
-4.8187761811023622
11
6.8872635039370076
21
-4.8122159448818893
0
LINE
8
BLACK
6
CONTINUOUS
10
6.8872635039370076
20
-4.8122159448818893
11
6.888543346456693
21
-4.8057818110236221
0
LINE
8
BLACK
6
CONTINUOUS
10
6.888543346456693
20
-4.8057818110236221
11
6.891053818897638
21
-4.7997209842519686
0
LINE
8
BLACK
6
CONTINUOUS
10
6.891053818897638
20
-4.7997209842519686
11
6.8946984645669289
21
-4.7942663779527557
0
LINE
8
BLACK
6
CONTINUOUS
10
6.8946984645669289
20
-4.7942663779527557
11
6.8993372440944878
21
-4.7896275984251968
0
LINE
8
BLACK
6
CONTINUOUS
10
6.8993372440944878
20
-4.7896275984251968
11
6.9047918503937007
21
-4.785982952755905
0
LINE
8
BLACK
6
CONTINUOUS
10
6.9047918503937007
20
-4.785982952755905
11
6.9108526771653542
21
-4.7834724803149609
0
LINE
8
BLACK
6
CONTINUOUS
10
6.9108526771653542
20
-4.7834724803149609
11
6.9172868110236223
21
-4.7821926377952755
0
LINE
8
BLACK
6
CONTINUOUS
10
6.9172868110236223
20
-4.7821926377952755
11
6.9238470472440943
21
-4.7821926377952755
0
LINE
8
BLACK
6
CONTINUOUS
10
6.9238470472440943
20
-4.7821926377952755
11
6.9302811811023624
21
-4.7834724803149609
0
LINE
8
BLACK
6
CONTINUOUS
10
7.030281181102362
20
-4.7834724803149609
11
7.0363420078740155
21
-4.785982952755905
0
LINE
8
BLACK
6
CONTINUOUS
10
7.0363420078740155
20
-4.785982952755905
11
7.0417966141732284
21
-4.7896275984251968
0
LINE
8
BLACK
6
CONTINUOUS
10
7.0417966141732284
20
-4.7896275984251968
11
7.0464353937007873
21
-4.7942663779527557
0
LINE
8
BLACK
6
CONTINUOUS
10
7.0464353937007873
20
-4.7942663779527557
11
7.0500800393700782
21
-4.7997209842519686
0
LINE
8
BLACK
6
CONTINUOUS
10
7.0500800393700782
20
-4.7997209842519686
11
7.0525905118110233
21
-4.8057818110236221
0
LINE
8
BLACK
6
CONTINUOUS
10
7.0525905118110233
20
-4.8057818110236221
11
7.0538703543307086
21
-4.8122159448818893
0
LINE
8
BLACK
6
CONTINUOUS
10
7.0538703543307086
20
-4.8122159448818893
11
7.0538703543307086
21
-4.8187761811023622
0
LINE
8
BLACK
6
CONTINUOUS
10
7.0538703543307086
20
-4.8187761811023622
11
7.0525905118110233
21
-4.8252103149606302
0
LINE
8
BLACK
6
CONTINUOUS
10
7.0525905118110233
20
-4.8252103149606302
11
7.0500800393700782
21
-4.8312711417322838
0
LINE
8
BLACK
6
CONTINUOUS
10
7.0500800393700782
20
-4.8312711417322838
11
7.0464353937007873
21
-4.8367257480314958
0
LINE
8
BLACK
6
CONTINUOUS
10
7.0464353937007873
20
-4.8367257480314958
11
7.0417966141732284
21
-4.8413645275590547
0
LINE
8
BLACK
6
CONTINUOUS
10
7.0417966141732284
20
-4.8413645275590547
11
7.0363420078740155
21
-4.8450091732283465
0
LINE
8
BLACK
6
CONTINUOUS
10
7.0363420078740155
20
-4.8450091732283465
11
7.030281181102362
21
-4.8475196456692915
0
LINE
8
BLACK
6
CONTINUOUS
10
7.030281181102362
20
-4.8475196456692915
11
7.0238470472440939
21
-4.848799488188976
0
LINE
8
BLACK
6
CONTINUOUS
10
7.0238470472440939
20
-4.848799488188976
11
7.017286811023622
21
-4.848799488188976
0
LINE
8
BLACK
6
CONTINUOUS
10
7.017286811023622
20
-4.848799488188976
11
7.0108526771653539
21
-4.8475196456692915
0
LINE
8
BLACK
6
CONTINUOUS
10
7.0108526771653539
20
-4.8475196456692915
11
7.0047918503937003
21
-4.8450091732283465
0
LINE
8
BLACK
6
CONTINUOUS
10
7.0047918503937003
20
-4.8450091732283465
11
6.9993372440944883
21
-4.8413645275590547
0
LINE
8
BLACK
6
CONTINUOUS
10
6.9993372440944883
20
-4.8413645275590547
11
6.9946984645669286
21
-4.8367257480314958
0
LINE
8
BLACK
6
CONTINUOUS
10
6.9946984645669286
20
-4.8367257480314958
11
6.9910538188976377
21
-4.8312711417322838
0
LINE
8
BLACK
6
CONTINUOUS
10
6.9910538188976377
20
-4.8312711417322838
11
6.9885433464566926
21
-4.8252103149606302
0
LINE
8
BLACK
6
CONTINUOUS
10
6.9885433464566926
20
-4.8252103149606302
11
6.9872635039370081
21
-4.8187761811023622
0
LINE
8
BLACK
6
CONTINUOUS
10
6.9872635039370081
20
-4.8187761811023622
11
6.9872635039370081
21
-4.8122159448818893
0
LINE
8
BLACK
6
CONTINUOUS
10
6.9872635039370081
20
-4.8122159448818893
11
6.9885433464566926
21
-4.8057818110236221
0
LINE
8
BLACK
6
CONTINUOUS
10
6.9885433464566926
20
-4.8057818110236221
11
6.9910538188976377
21
-4.7997209842519686
0
LINE
8
BLACK
6
CONTINUOUS
10
6.9910538188976377
20
-4.7997209842519686
11
6.9946984645669286
21
-4.7942663779527557
0
LINE
8
BLACK
6
CONTINUOUS
10
6.9946984645669286
20
-4.7942663779527557
11
6.9993372440944883
21
-4.7896275984251968
0
LINE
8
BLACK
6
CONTINUOUS
10
6.9993372440944883
20
-4.7896275984251968
11
7.0047918503937003
21
-4.785982952755905
0
LINE
8
BLACK
6
CONTINUOUS
10
7.0047918503937003
20
-4.785982952755905
11
7.0108526771653539
21
-4.7834724803149609
0
LINE
8
BLACK
6
CONTINUOUS
10
7.0108526771653539
20
-4.7834724803149609
11
7.017286811023622
21
-4.7821926377952755
0
LINE
8
BLACK
6
CONTINUOUS
10
7.017286811023622
20
-4.7821926377952755
11
7.0238470472440939
21
-4.7821926377952755
0
LINE
8
BLACK
6
CONTINUOUS
10
7.0238470472440939
20
-4.7821926377952755
11
7.030281181102362
21
-4.7834724803149609
0
LINE
8
BLACK
6
CONTINUOUS
10
4.2180314960629923
20
-4.7869606299212597
11
4.1511023622047247
21
-4.7869606299212597
0
LINE
8
BLACK
6
CONTINUOUS
10
4.1511023622047247
20
-4.7869606299212597
11
4.1511023622047247
21
-4.7200314960629921
0
LINE
8
BLACK
6
CONTINUOUS
10
4.1511023622047247
20
-4.7200314960629921
11
4.2180314960629923
21
-4.7200314960629921
0
LINE
8
BLACK
6
CONTINUOUS
10
4.2180314960629923
20
-4.7200314960629921
11
4.2180314960629923
21
-4.7869606299212597
0
LINE
8
BLACK
6
CONTINUOUS
10
7.6382811811023616
20
-4.7080630314960628
11
7.6443420078740152
21
-4.7105735039370078
0
LINE
8
BLACK
6
CONTINUOUS
10
7.6443420078740152
20
-4.7105735039370078
11
7.6497966141732281
21
-4.7142181496062987
0
LINE
8
BLACK
6
CONTINUOUS
10
7.6497966141732281
20
-4.7142181496062987
11
7.654435393700787
21
-4.7188569291338585
0
LINE
8
BLACK
6
CONTINUOUS
10
7.654435393700787
20
-4.7188569291338585
11
7.6580800393700788
21
-4.7243115354330705
0
LINE
8
BLACK
6
CONTINUOUS
10
7.6580800393700788
20
-4.7243115354330705
11
7.6605905118110238
21
-4.730372362204724
0
LINE
8
BLACK
6
CONTINUOUS
10
7.6605905118110238
20
-4.730372362204724
11
7.6618703543307083
21
-4.7368064960629921
0
LINE
8
BLACK
6
CONTINUOUS
10
7.6618703543307083
20
-4.7368064960629921
11
7.6618703543307083
21
-4.7433667322834641
0
LINE
8
BLACK
6
CONTINUOUS
10
7.6618703543307083
20
-4.7433667322834641
11
7.6605905118110238
21
-4.7498008661417321
0
LINE
8
BLACK
6
CONTINUOUS
10
7.6605905118110238
20
-4.7498008661417321
11
7.6580800393700788
21
-4.7558616929133857
0
LINE
8
BLACK
6
CONTINUOUS
10
7.6580800393700788
20
-4.7558616929133857
11
7.654435393700787
21
-4.7613162992125986
0
LINE
8
BLACK
6
CONTINUOUS
10
7.654435393700787
20
-4.7613162992125986
11
7.6497966141732281
21
-4.7659550787401574
0
LINE
8
BLACK
6
CONTINUOUS
10
7.6497966141732281
20
-4.7659550787401574
11
7.6443420078740152
21
-4.7695997244094483
0
LINE
8
BLACK
6
CONTINUOUS
10
7.6443420078740152
20
-4.7695997244094483
11
7.6382811811023616
21
-4.7721101968503934
0
LINE
8
BLACK
6
CONTINUOUS
10
7.6382811811023616
20
-4.7721101968503934
11
7.6318470472440945
21
-4.7733900393700788
0
LINE
8
BLACK
6
CONTINUOUS
10
7.6318470472440945
20
-4.7733900393700788
11
7.6252868110236216
21
-4.7733900393700788
0
LINE
8
BLACK
6
CONTINUOUS
10
7.6252868110236216
20
-4.7733900393700788
11
7.6188526771653544
21
-4.7721101968503934
0
LINE
8
BLACK
6
CONTINUOUS
10
7.6188526771653544
20
-4.7721101968503934
11
7.6127918503937009
21
-4.7695997244094483
0
LINE
8
BLACK
6
CONTINUOUS
10
7.6127918503937009
20
-4.7695997244094483
11
7.607337244094488
21
-4.7659550787401574
0
LINE
8
BLACK
6
CONTINUOUS
10
7.607337244094488
20
-4.7659550787401574
11
7.6026984645669291
21
-4.7613162992125986
0
LINE
8
BLACK
6
CONTINUOUS
10
7.6026984645669291
20
-4.7613162992125986
11
7.5990538188976373
21
-4.7558616929133857
0
LINE
8
BLACK
6
CONTINUOUS
10
7.5990538188976373
20
-4.7558616929133857
11
7.5965433464566932
21
-4.7498008661417321
0
LINE
8
BLACK
6
CONTINUOUS
10
7.5965433464566932
20
-4.7498008661417321
11
7.5952635039370078
21
-4.7433667322834641
0
LINE
8
BLACK
6
CONTINUOUS
10
7.5952635039370078
20
-4.7433667322834641
11
7.5952635039370078
21
-4.7368064960629921
0
LINE
8
BLACK
6
CONTINUOUS
10
7.5952635039370078
20
-4.7368064960629921
11
7.5965433464566932
21
-4.730372362204724
0
LINE
8
BLACK
6
CONTINUOUS
10
7.5965433464566932
20
-4.730372362204724
11
7.5990538188976373
21
-4.7243115354330705
0
LINE
8
BLACK
6
CONTINUOUS
10
7.5990538188976373
20
-4.7243115354330705
11
7.6026984645669291
21
-4.7188569291338585
0
LINE
8
BLACK
6
CONTINUOUS
10
7.6026984645669291
20
-4.7188569291338585
11
7.607337244094488
21
-4.7142181496062987
0
LINE
8
BLACK
6
CONTINUOUS
10
7.607337244094488
20
-4.7142181496062987
11
7.6127918503937009
21
-4.7105735039370078
0
LINE
8
BLACK
6
CONTINUOUS
10
7.6127918503937009
20
-4.7105735039370078
11
7.6188526771653544
21
-4.7080630314960628
0
LINE
8
BLACK
6
CONTINUOUS
10
7.6188526771653544
20
-4.7080630314960628
11
7.6252868110236216
21
-4.7067831889763783
0
LINE
8
BLACK
6
CONTINUOUS
10
7.6252868110236216
20
-4.7067831889763783
11
7.6318470472440945
21
-4.7067831889763783
0
LINE
8
BLACK
6
CONTINUOUS
10
7.6318470472440945
20
-4.7067831889763783
11
7.6382811811023616
21
-4.7080630314960628
0
LINE
8
BLACK
6
CONTINUOUS
10
7.6382811811023616
20
-4.6080630314960631
11
7.6443420078740152
21
-4.6105735039370082
0
LINE
8
BLACK
6
CONTINUOUS
10
7.6443420078740152
20
-4.6105735039370082
11
7.6497966141732281
21
-4.6142181496062991
0
LINE
8
BLACK
6
CONTINUOUS
10
7.6497966141732281
20
-4.6142181496062991
11
7.654435393700787
21
-4.6188569291338579
0
LINE
8
BLACK
6
CONTINUOUS
10
7.654435393700787
20
-4.6188569291338579
11
7.6580800393700788
21
-4.6243115354330708
0
LINE
8
BLACK
6
CONTINUOUS
10
7.6580800393700788
20
-4.6243115354330708
11
7.6605905118110238
21
-4.6303723622047244
0
LINE
8
BLACK
6
CONTINUOUS
10
7.6605905118110238
20
-4.6303723622047244
11
7.6618703543307083
21
-4.6368064960629924
0
LINE
8
BLACK
6
CONTINUOUS
10
7.6618703543307083
20
-4.6368064960629924
11
7.6618703543307083
21
-4.6433667322834644
0
LINE
8
BLACK
6
CONTINUOUS
10
7.6618703543307083
20
-4.6433667322834644
11
7.6605905118110238
21
-4.6498008661417325
0
LINE
8
BLACK
6
CONTINUOUS
10
7.6605905118110238
20
-4.6498008661417325
11
7.6580800393700788
21
-4.655861692913386
0
LINE
8
BLACK
6
CONTINUOUS
10
7.6580800393700788
20
-4.655861692913386
11
7.654435393700787
21
-4.661316299212598
0
LINE
8
BLACK
6
CONTINUOUS
10
7.654435393700787
20
-4.661316299212598
11
7.6497966141732281
21
-4.6659550787401578
0
LINE
8
BLACK
6
CONTINUOUS
10
7.6497966141732281
20
-4.6659550787401578
11
7.6443420078740152
21
-4.6695997244094487
0
LINE
8
BLACK
6
CONTINUOUS
10
7.6443420078740152
20
-4.6695997244094487
11
7.6382811811023616
21
-4.6721101968503937
0
LINE
8
BLACK
6
CONTINUOUS
10
7.6382811811023616
20
-4.6721101968503937
11
7.6318470472440945
21
-4.6733900393700782
0
LINE
8
BLACK
6
CONTINUOUS
10
7.6318470472440945
20
-4.6733900393700782
11
7.6252868110236216
21
-4.6733900393700782
0
LINE
8
BLACK
6
CONTINUOUS
10
7.6252868110236216
20
-4.6733900393700782
11
7.6188526771653544
21
-4.6721101968503937
0
LINE
8
BLACK
6
CONTINUOUS
10
7.6188526771653544
20
-4.6721101968503937
11
7.6127918503937009
21
-4.6695997244094487
0
LINE
8
BLACK
6
CONTINUOUS
10
7.6127918503937009
20
-4.6695997244094487
11
7.607337244094488
21
-4.6659550787401578
0
LINE
8
BLACK
6
CONTINUOUS
10
7.607337244094488
20
-4.6659550787401578
11
7.6026984645669291
21
-4.661316299212598
0
LINE
8
BLACK
6
CONTINUOUS
10
7.6026984645669291
20
-4.661316299212598
11
7.5990538188976373
21
-4.655861692913386
0
LINE
8
BLACK
6
CONTINUOUS
10
7.5990538188976373
20
-4.655861692913386
11
7.5965433464566932
21
-4.6498008661417325
0
LINE
8
BLACK
6
CONTINUOUS
10
7.5965433464566932
20
-4.6498008661417325
11
7.5952635039370078
21
-4.6433667322834644
0
LINE
8
BLACK
6
CONTINUOUS
10
7.5952635039370078
20
-4.6433667322834644
11
7.5952635039370078
21
-4.6368064960629924
0
LINE
8
BLACK
6
CONTINUOUS
10
7.5952635039370078
20
-4.6368064960629924
11
7.5965433464566932
21
-4.6303723622047244
0
LINE
8
BLACK
6
CONTINUOUS
10
7.5965433464566932
20
-4.6303723622047244
11
7.5990538188976373
21
-4.6243115354330708
0
LINE
8
BLACK
6
CONTINUOUS
10
7.5990538188976373
20
-4.6243115354330708
11
7.6026984645669291
21
-4.6188569291338579
0
LINE
8
BLACK
6
CONTINUOUS
10
7.6026984645669291
20
-4.6188569291338579
11
7.607337244094488
21
-4.6142181496062991
0
LINE
8
BLACK
6
CONTINUOUS
10
7.607337244094488
20
-4.6142181496062991
11
7.6127918503937009
21
-4.6105735039370082
0
LINE
8
BLACK
6
CONTINUOUS
10
7.6127918503937009
20
-4.6105735039370082
11
7.6188526771653544
21
-4.6080630314960631
0
LINE
8
BLACK
6
CONTINUOUS
10
7.6188526771653544
20
-4.6080630314960631
11
7.6252868110236216
21
-4.6067831889763777
0
LINE
8
BLACK
6
CONTINUOUS
10
7.6252868110236216
20
-4.6067831889763777
11
7.6318470472440945
21
-4.6067831889763777
0
LINE
8
BLACK
6
CONTINUOUS
10
7.6318470472440945
20
-4.6067831889763777
11
7.6382811811023616
21
-4.6080630314960631
0
LINE
8
BLACK
6
CONTINUOUS
10
4.1942811811023617
20
-4.5740551574803145
11
4.2003420078740152
21
-4.5765656299212596
0
LINE
8
BLACK
6
CONTINUOUS
10
4.2003420078740152
20
-4.5765656299212596
11
4.2057966141732281
21
-4.5802102755905514
0
LINE
8
BLACK
6
CONTINUOUS
10
4.2057966141732281
20
-4.5802102755905514
11
4.210435393700787
21
-4.5848490551181103
0
LINE
8
BLACK
6
CONTINUOUS
10
4.210435393700787
20
-4.5848490551181103
11
4.2140800393700788
21
-4.5903036614173232
0
LINE
8
BLACK
6
CONTINUOUS
10
4.2140800393700788
20
-4.5903036614173232
11
4.2165905118110238
21
-4.5963644881889767
0
LINE
8
BLACK
6
CONTINUOUS
10
4.2165905118110238
20
-4.5963644881889767
11
4.2178703543307083
21
-4.6027986220472439
0
LINE
8
BLACK
6
CONTINUOUS
10
4.2178703543307083
20
-4.6027986220472439
11
4.2178703543307083
21
-4.6093588582677167
0
LINE
8
BLACK
6
CONTINUOUS
10
4.2178703543307083
20
-4.6093588582677167
11
4.2165905118110238
21
-4.6157929921259839
0
LINE
8
BLACK
6
CONTINUOUS
10
4.2165905118110238
20
-4.6157929921259839
11
4.2140800393700788
21
-4.6218538188976375
0
LINE
8
BLACK
6
CONTINUOUS
10
4.2140800393700788
20
-4.6218538188976375
11
4.210435393700787
21
-4.6273084251968504
0
LINE
8
BLACK
6
CONTINUOUS
10
4.210435393700787
20
-4.6273084251968504
11
4.2057966141732281
21
-4.6319472047244092
0
LINE
8
BLACK
6
CONTINUOUS
10
4.2057966141732281
20
-4.6319472047244092
11
4.2003420078740152
21
-4.635591850393701
0
LINE
8
BLACK
6
CONTINUOUS
10
4.2003420078740152
20
-4.635591850393701
11
4.1942811811023617
21
-4.6381023228346452
0
LINE
8
BLACK
6
CONTINUOUS
10
4.1942811811023617
20
-4.6381023228346452
11
4.1878470472440945
21
-4.6393821653543306
0
LINE
8
BLACK
6
CONTINUOUS
10
4.1878470472440945
20
-4.6393821653543306
11
4.1812868110236217
21
-4.6393821653543306
0
LINE
8
BLACK
6
CONTINUOUS
10
4.1812868110236217
20
-4.6393821653543306
11
4.1748526771653545
21
-4.6381023228346452
0
LINE
8
BLACK
6
CONTINUOUS
10
4.1748526771653545
20
-4.6381023228346452
11
4.1687918503937009
21
-4.635591850393701
0
LINE
8
BLACK
6
CONTINUOUS
10
4.1687918503937009
20
-4.635591850393701
11
4.163337244094488
21
-4.6319472047244092
0
LINE
8
BLACK
6
CONTINUOUS
10
4.163337244094488
20
-4.6319472047244092
11
4.1586984645669292
21
-4.6273084251968504
0
LINE
8
BLACK
6
CONTINUOUS
10
4.1586984645669292
20
-4.6273084251968504
11
4.1550538188976374
21
-4.6218538188976375
0
LINE
8
BLACK
6
CONTINUOUS
10
4.1550538188976374
20
-4.6218538188976375
11
4.1525433464566932
21
-4.6157929921259839
0
LINE
8
BLACK
6
CONTINUOUS
10
4.1525433464566932
20
-4.6157929921259839
11
4.1512635039370078
21
-4.6093588582677167
0
LINE
8
BLACK
6
CONTINUOUS
10
4.1512635039370078
20
-4.6093588582677167
11
4.1512635039370078
21
-4.6027986220472439
0
LINE
8
BLACK
6
CONTINUOUS
10
4.1512635039370078
20
-4.6027986220472439
11
4.1525433464566932
21
-4.5963644881889767
0
LINE
8
BLACK
6
CONTINUOUS
10
4.1525433464566932
20
-4.5963644881889767
11
4.1550538188976374
21
-4.5903036614173232
0
LINE
8
BLACK
6
CONTINUOUS
10
4.1550538188976374
20
-4.5903036614173232
11
4.1586984645669292
21
-4.5848490551181103
0
LINE
8
BLACK
6
CONTINUOUS
10
4.1586984645669292
20
-4.5848490551181103
11
4.163337244094488
21
-4.5802102755905514
0
LINE
8
BLACK
6
CONTINUOUS
10
4.163337244094488
20
-4.5802102755905514
11
4.1687918503937009
21
-4.5765656299212596
0
LINE
8
BLACK
6
CONTINUOUS
10
4.1687918503937009
20
-4.5765656299212596
11
4.1748526771653545
21
-4.5740551574803145
0
LINE
8
BLACK
6
CONTINUOUS
10
4.1748526771653545
20
-4.5740551574803145
11
4.1812868110236217
21
-4.5727753149606301
0
LINE
8
BLACK
6
CONTINUOUS
10
4.1812868110236217
20
-4.5727753149606301
11
4.1878470472440945
21
-4.5727753149606301
0
LINE
8
BLACK
6
CONTINUOUS
10
4.1878470472440945
20
-4.5727753149606301
11
4.1942811811023617
21
-4.5740551574803145
0
LINE
8
BLACK
6
CONTINUOUS
10
4.1942811811023617
20
-4.4740551574803149
11
4.2003420078740152
21
-4.4765656299212599
0
LINE
8
BLACK
6
CONTINUOUS
10
4.2003420078740152
20
-4.4765656299212599
11
4.2057966141732281
21
-4.4802102755905509
0
LINE
8
BLACK
6
CONTINUOUS
10
4.2057966141732281
20
-4.4802102755905509
11
4.210435393700787
21
-4.4848490551181097
0
LINE
8
BLACK
6
CONTINUOUS
10
4.210435393700787
20
-4.4848490551181097
11
4.2140800393700788
21
-4.4903036614173226
0
LINE
8
BLACK
6
CONTINUOUS
10
4.2140800393700788
20
-4.4903036614173226
11
4.2165905118110238
21
-4.4963644881889762
0
LINE
8
BLACK
6
CONTINUOUS
10
4.2165905118110238
20
-4.4963644881889762
11
4.2178703543307083
21
-4.5027986220472442
0
LINE
8
BLACK
6
CONTINUOUS
10
4.2178703543307083
20
-4.5027986220472442
11
4.2178703543307083
21
-4.5093588582677162
0
LINE
8
BLACK
6
CONTINUOUS
10
4.2178703543307083
20
-4.5093588582677162
11
4.2165905118110238
21
-4.5157929921259843
0
LINE
8
BLACK
6
CONTINUOUS
10
4.2165905118110238
20
-4.5157929921259843
11
4.2140800393700788
21
-4.5218538188976378
0
LINE
8
BLACK
6
CONTINUOUS
10
4.2140800393700788
20
-4.5218538188976378
11
4.210435393700787
21
-4.5273084251968507
0
LINE
8
BLACK
6
CONTINUOUS
10
4.210435393700787
20
-4.5273084251968507
11
4.2057966141732281
21
-4.5319472047244096
0
LINE
8
BLACK
6
CONTINUOUS
10
4.2057966141732281
20
-4.5319472047244096
11
4.2003420078740152
21
-4.5355918503937005
0
LINE
8
BLACK
6
CONTINUOUS
10
4.2003420078740152
20
-4.5355918503937005
11
4.1942811811023617
21
-4.5381023228346455
0
LINE
8
BLACK
6
CONTINUOUS
10
4.1942811811023617
20
-4.5381023228346455
11
4.1878470472440945
21
-4.5393821653543309
0
LINE
8
BLACK
6
CONTINUOUS
10
4.1878470472440945
20
-4.5393821653543309
11
4.1812868110236217
21
-4.5393821653543309
0
LINE
8
BLACK
6
CONTINUOUS
10
4.1812868110236217
20
-4.5393821653543309
11
4.1748526771653545
21
-4.5381023228346455
0
LINE
8
BLACK
6
CONTINUOUS
10
4.1748526771653545
20
-4.5381023228346455
11
4.1687918503937009
21
-4.5355918503937005
0
LINE
8
BLACK
6
CONTINUOUS
10
4.1687918503937009
20
-4.5355918503937005
11
4.163337244094488
21
-4.5319472047244096
0
LINE
8
BLACK
6
CONTINUOUS
10
4.163337244094488
20
-4.5319472047244096
11
4.1586984645669292
21
-4.5273084251968507
0
LINE
8
BLACK
6
CONTINUOUS
10
4.1586984645669292
20
-4.5273084251968507
11
4.1550538188976374
21
-4.5218538188976378
0
LINE
8
BLACK
6
CONTINUOUS
10
4.1550538188976374
20
-4.5218538188976378
11
4.1525433464566932
21
-4.5157929921259843
0
LINE
8
BLACK
6
CONTINUOUS
10
4.1525433464566932
20
-4.5157929921259843
11
4.1512635039370078
21
-4.5093588582677162
0
LINE
8
BLACK
6
CONTINUOUS
10
4.1512635039370078
20
-4.5093588582677162
11
4.1512635039370078
21
-4.5027986220472442
0
LINE
8
BLACK
6
CONTINUOUS
10
4.1512635039370078
20
-4.5027986220472442
11
4.1525433464566932
21
-4.4963644881889762
0
LINE
8
BLACK
6
CONTINUOUS
10
4.1525433464566932
20
-4.4963644881889762
11
4.1550538188976374
21
-4.4903036614173226
0
LINE
8
BLACK
6
CONTINUOUS
10
4.1550538188976374
20
-4.4903036614173226
11
4.1586984645669292
21
-4.4848490551181097
0
LINE
8
BLACK
6
CONTINUOUS
10
4.1586984645669292
20
-4.4848490551181097
11
4.163337244094488
21
-4.4802102755905509
0
LINE
8
BLACK
6
CONTINUOUS
10
4.163337244094488
20
-4.4802102755905509
11
4.1687918503937009
21
-4.4765656299212599
0
LINE
8
BLACK
6
CONTINUOUS
10
4.1687918503937009
20
-4.4765656299212599
11
4.1748526771653545
21
-4.4740551574803149
0
LINE
8
BLACK
6
CONTINUOUS
10
4.1748526771653545
20
-4.4740551574803149
11
4.1812868110236217
21
-4.4727753149606295
0
LINE
8
BLACK
6
CONTINUOUS
10
4.1812868110236217
20
-4.4727753149606295
11
4.1878470472440945
21
-4.4727753149606295
0
LINE
8
BLACK
6
CONTINUOUS
10
4.1878470472440945
20
-4.4727753149606295
11
4.1942811811023617
21
-4.4740551574803149
0
LINE
8
BLACK
6
CONTINUOUS
10
7.6640314960629921
20
-4.5249606299212601
11
7.5971023622047245
21
-4.5249606299212601
0
LINE
8
BLACK
6
CONTINUOUS
10
7.5971023622047245
20
-4.5249606299212601
11
7.5971023622047245
21
-4.4580314960629916
0
LINE
8
BLACK
6
CONTINUOUS
10
7.5971023622047245
20
-4.4580314960629916
11
7.6640314960629921
21
-4.4580314960629916
0
LINE
8
BLACK
6
CONTINUOUS
10
7.6640314960629921
20
-4.4580314960629916
11
7.6640314960629921
21
-4.5249606299212601
0
LINE
8
BLACK
6
CONTINUOUS
10
4.1942811811023617
20
-4.3740551574803153
11
4.2003420078740152
21
-4.3765656299212594
0
LINE
8
BLACK
6
CONTINUOUS
10
4.2003420078740152
20
-4.3765656299212594
11
4.2057966141732281
21
-4.3802102755905512
0
LINE
8
BLACK
6
CONTINUOUS
10
4.2057966141732281
20
-4.3802102755905512
11
4.210435393700787
21
-4.3848490551181101
0
LINE
8
BLACK
6
CONTINUOUS
10
4.210435393700787
20
-4.3848490551181101
11
4.2140800393700788
21
-4.390303661417323
0
LINE
8
BLACK
6
CONTINUOUS
10
4.2140800393700788
20
-4.390303661417323
11
4.2165905118110238
21
-4.3963644881889765
0
LINE
8
BLACK
6
CONTINUOUS
10
4.2165905118110238
20
-4.3963644881889765
11
4.2178703543307083
21
-4.4027986220472437
0
LINE
8
BLACK
6
CONTINUOUS
10
4.2178703543307083
20
-4.4027986220472437
11
4.2178703543307083
21
-4.4093588582677166
0
LINE
8
BLACK
6
CONTINUOUS
10
4.2178703543307083
20
-4.4093588582677166
11
4.2165905118110238
21
-4.4157929921259838
0
LINE
8
BLACK
6
CONTINUOUS
10
4.2165905118110238
20
-4.4157929921259838
11
4.2140800393700788
21
-4.4218538188976373
0
LINE
8
BLACK
6
CONTINUOUS
10
4.2140800393700788
20
-4.4218538188976373
11
4.210435393700787
21
-4.4273084251968502
0
LINE
8
BLACK
6
CONTINUOUS
10
4.210435393700787
20
-4.4273084251968502
11
4.2057966141732281
21
-4.4319472047244091
0
LINE
8
BLACK
6
CONTINUOUS
10
4.2057966141732281
20
-4.4319472047244091
11
4.2003420078740152
21
-4.4355918503937009
0
LINE
8
BLACK
6
CONTINUOUS
10
4.2003420078740152
20
-4.4355918503937009
11
4.1942811811023617
21
-4.4381023228346459
0
LINE
8
BLACK
6
CONTINUOUS
10
4.1942811811023617
20
-4.4381023228346459
11
4.1878470472440945
21
-4.4393821653543304
0
LINE
8
BLACK
6
CONTINUOUS
10
4.1878470472440945
20
-4.4393821653543304
11
4.1812868110236217
21
-4.4393821653543304
0
LINE
8
BLACK
6
CONTINUOUS
10
4.1812868110236217
20
-4.4393821653543304
11
4.1748526771653545
21
-4.4381023228346459
0
LINE
8
BLACK
6
CONTINUOUS
10
4.1748526771653545
20
-4.4381023228346459
11
4.1687918503937009
21
-4.4355918503937009
0
LINE
8
BLACK
6
CONTINUOUS
10
4.1687918503937009
20
-4.4355918503937009
11
4.163337244094488
21
-4.4319472047244091
0
LINE
8
BLACK
6
CONTINUOUS
10
4.163337244094488
20
-4.4319472047244091
11
4.1586984645669292
21
-4.4273084251968502
0
LINE
8
BLACK
6
CONTINUOUS
10
4.1586984645669292
20
-4.4273084251968502
11
4.1550538188976374
21
-4.4218538188976373
0
LINE
8
BLACK
6
CONTINUOUS
10
4.1550538188976374
20
-4.4218538188976373
11
4.1525433464566932
21
-4.4157929921259838
0
LINE
8
BLACK
6
CONTINUOUS
10
4.1525433464566932
20
-4.4157929921259838
11
4.1512635039370078
21
-4.4093588582677166
0
LINE
8
BLACK
6
CONTINUOUS
10
4.1512635039370078
20
-4.4093588582677166
11
4.1512635039370078
21
-4.4027986220472437
0
LINE
8
BLACK
6
CONTINUOUS
10
4.1512635039370078
20
-4.4027986220472437
11
4.1525433464566932
21
-4.3963644881889765
0
LINE
8
BLACK
6
CONTINUOUS
10
4.1525433464566932
20
-4.3963644881889765
11
4.1550538188976374
21
-4.390303661417323
0
LINE
8
BLACK
6
CONTINUOUS
10
4.1550538188976374
20
-4.390303661417323
11
4.1586984645669292
21
-4.3848490551181101
0
LINE
8
BLACK
6
CONTINUOUS
10
4.1586984645669292
20
-4.3848490551181101
11
4.163337244094488
21
-4.3802102755905512
0
LINE
8
BLACK
6
CONTINUOUS
10
4.163337244094488
20
-4.3802102755905512
11
4.1687918503937009
21
-4.3765656299212594
0
LINE
8
BLACK
6
CONTINUOUS
10
4.1687918503937009
20
-4.3765656299212594
11
4.1748526771653545
21
-4.3740551574803153
0
LINE
8
BLACK
6
CONTINUOUS
10
4.1748526771653545
20
-4.3740551574803153
11
4.1812868110236217
21
-4.3727753149606299
0
LINE
8
BLACK
6
CONTINUOUS
10
4.1812868110236217
20
-4.3727753149606299
11
4.1878470472440945
21
-4.3727753149606299
0
LINE
8
BLACK
6
CONTINUOUS
10
4.1878470472440945
20
-4.3727753149606299
11
4.1942811811023617
21
-4.3740551574803153
0
LINE
8
BLACK
6
CONTINUOUS
10
7.6402811811023623
20
-4.3594724803149605
11
7.6463420078740159
21
-4.3619829527559055
0
LINE
8
BLACK
6
CONTINUOUS
10
7.6463420078740159
20
-4.3619829527559055
11
7.6517966141732279
21
-4.3656275984251964
0
LINE
8
BLACK
6
CONTINUOUS
10
7.6517966141732279
20
-4.3656275984251964
11
7.6564353937007876
21
-4.3702663779527562
0
LINE
8
BLACK
6
CONTINUOUS
10
7.6564353937007876
20
-4.3702663779527562
11
7.6600800393700785
21
-4.3757209842519682
0
LINE
8
BLACK
6
CONTINUOUS
10
7.6600800393700785
20
-4.3757209842519682
11
7.6625905118110236
21
-4.3817818110236217
0
LINE
8
BLACK
6
CONTINUOUS
10
7.6625905118110236
20
-4.3817818110236217
11
7.6638703543307081
21
-4.3882159448818898
0
LINE
8
BLACK
6
CONTINUOUS
10
7.6638703543307081
20
-4.3882159448818898
11
7.6638703543307081
21
-4.3947761811023618
0
LINE
8
BLACK
6
CONTINUOUS
10
7.6638703543307081
20
-4.3947761811023618
11
7.6625905118110236
21
-4.4012103149606299
0
LINE
8
BLACK
6
CONTINUOUS
10
7.6625905118110236
20
-4.4012103149606299
11
7.6600800393700785
21
-4.4072711417322834
0
LINE
8
BLACK
6
CONTINUOUS
10
7.6600800393700785
20
-4.4072711417322834
11
7.6564353937007876
21
-4.4127257480314963
0
LINE
8
BLACK
6
CONTINUOUS
10
7.6564353937007876
20
-4.4127257480314963
11
7.6517966141732279
21
-4.4173645275590552
0
LINE
8
BLACK
6
CONTINUOUS
10
7.6517966141732279
20
-4.4173645275590552
11
7.6463420078740159
21
-4.4210091732283461
0
LINE
8
BLACK
6
CONTINUOUS
10
7.6463420078740159
20
-4.4210091732283461
11
7.6402811811023623
21
-4.4235196456692911
0
LINE
8
BLACK
6
CONTINUOUS
10
7.6402811811023623
20
-4.4235196456692911
11
7.6338470472440942
21
-4.4247994881889765
0
LINE
8
BLACK
6
CONTINUOUS
10
7.6338470472440942
20
-4.4247994881889765
11
7.6272868110236223
21
-4.4247994881889765
0
LINE
8
BLACK
6
CONTINUOUS
10
7.6272868110236223
20
-4.4247994881889765
11
7.6208526771653542
21
-4.4235196456692911
0
LINE
8
BLACK
6
CONTINUOUS
10
7.6208526771653542
20
-4.4235196456692911
11
7.6147918503937007
21
-4.4210091732283461
0
LINE
8
BLACK
6
CONTINUOUS
10
7.6147918503937007
20
-4.4210091732283461
11
7.6093372440944878
21
-4.4173645275590552
0
LINE
8
BLACK
6
CONTINUOUS
10
7.6093372440944878
20
-4.4173645275590552
11
7.6046984645669289
21
-4.4127257480314963
0
LINE
8
BLACK
6
CONTINUOUS
10
7.6046984645669289
20
-4.4127257480314963
11
7.601053818897638
21
-4.4072711417322834
0
LINE
8
BLACK
6
CONTINUOUS
10
7.601053818897638
20
-4.4072711417322834
11
7.5985433464566929
21
-4.4012103149606299
0
LINE
8
BLACK
6
CONTINUOUS
10
7.5985433464566929
20
-4.4012103149606299
11
7.5972635039370076
21
-4.3947761811023618
0
LINE
8
BLACK
6
CONTINUOUS
10
7.5972635039370076
20
-4.3947761811023618
11
7.5972635039370076
21
-4.3882159448818898
0
LINE
8
BLACK
6
CONTINUOUS
10
7.5972635039370076
20
-4.3882159448818898
11
7.5985433464566929
21
-4.3817818110236217
0
LINE
8
BLACK
6
CONTINUOUS
10
7.5985433464566929
20
-4.3817818110236217
11
7.601053818897638
21
-4.3757209842519682
0
LINE
8
BLACK
6
CONTINUOUS
10
7.601053818897638
20
-4.3757209842519682
11
7.6046984645669289
21
-4.3702663779527562
0
LINE
8
BLACK
6
CONTINUOUS
10
7.6046984645669289
20
-4.3702663779527562
11
7.6093372440944878
21
-4.3656275984251964
0
LINE
8
BLACK
6
CONTINUOUS
10
7.6093372440944878
20
-4.3656275984251964
11
7.6147918503937007
21
-4.3619829527559055
0
LINE
8
BLACK
6
CONTINUOUS
10
7.6147918503937007
20
-4.3619829527559055
11
7.6208526771653542
21
-4.3594724803149605
0
LINE
8
BLACK
6
CONTINUOUS
10
7.6208526771653542
20
-4.3594724803149605
11
7.6272868110236223
21
-4.3581926377952751
0
LINE
8
BLACK
6
CONTINUOUS
10
7.6272868110236223
20
-4.3581926377952751
11
7.6338470472440942
21
-4.3581926377952751
0
LINE
8
BLACK
6
CONTINUOUS
10
7.6338470472440942
20
-4.3581926377952751
11
7.6402811811023623
21
-4.3594724803149605
0
LINE
8
BLACK
6
CONTINUOUS
10
5.4479167322834643
20
-4.3106874015748033
11
5.4550471259842519
21
-4.3136409055118108
0
LINE
8
BLACK
6
CONTINUOUS
10
5.4550471259842519
20
-4.3136409055118108
11
5.4614642913385829
21
-4.3179287401574804
0
LINE
8
BLACK
6
CONTINUOUS
10
5.4614642913385829
20
-4.3179287401574804
11
5.4669216535433067
21
-4.3233861023622042
0
LINE
8
BLACK
6
CONTINUOUS
10
5.4669216535433067
20
-4.3233861023622042
11
5.4712094881889763
21
-4.3298032677165352
0
LINE
8
BLACK
6
CONTINUOUS
10
5.4712094881889763
20
-4.3298032677165352
11
5.4741629921259838
21
-4.3369336614173228
0
LINE
8
BLACK
6
CONTINUOUS
10
5.4741629921259838
20
-4.3369336614173228
11
5.4756687007874012
21
-4.3445032677165356
0
LINE
8
BLACK
6
CONTINUOUS
10
5.4756687007874012
20
-4.3445032677165356
11
5.4756687007874012
21
-4.3522211417322838
0
LINE
8
BLACK
6
CONTINUOUS
10
5.4756687007874012
20
-4.3522211417322838
11
5.4741629921259838
21
-4.3597907480314957
0
LINE
8
BLACK
6
CONTINUOUS
10
5.4741629921259838
20
-4.3597907480314957
11
5.4712094881889763
21
-4.3669211417322833
0
LINE
8
BLACK
6
CONTINUOUS
10
5.4712094881889763
20
-4.3669211417322833
11
5.4669216535433067
21
-4.3733383070866143
0
LINE
8
BLACK
6
CONTINUOUS
10
5.4669216535433067
20
-4.3733383070866143
11
5.4614642913385829
21
-4.3787956692913381
0
LINE
8
BLACK
6
CONTINUOUS
10
5.4614642913385829
20
-4.3787956692913381
11
5.4550471259842519
21
-4.3830835039370077
0
LINE
8
BLACK
6
CONTINUOUS
10
5.4550471259842519
20
-4.3830835039370077
11
5.4479167322834643
21
-4.3860370078740161
0
LINE
8
BLACK
6
CONTINUOUS
10
5.4479167322834643
20
-4.3860370078740161
11
5.4403471259842515
21
-4.3875427165354326
0
LINE
8
BLACK
6
CONTINUOUS
10
5.4403471259842515
20
-4.3875427165354326
11
5.4326292519685042
21
-4.3875427165354326
0
LINE
8
BLACK
6
CONTINUOUS
10
5.4326292519685042
20
-4.3875427165354326
11
5.4250596456692914
21
-4.3860370078740161
0
LINE
8
BLACK
6
CONTINUOUS
10
5.4250596456692914
20
-4.3860370078740161
11
5.4179292519685038
21
-4.3830835039370077
0
LINE
8
BLACK
6
CONTINUOUS
10
5.4179292519685038
20
-4.3830835039370077
11
5.4115120866141728
21
-4.3787956692913381
0
LINE
8
BLACK
6
CONTINUOUS
10
5.4115120866141728
20
-4.3787956692913381
11
5.406054724409449
21
-4.3733383070866143
0
LINE
8
BLACK
6
CONTINUOUS
10
5.406054724409449
20
-4.3733383070866143
11
5.4017668897637794
21
-4.3669211417322833
0
LINE
8
BLACK
6
CONTINUOUS
10
5.4017668897637794
20
-4.3669211417322833
11
5.3988133858267719
21
-4.3597907480314957
0
LINE
8
BLACK
6
CONTINUOUS
10
5.3988133858267719
20
-4.3597907480314957
11
5.3973076771653545
21
-4.3522211417322838
0
LINE
8
BLACK
6
CONTINUOUS
10
5.3973076771653545
20
-4.3522211417322838
11
5.3973076771653545
21
-4.3445032677165356
0
LINE
8
BLACK
6
CONTINUOUS
10
5.3973076771653545
20
-4.3445032677165356
11
5.3988133858267719
21
-4.3369336614173228
0
LINE
8
BLACK
6
CONTINUOUS
10
5.3988133858267719
20
-4.3369336614173228
11
5.4017668897637794
21
-4.3298032677165352
0
LINE
8
BLACK
6
CONTINUOUS
10
5.4017668897637794
20
-4.3298032677165352
11
5.406054724409449
21
-4.3233861023622042
0
LINE
8
BLACK
6
CONTINUOUS
10
5.406054724409449
20
-4.3233861023622042
11
5.4115120866141728
21
-4.3179287401574804
0
LINE
8
BLACK
6
CONTINUOUS
10
5.4115120866141728
20
-4.3179287401574804
11
5.4179292519685038
21
-4.3136409055118108
0
LINE
8
BLACK
6
CONTINUOUS
10
5.4179292519685038
20
-4.3136409055118108
11
5.4250596456692914
21
-4.3106874015748033
0
LINE
8
BLACK
6
CONTINUOUS
10
5.4250596456692914
20
-4.3106874015748033
11
5.4326292519685042
21
-4.3091816929133859
0
LINE
8
BLACK
6
CONTINUOUS
10
5.4326292519685042
20
-4.3091816929133859
11
5.4403471259842515
21
-4.3091816929133859
0
LINE
8
BLACK
6
CONTINUOUS
10
5.4403471259842515
20
-4.3091816929133859
11
5.4479167322834643
21
-4.3106874015748033
0
LINE
8
BLACK
6
CONTINUOUS
10
5.6250820866141735
20
-4.3106874015748033
11
5.6322124803149602
21
-4.3136409055118108
0
LINE
8
BLACK
6
CONTINUOUS
10
5.6322124803149602
20
-4.3136409055118108
11
5.6386296456692913
21
-4.3179287401574804
0
LINE
8
BLACK
6
CONTINUOUS
10
5.6386296456692913
20
-4.3179287401574804
11
5.644087007874016
21
-4.3233861023622042
0
LINE
8
BLACK
6
CONTINUOUS
10
5.644087007874016
20
-4.3233861023622042
11
5.6483748425196847
21
-4.3298032677165352
0
LINE
8
BLACK
6
CONTINUOUS
10
5.6483748425196847
20
-4.3298032677165352
11
5.651328346456693
21
-4.3369336614173228
0
LINE
8
BLACK
6
CONTINUOUS
10
5.651328346456693
20
-4.3369336614173228
11
5.6528340551181104
21
-4.3445032677165356
0
LINE
8
BLACK
6
CONTINUOUS
10
5.6528340551181104
20
-4.3445032677165356
11
5.6528340551181104
21
-4.3522211417322838
0
LINE
8
BLACK
6
CONTINUOUS
10
5.6528340551181104
20
-4.3522211417322838
11
5.651328346456693
21
-4.3597907480314957
0
LINE
8
BLACK
6
CONTINUOUS
10
5.651328346456693
20
-4.3597907480314957
11
5.6483748425196847
21
-4.3669211417322833
0
LINE
8
BLACK
6
CONTINUOUS
10
5.6483748425196847
20
-4.3669211417322833
11
5.644087007874016
21
-4.3733383070866143
0
LINE
8
BLACK
6
CONTINUOUS
10
5.644087007874016
20
-4.3733383070866143
11
5.6386296456692913
21
-4.3787956692913381
0
LINE
8
BLACK
6
CONTINUOUS
10
5.6386296456692913
20
-4.3787956692913381
11
5.6322124803149602
21
-4.3830835039370077
0
LINE
8
BLACK
6
CONTINUOUS
10
5.6322124803149602
20
-4.3830835039370077
11
5.6250820866141735
21
-4.3860370078740161
0
LINE
8
BLACK
6
CONTINUOUS
10
5.6250820866141735
20
-4.3860370078740161
11
5.6175124803149608
21
-4.3875427165354326
0
LINE
8
BLACK
6
CONTINUOUS
10
5.6175124803149608
20
-4.3875427165354326
11
5.6097946062992126
21
-4.3875427165354326
0
LINE
8
BLACK
6
CONTINUOUS
10
5.6097946062992126
20
-4.3875427165354326
11
5.6022249999999998
21
-4.3860370078740161
0
LINE
8
BLACK
6
CONTINUOUS
10
5.6022249999999998
20
-4.3860370078740161
11
5.5950946062992122
21
-4.3830835039370077
0
LINE
8
BLACK
6
CONTINUOUS
10
5.5950946062992122
20
-4.3830835039370077
11
5.5886774409448821
21
-4.3787956692913381
0
LINE
8
BLACK
6
CONTINUOUS
10
5.5886774409448821
20
-4.3787956692913381
11
5.5832200787401574
21
-4.3733383070866143
0
LINE
8
BLACK
6
CONTINUOUS
10
5.5832200787401574
20
-4.3733383070866143
11
5.5789322440944877
21
-4.3669211417322833
0
LINE
8
BLACK
6
CONTINUOUS
10
5.5789322440944877
20
-4.3669211417322833
11
5.5759787401574803
21
-4.3597907480314957
0
LINE
8
BLACK
6
CONTINUOUS
10
5.5759787401574803
20
-4.3597907480314957
11
5.5744730314960629
21
-4.3522211417322838
0
LINE
8
BLACK
6
CONTINUOUS
10
5.5744730314960629
20
-4.3522211417322838
11
5.5744730314960629
21
-4.3445032677165356
0
LINE
8
BLACK
6
CONTINUOUS
10
5.5744730314960629
20
-4.3445032677165356
11
5.5759787401574803
21
-4.3369336614173228
0
LINE
8
BLACK
6
CONTINUOUS
10
5.5759787401574803
20
-4.3369336614173228
11
5.5789322440944877
21
-4.3298032677165352
0
LINE
8
BLACK
6
CONTINUOUS
10
5.5789322440944877
20
-4.3298032677165352
11
5.5832200787401574
21
-4.3233861023622042
0
LINE
8
BLACK
6
CONTINUOUS
10
5.5832200787401574
20
-4.3233861023622042
11
5.5886774409448821
21
-4.3179287401574804
0
LINE
8
BLACK
6
CONTINUOUS
10
5.5886774409448821
20
-4.3179287401574804
11
5.5950946062992122
21
-4.3136409055118108
0
LINE
8
BLACK
6
CONTINUOUS
10
5.5950946062992122
20
-4.3136409055118108
11
5.6022249999999998
21
-4.3106874015748033
0
LINE
8
BLACK
6
CONTINUOUS
10
5.6022249999999998
20
-4.3106874015748033
11
5.6097946062992126
21
-4.3091816929133859
0
LINE
8
BLACK
6
CONTINUOUS
10
5.6097946062992126
20
-4.3091816929133859
11
5.6175124803149608
21
-4.3091816929133859
0
LINE
8
BLACK
6
CONTINUOUS
10
5.6175124803149608
20
-4.3091816929133859
11
5.6250820866141735
21
-4.3106874015748033
0
LINE
8
BLACK
6
CONTINUOUS
10
4.1942811811023617
20
-4.2740551574803147
11
4.2003420078740152
21
-4.2765656299212598
0
LINE
8
BLACK
6
CONTINUOUS
10
4.2003420078740152
20
-4.2765656299212598
11
4.2057966141732281
21
-4.2802102755905507
0
LINE
8
BLACK
6
CONTINUOUS
10
4.2057966141732281
20
-4.2802102755905507
11
4.210435393700787
21
-4.2848490551181104
0
LINE
8
BLACK
6
CONTINUOUS
10
4.210435393700787
20
-4.2848490551181104
11
4.2140800393700788
21
-4.2903036614173224
0
LINE
8
BLACK
6
CONTINUOUS
10
4.2140800393700788
20
-4.2903036614173224
11
4.2165905118110238
21
-4.296364488188976
0
LINE
8
BLACK
6
CONTINUOUS
10
4.2165905118110238
20
-4.296364488188976
11
4.2178703543307083
21
-4.3027986220472441
0
LINE
8
BLACK
6
CONTINUOUS
10
4.2178703543307083
20
-4.3027986220472441
11
4.2178703543307083
21
-4.309358858267716
0
LINE
8
BLACK
6
CONTINUOUS
10
4.2178703543307083
20
-4.309358858267716
11
4.2165905118110238
21
-4.3157929921259841
0
LINE
8
BLACK
6
CONTINUOUS
10
4.2165905118110238
20
-4.3157929921259841
11
4.2140800393700788
21
-4.3218538188976376
0
LINE
8
BLACK
6
CONTINUOUS
10
4.2140800393700788
20
-4.3218538188976376
11
4.210435393700787
21
-4.3273084251968505
0
LINE
8
BLACK
6
CONTINUOUS
10
4.210435393700787
20
-4.3273084251968505
11
4.2057966141732281
21
-4.3319472047244094
0
LINE
8
BLACK
6
CONTINUOUS
10
4.2057966141732281
20
-4.3319472047244094
11
4.2003420078740152
21
-4.3355918503937003
0
LINE
8
BLACK
6
CONTINUOUS
10
4.2003420078740152
20
-4.3355918503937003
11
4.1942811811023617
21
-4.3381023228346454
0
LINE
8
BLACK
6
CONTINUOUS
10
4.1942811811023617
20
-4.3381023228346454
11
4.1878470472440945
21
-4.3393821653543307
0
LINE
8
BLACK
6
CONTINUOUS
10
4.1878470472440945
20
-4.3393821653543307
11
4.1812868110236217
21
-4.3393821653543307
0
LINE
8
BLACK
6
CONTINUOUS
10
4.1812868110236217
20
-4.3393821653543307
11
4.1748526771653545
21
-4.3381023228346454
0
LINE
8
BLACK
6
CONTINUOUS
10
4.1748526771653545
20
-4.3381023228346454
11
4.1687918503937009
21
-4.3355918503937003
0
LINE
8
BLACK
6
CONTINUOUS
10
4.1687918503937009
20
-4.3355918503937003
11
4.163337244094488
21
-4.3319472047244094
0
LINE
8
BLACK
6
CONTINUOUS
10
4.163337244094488
20
-4.3319472047244094
11
4.1586984645669292
21
-4.3273084251968505
0
LINE
8
BLACK
6
CONTINUOUS
10
4.1586984645669292
20
-4.3273084251968505
11
4.1550538188976374
21
-4.3218538188976376
0
LINE
8
BLACK
6
CONTINUOUS
10
4.1550538188976374
20
-4.3218538188976376
11
4.1525433464566932
21
-4.3157929921259841
0
LINE
8
BLACK
6
CONTINUOUS
10
4.1525433464566932
20
-4.3157929921259841
11
4.1512635039370078
21
-4.309358858267716
0
LINE
8
BLACK
6
CONTINUOUS
10
4.1512635039370078
20
-4.309358858267716
11
4.1512635039370078
21
-4.3027986220472441
0
LINE
8
BLACK
6
CONTINUOUS
10
4.1512635039370078
20
-4.3027986220472441
11
4.1525433464566932
21
-4.296364488188976
0
LINE
8
BLACK
6
CONTINUOUS
10
4.1525433464566932
20
-4.296364488188976
11
4.1550538188976374
21
-4.2903036614173224
0
LINE
8
BLACK
6
CONTINUOUS
10
4.1550538188976374
20
-4.2903036614173224
11
4.1586984645669292
21
-4.2848490551181104
0
LINE
8
BLACK
6
CONTINUOUS
10
4.1586984645669292
20
-4.2848490551181104
11
4.163337244094488
21
-4.2802102755905507
0
LINE
8
BLACK
6
CONTINUOUS
10
4.163337244094488
20
-4.2802102755905507
11
4.1687918503937009
21
-4.2765656299212598
0
LINE
8
BLACK
6
CONTINUOUS
10
4.1687918503937009
20
-4.2765656299212598
11
4.1748526771653545
21
-4.2740551574803147
0
LINE
8
BLACK
6
CONTINUOUS
10
4.1748526771653545
20
-4.2740551574803147
11
4.1812868110236217
21
-4.2727753149606302
0
LINE
8
BLACK
6
CONTINUOUS
10
4.1812868110236217
20
-4.2727753149606302
11
4.1878470472440945
21
-4.2727753149606302
0
LINE
8
BLACK
6
CONTINUOUS
10
4.1878470472440945
20
-4.2727753149606302
11
4.1942811811023617
21
-4.2740551574803147
0
LINE
8
BLACK
6
CONTINUOUS
10
7.6402811811023623
20
-4.2594724803149608
11
7.6463420078740159
21
-4.261982952755905
0
LINE
8
BLACK
6
CONTINUOUS
10
7.6463420078740159
20
-4.261982952755905
11
7.6517966141732279
21
-4.2656275984251968
0
LINE
8
BLACK
6
CONTINUOUS
10
7.6517966141732279
20
-4.2656275984251968
11
7.6564353937007876
21
-4.2702663779527557
0
LINE
8
BLACK
6
CONTINUOUS
10
7.6564353937007876
20
-4.2702663779527557
11
7.6600800393700785
21
-4.2757209842519686
0
LINE
8
BLACK
6
CONTINUOUS
10
7.6600800393700785
20
-4.2757209842519686
11
7.6625905118110236
21
-4.2817818110236221
0
LINE
8
BLACK
6
CONTINUOUS
10
7.6625905118110236
20
-4.2817818110236221
11
7.6638703543307081
21
-4.2882159448818893
0
LINE
8
BLACK
6
CONTINUOUS
10
7.6638703543307081
20
-4.2882159448818893
11
7.6638703543307081
21
-4.2947761811023621
0
LINE
8
BLACK
6
CONTINUOUS
10
7.6638703543307081
20
-4.2947761811023621
11
7.6625905118110236
21
-4.3012103149606302
0
LINE
8
BLACK
6
CONTINUOUS
10
7.6625905118110236
20
-4.3012103149606302
11
7.6600800393700785
21
-4.3072711417322838
0
LINE
8
BLACK
6
CONTINUOUS
10
7.6600800393700785
20
-4.3072711417322838
11
7.6564353937007876
21
-4.3127257480314958
0
LINE
8
BLACK
6
CONTINUOUS
10
7.6564353937007876
20
-4.3127257480314958
11
7.6517966141732279
21
-4.3173645275590546
0
LINE
8
BLACK
6
CONTINUOUS
10
7.6517966141732279
20
-4.3173645275590546
11
7.6463420078740159
21
-4.3210091732283464
0
LINE
8
BLACK
6
CONTINUOUS
10
7.6463420078740159
20
-4.3210091732283464
11
7.6402811811023623
21
-4.3235196456692915
0
LINE
8
BLACK
6
CONTINUOUS
10
7.6402811811023623
20
-4.3235196456692915
11
7.6338470472440942
21
-4.324799488188976
0
LINE
8
BLACK
6
CONTINUOUS
10
7.6338470472440942
20
-4.324799488188976
11
7.6272868110236223
21
-4.324799488188976
0
LINE
8
BLACK
6
CONTINUOUS
10
7.6272868110236223
20
-4.324799488188976
11
7.6208526771653542
21
-4.3235196456692915
0
LINE
8
BLACK
6
CONTINUOUS
10
7.6208526771653542
20
-4.3235196456692915
11
7.6147918503937007
21
-4.3210091732283464
0
LINE
8
BLACK
6
CONTINUOUS
10
7.6147918503937007
20
-4.3210091732283464
11
7.6093372440944878
21
-4.3173645275590546
0
LINE
8
BLACK
6
CONTINUOUS
10
7.6093372440944878
20
-4.3173645275590546
11
7.6046984645669289
21
-4.3127257480314958
0
LINE
8
BLACK
6
CONTINUOUS
10
7.6046984645669289
20
-4.3127257480314958
11
7.601053818897638
21
-4.3072711417322838
0
LINE
8
BLACK
6
CONTINUOUS
10
7.601053818897638
20
-4.3072711417322838
11
7.5985433464566929
21
-4.3012103149606302
0
LINE
8
BLACK
6
CONTINUOUS
10
7.5985433464566929
20
-4.3012103149606302
11
7.5972635039370076
21
-4.2947761811023621
0
LINE
8
BLACK
6
CONTINUOUS
10
7.5972635039370076
20
-4.2947761811023621
11
7.5972635039370076
21
-4.2882159448818893
0
LINE
8
BLACK
6
CONTINUOUS
10
7.5972635039370076
20
-4.2882159448818893
11
7.5985433464566929
21
-4.2817818110236221
0
LINE
8
BLACK
6
CONTINUOUS
10
7.5985433464566929
20
-4.2817818110236221
11
7.601053818897638
21
-4.2757209842519686
0
LINE
8
BLACK
6
CONTINUOUS
10
7.601053818897638
20
-4.2757209842519686
11
7.6046984645669289
21
-4.2702663779527557
0
LINE
8
BLACK
6
CONTINUOUS
10
7.6046984645669289
20
-4.2702663779527557
11
7.6093372440944878
21
-4.2656275984251968
0
LINE
8
BLACK
6
CONTINUOUS
10
7.6093372440944878
20
-4.2656275984251968
11
7.6147918503937007
21
-4.261982952755905
0
LINE
8
BLACK
6
CONTINUOUS
10
7.6147918503937007
20
-4.261982952755905
11
7.6208526771653542
21
-4.2594724803149608
0
LINE
8
BLACK
6
CONTINUOUS
10
7.6208526771653542
20
-4.2594724803149608
11
7.6272868110236223
21
-4.2581926377952755
0
LINE
8
BLACK
6
CONTINUOUS
10
7.6272868110236223
20
-4.2581926377952755
11
7.6338470472440942
21
-4.2581926377952755
0
LINE
8
BLACK
6
CONTINUOUS
10
7.6338470472440942
20
-4.2581926377952755
11
7.6402811811023623
21
-4.2594724803149608
0
LINE
8
BLACK
6
CONTINUOUS
10
4.1942811811023617
20
-4.1740551574803151
11
4.2003420078740152
21
-4.1765656299212601
0
LINE
8
BLACK
6
CONTINUOUS
10
4.2003420078740152
20
-4.1765656299212601
11
4.2057966141732281
21
-4.180210275590551
0
LINE
8
BLACK
6
CONTINUOUS
10
4.2057966141732281
20
-4.180210275590551
11
4.210435393700787
21
-4.1848490551181099
0
LINE
8
BLACK
6
CONTINUOUS
10
4.210435393700787
20
-4.1848490551181099
11
4.2140800393700788
21
-4.1903036614173228
0
LINE
8
BLACK
6
CONTINUOUS
10
4.2140800393700788
20
-4.1903036614173228
11
4.2165905118110238
21
-4.1963644881889763
0
LINE
8
BLACK
6
CONTINUOUS
10
4.2165905118110238
20
-4.1963644881889763
11
4.2178703543307083
21
-4.2027986220472444
0
LINE
8
BLACK
6
CONTINUOUS
10
4.2178703543307083
20
-4.2027986220472444
11
4.2178703543307083
21
-4.2093588582677164
0
LINE
8
BLACK
6
CONTINUOUS
10
4.2178703543307083
20
-4.2093588582677164
11
4.2165905118110238
21
-4.2157929921259845
0
LINE
8
BLACK
6
CONTINUOUS
10
4.2165905118110238
20
-4.2157929921259845
11
4.2140800393700788
21
-4.221853818897638
0
LINE
8
BLACK
6
CONTINUOUS
10
4.2140800393700788
20
-4.221853818897638
11
4.210435393700787
21
-4.22730842519685
0
LINE
8
BLACK
6
CONTINUOUS
10
4.210435393700787
20
-4.22730842519685
11
4.2057966141732281
21
-4.2319472047244098
0
LINE
8
BLACK
6
CONTINUOUS
10
4.2057966141732281
20
-4.2319472047244098
11
4.2003420078740152
21
-4.2355918503937007
0
LINE
8
BLACK
6
CONTINUOUS
10
4.2003420078740152
20
-4.2355918503937007
11
4.1942811811023617
21
-4.2381023228346457
0
LINE
8
BLACK
6
CONTINUOUS
10
4.1942811811023617
20
-4.2381023228346457
11
4.1878470472440945
21
-4.2393821653543302
0
LINE
8
BLACK
6
CONTINUOUS
10
4.1878470472440945
20
-4.2393821653543302
11
4.1812868110236217
21
-4.2393821653543302
0
LINE
8
BLACK
6
CONTINUOUS
10
4.1812868110236217
20
-4.2393821653543302
11
4.1748526771653545
21
-4.2381023228346457
0
LINE
8
BLACK
6
CONTINUOUS
10
4.1748526771653545
20
-4.2381023228346457
11
4.1687918503937009
21
-4.2355918503937007
0
LINE
8
BLACK
6
CONTINUOUS
10
4.1687918503937009
20
-4.2355918503937007
11
4.163337244094488
21
-4.2319472047244098
0
LINE
8
BLACK
6
CONTINUOUS
10
4.163337244094488
20
-4.2319472047244098
11
4.1586984645669292
21
-4.22730842519685
0
LINE
8
BLACK
6
CONTINUOUS
10
4.1586984645669292
20
-4.22730842519685
11
4.1550538188976374
21
-4.221853818897638
0
LINE
8
BLACK
6
CONTINUOUS
10
4.1550538188976374
20
-4.221853818897638
11
4.1525433464566932
21
-4.2157929921259845
0
LINE
8
BLACK
6
CONTINUOUS
10
4.1525433464566932
20
-4.2157929921259845
11
4.1512635039370078
21
-4.2093588582677164
0
LINE
8
BLACK
6
CONTINUOUS
10
4.1512635039370078
20
-4.2093588582677164
11
4.1512635039370078
21
-4.2027986220472444
0
LINE
8
BLACK
6
CONTINUOUS
10
4.1512635039370078
20
-4.2027986220472444
11
4.1525433464566932
21
-4.1963644881889763
0
LINE
8
BLACK
6
CONTINUOUS
10
4.1525433464566932
20
-4.1963644881889763
11
4.1550538188976374
21
-4.1903036614173228
0
LINE
8
BLACK
6
CONTINUOUS
10
4.1550538188976374
20
-4.1903036614173228
11
4.1586984645669292
21
-4.1848490551181099
0
LINE
8
BLACK
6
CONTINUOUS
10
4.1586984645669292
20
-4.1848490551181099
11
4.163337244094488
21
-4.180210275590551
0
LINE
8
BLACK
6
CONTINUOUS
10
4.163337244094488
20
-4.180210275590551
11
4.1687918503937009
21
-4.1765656299212601
0
LINE
8
BLACK
6
CONTINUOUS
10
4.1687918503937009
20
-4.1765656299212601
11
4.1748526771653545
21
-4.1740551574803151
0
LINE
8
BLACK
6
CONTINUOUS
10
4.1748526771653545
20
-4.1740551574803151
11
4.1812868110236217
21
-4.1727753149606297
0
LINE
8
BLACK
6
CONTINUOUS
10
4.1812868110236217
20
-4.1727753149606297
11
4.1878470472440945
21
-4.1727753149606297
0
LINE
8
BLACK
6
CONTINUOUS
10
4.1878470472440945
20
-4.1727753149606297
11
4.1942811811023617
21
-4.1740551574803151
0
LINE
8
BLACK
6
CONTINUOUS
10
7.6640314960629921
20
-4.1777480314960629
11
7.5971023622047245
21
-4.1777480314960629
0
LINE
8
BLACK
6
CONTINUOUS
10
7.5971023622047245
20
-4.1777480314960629
11
7.5971023622047245
21
-4.1108188976377953
0
LINE
8
BLACK
6
CONTINUOUS
10
7.5971023622047245
20
-4.1108188976377953
11
7.6640314960629921
21
-4.1108188976377953
0
LINE
8
BLACK
6
CONTINUOUS
10
7.6640314960629921
20
-4.1108188976377953
11
7.6640314960629921
21
-4.1777480314960629
0
LINE
8
BLACK
6
CONTINUOUS
10
4.2180314960629923
20
-4.1395433070866137
11
4.1511023622047247
21
-4.1395433070866137
0
LINE
8
BLACK
6
CONTINUOUS
10
4.1511023622047247
20
-4.1395433070866137
11
4.1511023622047247
21
-4.0726141732283461
0
LINE
8
BLACK
6
CONTINUOUS
10
4.1511023622047247
20
-4.0726141732283461
11
4.2180314960629923
21
-4.0726141732283461
0
LINE
8
BLACK
6
CONTINUOUS
10
4.2180314960629923
20
-4.0726141732283461
11
4.2180314960629923
21
-4.1395433070866137
0
LINE
8
BLACK
6
CONTINUOUS
10
5.4479167322834643
20
-4.0547818897637793
11
5.4550471259842519
21
-4.0577353937007876
0
LINE
8
BLACK
6
CONTINUOUS
10
5.4550471259842519
20
-4.0577353937007876
11
5.4614642913385829
21
-4.0620232283464563
0
LINE
8
BLACK
6
CONTINUOUS
10
5.4614642913385829
20
-4.0620232283464563
11
5.4669216535433067
21
-4.0674805905511811
0
LINE
8
BLACK
6
CONTINUOUS
10
5.4669216535433067
20
-4.0674805905511811
11
5.4712094881889763
21
-4.0738977559055121
0
LINE
8
BLACK
6
CONTINUOUS
10
5.4712094881889763
20
-4.0738977559055121
11
5.4741629921259838
21
-4.0810281496062988
0
LINE
8
BLACK
6
CONTINUOUS
10
5.4741629921259838
20
-4.0810281496062988
11
5.4756687007874012
21
-4.0885977559055116
0
LINE
8
BLACK
6
CONTINUOUS
10
5.4756687007874012
20
-4.0885977559055116
11
5.4756687007874012
21
-4.0963156299212597
0
LINE
8
BLACK
6
CONTINUOUS
10
5.4756687007874012
20
-4.0963156299212597
11
5.4741629921259838
21
-4.1038852362204725
0
LINE
8
BLACK
6
CONTINUOUS
10
5.4741629921259838
20
-4.1038852362204725
11
5.4712094881889763
21
-4.1110156299212601
0
LINE
8
BLACK
6
CONTINUOUS
10
5.4712094881889763
20
-4.1110156299212601
11
5.4669216535433067
21
-4.1174327952755903
0
LINE
8
BLACK
6
CONTINUOUS
10
5.4669216535433067
20
-4.1174327952755903
11
5.4614642913385829
21
-4.122890157480315
0
LINE
8
BLACK
6
CONTINUOUS
10
5.4614642913385829
20
-4.122890157480315
11
5.4550471259842519
21
-4.1271779921259846
0
LINE
8
BLACK
6
CONTINUOUS
10
5.4550471259842519
20
-4.1271779921259846
11
5.4479167322834643
21
-4.130131496062992
0
LINE
8
BLACK
6
CONTINUOUS
10
5.4479167322834643
20
-4.130131496062992
11
5.4403471259842515
21
-4.1316372047244094
0
LINE
8
BLACK
6
CONTINUOUS
10
5.4403471259842515
20
-4.1316372047244094
11
5.4326292519685042
21
-4.1316372047244094
0
LINE
8
BLACK
6
CONTINUOUS
10
5.4326292519685042
20
-4.1316372047244094
11
5.4250596456692914
21
-4.130131496062992
0
LINE
8
BLACK
6
CONTINUOUS
10
5.4250596456692914
20
-4.130131496062992
11
5.4179292519685038
21
-4.1271779921259846
0
LINE
8
BLACK
6
CONTINUOUS
10
5.4179292519685038
20
-4.1271779921259846
11
5.4115120866141728
21
-4.122890157480315
0
LINE
8
BLACK
6
CONTINUOUS
10
5.4115120866141728
20
-4.122890157480315
11
5.406054724409449
21
-4.1174327952755903
0
LINE
8
BLACK
6
CONTINUOUS
10
5.406054724409449
20
-4.1174327952755903
11
5.4017668897637794
21
-4.1110156299212601
0
LINE
8
BLACK
6
CONTINUOUS
10
5.4017668897637794
20
-4.1110156299212601
11
5.3988133858267719
21
-4.1038852362204725
0
LINE
8
BLACK
6
CONTINUOUS
10
5.3988133858267719
20
-4.1038852362204725
11
5.3973076771653545
21
-4.0963156299212597
0
LINE
8
BLACK
6
CONTINUOUS
10
5.3973076771653545
20
-4.0963156299212597
11
5.3973076771653545
21
-4.0885977559055116
0
LINE
8
BLACK
6
CONTINUOUS
10
5.3973076771653545
20
-4.0885977559055116
11
5.3988133858267719
21
-4.0810281496062988
0
LINE
8
BLACK
6
CONTINUOUS
10
5.3988133858267719
20
-4.0810281496062988
11
5.4017668897637794
21
-4.0738977559055121
0
LINE
8
BLACK
6
CONTINUOUS
10
5.4017668897637794
20
-4.0738977559055121
11
5.406054724409449
21
-4.0674805905511811
0
LINE
8
BLACK
6
CONTINUOUS
10
5.406054724409449
20
-4.0674805905511811
11
5.4115120866141728
21
-4.0620232283464563
0
LINE
8
BLACK
6
CONTINUOUS
10
5.4115120866141728
20
-4.0620232283464563
11
5.4179292519685038
21
-4.0577353937007876
0
LINE
8
BLACK
6
CONTINUOUS
10
5.4179292519685038
20
-4.0577353937007876
11
5.4250596456692914
21
-4.0547818897637793
0
LINE
8
BLACK
6
CONTINUOUS
10
5.4250596456692914
20
-4.0547818897637793
11
5.4326292519685042
21
-4.0532761811023619
0
LINE
8
BLACK
6
CONTINUOUS
10
5.4326292519685042
20
-4.0532761811023619
11
5.4403471259842515
21
-4.0532761811023619
0
LINE
8
BLACK
6
CONTINUOUS
10
5.4403471259842515
20
-4.0532761811023619
11
5.4479167322834643
21
-4.0547818897637793
0
LINE
8
BLACK
6
CONTINUOUS
10
5.6250820866141735
20
-4.0547818897637793
11
5.6322124803149602
21
-4.0577353937007876
0
LINE
8
BLACK
6
CONTINUOUS
10
5.6322124803149602
20
-4.0577353937007876
11
5.6386296456692913
21
-4.0620232283464563
0
LINE
8
BLACK
6
CONTINUOUS
10
5.6386296456692913
20
-4.0620232283464563
11
5.644087007874016
21
-4.0674805905511811
0
LINE
8
BLACK
6
CONTINUOUS
10
5.644087007874016
20
-4.0674805905511811
11
5.6483748425196847
21
-4.0738977559055121
0
LINE
8
BLACK
6
CONTINUOUS
10
5.6483748425196847
20
-4.0738977559055121
11
5.651328346456693
21
-4.0810281496062988
0
LINE
8
BLACK
6
CONTINUOUS
10
5.651328346456693
20
-4.0810281496062988
11
5.6528340551181104
21
-4.0885977559055116
0
LINE
8
BLACK
6
CONTINUOUS
10
5.6528340551181104
20
-4.0885977559055116
11
5.6528340551181104
21
-4.0963156299212597
0
LINE
8
BLACK
6
CONTINUOUS
10
5.6528340551181104
20
-4.0963156299212597
11
5.651328346456693
21
-4.1038852362204725
0
LINE
8
BLACK
6
CONTINUOUS
10
5.651328346456693
20
-4.1038852362204725
11
5.6483748425196847
21
-4.1110156299212601
0
LINE
8
BLACK
6
CONTINUOUS
10
5.6483748425196847
20
-4.1110156299212601
11
5.644087007874016
21
-4.1174327952755903
0
LINE
8
BLACK
6
CONTINUOUS
10
5.644087007874016
20
-4.1174327952755903
11
5.6386296456692913
21
-4.122890157480315
0
LINE
8
BLACK
6
CONTINUOUS
10
5.6386296456692913
20
-4.122890157480315
11
5.6322124803149602
21
-4.1271779921259846
0
LINE
8
BLACK
6
CONTINUOUS
10
5.6322124803149602
20
-4.1271779921259846
11
5.6250820866141735
21
-4.130131496062992
0
LINE
8
BLACK
6
CONTINUOUS
10
5.6250820866141735
20
-4.130131496062992
11
5.6175124803149608
21
-4.1316372047244094
0
LINE
8
BLACK
6
CONTINUOUS
10
5.6175124803149608
20
-4.1316372047244094
11
5.6097946062992126
21
-4.1316372047244094
0
LINE
8
BLACK
6
CONTINUOUS
10
5.6097946062992126
20
-4.1316372047244094
11
5.6022249999999998
21
-4.130131496062992
0
LINE
8
BLACK
6
CONTINUOUS
10
5.6022249999999998
20
-4.130131496062992
11
5.5950946062992122
21
-4.1271779921259846
0
LINE
8
BLACK
6
CONTINUOUS
10
5.5950946062992122
20
-4.1271779921259846
11
5.5886774409448821
21
-4.122890157480315
0
LINE
8
BLACK
6
CONTINUOUS
10
5.5886774409448821
20
-4.122890157480315
11
5.5832200787401574
21
-4.1174327952755903
0
LINE
8
BLACK
6
CONTINUOUS
10
5.5832200787401574
20
-4.1174327952755903
11
5.5789322440944877
21
-4.1110156299212601
0
LINE
8
BLACK
6
CONTINUOUS
10
5.5789322440944877
20
-4.1110156299212601
11
5.5759787401574803
21
-4.1038852362204725
0
LINE
8
BLACK
6
CONTINUOUS
10
5.5759787401574803
20
-4.1038852362204725
11
5.5744730314960629
21
-4.0963156299212597
0
LINE
8
BLACK
6
CONTINUOUS
10
5.5744730314960629
20
-4.0963156299212597
11
5.5744730314960629
21
-4.0885977559055116
0
LINE
8
BLACK
6
CONTINUOUS
10
5.5744730314960629
20
-4.0885977559055116
11
5.5759787401574803
21
-4.0810281496062988
0
LINE
8
BLACK
6
CONTINUOUS
10
5.5759787401574803
20
-4.0810281496062988
11
5.5789322440944877
21
-4.0738977559055121
0
LINE
8
BLACK
6
CONTINUOUS
10
5.5789322440944877
20
-4.0738977559055121
11
5.5832200787401574
21
-4.0674805905511811
0
LINE
8
BLACK
6
CONTINUOUS
10
5.5832200787401574
20
-4.0674805905511811
11
5.5886774409448821
21
-4.0620232283464563
0
LINE
8
BLACK
6
CONTINUOUS
10
5.5886774409448821
20
-4.0620232283464563
11
5.5950946062992122
21
-4.0577353937007876
0
LINE
8
BLACK
6
CONTINUOUS
10
5.5950946062992122
20
-4.0577353937007876
11
5.6022249999999998
21
-4.0547818897637793
0
LINE
8
BLACK
6
CONTINUOUS
10
5.6022249999999998
20
-4.0547818897637793
11
5.6097946062992126
21
-4.0532761811023619
0
LINE
8
BLACK
6
CONTINUOUS
10
5.6097946062992126
20
-4.0532761811023619
11
5.6175124803149608
21
-4.0532761811023619
0
LINE
8
BLACK
6
CONTINUOUS
10
5.6175124803149608
20
-4.0532761811023619
11
5.6250820866141735
21
-4.0547818897637793
0
LINE
8
BLACK
6
CONTINUOUS
10
7.6402811811023623
20
-4.0122598818897641
11
7.6463420078740159
21
-4.0147703543307083
0
LINE
8
BLACK
6
CONTINUOUS
10
7.6463420078740159
20
-4.0147703543307083
11
7.6517966141732279
21
-4.0184150000000001
0
LINE
8
BLACK
6
CONTINUOUS
10
7.6517966141732279
20
-4.0184150000000001
11
7.6564353937007876
21
-4.0230537795275589
0
LINE
8
BLACK
6
CONTINUOUS
10
7.6564353937007876
20
-4.0230537795275589
11
7.6600800393700785
21
-4.0285083858267718
0
LINE
8
BLACK
6
CONTINUOUS
10
7.6600800393700785
20
-4.0285083858267718
11
7.6625905118110236
21
-4.0345692125984254
0
LINE
8
BLACK
6
CONTINUOUS
10
7.6625905118110236
20
-4.0345692125984254
11
7.6638703543307081
21
-4.0410033464566926
0
LINE
8
BLACK
6
CONTINUOUS
10
7.6638703543307081
20
-4.0410033464566926
11
7.6638703543307081
21
-4.0475635826771654
0
LINE
8
BLACK
6
CONTINUOUS
10
7.6638703543307081
20
-4.0475635826771654
11
7.6625905118110236
21
-4.0539977165354326
0
LINE
8
BLACK
6
CONTINUOUS
10
7.6625905118110236
20
-4.0539977165354326
11
7.6600800393700785
21
-4.0600585433070862
0
LINE
8
BLACK
6
CONTINUOUS
10
7.6600800393700785
20
-4.0600585433070862
11
7.6564353937007876
21
-4.0655131496062991
0
LINE
8
BLACK
6
CONTINUOUS
10
7.6564353937007876
20
-4.0655131496062991
11
7.6517966141732279
21
-4.0701519291338579
0
LINE
8
BLACK
6
CONTINUOUS
10
7.6517966141732279
20
-4.0701519291338579
11
7.6463420078740159
21
-4.0737965748031497
0
LINE
8
BLACK
6
CONTINUOUS
10
7.6463420078740159
20
-4.0737965748031497
11
7.6402811811023623
21
-4.0763070472440948
0
LINE
8
BLACK
6
CONTINUOUS
10
7.6402811811023623
20
-4.0763070472440948
11
7.6338470472440942
21
-4.0775868897637793
0
LINE
8
BLACK
6
CONTINUOUS
10
7.6338470472440942
20
-4.0775868897637793
11
7.6272868110236223
21
-4.0775868897637793
0
LINE
8
BLACK
6
CONTINUOUS
10
7.6272868110236223
20
-4.0775868897637793
11
7.6208526771653542
21
-4.0763070472440948
0
LINE
8
BLACK
6
CONTINUOUS
10
7.6208526771653542
20
-4.0763070472440948
11
7.6147918503937007
21
-4.0737965748031497
0
LINE
8
BLACK
6
CONTINUOUS
10
7.6147918503937007
20
-4.0737965748031497
11
7.6093372440944878
21
-4.0701519291338579
0
LINE
8
BLACK
6
CONTINUOUS
10
7.6093372440944878
20
-4.0701519291338579
11
7.6046984645669289
21
-4.0655131496062991
0
LINE
8
BLACK
6
CONTINUOUS
10
7.6046984645669289
20
-4.0655131496062991
11
7.601053818897638
21
-4.0600585433070862
0
LINE
8
BLACK
6
CONTINUOUS
10
7.601053818897638
20
-4.0600585433070862
11
7.5985433464566929
21
-4.0539977165354326
0
LINE
8
BLACK
6
CONTINUOUS
10
7.5985433464566929
20
-4.0539977165354326
11
7.5972635039370076
21
-4.0475635826771654
0
LINE
8
BLACK
6
CONTINUOUS
10
7.5972635039370076
20
-4.0475635826771654
11
7.5972635039370076
21
-4.0410033464566926
0
LINE
8
BLACK
6
CONTINUOUS
10
7.5972635039370076
20
-4.0410033464566926
11
7.5985433464566929
21
-4.0345692125984254
0
LINE
8
BLACK
6
CONTINUOUS
10
7.5985433464566929
20
-4.0345692125984254
11
7.601053818897638
21
-4.0285083858267718
0
LINE
8
BLACK
6
CONTINUOUS
10
7.601053818897638
20
-4.0285083858267718
11
7.6046984645669289
21
-4.0230537795275589
0
LINE
8
BLACK
6
CONTINUOUS
10
7.6046984645669289
20
-4.0230537795275589
11
7.6093372440944878
21
-4.0184150000000001
0
LINE
8
BLACK
6
CONTINUOUS
10
7.6093372440944878
20
-4.0184150000000001
11
7.6147918503937007
21
-4.0147703543307083
0
LINE
8
BLACK
6
CONTINUOUS
10
7.6147918503937007
20
-4.0147703543307083
11
7.6208526771653542
21
-4.0122598818897641
0
LINE
8
BLACK
6
CONTINUOUS
10
7.6208526771653542
20
-4.0122598818897641
11
7.6272868110236223
21
-4.0109800393700787
0
LINE
8
BLACK
6
CONTINUOUS
10
7.6272868110236223
20
-4.0109800393700787
11
7.6338470472440942
21
-4.0109800393700787
0
LINE
8
BLACK
6
CONTINUOUS
10
7.6338470472440942
20
-4.0109800393700787
11
7.6402811811023623
21
-4.0122598818897641
0
LINE
8
BLACK
6
CONTINUOUS
10
4.1942811811023617
20
-3.9147323228346456
11
4.2003420078740152
21
-3.9172427952755906
0
LINE
8
BLACK
6
CONTINUOUS
10
4.2003420078740152
20
-3.9172427952755906
11
4.2057966141732281
21
-3.920887440944882
0
LINE
8
BLACK
6
CONTINUOUS
10
4.2057966141732281
20
-3.920887440944882
11
4.210435393700787
21
-3.9255262204724408
0
LINE
8
BLACK
6
CONTINUOUS
10
4.210435393700787
20
-3.9255262204724408
11
4.2140800393700788
21
-3.9309808267716533
0
LINE
8
BLACK
6
CONTINUOUS
10
4.2140800393700788
20
-3.9309808267716533
11
4.2165905118110238
21
-3.9370416535433068
0
LINE
8
BLACK
6
CONTINUOUS
10
4.2165905118110238
20
-3.9370416535433068
11
4.2178703543307083
21
-3.9434757874015749
0
LINE
8
BLACK
6
CONTINUOUS
10
4.2178703543307083
20
-3.9434757874015749
11
4.2178703543307083
21
-3.9500360236220473
0
LINE
8
BLACK
6
CONTINUOUS
10
4.2178703543307083
20
-3.9500360236220473
11
4.2165905118110238
21
-3.9564701574803149
0
LINE
8
BLACK
6
CONTINUOUS
10
4.2165905118110238
20
-3.9564701574803149
11
4.2140800393700788
21
-3.9625309842519685
0
LINE
8
BLACK
6
CONTINUOUS
10
4.2140800393700788
20
-3.9625309842519685
11
4.210435393700787
21
-3.9679855905511809
0
LINE
8
BLACK
6
CONTINUOUS
10
4.210435393700787
20
-3.9679855905511809
11
4.2057966141732281
21
-3.9726243700787403
0
LINE
8
BLACK
6
CONTINUOUS
10
4.2057966141732281
20
-3.9726243700787403
11
4.2003420078740152
21
-3.9762690157480316
0
LINE
8
BLACK
6
CONTINUOUS
10
4.2003420078740152
20
-3.9762690157480316
11
4.1942811811023617
21
-3.9787794881889762
0
LINE
8
BLACK
6
CONTINUOUS
10
4.1942811811023617
20
-3.9787794881889762
11
4.1878470472440945
21
-3.9800593307086611
0
LINE
8
BLACK
6
CONTINUOUS
10
4.1878470472440945
20
-3.9800593307086611
11
4.1812868110236217
21
-3.9800593307086611
0
LINE
8
BLACK
6
CONTINUOUS
10
4.1812868110236217
20
-3.9800593307086611
11
4.1748526771653545
21
-3.9787794881889762
0
LINE
8
BLACK
6
CONTINUOUS
10
4.1748526771653545
20
-3.9787794881889762
11
4.1687918503937009
21
-3.9762690157480316
0
LINE
8
BLACK
6
CONTINUOUS
10
4.1687918503937009
20
-3.9762690157480316
11
4.163337244094488
21
-3.9726243700787403
0
LINE
8
BLACK
6
CONTINUOUS
10
4.163337244094488
20
-3.9726243700787403
11
4.1586984645669292
21
-3.9679855905511809
0
LINE
8
BLACK
6
CONTINUOUS
10
4.1586984645669292
20
-3.9679855905511809
11
4.1550538188976374
21
-3.9625309842519685
0
LINE
8
BLACK
6
CONTINUOUS
10
4.1550538188976374
20
-3.9625309842519685
11
4.1525433464566932
21
-3.9564701574803149
0
LINE
8
BLACK
6
CONTINUOUS
10
4.1525433464566932
20
-3.9564701574803149
11
4.1512635039370078
21
-3.9500360236220473
0
LINE
8
BLACK
6
CONTINUOUS
10
4.1512635039370078
20
-3.9500360236220473
11
4.1512635039370078
21
-3.9434757874015749
0
LINE
8
BLACK
6
CONTINUOUS
10
4.1512635039370078
20
-3.9434757874015749
11
4.1525433464566932
21
-3.9370416535433068
0
LINE
8
BLACK
6
CONTINUOUS
10
4.1525433464566932
20
-3.9370416535433068
11
4.1550538188976374
21
-3.9309808267716533
0
LINE
8
BLACK
6
CONTINUOUS
10
4.1550538188976374
20
-3.9309808267716533
11
4.1586984645669292
21
-3.9255262204724408
0
LINE
8
BLACK
6
CONTINUOUS
10
4.1586984645669292
20
-3.9255262204724408
11
4.163337244094488
21
-3.920887440944882
0
LINE
8
BLACK
6
CONTINUOUS
10
4.163337244094488
20
-3.920887440944882
11
4.1687918503937009
21
-3.9172427952755906
0
LINE
8
BLACK
6
CONTINUOUS
10
4.1687918503937009
20
-3.9172427952755906
11
4.1748526771653545
21
-3.9147323228346456
0
LINE
8
BLACK
6
CONTINUOUS
10
4.1748526771653545
20
-3.9147323228346456
11
4.1812868110236217
21
-3.9134524803149606
0
LINE
8
BLACK
6
CONTINUOUS
10
4.1812868110236217
20
-3.9134524803149606
11
4.1878470472440945
21
-3.9134524803149606
0
LINE
8
BLACK
6
CONTINUOUS
10
4.1878470472440945
20
-3.9134524803149606
11
4.1942811811023617
21
-3.9147323228346456
0
LINE
8
BLACK
6
CONTINUOUS
10
7.6640314960629921
20
-3.9349606299212598
11
7.5971023622047245
21
-3.9349606299212598
0
LINE
8
BLACK
6
CONTINUOUS
10
7.5971023622047245
20
-3.9349606299212598
11
7.5971023622047245
21
-3.8680314960629922
0
LINE
8
BLACK
6
CONTINUOUS
10
7.5971023622047245
20
-3.8680314960629922
11
7.6640314960629921
21
-3.8680314960629922
0
LINE
8
BLACK
6
CONTINUOUS
10
7.6640314960629921
20
-3.8680314960629922
11
7.6640314960629921
21
-3.9349606299212598
0
LINE
8
BLACK
6
CONTINUOUS
10
4.1942811811023617
20
-3.8147323228346455
11
4.2003420078740152
21
-3.8172427952755905
0
LINE
8
BLACK
6
CONTINUOUS
10
4.2003420078740152
20
-3.8172427952755905
11
4.2057966141732281
21
-3.8208874409448819
0
LINE
8
BLACK
6
CONTINUOUS
10
4.2057966141732281
20
-3.8208874409448819
11
4.210435393700787
21
-3.8255262204724407
0
LINE
8
BLACK
6
CONTINUOUS
10
4.210435393700787
20
-3.8255262204724407
11
4.2140800393700788
21
-3.8309808267716536
0
LINE
8
BLACK
6
CONTINUOUS
10
4.2140800393700788
20
-3.8309808267716536
11
4.2165905118110238
21
-3.8370416535433072
0
LINE
8
BLACK
6
CONTINUOUS
10
4.2165905118110238
20
-3.8370416535433072
11
4.2178703543307083
21
-3.8434757874015748
0
LINE
8
BLACK
6
CONTINUOUS
10
4.2178703543307083
20
-3.8434757874015748
11
4.2178703543307083
21
-3.8500360236220472
0
LINE
8
BLACK
6
CONTINUOUS
10
4.2178703543307083
20
-3.8500360236220472
11
4.2165905118110238
21
-3.8564701574803149
0
LINE
8
BLACK
6
CONTINUOUS
10
4.2165905118110238
20
-3.8564701574803149
11
4.2140800393700788
21
-3.8625309842519684
0
LINE
8
BLACK
6
CONTINUOUS
10
4.2140800393700788
20
-3.8625309842519684
11
4.210435393700787
21
-3.8679855905511809
0
LINE
8
BLACK
6
CONTINUOUS
10
4.210435393700787
20
-3.8679855905511809
11
4.2057966141732281
21
-3.8726243700787402
0
LINE
8
BLACK
6
CONTINUOUS
10
4.2057966141732281
20
-3.8726243700787402
11
4.2003420078740152
21
-3.8762690157480315
0
LINE
8
BLACK
6
CONTINUOUS
10
4.2003420078740152
20
-3.8762690157480315
11
4.1942811811023617
21
-3.8787794881889761
0
LINE
8
BLACK
6
CONTINUOUS
10
4.1942811811023617
20
-3.8787794881889761
11
4.1878470472440945
21
-3.8800593307086615
0
LINE
8
BLACK
6
CONTINUOUS
10
4.1878470472440945
20
-3.8800593307086615
11
4.1812868110236217
21
-3.8800593307086615
0
LINE
8
BLACK
6
CONTINUOUS
10
4.1812868110236217
20
-3.8800593307086615
11
4.1748526771653545
21
-3.8787794881889761
0
LINE
8
BLACK
6
CONTINUOUS
10
4.1748526771653545
20
-3.8787794881889761
11
4.1687918503937009
21
-3.8762690157480315
0
LINE
8
BLACK
6
CONTINUOUS
10
4.1687918503937009
20
-3.8762690157480315
11
4.163337244094488
21
-3.8726243700787402
0
LINE
8
BLACK
6
CONTINUOUS
10
4.163337244094488
20
-3.8726243700787402
11
4.1586984645669292
21
-3.8679855905511809
0
LINE
8
BLACK
6
CONTINUOUS
10
4.1586984645669292
20
-3.8679855905511809
11
4.1550538188976374
21
-3.8625309842519684
0
LINE
8
BLACK
6
CONTINUOUS
10
4.1550538188976374
20
-3.8625309842519684
11
4.1525433464566932
21
-3.8564701574803149
0
LINE
8
BLACK
6
CONTINUOUS
10
4.1525433464566932
20
-3.8564701574803149
11
4.1512635039370078
21
-3.8500360236220472
0
LINE
8
BLACK
6
CONTINUOUS
10
4.1512635039370078
20
-3.8500360236220472
11
4.1512635039370078
21
-3.8434757874015748
0
LINE
8
BLACK
6
CONTINUOUS
10
4.1512635039370078
20
-3.8434757874015748
11
4.1525433464566932
21
-3.8370416535433072
0
LINE
8
BLACK
6
CONTINUOUS
10
4.1525433464566932
20
-3.8370416535433072
11
4.1550538188976374
21
-3.8309808267716536
0
LINE
8
BLACK
6
CONTINUOUS
10
4.1550538188976374
20
-3.8309808267716536
11
4.1586984645669292
21
-3.8255262204724407
0
LINE
8
BLACK
6
CONTINUOUS
10
4.1586984645669292
20
-3.8255262204724407
11
4.163337244094488
21
-3.8208874409448819
0
LINE
8
BLACK
6
CONTINUOUS
10
4.163337244094488
20
-3.8208874409448819
11
4.1687918503937009
21
-3.8172427952755905
0
LINE
8
BLACK
6
CONTINUOUS
10
4.1687918503937009
20
-3.8172427952755905
11
4.1748526771653545
21
-3.8147323228346455
0
LINE
8
BLACK
6
CONTINUOUS
10
4.1748526771653545
20
-3.8147323228346455
11
4.1812868110236217
21
-3.8134524803149605
0
LINE
8
BLACK
6
CONTINUOUS
10
4.1812868110236217
20
-3.8134524803149605
11
4.1878470472440945
21
-3.8134524803149605
0
LINE
8
BLACK
6
CONTINUOUS
10
4.1878470472440945
20
-3.8134524803149605
11
4.1942811811023617
21
-3.8147323228346455
0
LINE
8
BLACK
6
CONTINUOUS
10
7.6402811811023623
20
-3.7694724803149606
11
7.6463420078740159
21
-3.7719829527559052
0
LINE
8
BLACK
6
CONTINUOUS
10
7.6463420078740159
20
-3.7719829527559052
11
7.6517966141732279
21
-3.7756275984251966
0
LINE
8
BLACK
6
CONTINUOUS
10
7.6517966141732279
20
-3.7756275984251966
11
7.6564353937007876
21
-3.7802663779527559
0
LINE
8
BLACK
6
CONTINUOUS
10
7.6564353937007876
20
-3.7802663779527559
11
7.6600800393700785
21
-3.7857209842519683
0
LINE
8
BLACK
6
CONTINUOUS
10
7.6600800393700785
20
-3.7857209842519683
11
7.6625905118110236
21
-3.7917818110236219
0
LINE
8
BLACK
6
CONTINUOUS
10
7.6625905118110236
20
-3.7917818110236219
11
7.6638703543307081
21
-3.7982159448818895
0
LINE
8
BLACK
6
CONTINUOUS
10
7.6638703543307081
20
-3.7982159448818895
11
7.6638703543307081
21
-3.8047761811023619
0
LINE
8
BLACK
6
CONTINUOUS
10
7.6638703543307081
20
-3.8047761811023619
11
7.6625905118110236
21
-3.81121031496063
0
LINE
8
BLACK
6
CONTINUOUS
10
7.6625905118110236
20
-3.81121031496063
11
7.6600800393700785
21
-3.8172711417322835
0
LINE
8
BLACK
6
CONTINUOUS
10
7.6600800393700785
20
-3.8172711417322835
11
7.6564353937007876
21
-3.822725748031496
0
LINE
8
BLACK
6
CONTINUOUS
10
7.6564353937007876
20
-3.822725748031496
11
7.6517966141732279
21
-3.8273645275590549
0
LINE
8
BLACK
6
CONTINUOUS
10
7.6517966141732279
20
-3.8273645275590549
11
7.6463420078740159
21
-3.8310091732283462
0
LINE
8
BLACK
6
CONTINUOUS
10
7.6463420078740159
20
-3.8310091732283462
11
7.6402811811023623
21
-3.8335196456692913
0
LINE
8
BLACK
6
CONTINUOUS
10
7.6402811811023623
20
-3.8335196456692913
11
7.6338470472440942
21
-3.8347994881889762
0
LINE
8
BLACK
6
CONTINUOUS
10
7.6338470472440942
20
-3.8347994881889762
11
7.6272868110236223
21
-3.8347994881889762
0
LINE
8
BLACK
6
CONTINUOUS
10
7.6272868110236223
20
-3.8347994881889762
11
7.6208526771653542
21
-3.8335196456692913
0
LINE
8
BLACK
6
CONTINUOUS
10
7.6208526771653542
20
-3.8335196456692913
11
7.6147918503937007
21
-3.8310091732283462
0
LINE
8
BLACK
6
CONTINUOUS
10
7.6147918503937007
20
-3.8310091732283462
11
7.6093372440944878
21
-3.8273645275590549
0
LINE
8
BLACK
6
CONTINUOUS
10
7.6093372440944878
20
-3.8273645275590549
11
7.6046984645669289
21
-3.822725748031496
0
LINE
8
BLACK
6
CONTINUOUS
10
7.6046984645669289
20
-3.822725748031496
11
7.601053818897638
21
-3.8172711417322835
0
LINE
8
BLACK
6
CONTINUOUS
10
7.601053818897638
20
-3.8172711417322835
11
7.5985433464566929
21
-3.81121031496063
0
LINE
8
BLACK
6
CONTINUOUS
10
7.5985433464566929
20
-3.81121031496063
11
7.5972635039370076
21
-3.8047761811023619
0
LINE
8
BLACK
6
CONTINUOUS
10
7.5972635039370076
20
-3.8047761811023619
11
7.5972635039370076
21
-3.7982159448818895
0
LINE
8
BLACK
6
CONTINUOUS
10
7.5972635039370076
20
-3.7982159448818895
11
7.5985433464566929
21
-3.7917818110236219
0
LINE
8
BLACK
6
CONTINUOUS
10
7.5985433464566929
20
-3.7917818110236219
11
7.601053818897638
21
-3.7857209842519683
0
LINE
8
BLACK
6
CONTINUOUS
10
7.601053818897638
20
-3.7857209842519683
11
7.6046984645669289
21
-3.7802663779527559
0
LINE
8
BLACK
6
CONTINUOUS
10
7.6046984645669289
20
-3.7802663779527559
11
7.6093372440944878
21
-3.7756275984251966
0
LINE
8
BLACK
6
CONTINUOUS
10
7.6093372440944878
20
-3.7756275984251966
11
7.6147918503937007
21
-3.7719829527559052
0
LINE
8
BLACK
6
CONTINUOUS
10
7.6147918503937007
20
-3.7719829527559052
11
7.6208526771653542
21
-3.7694724803149606
0
LINE
8
BLACK
6
CONTINUOUS
10
7.6208526771653542
20
-3.7694724803149606
11
7.6272868110236223
21
-3.7681926377952757
0
LINE
8
BLACK
6
CONTINUOUS
10
7.6272868110236223
20
-3.7681926377952757
11
7.6338470472440942
21
-3.7681926377952757
0
LINE
8
BLACK
6
CONTINUOUS
10
7.6338470472440942
20
-3.7681926377952757
11
7.6402811811023623
21
-3.7694724803149606
0
LINE
8
BLACK
6
CONTINUOUS
10
4.2180314960629923
20
-3.7802204724409449
11
4.1511023622047247
21
-3.7802204724409449
0
LINE
8
BLACK
6
CONTINUOUS
10
4.1511023622047247
20
-3.7802204724409449
11
4.1511023622047247
21
-3.7132913385826769
0
LINE
8
BLACK
6
CONTINUOUS
10
4.1511023622047247
20
-3.7132913385826769
11
4.2180314960629923
21
-3.7132913385826769
0
LINE
8
BLACK
6
CONTINUOUS
10
4.2180314960629923
20
-3.7132913385826769
11
4.2180314960629923
21
-3.7802204724409449
0
LINE
8
BLACK
6
CONTINUOUS
10
7.6402811811023623
20
-3.6694724803149605
11
7.6463420078740159
21
-3.6719829527559056
0
LINE
8
BLACK
6
CONTINUOUS
10
7.6463420078740159
20
-3.6719829527559056
11
7.6517966141732279
21
-3.6756275984251969
0
LINE
8
BLACK
6
CONTINUOUS
10
7.6517966141732279
20
-3.6756275984251969
11
7.6564353937007876
21
-3.6802663779527558
0
LINE
8
BLACK
6
CONTINUOUS
10
7.6564353937007876
20
-3.6802663779527558
11
7.6600800393700785
21
-3.6857209842519683
0
LINE
8
BLACK
6
CONTINUOUS
10
7.6600800393700785
20
-3.6857209842519683
11
7.6625905118110236
21
-3.6917818110236218
0
LINE
8
BLACK
6
CONTINUOUS
10
7.6625905118110236
20
-3.6917818110236218
11
7.6638703543307081
21
-3.6982159448818899
0
LINE
8
BLACK
6
CONTINUOUS
10
7.6638703543307081
20
-3.6982159448818899
11
7.6638703543307081
21
-3.7047761811023623
0
LINE
8
BLACK
6
CONTINUOUS
10
7.6638703543307081
20
-3.7047761811023623
11
7.6625905118110236
21
-3.7112103149606299
0
LINE
8
BLACK
6
CONTINUOUS
10
7.6625905118110236
20
-3.7112103149606299
11
7.6600800393700785
21
-3.7172711417322835
0
LINE
8
BLACK
6
CONTINUOUS
10
7.6600800393700785
20
-3.7172711417322835
11
7.6564353937007876
21
-3.7227257480314959
0
LINE
8
BLACK
6
CONTINUOUS
10
7.6564353937007876
20
-3.7227257480314959
11
7.6517966141732279
21
-3.7273645275590552
0
LINE
8
BLACK
6
CONTINUOUS
10
7.6517966141732279
20
-3.7273645275590552
11
7.6463420078740159
21
-3.7310091732283466
0
LINE
8
BLACK
6
CONTINUOUS
10
7.6463420078740159
20
-3.7310091732283466
11
7.6402811811023623
21
-3.7335196456692912
0
LINE
8
BLACK
6
CONTINUOUS
10
7.6402811811023623
20
-3.7335196456692912
11
7.6338470472440942
21
-3.7347994881889761
0
LINE
8
BLACK
6
CONTINUOUS
10
7.6338470472440942
20
-3.7347994881889761
11
7.6272868110236223
21
-3.7347994881889761
0
LINE
8
BLACK
6
CONTINUOUS
10
7.6272868110236223
20
-3.7347994881889761
11
7.6208526771653542
21
-3.7335196456692912
0
LINE
8
BLACK
6
CONTINUOUS
10
7.6208526771653542
20
-3.7335196456692912
11
7.6147918503937007
21
-3.7310091732283466
0
LINE
8
BLACK
6
CONTINUOUS
10
7.6147918503937007
20
-3.7310091732283466
11
7.6093372440944878
21
-3.7273645275590552
0
LINE
8
BLACK
6
CONTINUOUS
10
7.6093372440944878
20
-3.7273645275590552
11
7.6046984645669289
21
-3.7227257480314959
0
LINE
8
BLACK
6
CONTINUOUS
10
7.6046984645669289
20
-3.7227257480314959
11
7.601053818897638
21
-3.7172711417322835
0
LINE
8
BLACK
6
CONTINUOUS
10
7.601053818897638
20
-3.7172711417322835
11
7.5985433464566929
21
-3.7112103149606299
0
LINE
8
BLACK
6
CONTINUOUS
10
7.5985433464566929
20
-3.7112103149606299
11
7.5972635039370076
21
-3.7047761811023623
0
LINE
8
BLACK
6
CONTINUOUS
10
7.5972635039370076
20
-3.7047761811023623
11
7.5972635039370076
21
-3.6982159448818899
0
LINE
8
BLACK
6
CONTINUOUS
10
7.5972635039370076
20
-3.6982159448818899
11
7.5985433464566929
21
-3.6917818110236218
0
LINE
8
BLACK
6
CONTINUOUS
10
7.5985433464566929
20
-3.6917818110236218
11
7.601053818897638
21
-3.6857209842519683
0
LINE
8
BLACK
6
CONTINUOUS
10
7.601053818897638
20
-3.6857209842519683
11
7.6046984645669289
21
-3.6802663779527558
0
LINE
8
BLACK
6
CONTINUOUS
10
7.6046984645669289
20
-3.6802663779527558
11
7.6093372440944878
21
-3.6756275984251969
0
LINE
8
BLACK
6
CONTINUOUS
10
7.6093372440944878
20
-3.6756275984251969
11
7.6147918503937007
21
-3.6719829527559056
0
LINE
8
BLACK
6
CONTINUOUS
10
7.6147918503937007
20
-3.6719829527559056
11
7.6208526771653542
21
-3.6694724803149605
0
LINE
8
BLACK
6
CONTINUOUS
10
7.6208526771653542
20
-3.6694724803149605
11
7.6272868110236223
21
-3.6681926377952756
0
LINE
8
BLACK
6
CONTINUOUS
10
7.6272868110236223
20
-3.6681926377952756
11
7.6338470472440942
21
-3.6681926377952756
0
LINE
8
BLACK
6
CONTINUOUS
10
7.6338470472440942
20
-3.6681926377952756
11
7.6402811811023623
21
-3.6694724803149605
0
LINE
8
BLACK
6
CONTINUOUS
10
5.6032822047244091
20
-3.5431435039370078
11
5.6120954724409451
21
-3.5460071259842518
0
LINE
8
BLACK
6
CONTINUOUS
10
5.6120954724409451
20
-3.5460071259842518
11
5.6203522834645669
21
-3.5502141732283463
0
LINE
8
BLACK
6
CONTINUOUS
10
5.6203522834645669
20
-3.5502141732283463
11
5.6278492913385829
21
-3.5556610629921259
0
LINE
8
BLACK
6
CONTINUOUS
10
5.6278492913385829
20
-3.5556610629921259
11
5.6344019291338583
21
-3.5622137007874013
0
LINE
8
BLACK
6
CONTINUOUS
10
5.6344019291338583
20
-3.5622137007874013
11
5.6398488188976375
21
-3.5697107086614173
0
LINE
8
BLACK
6
CONTINUOUS
10
5.6398488188976375
20
-3.5697107086614173
11
5.6440558661417324
21
-3.5779675196850391
0
LINE
8
BLACK
6
CONTINUOUS
10
5.6440558661417324
20
-3.5779675196850391
11
5.6469194881889759
21
-3.5867807874015747
0
LINE
8
BLACK
6
CONTINUOUS
10
5.6469194881889759
20
-3.5867807874015747
11
5.6483691338582673
21
-3.5959335039370077
0
LINE
8
BLACK
6
CONTINUOUS
10
5.6483691338582673
20
-3.5959335039370077
11
5.6483691338582673
21
-3.6052003543307087
0
LINE
8
BLACK
6
CONTINUOUS
10
5.6483691338582673
20
-3.6052003543307087
11
5.6469194881889759
21
-3.6143530708661418
0
LINE
8
BLACK
6
CONTINUOUS
10
5.6469194881889759
20
-3.6143530708661418
11
5.6440558661417324
21
-3.6231663385826769
0
LINE
8
BLACK
6
CONTINUOUS
10
5.6440558661417324
20
-3.6231663385826769
11
5.6398488188976375
21
-3.6314231496062992
0
LINE
8
BLACK
6
CONTINUOUS
10
5.6398488188976375
20
-3.6314231496062992
11
5.6344019291338583
21
-3.6389201574803147
0
LINE
8
BLACK
6
CONTINUOUS
10
5.6344019291338583
20
-3.6389201574803147
11
5.6278492913385829
21
-3.6454727952755905
0
LINE
8
BLACK
6
CONTINUOUS
10
5.6278492913385829
20
-3.6454727952755905
11
5.6203522834645669
21
-3.6509196850393701
0
LINE
8
BLACK
6
CONTINUOUS
10
5.6203522834645669
20
-3.6509196850393701
11
5.6120954724409451
21
-3.6551267322834646
0
LINE
8
BLACK
6
CONTINUOUS
10
5.6120954724409451
20
-3.6551267322834646
11
5.6032822047244091
21
-3.6579903543307086
0
LINE
8
BLACK
6
CONTINUOUS
10
5.6032822047244091
20
-3.6579903543307086
11
5.594129488188976
21
-3.65944
0
LINE
8
BLACK
6
CONTINUOUS
10
5.594129488188976
20
-3.65944
11
5.5848626377952755
21
-3.65944
0
LINE
8
BLACK
6
CONTINUOUS
10
5.5848626377952755
20
-3.65944
11
5.5757099212598424
21
-3.6579903543307086
0
LINE
8
BLACK
6
CONTINUOUS
10
5.5757099212598424
20
-3.6579903543307086
11
5.5668966535433073
21
-3.6551267322834646
0
LINE
8
BLACK
6
CONTINUOUS
10
5.5668966535433073
20
-3.6551267322834646
11
5.5586398425196846
21
-3.6509196850393701
0
LINE
8
BLACK
6
CONTINUOUS
10
5.5586398425196846
20
-3.6509196850393701
11
5.5511428346456695
21
-3.6454727952755905
0
LINE
8
BLACK
6
CONTINUOUS
10
5.5511428346456695
20
-3.6454727952755905
11
5.5445901968503932
21
-3.6389201574803147
0
LINE
8
BLACK
6
CONTINUOUS
10
5.5445901968503932
20
-3.6389201574803147
11
5.5391433070866141
21
-3.6314231496062992
0
LINE
8
BLACK
6
CONTINUOUS
10
5.5391433070866141
20
-3.6314231496062992
11
5.5349362598425191
21
-3.6231663385826769
0
LINE
8
BLACK
6
CONTINUOUS
10
5.5349362598425191
20
-3.6231663385826769
11
5.5320726377952756
21
-3.6143530708661418
0
LINE
8
BLACK
6
CONTINUOUS
10
5.5320726377952756
20
-3.6143530708661418
11
5.5306229921259842
21
-3.6052003543307087
0
LINE
8
BLACK
6
CONTINUOUS
10
5.5306229921259842
20
-3.6052003543307087
11
5.5306229921259842
21
-3.5959335039370077
0
LINE
8
BLACK
6
CONTINUOUS
10
5.5306229921259842
20
-3.5959335039370077
11
5.5320726377952756
21
-3.5867807874015747
0
LINE
8
BLACK
6
CONTINUOUS
10
5.5320726377952756
20
-3.5867807874015747
11
5.5349362598425191
21
-3.5779675196850391
0
LINE
8
BLACK
6
CONTINUOUS
10
5.5349362598425191
20
-3.5779675196850391
11
5.5391433070866141
21
-3.5697107086614173
0
LINE
8
BLACK
6
CONTINUOUS
10
5.5391433070866141
20
-3.5697107086614173
11
5.5445901968503932
21
-3.5622137007874013
0
LINE
8
BLACK
6
CONTINUOUS
10
5.5445901968503932
20
-3.5622137007874013
11
5.5511428346456695
21
-3.5556610629921259
0
LINE
8
BLACK
6
CONTINUOUS
10
5.5511428346456695
20
-3.5556610629921259
11
5.5586398425196846
21
-3.5502141732283463
0
LINE
8
BLACK
6
CONTINUOUS
10
5.5586398425196846
20
-3.5502141732283463
11
5.5668966535433073
21
-3.5460071259842518
0
LINE
8
BLACK
6
CONTINUOUS
10
5.5668966535433073
20
-3.5460071259842518
11
5.5757099212598424
21
-3.5431435039370078
0
LINE
8
BLACK
6
CONTINUOUS
10
5.5757099212598424
20
-3.5431435039370078
11
5.5848626377952755
21
-3.5416938582677164
0
LINE
8
BLACK
6
CONTINUOUS
10
5.5848626377952755
20
-3.5416938582677164
11
5.594129488188976
21
-3.5416938582677164
0
LINE
8
BLACK
6
CONTINUOUS
10
5.594129488188976
20
-3.5416938582677164
11
5.6032822047244091
21
-3.5431435039370078
0
LINE
8
BLACK
6
CONTINUOUS
10
6.4694239370078739
20
-3.5431435039370078
11
6.478237204724409
21
-3.5460071259842518
0
LINE
8
BLACK
6
CONTINUOUS
10
6.478237204724409
20
-3.5460071259842518
11
6.4864940157480317
21
-3.5502141732283463
0
LINE
8
BLACK
6
CONTINUOUS
10
6.4864940157480317
20
-3.5502141732283463
11
6.4939910236220468
21
-3.5556610629921259
0
LINE
8
BLACK
6
CONTINUOUS
10
6.4939910236220468
20
-3.5556610629921259
11
6.5005436614173231
21
-3.5622137007874013
0
LINE
8
BLACK
6
CONTINUOUS
10
6.5005436614173231
20
-3.5622137007874013
11
6.5059905511811023
21
-3.5697107086614173
0
LINE
8
BLACK
6
CONTINUOUS
10
6.5059905511811023
20
-3.5697107086614173
11
6.5101975984251963
21
-3.5779675196850391
0
LINE
8
BLACK
6
CONTINUOUS
10
6.5101975984251963
20
-3.5779675196850391
11
6.5130612204724407
21
-3.5867807874015747
0
LINE
8
BLACK
6
CONTINUOUS
10
6.5130612204724407
20
-3.5867807874015747
11
6.5145108661417321
21
-3.5959335039370077
0
LINE
8
BLACK
6
CONTINUOUS
10
6.5145108661417321
20
-3.5959335039370077
11
6.5145108661417321
21
-3.6052003543307087
0
LINE
8
BLACK
6
CONTINUOUS
10
6.5145108661417321
20
-3.6052003543307087
11
6.5130612204724407
21
-3.6143530708661418
0
LINE
8
BLACK
6
CONTINUOUS
10
6.5130612204724407
20
-3.6143530708661418
11
6.5101975984251963
21
-3.6231663385826769
0
LINE
8
BLACK
6
CONTINUOUS
10
6.5101975984251963
20
-3.6231663385826769
11
6.5059905511811023
21
-3.6314231496062992
0
LINE
8
BLACK
6
CONTINUOUS
10
6.5059905511811023
20
-3.6314231496062992
11
6.5005436614173231
21
-3.6389201574803147
0
LINE
8
BLACK
6
CONTINUOUS
10
6.5005436614173231
20
-3.6389201574803147
11
6.4939910236220468
21
-3.6454727952755905
0
LINE
8
BLACK
6
CONTINUOUS
10
6.4939910236220468
20
-3.6454727952755905
11
6.4864940157480317
21
-3.6509196850393701
0
LINE
8
BLACK
6
CONTINUOUS
10
6.4864940157480317
20
-3.6509196850393701
11
6.478237204724409
21
-3.6551267322834646
0
LINE
8
BLACK
6
CONTINUOUS
10
6.478237204724409
20
-3.6551267322834646
11
6.4694239370078739
21
-3.6579903543307086
0
LINE
8
BLACK
6
CONTINUOUS
10
6.4694239370078739
20
-3.6579903543307086
11
6.4602712204724408
21
-3.65944
0
LINE
8
BLACK
6
CONTINUOUS
10
6.4602712204724408
20
-3.65944
11
6.4510043700787403
21
-3.65944
0
LINE
8
BLACK
6
CONTINUOUS
10
6.4510043700787403
20
-3.65944
11
6.4418516535433072
21
-3.6579903543307086
0
LINE
8
BLACK
6
CONTINUOUS
10
6.4418516535433072
20
-3.6579903543307086
11
6.4330383858267712
21
-3.6551267322834646
0
LINE
8
BLACK
6
CONTINUOUS
10
6.4330383858267712
20
-3.6551267322834646
11
6.4247815748031494
21
-3.6509196850393701
0
LINE
8
BLACK
6
CONTINUOUS
10
6.4247815748031494
20
-3.6509196850393701
11
6.4172845669291334
21
-3.6454727952755905
0
LINE
8
BLACK
6
CONTINUOUS
10
6.4172845669291334
20
-3.6454727952755905
11
6.410731929133858
21
-3.6389201574803147
0
LINE
8
BLACK
6
CONTINUOUS
10
6.410731929133858
20
-3.6389201574803147
11
6.4052850393700789
21
-3.6314231496062992
0
LINE
8
BLACK
6
CONTINUOUS
10
6.4052850393700789
20
-3.6314231496062992
11
6.4010779921259839
21
-3.6231663385826769
0
LINE
8
BLACK
6
CONTINUOUS
10
6.4010779921259839
20
-3.6231663385826769
11
6.3982143700787404
21
-3.6143530708661418
0
LINE
8
BLACK
6
CONTINUOUS
10
6.3982143700787404
20
-3.6143530708661418
11
6.396764724409449
21
-3.6052003543307087
0
LINE
8
BLACK
6
CONTINUOUS
10
6.396764724409449
20
-3.6052003543307087
11
6.396764724409449
21
-3.5959335039370077
0
LINE
8
BLACK
6
CONTINUOUS
10
6.396764724409449
20
-3.5959335039370077
11
6.3982143700787404
21
-3.5867807874015747
0
LINE
8
BLACK
6
CONTINUOUS
10
6.3982143700787404
20
-3.5867807874015747
11
6.4010779921259839
21
-3.5779675196850391
0
LINE
8
BLACK
6
CONTINUOUS
10
6.4010779921259839
20
-3.5779675196850391
11
6.4052850393700789
21
-3.5697107086614173
0
LINE
8
BLACK
6
CONTINUOUS
10
6.4052850393700789
20
-3.5697107086614173
11
6.410731929133858
21
-3.5622137007874013
0
LINE
8
BLACK
6
CONTINUOUS
10
6.410731929133858
20
-3.5622137007874013
11
6.4172845669291334
21
-3.5556610629921259
0
LINE
8
BLACK
6
CONTINUOUS
10
6.4172845669291334
20
-3.5556610629921259
11
6.4247815748031494
21
-3.5502141732283463
0
LINE
8
BLACK
6
CONTINUOUS
10
6.4247815748031494
20
-3.5502141732283463
11
6.4330383858267712
21
-3.5460071259842518
0
LINE
8
BLACK
6
CONTINUOUS
10
6.4330383858267712
20
-3.5460071259842518
11
6.4418516535433072
21
-3.5431435039370078
0
LINE
8
BLACK
6
CONTINUOUS
10
6.4418516535433072
20
-3.5431435039370078
11
6.4510043700787403
21
-3.5416938582677164
0
LINE
8
BLACK
6
CONTINUOUS
10
6.4510043700787403
20
-3.5416938582677164
11
6.4602712204724408
21
-3.5416938582677164
0
LINE
8
BLACK
6
CONTINUOUS
10
6.4602712204724408
20
-3.5416938582677164
11
6.4694239370078739
21
-3.5431435039370078
0
LINE
8
BLACK
6
CONTINUOUS
10
7.5942444881889761
20
-3.5356544094488189
11
7.5982154724409448
21
-3.5367184251968502
0
LINE
8
BLACK
6
CONTINUOUS
10
7.5982154724409448
20
-3.5367184251968502
11
7.601775787401575
21
-3.5387739763779527
0
LINE
8
BLACK
6
CONTINUOUS
10
7.601775787401575
20
-3.5387739763779527
11
7.6046827165354332
21
-3.5416809055118108
0
LINE
8
BLACK
6
CONTINUOUS
10
7.6046827165354332
20
-3.5416809055118108
11
7.6067382677165352
21
-3.5452412204724411
0
LINE
8
BLACK
6
CONTINUOUS
10
7.6067382677165352
20
-3.5452412204724411
11
7.6078022834645669
21
-3.5492122047244092
0
LINE
8
BLACK
6
CONTINUOUS
10
7.6078022834645669
20
-3.5492122047244092
11
7.6078022834645669
21
-3.5533232283464566
0
LINE
8
BLACK
6
CONTINUOUS
10
7.6078022834645669
20
-3.5533232283464566
11
7.6067382677165352
21
-3.5572942125984253
0
LINE
8
BLACK
6
CONTINUOUS
10
7.6067382677165352
20
-3.5572942125984253
11
7.6046827165354332
21
-3.5608545275590551
0
LINE
8
BLACK
6
CONTINUOUS
10
7.6046827165354332
20
-3.5608545275590551
11
7.601775787401575
21
-3.5637614566929132
0
LINE
8
BLACK
6
CONTINUOUS
10
7.601775787401575
20
-3.5637614566929132
11
7.5982154724409448
21
-3.5658170078740157
0
LINE
8
BLACK
6
CONTINUOUS
10
7.5982154724409448
20
-3.5658170078740157
11
7.5942444881889761
21
-3.566881023622047
0
LINE
8
BLACK
6
CONTINUOUS
10
7.5942444881889761
20
-3.566881023622047
11
7.5921889763779529
21
-3.5670157480314959
0
LINE
8
BLACK
6
CONTINUOUS
10
7.5921889763779529
20
-3.5670157480314959
11
7.5685669291338584
21
-3.5670157480314959
0
LINE
8
BLACK
6
CONTINUOUS
10
7.5685669291338584
20
-3.5670157480314959
11
7.5665114173228343
21
-3.566881023622047
0
LINE
8
BLACK
6
CONTINUOUS
10
7.5665114173228343
20
-3.566881023622047
11
7.5625404330708657
21
-3.5658170078740157
0
LINE
8
BLACK
6
CONTINUOUS
10
7.5625404330708657
20
-3.5658170078740157
11
7.5589801181102363
21
-3.5637614566929132
0
LINE
8
BLACK
6
CONTINUOUS
10
7.5589801181102363
20
-3.5637614566929132
11
7.5560731889763781
21
-3.5608545275590551
0
LINE
8
BLACK
6
CONTINUOUS
10
7.5560731889763781
20
-3.5608545275590551
11
7.5540176377952752
21
-3.5572942125984253
0
LINE
8
BLACK
6
CONTINUOUS
10
7.5540176377952752
20
-3.5572942125984253
11
7.5529536220472435
21
-3.5533232283464566
0
LINE
8
BLACK
6
CONTINUOUS
10
7.5529536220472435
20
-3.5533232283464566
11
7.5529536220472435
21
-3.5492122047244092
0
LINE
8
BLACK
6
CONTINUOUS
10
7.5529536220472435
20
-3.5492122047244092
11
7.5540176377952752
21
-3.5452412204724411
0
LINE
8
BLACK
6
CONTINUOUS
10
7.5540176377952752
20
-3.5452412204724411
11
7.5560731889763781
21
-3.5416809055118108
0
LINE
8
BLACK
6
CONTINUOUS
10
7.5560731889763781
20
-3.5416809055118108
11
7.5589801181102363
21
-3.5387739763779527
0
LINE
8
BLACK
6
CONTINUOUS
10
7.5589801181102363
20
-3.5387739763779527
11
7.5625404330708657
21
-3.5367184251968502
0
LINE
8
BLACK
6
CONTINUOUS
10
7.5625404330708657
20
-3.5367184251968502
11
7.5665114173228343
21
-3.5356544094488189
0
LINE
8
BLACK
6
CONTINUOUS
10
7.5665114173228343
20
-3.5356544094488189
11
7.5685669291338584
21
-3.53551968503937
0
LINE
8
BLACK
6
CONTINUOUS
10
7.5685669291338584
20
-3.53551968503937
11
7.5921889763779529
21
-3.53551968503937
0
LINE
8
BLACK
6
CONTINUOUS
10
7.5921889763779529
20
-3.53551968503937
11
7.5942444881889761
21
-3.5356544094488189
0
LINE
8
BLACK
6
CONTINUOUS
10
7.3599925196850391
20
-3.5214811811023621
11
7.3639635039370077
21
-3.5225451968503938
0
LINE
8
BLACK
6
CONTINUOUS
10
7.3639635039370077
20
-3.5225451968503938
11
7.367523818897638
21
-3.5246007480314958
0
LINE
8
BLACK
6
CONTINUOUS
10
7.367523818897638
20
-3.5246007480314958
11
7.3704307480314961
21
-3.5275076771653544
0
LINE
8
BLACK
6
CONTINUOUS
10
7.3704307480314961
20
-3.5275076771653544
11
7.3724862992125981
21
-3.5310679921259842
0
LINE
8
BLACK
6
CONTINUOUS
10
7.3724862992125981
20
-3.5310679921259842
11
7.3735503149606298
21
-3.5350389763779528
0
LINE
8
BLACK
6
CONTINUOUS
10
7.3735503149606298
20
-3.5350389763779528
11
7.3735503149606298
21
-3.5391499999999998
0
LINE
8
BLACK
6
CONTINUOUS
10
7.3735503149606298
20
-3.5391499999999998
11
7.3724862992125981
21
-3.5431209842519684
0
LINE
8
BLACK
6
CONTINUOUS
10
7.3724862992125981
20
-3.5431209842519684
11
7.3704307480314961
21
-3.5466812992125982
0
LINE
8
BLACK
6
CONTINUOUS
10
7.3704307480314961
20
-3.5466812992125982
11
7.367523818897638
21
-3.5495882283464568
0
LINE
8
BLACK
6
CONTINUOUS
10
7.367523818897638
20
-3.5495882283464568
11
7.3639635039370077
21
-3.5516437795275588
0
LINE
8
BLACK
6
CONTINUOUS
10
7.3639635039370077
20
-3.5516437795275588
11
7.3599925196850391
21
-3.5527077952755906
0
LINE
8
BLACK
6
CONTINUOUS
10
7.3599925196850391
20
-3.5527077952755906
11
7.3579370078740158
21
-3.5528425196850395
0
LINE
8
BLACK
6
CONTINUOUS
10
7.3579370078740158
20
-3.5528425196850395
11
7.3343149606299214
21
-3.5528425196850395
0
LINE
8
BLACK
6
CONTINUOUS
10
7.3343149606299214
20
-3.5528425196850395
11
7.3322594488188972
21
-3.5527077952755906
0
LINE
8
BLACK
6
CONTINUOUS
10
7.3322594488188972
20
-3.5527077952755906
11
7.3282884645669286
21
-3.5516437795275588
0
LINE
8
BLACK
6
CONTINUOUS
10
7.3282884645669286
20
-3.5516437795275588
11
7.3247281496062993
21
-3.5495882283464568
0
LINE
8
BLACK
6
CONTINUOUS
10
7.3247281496062993
20
-3.5495882283464568
11
7.3218212204724411
21
-3.5466812992125982
0
LINE
8
BLACK
6
CONTINUOUS
10
7.3218212204724411
20
-3.5466812992125982
11
7.3197656692913382
21
-3.5431209842519684
0
LINE
8
BLACK
6
CONTINUOUS
10
7.3197656692913382
20
-3.5431209842519684
11
7.3187016535433065
21
-3.5391499999999998
0
LINE
8
BLACK
6
CONTINUOUS
10
7.3187016535433065
20
-3.5391499999999998
11
7.3187016535433065
21
-3.5350389763779528
0
LINE
8
BLACK
6
CONTINUOUS
10
7.3187016535433065
20
-3.5350389763779528
11
7.3197656692913382
21
-3.5310679921259842
0
LINE
8
BLACK
6
CONTINUOUS
10
7.3197656692913382
20
-3.5310679921259842
11
7.3218212204724411
21
-3.5275076771653544
0
LINE
8
BLACK
6
CONTINUOUS
10
7.3218212204724411
20
-3.5275076771653544
11
7.3247281496062993
21
-3.5246007480314958
0
LINE
8
BLACK
6
CONTINUOUS
10
7.3247281496062993
20
-3.5246007480314958
11
7.3282884645669286
21
-3.5225451968503938
0
LINE
8
BLACK
6
CONTINUOUS
10
7.3282884645669286
20
-3.5225451968503938
11
7.3322594488188972
21
-3.5214811811023621
0
LINE
8
BLACK
6
CONTINUOUS
10
7.3322594488188972
20
-3.5214811811023621
11
7.3343149606299214
21
-3.5213464566929131
0
LINE
8
BLACK
6
CONTINUOUS
10
7.3343149606299214
20
-3.5213464566929131
11
7.3579370078740158
21
-3.5213464566929131
0
LINE
8
BLACK
6
CONTINUOUS
10
7.3579370078740158
20
-3.5213464566929131
11
7.3599925196850391
21
-3.5214811811023621
0
LINE
8
BLACK
6
CONTINUOUS
10
4.2280411811023617
20
-3.4838567322834644
11
4.2327044488188976
21
-3.4857883070866142
0
LINE
8
BLACK
6
CONTINUOUS
10
4.2327044488188976
20
-3.4857883070866142
11
4.2369012992125983
21
-3.4885925590551179
0
LINE
8
BLACK
6
CONTINUOUS
10
4.2369012992125983
20
-3.4885925590551179
11
4.2404704330708665
21
-3.4921616929133856
0
LINE
8
BLACK
6
CONTINUOUS
10
4.2404704330708665
20
-3.4921616929133856
11
4.2432746850393697
21
-3.4963585433070867
0
LINE
8
BLACK
6
CONTINUOUS
10
4.2432746850393697
20
-3.4963585433070867
11
4.2452062598425195
21
-3.5010218110236218
0
LINE
8
BLACK
6
CONTINUOUS
10
4.2452062598425195
20
-3.5010218110236218
11
4.2461909842519683
21
-3.5059723228346455
0
LINE
8
BLACK
6
CONTINUOUS
10
4.2461909842519683
20
-3.5059723228346455
11
4.2461909842519683
21
-3.511019803149606
0
LINE
8
BLACK
6
CONTINUOUS
10
4.2461909842519683
20
-3.511019803149606
11
4.2452062598425195
21
-3.5159703149606298
0
LINE
8
BLACK
6
CONTINUOUS
10
4.2452062598425195
20
-3.5159703149606298
11
4.2432746850393697
21
-3.5206335826771653
0
LINE
8
BLACK
6
CONTINUOUS
10
4.2432746850393697
20
-3.5206335826771653
11
4.2404704330708665
21
-3.524830433070866
0
LINE
8
BLACK
6
CONTINUOUS
10
4.2404704330708665
20
-3.524830433070866
11
4.2369012992125983
21
-3.5283995669291337
0
LINE
8
BLACK
6
CONTINUOUS
10
4.2369012992125983
20
-3.5283995669291337
11
4.2327044488188976
21
-3.5312038188976378
0
LINE
8
BLACK
6
CONTINUOUS
10
4.2327044488188976
20
-3.5312038188976378
11
4.2280411811023617
21
-3.5331353937007872
0
LINE
8
BLACK
6
CONTINUOUS
10
4.2280411811023617
20
-3.5331353937007872
11
4.2230906692913388
21
-3.534120118110236
0
LINE
8
BLACK
6
CONTINUOUS
10
4.2230906692913388
20
-3.534120118110236
11
4.2180431889763774
21
-3.534120118110236
0
LINE
8
BLACK
6
CONTINUOUS
10
4.2180431889763774
20
-3.534120118110236
11
4.2130926771653545
21
-3.5331353937007872
0
LINE
8
BLACK
6
CONTINUOUS
10
4.2130926771653545
20
-3.5331353937007872
11
4.2084294094488186
21
-3.5312038188976378
0
LINE
8
BLACK
6
CONTINUOUS
10
4.2084294094488186
20
-3.5312038188976378
11
4.2042325590551179
21
-3.5283995669291337
0
LINE
8
BLACK
6
CONTINUOUS
10
4.2042325590551179
20
-3.5283995669291337
11
4.2006634251968507
21
-3.524830433070866
0
LINE
8
BLACK
6
CONTINUOUS
10
4.2006634251968507
20
-3.524830433070866
11
4.1978591732283466
21
-3.5206335826771653
0
LINE
8
BLACK
6
CONTINUOUS
10
4.1978591732283466
20
-3.5206335826771653
11
4.1959275984251967
21
-3.5159703149606298
0
LINE
8
BLACK
6
CONTINUOUS
10
4.1959275984251967
20
-3.5159703149606298
11
4.1949428740157479
21
-3.511019803149606
0
LINE
8
BLACK
6
CONTINUOUS
10
4.1949428740157479
20
-3.511019803149606
11
4.1949428740157479
21
-3.5059723228346455
0
LINE
8
BLACK
6
CONTINUOUS
10
4.1949428740157479
20
-3.5059723228346455
11
4.1959275984251967
21
-3.5010218110236218
0
LINE
8
BLACK
6
CONTINUOUS
10
4.1959275984251967
20
-3.5010218110236218
11
4.1978591732283466
21
-3.4963585433070867
0
LINE
8
BLACK
6
CONTINUOUS
10
4.1978591732283466
20
-3.4963585433070867
11
4.2006634251968507
21
-3.4921616929133856
0
LINE
8
BLACK
6
CONTINUOUS
10
4.2006634251968507
20
-3.4921616929133856
11
4.2042325590551179
21
-3.4885925590551179
0
LINE
8
BLACK
6
CONTINUOUS
10
4.2042325590551179
20
-3.4885925590551179
11
4.2084294094488186
21
-3.4857883070866142
0
LINE
8
BLACK
6
CONTINUOUS
10
4.2084294094488186
20
-3.4857883070866142
11
4.2130926771653545
21
-3.4838567322834644
0
LINE
8
BLACK
6
CONTINUOUS
10
4.2130926771653545
20
-3.4838567322834644
11
4.2180431889763774
21
-3.4828720078740156
0
LINE
8
BLACK
6
CONTINUOUS
10
4.2180431889763774
20
-3.4828720078740156
11
4.2230906692913388
21
-3.4828720078740156
0
LINE
8
BLACK
6
CONTINUOUS
10
4.2230906692913388
20
-3.4828720078740156
11
4.2280411811023617
21
-3.4838567322834644
0
LINE
8
BLACK
6
CONTINUOUS
10
4.3280411811023622
20
-3.4838567322834644
11
4.3327044488188973
21
-3.4857883070866142
0
LINE
8
BLACK
6
CONTINUOUS
10
4.3327044488188973
20
-3.4857883070866142
11
4.3369012992125979
21
-3.4885925590551179
0
LINE
8
BLACK
6
CONTINUOUS
10
4.3369012992125979
20
-3.4885925590551179
11
4.3404704330708661
21
-3.4921616929133856
0
LINE
8
BLACK
6
CONTINUOUS
10
4.3404704330708661
20
-3.4921616929133856
11
4.3432746850393702
21
-3.4963585433070867
0
LINE
8
BLACK
6
CONTINUOUS
10
4.3432746850393702
20
-3.4963585433070867
11
4.3452062598425192
21
-3.5010218110236218
0
LINE
8
BLACK
6
CONTINUOUS
10
4.3452062598425192
20
-3.5010218110236218
11
4.3461909842519688
21
-3.5059723228346455
0
LINE
8
BLACK
6
CONTINUOUS
10
4.3461909842519688
20
-3.5059723228346455
11
4.3461909842519688
21
-3.511019803149606
0
LINE
8
BLACK
6
CONTINUOUS
10
4.3461909842519688
20
-3.511019803149606
11
4.3452062598425192
21
-3.5159703149606298
0
LINE
8
BLACK
6
CONTINUOUS
10
4.3452062598425192
20
-3.5159703149606298
11
4.3432746850393702
21
-3.5206335826771653
0
LINE
8
BLACK
6
CONTINUOUS
10
4.3432746850393702
20
-3.5206335826771653
11
4.3404704330708661
21
-3.524830433070866
0
LINE
8
BLACK
6
CONTINUOUS
10
4.3404704330708661
20
-3.524830433070866
11
4.3369012992125979
21
-3.5283995669291337
0
LINE
8
BLACK
6
CONTINUOUS
10
4.3369012992125979
20
-3.5283995669291337
11
4.3327044488188973
21
-3.5312038188976378
0
LINE
8
BLACK
6
CONTINUOUS
10
4.3327044488188973
20
-3.5312038188976378
11
4.3280411811023622
21
-3.5331353937007872
0
LINE
8
BLACK
6
CONTINUOUS
10
4.3280411811023622
20
-3.5331353937007872
11
4.3230906692913385
21
-3.534120118110236
0
LINE
8
BLACK
6
CONTINUOUS
10
4.3230906692913385
20
-3.534120118110236
11
4.318043188976378
21
-3.534120118110236
0
LINE
8
BLACK
6
CONTINUOUS
10
4.318043188976378
20
-3.534120118110236
11
4.3130926771653542
21
-3.5331353937007872
0
LINE
8
BLACK
6
CONTINUOUS
10
4.3130926771653542
20
-3.5331353937007872
11
4.3084294094488191
21
-3.5312038188976378
0
LINE
8
BLACK
6
CONTINUOUS
10
4.3084294094488191
20
-3.5312038188976378
11
4.3042325590551176
21
-3.5283995669291337
0
LINE
8
BLACK
6
CONTINUOUS
10
4.3042325590551176
20
-3.5283995669291337
11
4.3006634251968503
21
-3.524830433070866
0
LINE
8
BLACK
6
CONTINUOUS
10
4.3006634251968503
20
-3.524830433070866
11
4.2978591732283462
21
-3.5206335826771653
0
LINE
8
BLACK
6
CONTINUOUS
10
4.2978591732283462
20
-3.5206335826771653
11
4.2959275984251963
21
-3.5159703149606298
0
LINE
8
BLACK
6
CONTINUOUS
10
4.2959275984251963
20
-3.5159703149606298
11
4.2949428740157476
21
-3.511019803149606
0
LINE
8
BLACK
6
CONTINUOUS
10
4.2949428740157476
20
-3.511019803149606
11
4.2949428740157476
21
-3.5059723228346455
0
LINE
8
BLACK
6
CONTINUOUS
10
4.2949428740157476
20
-3.5059723228346455
11
4.2959275984251963
21
-3.5010218110236218
0
LINE
8
BLACK
6
CONTINUOUS
10
4.2959275984251963
20
-3.5010218110236218
11
4.2978591732283462
21
-3.4963585433070867
0
LINE
8
BLACK
6
CONTINUOUS
10
4.2978591732283462
20
-3.4963585433070867
11
4.3006634251968503
21
-3.4921616929133856
0
LINE
8
BLACK
6
CONTINUOUS
10
4.3006634251968503
20
-3.4921616929133856
11
4.3042325590551176
21
-3.4885925590551179
0
LINE
8
BLACK
6
CONTINUOUS
10
4.3042325590551176
20
-3.4885925590551179
11
4.3084294094488191
21
-3.4857883070866142
0
LINE
8
BLACK
6
CONTINUOUS
10
4.3084294094488191
20
-3.4857883070866142
11
4.3130926771653542
21
-3.4838567322834644
0
LINE
8
BLACK
6
CONTINUOUS
10
4.3130926771653542
20
-3.4838567322834644
11
4.318043188976378
21
-3.4828720078740156
0
LINE
8
BLACK
6
CONTINUOUS
10
4.318043188976378
20
-3.4828720078740156
11
4.3230906692913385
21
-3.4828720078740156
0
LINE
8
BLACK
6
CONTINUOUS
10
4.3230906692913385
20
-3.4828720078740156
11
4.3280411811023622
21
-3.4838567322834644
0
LINE
8
BLACK
6
CONTINUOUS
10
4.4280411811023619
20
-3.4838567322834644
11
4.4327044488188978
21
-3.4857883070866142
0
LINE
8
BLACK
6
CONTINUOUS
10
4.4327044488188978
20
-3.4857883070866142
11
4.4369012992125985
21
-3.4885925590551179
0
LINE
8
BLACK
6
CONTINUOUS
10
4.4369012992125985
20
-3.4885925590551179
11
4.4404704330708658
21
-3.4921616929133856
0
LINE
8
BLACK
6
CONTINUOUS
10
4.4404704330708658
20
-3.4921616929133856
11
4.4432746850393698
21
-3.4963585433070867
0
LINE
8
BLACK
6
CONTINUOUS
10
4.4432746850393698
20
-3.4963585433070867
11
4.4452062598425197
21
-3.5010218110236218
0
LINE
8
BLACK
6
CONTINUOUS
10
4.4452062598425197
20
-3.5010218110236218
11
4.4461909842519685
21
-3.5059723228346455
0
LINE
8
BLACK
6
CONTINUOUS
10
4.4461909842519685
20
-3.5059723228346455
11
4.4461909842519685
21
-3.511019803149606
0
LINE
8
BLACK
6
CONTINUOUS
10
4.4461909842519685
20
-3.511019803149606
11
4.4452062598425197
21
-3.5159703149606298
0
LINE
8
BLACK
6
CONTINUOUS
10
4.4452062598425197
20
-3.5159703149606298
11
4.4432746850393698
21
-3.5206335826771653
0
LINE
8
BLACK
6
CONTINUOUS
10
4.4432746850393698
20
-3.5206335826771653
11
4.4404704330708658
21
-3.524830433070866
0
LINE
8
BLACK
6
CONTINUOUS
10
4.4404704330708658
20
-3.524830433070866
11
4.4369012992125985
21
-3.5283995669291337
0
LINE
8
BLACK
6
CONTINUOUS
10
4.4369012992125985
20
-3.5283995669291337
11
4.4327044488188978
21
-3.5312038188976378
0
LINE
8
BLACK
6
CONTINUOUS
10
4.4327044488188978
20
-3.5312038188976378
11
4.4280411811023619
21
-3.5331353937007872
0
LINE
8
BLACK
6
CONTINUOUS
10
4.4280411811023619
20
-3.5331353937007872
11
4.4230906692913381
21
-3.534120118110236
0
LINE
8
BLACK
6
CONTINUOUS
10
4.4230906692913381
20
-3.534120118110236
11
4.4180431889763776
21
-3.534120118110236
0
LINE
8
BLACK
6
CONTINUOUS
10
4.4180431889763776
20
-3.534120118110236
11
4.4130926771653538
21
-3.5331353937007872
0
LINE
8
BLACK
6
CONTINUOUS
10
4.4130926771653538
20
-3.5331353937007872
11
4.4084294094488188
21
-3.5312038188976378
0
LINE
8
BLACK
6
CONTINUOUS
10
4.4084294094488188
20
-3.5312038188976378
11
4.4042325590551181
21
-3.5283995669291337
0
LINE
8
BLACK
6
CONTINUOUS
10
4.4042325590551181
20
-3.5283995669291337
11
4.4006634251968499
21
-3.524830433070866
0
LINE
8
BLACK
6
CONTINUOUS
10
4.4006634251968499
20
-3.524830433070866
11
4.3978591732283467
21
-3.5206335826771653
0
LINE
8
BLACK
6
CONTINUOUS
10
4.3978591732283467
20
-3.5206335826771653
11
4.3959275984251969
21
-3.5159703149606298
0
LINE
8
BLACK
6
CONTINUOUS
10
4.3959275984251969
20
-3.5159703149606298
11
4.3949428740157481
21
-3.511019803149606
0
LINE
8
BLACK
6
CONTINUOUS
10
4.3949428740157481
20
-3.511019803149606
11
4.3949428740157481
21
-3.5059723228346455
0
LINE
8
BLACK
6
CONTINUOUS
10
4.3949428740157481
20
-3.5059723228346455
11
4.3959275984251969
21
-3.5010218110236218
0
LINE
8
BLACK
6
CONTINUOUS
10
4.3959275984251969
20
-3.5010218110236218
11
4.3978591732283467
21
-3.4963585433070867
0
LINE
8
BLACK
6
CONTINUOUS
10
4.3978591732283467
20
-3.4963585433070867
11
4.4006634251968499
21
-3.4921616929133856
0
LINE
8
BLACK
6
CONTINUOUS
10
4.4006634251968499
20
-3.4921616929133856
11
4.4042325590551181
21
-3.4885925590551179
0
LINE
8
BLACK
6
CONTINUOUS
10
4.4042325590551181
20
-3.4885925590551179
11
4.4084294094488188
21
-3.4857883070866142
0
LINE
8
BLACK
6
CONTINUOUS
10
4.4084294094488188
20
-3.4857883070866142
11
4.4130926771653538
21
-3.4838567322834644
0
LINE
8
BLACK
6
CONTINUOUS
10
4.4130926771653538
20
-3.4838567322834644
11
4.4180431889763776
21
-3.4828720078740156
0
LINE
8
BLACK
6
CONTINUOUS
10
4.4180431889763776
20
-3.4828720078740156
11
4.4230906692913381
21
-3.4828720078740156
0
LINE
8
BLACK
6
CONTINUOUS
10
4.4230906692913381
20
-3.4828720078740156
11
4.4280411811023619
21
-3.4838567322834644
0
LINE
8
BLACK
6
CONTINUOUS
10
4.5280411811023624
20
-3.4838567322834644
11
4.5327044488188974
21
-3.4857883070866142
0
LINE
8
BLACK
6
CONTINUOUS
10
4.5327044488188974
20
-3.4857883070866142
11
4.5369012992125981
21
-3.4885925590551179
0
LINE
8
BLACK
6
CONTINUOUS
10
4.5369012992125981
20
-3.4885925590551179
11
4.5404704330708663
21
-3.4921616929133856
0
LINE
8
BLACK
6
CONTINUOUS
10
4.5404704330708663
20
-3.4921616929133856
11
4.5432746850393704
21
-3.4963585433070867
0
LINE
8
BLACK
6
CONTINUOUS
10
4.5432746850393704
20
-3.4963585433070867
11
4.5452062598425194
21
-3.5010218110236218
0
LINE
8
BLACK
6
CONTINUOUS
10
4.5452062598425194
20
-3.5010218110236218
11
4.5461909842519681
21
-3.5059723228346455
0
LINE
8
BLACK
6
CONTINUOUS
10
4.5461909842519681
20
-3.5059723228346455
11
4.5461909842519681
21
-3.511019803149606
0
LINE
8
BLACK
6
CONTINUOUS
10
4.5461909842519681
20
-3.511019803149606
11
4.5452062598425194
21
-3.5159703149606298
0
LINE
8
BLACK
6
CONTINUOUS
10
4.5452062598425194
20
-3.5159703149606298
11
4.5432746850393704
21
-3.5206335826771653
0
LINE
8
BLACK
6
CONTINUOUS
10
4.5432746850393704
20
-3.5206335826771653
11
4.5404704330708663
21
-3.524830433070866
0
LINE
8
BLACK
6
CONTINUOUS
10
4.5404704330708663
20
-3.524830433070866
11
4.5369012992125981
21
-3.5283995669291337
0
LINE
8
BLACK
6
CONTINUOUS
10
4.5369012992125981
20
-3.5283995669291337
11
4.5327044488188974
21
-3.5312038188976378
0
LINE
8
BLACK
6
CONTINUOUS
10
4.5327044488188974
20
-3.5312038188976378
11
4.5280411811023624
21
-3.5331353937007872
0
LINE
8
BLACK
6
CONTINUOUS
10
4.5280411811023624
20
-3.5331353937007872
11
4.5230906692913386
21
-3.534120118110236
0
LINE
8
BLACK
6
CONTINUOUS
10
4.5230906692913386
20
-3.534120118110236
11
4.5180431889763781
21
-3.534120118110236
0
LINE
8
BLACK
6
CONTINUOUS
10
4.5180431889763781
20
-3.534120118110236
11
4.5130926771653543
21
-3.5331353937007872
0
LINE
8
BLACK
6
CONTINUOUS
10
4.5130926771653543
20
-3.5331353937007872
11
4.5084294094488184
21
-3.5312038188976378
0
LINE
8
BLACK
6
CONTINUOUS
10
4.5084294094488184
20
-3.5312038188976378
11
4.5042325590551178
21
-3.5283995669291337
0
LINE
8
BLACK
6
CONTINUOUS
10
4.5042325590551178
20
-3.5283995669291337
11
4.5006634251968505
21
-3.524830433070866
0
LINE
8
BLACK
6
CONTINUOUS
10
4.5006634251968505
20
-3.524830433070866
11
4.4978591732283464
21
-3.5206335826771653
0
LINE
8
BLACK
6
CONTINUOUS
10
4.4978591732283464
20
-3.5206335826771653
11
4.4959275984251965
21
-3.5159703149606298
0
LINE
8
BLACK
6
CONTINUOUS
10
4.4959275984251965
20
-3.5159703149606298
11
4.4949428740157478
21
-3.511019803149606
0
LINE
8
BLACK
6
CONTINUOUS
10
4.4949428740157478
20
-3.511019803149606
11
4.4949428740157478
21
-3.5059723228346455
0
LINE
8
BLACK
6
CONTINUOUS
10
4.4949428740157478
20
-3.5059723228346455
11
4.4959275984251965
21
-3.5010218110236218
0
LINE
8
BLACK
6
CONTINUOUS
10
4.4959275984251965
20
-3.5010218110236218
11
4.4978591732283464
21
-3.4963585433070867
0
LINE
8
BLACK
6
CONTINUOUS
10
4.4978591732283464
20
-3.4963585433070867
11
4.5006634251968505
21
-3.4921616929133856
0
LINE
8
BLACK
6
CONTINUOUS
10
4.5006634251968505
20
-3.4921616929133856
11
4.5042325590551178
21
-3.4885925590551179
0
LINE
8
BLACK
6
CONTINUOUS
10
4.5042325590551178
20
-3.4885925590551179
11
4.5084294094488184
21
-3.4857883070866142
0
LINE
8
BLACK
6
CONTINUOUS
10
4.5084294094488184
20
-3.4857883070866142
11
4.5130926771653543
21
-3.4838567322834644
0
LINE
8
BLACK
6
CONTINUOUS
10
4.5130926771653543
20
-3.4838567322834644
11
4.5180431889763781
21
-3.4828720078740156
0
LINE
8
BLACK
6
CONTINUOUS
10
4.5180431889763781
20
-3.4828720078740156
11
4.5230906692913386
21
-3.4828720078740156
0
LINE
8
BLACK
6
CONTINUOUS
10
4.5230906692913386
20
-3.4828720078740156
11
4.5280411811023624
21
-3.4838567322834644
0
LINE
8
BLACK
6
CONTINUOUS
10
4.6280411811023621
20
-3.4838567322834644
11
4.6327044488188971
21
-3.4857883070866142
0
LINE
8
BLACK
6
CONTINUOUS
10
4.6327044488188971
20
-3.4857883070866142
11
4.6369012992125986
21
-3.4885925590551179
0
LINE
8
BLACK
6
CONTINUOUS
10
4.6369012992125986
20
-3.4885925590551179
11
4.6404704330708659
21
-3.4921616929133856
0
LINE
8
BLACK
6
CONTINUOUS
10
4.6404704330708659
20
-3.4921616929133856
11
4.64327468503937
21
-3.4963585433070867
0
LINE
8
BLACK
6
CONTINUOUS
10
4.64327468503937
20
-3.4963585433070867
11
4.6452062598425199
21
-3.5010218110236218
0
LINE
8
BLACK
6
CONTINUOUS
10
4.6452062598425199
20
-3.5010218110236218
11
4.6461909842519686
21
-3.5059723228346455
0
LINE
8
BLACK
6
CONTINUOUS
10
4.6461909842519686
20
-3.5059723228346455
11
4.6461909842519686
21
-3.511019803149606
0
LINE
8
BLACK
6
CONTINUOUS
10
4.6461909842519686
20
-3.511019803149606
11
4.6452062598425199
21
-3.5159703149606298
0
LINE
8
BLACK
6
CONTINUOUS
10
4.6452062598425199
20
-3.5159703149606298
11
4.64327468503937
21
-3.5206335826771653
0
LINE
8
BLACK
6
CONTINUOUS
10
4.64327468503937
20
-3.5206335826771653
11
4.6404704330708659
21
-3.524830433070866
0
LINE
8
BLACK
6
CONTINUOUS
10
4.6404704330708659
20
-3.524830433070866
11
4.6369012992125986
21
-3.5283995669291337
0
LINE
8
BLACK
6
CONTINUOUS
10
4.6369012992125986
20
-3.5283995669291337
11
4.6327044488188971
21
-3.5312038188976378
0
LINE
8
BLACK
6
CONTINUOUS
10
4.6327044488188971
20
-3.5312038188976378
11
4.6280411811023621
21
-3.5331353937007872
0
LINE
8
BLACK
6
CONTINUOUS
10
4.6280411811023621
20
-3.5331353937007872
11
4.6230906692913383
21
-3.534120118110236
0
LINE
8
BLACK
6
CONTINUOUS
10
4.6230906692913383
20
-3.534120118110236
11
4.6180431889763778
21
-3.534120118110236
0
LINE
8
BLACK
6
CONTINUOUS
10
4.6180431889763778
20
-3.534120118110236
11
4.613092677165354
21
-3.5331353937007872
0
LINE
8
BLACK
6
CONTINUOUS
10
4.613092677165354
20
-3.5331353937007872
11
4.608429409448819
21
-3.5312038188976378
0
LINE
8
BLACK
6
CONTINUOUS
10
4.608429409448819
20
-3.5312038188976378
11
4.6042325590551183
21
-3.5283995669291337
0
LINE
8
BLACK
6
CONTINUOUS
10
4.6042325590551183
20
-3.5283995669291337
11
4.6006634251968501
21
-3.524830433070866
0
LINE
8
BLACK
6
CONTINUOUS
10
4.6006634251968501
20
-3.524830433070866
11
4.597859173228346
21
-3.5206335826771653
0
LINE
8
BLACK
6
CONTINUOUS
10
4.597859173228346
20
-3.5206335826771653
11
4.595927598425197
21
-3.5159703149606298
0
LINE
8
BLACK
6
CONTINUOUS
10
4.595927598425197
20
-3.5159703149606298
11
4.5949428740157483
21
-3.511019803149606
0
LINE
8
BLACK
6
CONTINUOUS
10
4.5949428740157483
20
-3.511019803149606
11
4.5949428740157483
21
-3.5059723228346455
0
LINE
8
BLACK
6
CONTINUOUS
10
4.5949428740157483
20
-3.5059723228346455
11
4.595927598425197
21
-3.5010218110236218
0
LINE
8
BLACK
6
CONTINUOUS
10
4.595927598425197
20
-3.5010218110236218
11
4.597859173228346
21
-3.4963585433070867
0
LINE
8
BLACK
6
CONTINUOUS
10
4.597859173228346
20
-3.4963585433070867
11
4.6006634251968501
21
-3.4921616929133856
0
LINE
8
BLACK
6
CONTINUOUS
10
4.6006634251968501
20
-3.4921616929133856
11
4.6042325590551183
21
-3.4885925590551179
0
LINE
8
BLACK
6
CONTINUOUS
10
4.6042325590551183
20
-3.4885925590551179
11
4.608429409448819
21
-3.4857883070866142
0
LINE
8
BLACK
6
CONTINUOUS
10
4.608429409448819
20
-3.4857883070866142
11
4.613092677165354
21
-3.4838567322834644
0
LINE
8
BLACK
6
CONTINUOUS
10
4.613092677165354
20
-3.4838567322834644
11
4.6180431889763778
21
-3.4828720078740156
0
LINE
8
BLACK
6
CONTINUOUS
10
4.6180431889763778
20
-3.4828720078740156
11
4.6230906692913383
21
-3.4828720078740156
0
LINE
8
BLACK
6
CONTINUOUS
10
4.6230906692913383
20
-3.4828720078740156
11
4.6280411811023621
21
-3.4838567322834644
0
LINE
8
BLACK
6
CONTINUOUS
10
4.7280411811023617
20
-3.4838567322834644
11
4.7327044488188976
21
-3.4857883070866142
0
LINE
8
BLACK
6
CONTINUOUS
10
4.7327044488188976
20
-3.4857883070866142
11
4.7369012992125983
21
-3.4885925590551179
0
LINE
8
BLACK
6
CONTINUOUS
10
4.7369012992125983
20
-3.4885925590551179
11
4.7404704330708665
21
-3.4921616929133856
0
LINE
8
BLACK
6
CONTINUOUS
10
4.7404704330708665
20
-3.4921616929133856
11
4.7432746850393697
21
-3.4963585433070867
0
LINE
8
BLACK
6
CONTINUOUS
10
4.7432746850393697
20
-3.4963585433070867
11
4.7452062598425195
21
-3.5010218110236218
0
LINE
8
BLACK
6
CONTINUOUS
10
4.7452062598425195
20
-3.5010218110236218
11
4.7461909842519683
21
-3.5059723228346455
0
LINE
8
BLACK
6
CONTINUOUS
10
4.7461909842519683
20
-3.5059723228346455
11
4.7461909842519683
21
-3.511019803149606
0
LINE
8
BLACK
6
CONTINUOUS
10
4.7461909842519683
20
-3.511019803149606
11
4.7452062598425195
21
-3.5159703149606298
0
LINE
8
BLACK
6
CONTINUOUS
10
4.7452062598425195
20
-3.5159703149606298
11
4.7432746850393697
21
-3.5206335826771653
0
LINE
8
BLACK
6
CONTINUOUS
10
4.7432746850393697
20
-3.5206335826771653
11
4.7404704330708665
21
-3.524830433070866
0
LINE
8
BLACK
6
CONTINUOUS
10
4.7404704330708665
20
-3.524830433070866
11
4.7369012992125983
21
-3.5283995669291337
0
LINE
8
BLACK
6
CONTINUOUS
10
4.7369012992125983
20
-3.5283995669291337
11
4.7327044488188976
21
-3.5312038188976378
0
LINE
8
BLACK
6
CONTINUOUS
10
4.7327044488188976
20
-3.5312038188976378
11
4.7280411811023617
21
-3.5331353937007872
0
LINE
8
BLACK
6
CONTINUOUS
10
4.7280411811023617
20
-3.5331353937007872
11
4.7230906692913388
21
-3.534120118110236
0
LINE
8
BLACK
6
CONTINUOUS
10
4.7230906692913388
20
-3.534120118110236
11
4.7180431889763774
21
-3.534120118110236
0
LINE
8
BLACK
6
CONTINUOUS
10
4.7180431889763774
20
-3.534120118110236
11
4.7130926771653545
21
-3.5331353937007872
0
LINE
8
BLACK
6
CONTINUOUS
10
4.7130926771653545
20
-3.5331353937007872
11
4.7084294094488186
21
-3.5312038188976378
0
LINE
8
BLACK
6
CONTINUOUS
10
4.7084294094488186
20
-3.5312038188976378
11
4.7042325590551179
21
-3.5283995669291337
0
LINE
8
BLACK
6
CONTINUOUS
10
4.7042325590551179
20
-3.5283995669291337
11
4.7006634251968507
21
-3.524830433070866
0
LINE
8
BLACK
6
CONTINUOUS
10
4.7006634251968507
20
-3.524830433070866
11
4.6978591732283466
21
-3.5206335826771653
0
LINE
8
BLACK
6
CONTINUOUS
10
4.6978591732283466
20
-3.5206335826771653
11
4.6959275984251967
21
-3.5159703149606298
0
LINE
8
BLACK
6
CONTINUOUS
10
4.6959275984251967
20
-3.5159703149606298
11
4.6949428740157479
21
-3.511019803149606
0
LINE
8
BLACK
6
CONTINUOUS
10
4.6949428740157479
20
-3.511019803149606
11
4.6949428740157479
21
-3.5059723228346455
0
LINE
8
BLACK
6
CONTINUOUS
10
4.6949428740157479
20
-3.5059723228346455
11
4.6959275984251967
21
-3.5010218110236218
0
LINE
8
BLACK
6
CONTINUOUS
10
4.6959275984251967
20
-3.5010218110236218
11
4.6978591732283466
21
-3.4963585433070867
0
LINE
8
BLACK
6
CONTINUOUS
10
4.6978591732283466
20
-3.4963585433070867
11
4.7006634251968507
21
-3.4921616929133856
0
LINE
8
BLACK
6
CONTINUOUS
10
4.7006634251968507
20
-3.4921616929133856
11
4.7042325590551179
21
-3.4885925590551179
0
LINE
8
BLACK
6
CONTINUOUS
10
4.7042325590551179
20
-3.4885925590551179
11
4.7084294094488186
21
-3.4857883070866142
0
LINE
8
BLACK
6
CONTINUOUS
10
4.7084294094488186
20
-3.4857883070866142
11
4.7130926771653545
21
-3.4838567322834644
0
LINE
8
BLACK
6
CONTINUOUS
10
4.7130926771653545
20
-3.4838567322834644
11
4.7180431889763774
21
-3.4828720078740156
0
LINE
8
BLACK
6
CONTINUOUS
10
4.7180431889763774
20
-3.4828720078740156
11
4.7230906692913388
21
-3.4828720078740156
0
LINE
8
BLACK
6
CONTINUOUS
10
4.7230906692913388
20
-3.4828720078740156
11
4.7280411811023617
21
-3.4838567322834644
0
LINE
8
BLACK
6
CONTINUOUS
10
4.8280411811023622
20
-3.4838567322834644
11
4.8327044488188973
21
-3.4857883070866142
0
LINE
8
BLACK
6
CONTINUOUS
10
4.8327044488188973
20
-3.4857883070866142
11
4.8369012992125979
21
-3.4885925590551179
0
LINE
8
BLACK
6
CONTINUOUS
10
4.8369012992125979
20
-3.4885925590551179
11
4.8404704330708661
21
-3.4921616929133856
0
LINE
8
BLACK
6
CONTINUOUS
10
4.8404704330708661
20
-3.4921616929133856
11
4.8432746850393702
21
-3.4963585433070867
0
LINE
8
BLACK
6
CONTINUOUS
10
4.8432746850393702
20
-3.4963585433070867
11
4.8452062598425192
21
-3.5010218110236218
0
LINE
8
BLACK
6
CONTINUOUS
10
4.8452062598425192
20
-3.5010218110236218
11
4.8461909842519688
21
-3.5059723228346455
0
LINE
8
BLACK
6
CONTINUOUS
10
4.8461909842519688
20
-3.5059723228346455
11
4.8461909842519688
21
-3.511019803149606
0
LINE
8
BLACK
6
CONTINUOUS
10
4.8461909842519688
20
-3.511019803149606
11
4.8452062598425192
21
-3.5159703149606298
0
LINE
8
BLACK
6
CONTINUOUS
10
4.8452062598425192
20
-3.5159703149606298
11
4.8432746850393702
21
-3.5206335826771653
0
LINE
8
BLACK
6
CONTINUOUS
10
4.8432746850393702
20
-3.5206335826771653
11
4.8404704330708661
21
-3.524830433070866
0
LINE
8
BLACK
6
CONTINUOUS
10
4.8404704330708661
20
-3.524830433070866
11
4.8369012992125979
21
-3.5283995669291337
0
LINE
8
BLACK
6
CONTINUOUS
10
4.8369012992125979
20
-3.5283995669291337
11
4.8327044488188973
21
-3.5312038188976378
0
LINE
8
BLACK
6
CONTINUOUS
10
4.8327044488188973
20
-3.5312038188976378
11
4.8280411811023622
21
-3.5331353937007872
0
LINE
8
BLACK
6
CONTINUOUS
10
4.8280411811023622
20
-3.5331353937007872
11
4.8230906692913385
21
-3.534120118110236
0
LINE
8
BLACK
6
CONTINUOUS
10
4.8230906692913385
20
-3.534120118110236
11
4.818043188976378
21
-3.534120118110236
0
LINE
8
BLACK
6
CONTINUOUS
10
4.818043188976378
20
-3.534120118110236
11
4.8130926771653542
21
-3.5331353937007872
0
LINE
8
BLACK
6
CONTINUOUS
10
4.8130926771653542
20
-3.5331353937007872
11
4.8084294094488191
21
-3.5312038188976378
0
LINE
8
BLACK
6
CONTINUOUS
10
4.8084294094488191
20
-3.5312038188976378
11
4.8042325590551176
21
-3.5283995669291337
0
LINE
8
BLACK
6
CONTINUOUS
10
4.8042325590551176
20
-3.5283995669291337
11
4.8006634251968503
21
-3.524830433070866
0
LINE
8
BLACK
6
CONTINUOUS
10
4.8006634251968503
20
-3.524830433070866
11
4.7978591732283462
21
-3.5206335826771653
0
LINE
8
BLACK
6
CONTINUOUS
10
4.7978591732283462
20
-3.5206335826771653
11
4.7959275984251963
21
-3.5159703149606298
0
LINE
8
BLACK
6
CONTINUOUS
10
4.7959275984251963
20
-3.5159703149606298
11
4.7949428740157476
21
-3.511019803149606
0
LINE
8
BLACK
6
CONTINUOUS
10
4.7949428740157476
20
-3.511019803149606
11
4.7949428740157476
21
-3.5059723228346455
0
LINE
8
BLACK
6
CONTINUOUS
10
4.7949428740157476
20
-3.5059723228346455
11
4.7959275984251963
21
-3.5010218110236218
0
LINE
8
BLACK
6
CONTINUOUS
10
4.7959275984251963
20
-3.5010218110236218
11
4.7978591732283462
21
-3.4963585433070867
0
LINE
8
BLACK
6
CONTINUOUS
10
4.7978591732283462
20
-3.4963585433070867
11
4.8006634251968503
21
-3.4921616929133856
0
LINE
8
BLACK
6
CONTINUOUS
10
4.8006634251968503
20
-3.4921616929133856
11
4.8042325590551176
21
-3.4885925590551179
0
LINE
8
BLACK
6
CONTINUOUS
10
4.8042325590551176
20
-3.4885925590551179
11
4.8084294094488191
21
-3.4857883070866142
0
LINE
8
BLACK
6
CONTINUOUS
10
4.8084294094488191
20
-3.4857883070866142
11
4.8130926771653542
21
-3.4838567322834644
0
LINE
8
BLACK
6
CONTINUOUS
10
4.8130926771653542
20
-3.4838567322834644
11
4.818043188976378
21
-3.4828720078740156
0
LINE
8
BLACK
6
CONTINUOUS
10
4.818043188976378
20
-3.4828720078740156
11
4.8230906692913385
21
-3.4828720078740156
0
LINE
8
BLACK
6
CONTINUOUS
10
4.8230906692913385
20
-3.4828720078740156
11
4.8280411811023622
21
-3.4838567322834644
0
LINE
8
BLACK
6
CONTINUOUS
10
4.9280411811023619
20
-3.4838567322834644
11
4.9327044488188978
21
-3.4857883070866142
0
LINE
8
BLACK
6
CONTINUOUS
10
4.9327044488188978
20
-3.4857883070866142
11
4.9369012992125985
21
-3.4885925590551179
0
LINE
8
BLACK
6
CONTINUOUS
10
4.9369012992125985
20
-3.4885925590551179
11
4.9404704330708658
21
-3.4921616929133856
0
LINE
8
BLACK
6
CONTINUOUS
10
4.9404704330708658
20
-3.4921616929133856
11
4.9432746850393698
21
-3.4963585433070867
0
LINE
8
BLACK
6
CONTINUOUS
10
4.9432746850393698
20
-3.4963585433070867
11
4.9452062598425197
21
-3.5010218110236218
0
LINE
8
BLACK
6
CONTINUOUS
10
4.9452062598425197
20
-3.5010218110236218
11
4.9461909842519685
21
-3.5059723228346455
0
LINE
8
BLACK
6
CONTINUOUS
10
4.9461909842519685
20
-3.5059723228346455
11
4.9461909842519685
21
-3.511019803149606
0
LINE
8
BLACK
6
CONTINUOUS
10
4.9461909842519685
20
-3.511019803149606
11
4.9452062598425197
21
-3.5159703149606298
0
LINE
8
BLACK
6
CONTINUOUS
10
4.9452062598425197
20
-3.5159703149606298
11
4.9432746850393698
21
-3.5206335826771653
0
LINE
8
BLACK
6
CONTINUOUS
10
4.9432746850393698
20
-3.5206335826771653
11
4.9404704330708658
21
-3.524830433070866
0
LINE
8
BLACK
6
CONTINUOUS
10
4.9404704330708658
20
-3.524830433070866
11
4.9369012992125985
21
-3.5283995669291337
0
LINE
8
BLACK
6
CONTINUOUS
10
4.9369012992125985
20
-3.5283995669291337
11
4.9327044488188978
21
-3.5312038188976378
0
LINE
8
BLACK
6
CONTINUOUS
10
4.9327044488188978
20
-3.5312038188976378
11
4.9280411811023619
21
-3.5331353937007872
0
LINE
8
BLACK
6
CONTINUOUS
10
4.9280411811023619
20
-3.5331353937007872
11
4.9230906692913381
21
-3.534120118110236
0
LINE
8
BLACK
6
CONTINUOUS
10
4.9230906692913381
20
-3.534120118110236
11
4.9180431889763776
21
-3.534120118110236
0
LINE
8
BLACK
6
CONTINUOUS
10
4.9180431889763776
20
-3.534120118110236
11
4.9130926771653538
21
-3.5331353937007872
0
LINE
8
BLACK
6
CONTINUOUS
10
4.9130926771653538
20
-3.5331353937007872
11
4.9084294094488188
21
-3.5312038188976378
0
LINE
8
BLACK
6
CONTINUOUS
10
4.9084294094488188
20
-3.5312038188976378
11
4.9042325590551181
21
-3.5283995669291337
0
LINE
8
BLACK
6
CONTINUOUS
10
4.9042325590551181
20
-3.5283995669291337
11
4.9006634251968499
21
-3.524830433070866
0
LINE
8
BLACK
6
CONTINUOUS
10
4.9006634251968499
20
-3.524830433070866
11
4.8978591732283467
21
-3.5206335826771653
0
LINE
8
BLACK
6
CONTINUOUS
10
4.8978591732283467
20
-3.5206335826771653
11
4.8959275984251969
21
-3.5159703149606298
0
LINE
8
BLACK
6
CONTINUOUS
10
4.8959275984251969
20
-3.5159703149606298
11
4.8949428740157481
21
-3.511019803149606
0
LINE
8
BLACK
6
CONTINUOUS
10
4.8949428740157481
20
-3.511019803149606
11
4.8949428740157481
21
-3.5059723228346455
0
LINE
8
BLACK
6
CONTINUOUS
10
4.8949428740157481
20
-3.5059723228346455
11
4.8959275984251969
21
-3.5010218110236218
0
LINE
8
BLACK
6
CONTINUOUS
10
4.8959275984251969
20
-3.5010218110236218
11
4.8978591732283467
21
-3.4963585433070867
0
LINE
8
BLACK
6
CONTINUOUS
10
4.8978591732283467
20
-3.4963585433070867
11
4.9006634251968499
21
-3.4921616929133856
0
LINE
8
BLACK
6
CONTINUOUS
10
4.9006634251968499
20
-3.4921616929133856
11
4.9042325590551181
21
-3.4885925590551179
0
LINE
8
BLACK
6
CONTINUOUS
10
4.9042325590551181
20
-3.4885925590551179
11
4.9084294094488188
21
-3.4857883070866142
0
LINE
8
BLACK
6
CONTINUOUS
10
4.9084294094488188
20
-3.4857883070866142
11
4.9130926771653538
21
-3.4838567322834644
0
LINE
8
BLACK
6
CONTINUOUS
10
4.9130926771653538
20
-3.4838567322834644
11
4.9180431889763776
21
-3.4828720078740156
0
LINE
8
BLACK
6
CONTINUOUS
10
4.9180431889763776
20
-3.4828720078740156
11
4.9230906692913381
21
-3.4828720078740156
0
LINE
8
BLACK
6
CONTINUOUS
10
4.9230906692913381
20
-3.4828720078740156
11
4.9280411811023619
21
-3.4838567322834644
0
LINE
8
BLACK
6
CONTINUOUS
10
7.3018099212598422
20
-3.5044070472440945
11
7.3047026377952751
21
-3.5060771653543306
0
LINE
8
BLACK
6
CONTINUOUS
10
7.3047026377952751
20
-3.5060771653543306
11
7.3070645669291334
21
-3.5084390944881889
0
LINE
8
BLACK
6
CONTINUOUS
10
7.3070645669291334
20
-3.5084390944881889
11
7.3087346850393695
21
-3.5113318110236218
0
LINE
8
BLACK
6
CONTINUOUS
10
7.3087346850393695
20
-3.5113318110236218
11
7.3095992125984246
21
-3.5145582283464565
0
LINE
8
BLACK
6
CONTINUOUS
10
7.3095992125984246
20
-3.5145582283464565
11
7.3095992125984246
21
-3.5178984645669291
0
LINE
8
BLACK
6
CONTINUOUS
10
7.3095992125984246
20
-3.5178984645669291
11
7.3087346850393695
21
-3.5211248818897638
0
LINE
8
BLACK
6
CONTINUOUS
10
7.3087346850393695
20
-3.5211248818897638
11
7.3070645669291334
21
-3.5240175984251967
0
LINE
8
BLACK
6
CONTINUOUS
10
7.3070645669291334
20
-3.5240175984251967
11
7.3047026377952751
21
-3.526379527559055
0
LINE
8
BLACK
6
CONTINUOUS
10
7.3047026377952751
20
-3.526379527559055
11
7.3018099212598422
21
-3.5280496456692911
0
LINE
8
BLACK
6
CONTINUOUS
10
7.3018099212598422
20
-3.5280496456692911
11
7.2985835039370075
21
-3.5289141732283462
0
LINE
8
BLACK
6
CONTINUOUS
10
7.2985835039370075
20
-3.5289141732283462
11
7.2952432677165353
21
-3.5289141732283462
0
LINE
8
BLACK
6
CONTINUOUS
10
7.2952432677165353
20
-3.5289141732283462
11
7.2920168503937006
21
-3.5280496456692911
0
LINE
8
BLACK
6
CONTINUOUS
10
7.2920168503937006
20
-3.5280496456692911
11
7.2891241338582677
21
-3.526379527559055
0
LINE
8
BLACK
6
CONTINUOUS
10
7.2891241338582677
20
-3.526379527559055
11
7.2867622047244094
21
-3.5240175984251967
0
LINE
8
BLACK
6
CONTINUOUS
10
7.2867622047244094
20
-3.5240175984251967
11
7.2850920866141733
21
-3.5211248818897638
0
LINE
8
BLACK
6
CONTINUOUS
10
7.2850920866141733
20
-3.5211248818897638
11
7.2842275590551182
21
-3.5178984645669291
0
LINE
8
BLACK
6
CONTINUOUS
10
7.2842275590551182
20
-3.5178984645669291
11
7.2842275590551182
21
-3.5145582283464565
0
LINE
8
BLACK
6
CONTINUOUS
10
7.2842275590551182
20
-3.5145582283464565
11
7.2850920866141733
21
-3.5113318110236218
0
LINE
8
BLACK
6
CONTINUOUS
10
7.2850920866141733
20
-3.5113318110236218
11
7.2867622047244094
21
-3.5084390944881889
0
LINE
8
BLACK
6
CONTINUOUS
10
7.2867622047244094
20
-3.5084390944881889
11
7.2891241338582677
21
-3.5060771653543306
0
LINE
8
BLACK
6
CONTINUOUS
10
7.2891241338582677
20
-3.5060771653543306
11
7.2920168503937006
21
-3.5044070472440945
0
LINE
8
BLACK
6
CONTINUOUS
10
7.2920168503937006
20
-3.5044070472440945
11
7.2952432677165353
21
-3.5035425196850394
0
LINE
8
BLACK
6
CONTINUOUS
10
7.2952432677165353
20
-3.5035425196850394
11
7.2985835039370075
21
-3.5035425196850394
0
LINE
8
BLACK
6
CONTINUOUS
10
7.2985835039370075
20
-3.5035425196850394
11
7.3018099212598422
21
-3.5044070472440945
0
LINE
8
BLACK
6
CONTINUOUS
10
7.3018099212598422
20
-3.2150369685039371
11
7.3047026377952751
21
-3.2167070866141731
0
LINE
8
BLACK
6
CONTINUOUS
10
7.3047026377952751
20
-3.2167070866141731
11
7.3070645669291334
21
-3.2190690157480315
0
LINE
8
BLACK
6
CONTINUOUS
10
7.3070645669291334
20
-3.2190690157480315
11
7.3087346850393695
21
-3.2219617322834644
0
LINE
8
BLACK
6
CONTINUOUS
10
7.3087346850393695
20
-3.2219617322834644
11
7.3095992125984246
21
-3.2251881496062991
0
LINE
8
BLACK
6
CONTINUOUS
10
7.3095992125984246
20
-3.2251881496062991
11
7.3097086614173223
21
-3.2268582677165352
0
LINE
8
BLACK
6
CONTINUOUS
10
7.3097086614173223
20
-3.2268582677165352
11
7.3097086614173223
21
-3.2386692913385824
0
LINE
8
BLACK
6
CONTINUOUS
10
7.3097086614173223
20
-3.2386692913385824
11
7.3095992125984246
21
-3.2403394094488189
0
LINE
8
BLACK
6
CONTINUOUS
10
7.3095992125984246
20
-3.2403394094488189
11
7.3087346850393695
21
-3.2435658267716536
0
LINE
8
BLACK
6
CONTINUOUS
10
7.3087346850393695
20
-3.2435658267716536
11
7.3070645669291334
21
-3.2464585433070865
0
LINE
8
BLACK
6
CONTINUOUS
10
7.3070645669291334
20
-3.2464585433070865
11
7.3047026377952751
21
-3.2488204724409449
0
LINE
8
BLACK
6
CONTINUOUS
10
7.3047026377952751
20
-3.2488204724409449
11
7.3018099212598422
21
-3.2504905905511809
0
LINE
8
BLACK
6
CONTINUOUS
10
7.3018099212598422
20
-3.2504905905511809
11
7.2985835039370075
21
-3.251355118110236
0
LINE
8
BLACK
6
CONTINUOUS
10
7.2985835039370075
20
-3.251355118110236
11
7.2952432677165353
21
-3.251355118110236
0
LINE
8
BLACK
6
CONTINUOUS
10
7.2952432677165353
20
-3.251355118110236
11
7.2920168503937006
21
-3.2504905905511809
0
LINE
8
BLACK
6
CONTINUOUS
10
7.2920168503937006
20
-3.2504905905511809
11
7.2891241338582677
21
-3.2488204724409449
0
LINE
8
BLACK
6
CONTINUOUS
10
7.2891241338582677
20
-3.2488204724409449
11
7.2867622047244094
21
-3.2464585433070865
0
LINE
8
BLACK
6
CONTINUOUS
10
7.2867622047244094
20
-3.2464585433070865
11
7.2850920866141733
21
-3.2435658267716536
0
LINE
8
BLACK
6
CONTINUOUS
10
7.2850920866141733
20
-3.2435658267716536
11
7.2842275590551182
21
-3.2403394094488189
0
LINE
8
BLACK
6
CONTINUOUS
10
7.2842275590551182
20
-3.2403394094488189
11
7.2841181102362205
21
-3.2386692913385824
0
LINE
8
BLACK
6
CONTINUOUS
10
7.2841181102362205
20
-3.2386692913385824
11
7.2841181102362205
21
-3.2268582677165352
0
LINE
8
BLACK
6
CONTINUOUS
10
7.2841181102362205
20
-3.2268582677165352
11
7.2842275590551182
21
-3.2251881496062991
0
LINE
8
BLACK
6
CONTINUOUS
10
7.2842275590551182
20
-3.2251881496062991
11
7.2850920866141733
21
-3.2219617322834644
0
LINE
8
BLACK
6
CONTINUOUS
10
7.2850920866141733
20
-3.2219617322834644
11
7.2867622047244094
21
-3.2190690157480315
0
LINE
8
BLACK
6
CONTINUOUS
10
7.2867622047244094
20
-3.2190690157480315
11
7.2891241338582677
21
-3.2167070866141731
0
LINE
8
BLACK
6
CONTINUOUS
10
7.2891241338582677
20
-3.2167070866141731
11
7.2920168503937006
21
-3.2150369685039371
0
LINE
8
BLACK
6
CONTINUOUS
10
7.2920168503937006
20
-3.2150369685039371
11
7.2952432677165353
21
-3.214172440944882
0
LINE
8
BLACK
6
CONTINUOUS
10
7.2952432677165353
20
-3.214172440944882
11
7.2985835039370075
21
-3.214172440944882
0
LINE
8
BLACK
6
CONTINUOUS
10
7.2985835039370075
20
-3.214172440944882
11
7.3018099212598422
21
-3.2150369685039371
0
LINE
8
BLACK
6
CONTINUOUS
10
7.3599925196850391
20
-3.1962843307086612
11
7.3639635039370077
21
-3.197348346456693
0
LINE
8
BLACK
6
CONTINUOUS
10
7.3639635039370077
20
-3.197348346456693
11
7.367523818897638
21
-3.1994038976377954
0
LINE
8
BLACK
6
CONTINUOUS
10
7.367523818897638
20
-3.1994038976377954
11
7.3704307480314961
21
-3.2023108267716536
0
LINE
8
BLACK
6
CONTINUOUS
10
7.3704307480314961
20
-3.2023108267716536
11
7.3724862992125981
21
-3.2058711417322834
0
LINE
8
BLACK
6
CONTINUOUS
10
7.3724862992125981
20
-3.2058711417322834
11
7.3735503149606298
21
-3.209842125984252
0
LINE
8
BLACK
6
CONTINUOUS
10
7.3735503149606298
20
-3.209842125984252
11
7.3735503149606298
21
-3.213953149606299
0
LINE
8
BLACK
6
CONTINUOUS
10
7.3735503149606298
20
-3.213953149606299
11
7.3724862992125981
21
-3.2179241338582676
0
LINE
8
BLACK
6
CONTINUOUS
10
7.3724862992125981
20
-3.2179241338582676
11
7.3704307480314961
21
-3.2214844488188974
0
LINE
8
BLACK
6
CONTINUOUS
10
7.3704307480314961
20
-3.2214844488188974
11
7.367523818897638
21
-3.224391377952756
0
LINE
8
BLACK
6
CONTINUOUS
10
7.367523818897638
20
-3.224391377952756
11
7.3639635039370077
21
-3.226446929133858
0
LINE
8
BLACK
6
CONTINUOUS
10
7.3639635039370077
20
-3.226446929133858
11
7.3599925196850391
21
-3.2275109448818897
0
LINE
8
BLACK
6
CONTINUOUS
10
7.3599925196850391
20
-3.2275109448818897
11
7.3579370078740158
21
-3.2276456692913387
0
LINE
8
BLACK
6
CONTINUOUS
10
7.3579370078740158
20
-3.2276456692913387
11
7.3343149606299214
21
-3.2276456692913387
0
LINE
8
BLACK
6
CONTINUOUS
10
7.3343149606299214
20
-3.2276456692913387
11
7.3322594488188972
21
-3.2275109448818897
0
LINE
8
BLACK
6
CONTINUOUS
10
7.3322594488188972
20
-3.2275109448818897
11
7.3282884645669286
21
-3.226446929133858
0
LINE
8
BLACK
6
CONTINUOUS
10
7.3282884645669286
20
-3.226446929133858
11
7.3247281496062993
21
-3.224391377952756
0
LINE
8
BLACK
6
CONTINUOUS
10
7.3247281496062993
20
-3.224391377952756
11
7.3218212204724411
21
-3.2214844488188974
0
LINE
8
BLACK
6
CONTINUOUS
10
7.3218212204724411
20
-3.2214844488188974
11
7.3197656692913382
21
-3.2179241338582676
0
LINE
8
BLACK
6
CONTINUOUS
10
7.3197656692913382
20
-3.2179241338582676
11
7.3187016535433065
21
-3.213953149606299
0
LINE
8
BLACK
6
CONTINUOUS
10
7.3187016535433065
20
-3.213953149606299
11
7.3187016535433065
21
-3.209842125984252
0
LINE
8
BLACK
6
CONTINUOUS
10
7.3187016535433065
20
-3.209842125984252
11
7.3197656692913382
21
-3.2058711417322834
0
LINE
8
BLACK
6
CONTINUOUS
10
7.3197656692913382
20
-3.2058711417322834
11
7.3218212204724411
21
-3.2023108267716536
0
LINE
8
BLACK
6
CONTINUOUS
10
7.3218212204724411
20
-3.2023108267716536
11
7.3247281496062993
21
-3.1994038976377954
0
LINE
8
BLACK
6
CONTINUOUS
10
7.3247281496062993
20
-3.1994038976377954
11
7.3282884645669286
21
-3.197348346456693
0
LINE
8
BLACK
6
CONTINUOUS
10
7.3282884645669286
20
-3.197348346456693
11
7.3322594488188972
21
-3.1962843307086612
0
LINE
8
BLACK
6
CONTINUOUS
10
7.3322594488188972
20
-3.1962843307086612
11
7.3343149606299214
21
-3.1961496062992127
0
LINE
8
BLACK
6
CONTINUOUS
10
7.3343149606299214
20
-3.1961496062992127
11
7.3579370078740158
21
-3.1961496062992127
0
LINE
8
BLACK
6
CONTINUOUS
10
7.3579370078740158
20
-3.1961496062992127
11
7.3599925196850391
21
-3.1962843307086612
0
LINE
8
BLACK
6
CONTINUOUS
10
7.5942444881889761
20
-3.1821111023622048
11
7.5982154724409448
21
-3.1831751181102361
0
LINE
8
BLACK
6
CONTINUOUS
10
7.5982154724409448
20
-3.1831751181102361
11
7.601775787401575
21
-3.1852306692913386
0
LINE
8
BLACK
6
CONTINUOUS
10
7.601775787401575
20
-3.1852306692913386
11
7.6046827165354332
21
-3.1881375984251967
0
LINE
8
BLACK
6
CONTINUOUS
10
7.6046827165354332
20
-3.1881375984251967
11
7.6067382677165352
21
-3.1916979133858265
0
LINE
8
BLACK
6
CONTINUOUS
10
7.6067382677165352
20
-3.1916979133858265
11
7.6078022834645669
21
-3.1956688976377952
0
LINE
8
BLACK
6
CONTINUOUS
10
7.6078022834645669
20
-3.1956688976377952
11
7.6078022834645669
21
-3.1997799212598426
0
LINE
8
BLACK
6
CONTINUOUS
10
7.6078022834645669
20
-3.1997799212598426
11
7.6067382677165352
21
-3.2037509055118107
0
LINE
8
BLACK
6
CONTINUOUS
10
7.6067382677165352
20
-3.2037509055118107
11
7.6046827165354332
21
-3.207311220472441
0
LINE
8
BLACK
6
CONTINUOUS
10
7.6046827165354332
20
-3.207311220472441
11
7.601775787401575
21
-3.2102181496062991
0
LINE
8
BLACK
6
CONTINUOUS
10
7.601775787401575
20
-3.2102181496062991
11
7.5982154724409448
21
-3.2122737007874016
0
LINE
8
BLACK
6
CONTINUOUS
10
7.5982154724409448
20
-3.2122737007874016
11
7.5942444881889761
21
-3.2133377165354329
0
LINE
8
BLACK
6
CONTINUOUS
10
7.5942444881889761
20
-3.2133377165354329
11
7.5921889763779529
21
-3.2134724409448818
0
LINE
8
BLACK
6
CONTINUOUS
10
7.5921889763779529
20
-3.2134724409448818
11
7.5685669291338584
21
-3.2134724409448818
0
LINE
8
BLACK
6
CONTINUOUS
10
7.5685669291338584
20
-3.2134724409448818
11
7.5665114173228343
21
-3.2133377165354329
0
LINE
8
BLACK
6
CONTINUOUS
10
7.5665114173228343
20
-3.2133377165354329
11
7.5625404330708657
21
-3.2122737007874016
0
LINE
8
BLACK
6
CONTINUOUS
10
7.5625404330708657
20
-3.2122737007874016
11
7.5589801181102363
21
-3.2102181496062991
0
LINE
8
BLACK
6
CONTINUOUS
10
7.5589801181102363
20
-3.2102181496062991
11
7.5560731889763781
21
-3.207311220472441
0
LINE
8
BLACK
6
CONTINUOUS
10
7.5560731889763781
20
-3.207311220472441
11
7.5540176377952752
21
-3.2037509055118107
0
LINE
8
BLACK
6
CONTINUOUS
10
7.5540176377952752
20
-3.2037509055118107
11
7.5529536220472435
21
-3.1997799212598426
0
LINE
8
BLACK
6
CONTINUOUS
10
7.5529536220472435
20
-3.1997799212598426
11
7.5529536220472435
21
-3.1956688976377952
0
LINE
8
BLACK
6
CONTINUOUS
10
7.5529536220472435
20
-3.1956688976377952
11
7.5540176377952752
21
-3.1916979133858265
0
LINE
8
BLACK
6
CONTINUOUS
10
7.5540176377952752
20
-3.1916979133858265
11
7.5560731889763781
21
-3.1881375984251967
0
LINE
8
BLACK
6
CONTINUOUS
10
7.5560731889763781
20
-3.1881375984251967
11
7.5589801181102363
21
-3.1852306692913386
0
LINE
8
BLACK
6
CONTINUOUS
10
7.5589801181102363
20
-3.1852306692913386
11
7.5625404330708657
21
-3.1831751181102361
0
LINE
8
BLACK
6
CONTINUOUS
10
7.5625404330708657
20
-3.1831751181102361
11
7.5665114173228343
21
-3.1821111023622048
0
LINE
8
BLACK
6
CONTINUOUS
10
7.5665114173228343
20
-3.1821111023622048
11
7.5685669291338584
21
-3.1819763779527559
0
LINE
8
BLACK
6
CONTINUOUS
10
7.5685669291338584
20
-3.1819763779527559
11
7.5921889763779529
21
-3.1819763779527559
0
LINE
8
BLACK
6
CONTINUOUS
10
7.5921889763779529
20
-3.1819763779527559
11
7.5942444881889761
21
-3.1821111023622048
0
LINE
8
BLACK
6
CONTINUOUS
10
4.9463149606299215
20
-2.824244094488189
11
4.8948188976377951
21
-2.824244094488189
0
LINE
8
BLACK
6
CONTINUOUS
10
4.8948188976377951
20
-2.824244094488189
11
4.8948188976377951
21
-2.7727480314960631
0
LINE
8
BLACK
6
CONTINUOUS
10
4.8948188976377951
20
-2.7727480314960631
11
4.9463149606299215
21
-2.7727480314960631
0
LINE
8
BLACK
6
CONTINUOUS
10
4.9463149606299215
20
-2.7727480314960631
11
4.9463149606299215
21
-2.824244094488189
0
LINE
8
BLACK
6
CONTINUOUS
10
4.2280411811023617
20
-2.7738567322834644
11
4.2327044488188976
21
-2.7757883070866143
0
LINE
8
BLACK
6
CONTINUOUS
10
4.2327044488188976
20
-2.7757883070866143
11
4.2369012992125983
21
-2.7785925590551179
0
LINE
8
BLACK
6
CONTINUOUS
10
4.2369012992125983
20
-2.7785925590551179
11
4.2404704330708665
21
-2.7821616929133857
0
LINE
8
BLACK
6
CONTINUOUS
10
4.2404704330708665
20
-2.7821616929133857
11
4.2432746850393697
21
-2.7863585433070868
0
LINE
8
BLACK
6
CONTINUOUS
10
4.2432746850393697
20
-2.7863585433070868
11
4.2452062598425195
21
-2.7910218110236218
0
LINE
8
BLACK
6
CONTINUOUS
10
4.2452062598425195
20
-2.7910218110236218
11
4.2461909842519683
21
-2.7959723228346456
0
LINE
8
BLACK
6
CONTINUOUS
10
4.2461909842519683
20
-2.7959723228346456
11
4.2461909842519683
21
-2.8010198031496061
0
LINE
8
BLACK
6
CONTINUOUS
10
4.2461909842519683
20
-2.8010198031496061
11
4.2452062598425195
21
-2.8059703149606299
0
LINE
8
BLACK
6
CONTINUOUS
10
4.2452062598425195
20
-2.8059703149606299
11
4.2432746850393697
21
-2.8106335826771653
0
LINE
8
BLACK
6
CONTINUOUS
10
4.2432746850393697
20
-2.8106335826771653
11
4.2404704330708665
21
-2.814830433070866
0
LINE
8
BLACK
6
CONTINUOUS
10
4.2404704330708665
20
-2.814830433070866
11
4.2369012992125983
21
-2.8183995669291337
0
LINE
8
BLACK
6
CONTINUOUS
10
4.2369012992125983
20
-2.8183995669291337
11
4.2327044488188976
21
-2.8212038188976378
0
LINE
8
BLACK
6
CONTINUOUS
10
4.2327044488188976
20
-2.8212038188976378
11
4.2280411811023617
21
-2.8231353937007873
0
LINE
8
BLACK
6
CONTINUOUS
10
4.2280411811023617
20
-2.8231353937007873
11
4.2230906692913388
21
-2.824120118110236
0
LINE
8
BLACK
6
CONTINUOUS
10
4.2230906692913388
20
-2.824120118110236
11
4.2180431889763774
21
-2.824120118110236
0
LINE
8
BLACK
6
CONTINUOUS
10
4.2180431889763774
20
-2.824120118110236
11
4.2130926771653545
21
-2.8231353937007873
0
LINE
8
BLACK
6
CONTINUOUS
10
4.2130926771653545
20
-2.8231353937007873
11
4.2084294094488186
21
-2.8212038188976378
0
LINE
8
BLACK
6
CONTINUOUS
10
4.2084294094488186
20
-2.8212038188976378
11
4.2042325590551179
21
-2.8183995669291337
0
LINE
8
BLACK
6
CONTINUOUS
10
4.2042325590551179
20
-2.8183995669291337
11
4.2006634251968507
21
-2.814830433070866
0
LINE
8
BLACK
6
CONTINUOUS
10
4.2006634251968507
20
-2.814830433070866
11
4.1978591732283466
21
-2.8106335826771653
0
LINE
8
BLACK
6
CONTINUOUS
10
4.1978591732283466
20
-2.8106335826771653
11
4.1959275984251967
21
-2.8059703149606299
0
LINE
8
BLACK
6
CONTINUOUS
10
4.1959275984251967
20
-2.8059703149606299
11
4.1949428740157479
21
-2.8010198031496061
0
LINE
8
BLACK
6
CONTINUOUS
10
4.1949428740157479
20
-2.8010198031496061
11
4.1949428740157479
21
-2.7959723228346456
0
LINE
8
BLACK
6
CONTINUOUS
10
4.1949428740157479
20
-2.7959723228346456
11
4.1959275984251967
21
-2.7910218110236218
0
LINE
8
BLACK
6
CONTINUOUS
10
4.1959275984251967
20
-2.7910218110236218
11
4.1978591732283466
21
-2.7863585433070868
0
LINE
8
BLACK
6
CONTINUOUS
10
4.1978591732283466
20
-2.7863585433070868
11
4.2006634251968507
21
-2.7821616929133857
0
LINE
8
BLACK
6
CONTINUOUS
10
4.2006634251968507
20
-2.7821616929133857
11
4.2042325590551179
21
-2.7785925590551179
0
LINE
8
BLACK
6
CONTINUOUS
10
4.2042325590551179
20
-2.7785925590551179
11
4.2084294094488186
21
-2.7757883070866143
0
LINE
8
BLACK
6
CONTINUOUS
10
4.2084294094488186
20
-2.7757883070866143
11
4.2130926771653545
21
-2.7738567322834644
0
LINE
8
BLACK
6
CONTINUOUS
10
4.2130926771653545
20
-2.7738567322834644
11
4.2180431889763774
21
-2.7728720078740157
0
LINE
8
BLACK
6
CONTINUOUS
10
4.2180431889763774
20
-2.7728720078740157
11
4.2230906692913388
21
-2.7728720078740157
0
LINE
8
BLACK
6
CONTINUOUS
10
4.2230906692913388
20
-2.7728720078740157
11
4.2280411811023617
21
-2.7738567322834644
0
LINE
8
BLACK
6
CONTINUOUS
10
4.3280411811023622
20
-2.7738567322834644
11
4.3327044488188973
21
-2.7757883070866143
0
LINE
8
BLACK
6
CONTINUOUS
10
4.3327044488188973
20
-2.7757883070866143
11
4.3369012992125979
21
-2.7785925590551179
0
LINE
8
BLACK
6
CONTINUOUS
10
4.3369012992125979
20
-2.7785925590551179
11
4.3404704330708661
21
-2.7821616929133857
0
LINE
8
BLACK
6
CONTINUOUS
10
4.3404704330708661
20
-2.7821616929133857
11
4.3432746850393702
21
-2.7863585433070868
0
LINE
8
BLACK
6
CONTINUOUS
10
4.3432746850393702
20
-2.7863585433070868
11
4.3452062598425192
21
-2.7910218110236218
0
LINE
8
BLACK
6
CONTINUOUS
10
4.3452062598425192
20
-2.7910218110236218
11
4.3461909842519688
21
-2.7959723228346456
0
LINE
8
BLACK
6
CONTINUOUS
10
4.3461909842519688
20
-2.7959723228346456
11
4.3461909842519688
21
-2.8010198031496061
0
LINE
8
BLACK
6
CONTINUOUS
10
4.3461909842519688
20
-2.8010198031496061
11
4.3452062598425192
21
-2.8059703149606299
0
LINE
8
BLACK
6
CONTINUOUS
10
4.3452062598425192
20
-2.8059703149606299
11
4.3432746850393702
21
-2.8106335826771653
0
LINE
8
BLACK
6
CONTINUOUS
10
4.3432746850393702
20
-2.8106335826771653
11
4.3404704330708661
21
-2.814830433070866
0
LINE
8
BLACK
6
CONTINUOUS
10
4.3404704330708661
20
-2.814830433070866
11
4.3369012992125979
21
-2.8183995669291337
0
LINE
8
BLACK
6
CONTINUOUS
10
4.3369012992125979
20
-2.8183995669291337
11
4.3327044488188973
21
-2.8212038188976378
0
LINE
8
BLACK
6
CONTINUOUS
10
4.3327044488188973
20
-2.8212038188976378
11
4.3280411811023622
21
-2.8231353937007873
0
LINE
8
BLACK
6
CONTINUOUS
10
4.3280411811023622
20
-2.8231353937007873
11
4.3230906692913385
21
-2.824120118110236
0
LINE
8
BLACK
6
CONTINUOUS
10
4.3230906692913385
20
-2.824120118110236
11
4.318043188976378
21
-2.824120118110236
0
LINE
8
BLACK
6
CONTINUOUS
10
4.318043188976378
20
-2.824120118110236
11
4.3130926771653542
21
-2.8231353937007873
0
LINE
8
BLACK
6
CONTINUOUS
10
4.3130926771653542
20
-2.8231353937007873
11
4.3084294094488191
21
-2.8212038188976378
0
LINE
8
BLACK
6
CONTINUOUS
10
4.3084294094488191
20
-2.8212038188976378
11
4.3042325590551176
21
-2.8183995669291337
0
LINE
8
BLACK
6
CONTINUOUS
10
4.3042325590551176
20
-2.8183995669291337
11
4.3006634251968503
21
-2.814830433070866
0
LINE
8
BLACK
6
CONTINUOUS
10
4.3006634251968503
20
-2.814830433070866
11
4.2978591732283462
21
-2.8106335826771653
0
LINE
8
BLACK
6
CONTINUOUS
10
4.2978591732283462
20
-2.8106335826771653
11
4.2959275984251963
21
-2.8059703149606299
0
LINE
8
BLACK
6
CONTINUOUS
10
4.2959275984251963
20
-2.8059703149606299
11
4.2949428740157476
21
-2.8010198031496061
0
LINE
8
BLACK
6
CONTINUOUS
10
4.2949428740157476
20
-2.8010198031496061
11
4.2949428740157476
21
-2.7959723228346456
0
LINE
8
BLACK
6
CONTINUOUS
10
4.2949428740157476
20
-2.7959723228346456
11
4.2959275984251963
21
-2.7910218110236218
0
LINE
8
BLACK
6
CONTINUOUS
10
4.2959275984251963
20
-2.7910218110236218
11
4.2978591732283462
21
-2.7863585433070868
0
LINE
8
BLACK
6
CONTINUOUS
10
4.2978591732283462
20
-2.7863585433070868
11
4.3006634251968503
21
-2.7821616929133857
0
LINE
8
BLACK
6
CONTINUOUS
10
4.3006634251968503
20
-2.7821616929133857
11
4.3042325590551176
21
-2.7785925590551179
0
LINE
8
BLACK
6
CONTINUOUS
10
4.3042325590551176
20
-2.7785925590551179
11
4.3084294094488191
21
-2.7757883070866143
0
LINE
8
BLACK
6
CONTINUOUS
10
4.3084294094488191
20
-2.7757883070866143
11
4.3130926771653542
21
-2.7738567322834644
0
LINE
8
BLACK
6
CONTINUOUS
10
4.3130926771653542
20
-2.7738567322834644
11
4.318043188976378
21
-2.7728720078740157
0
LINE
8
BLACK
6
CONTINUOUS
10
4.318043188976378
20
-2.7728720078740157
11
4.3230906692913385
21
-2.7728720078740157
0
LINE
8
BLACK
6
CONTINUOUS
10
4.3230906692913385
20
-2.7728720078740157
11
4.3280411811023622
21
-2.7738567322834644
0
LINE
8
BLACK
6
CONTINUOUS
10
4.4280411811023619
20
-2.7738567322834644
11
4.4327044488188978
21
-2.7757883070866143
0
LINE
8
BLACK
6
CONTINUOUS
10
4.4327044488188978
20
-2.7757883070866143
11
4.4369012992125985
21
-2.7785925590551179
0
LINE
8
BLACK
6
CONTINUOUS
10
4.4369012992125985
20
-2.7785925590551179
11
4.4404704330708658
21
-2.7821616929133857
0
LINE
8
BLACK
6
CONTINUOUS
10
4.4404704330708658
20
-2.7821616929133857
11
4.4432746850393698
21
-2.7863585433070868
0
LINE
8
BLACK
6
CONTINUOUS
10
4.4432746850393698
20
-2.7863585433070868
11
4.4452062598425197
21
-2.7910218110236218
0
LINE
8
BLACK
6
CONTINUOUS
10
4.4452062598425197
20
-2.7910218110236218
11
4.4461909842519685
21
-2.7959723228346456
0
LINE
8
BLACK
6
CONTINUOUS
10
4.4461909842519685
20
-2.7959723228346456
11
4.4461909842519685
21
-2.8010198031496061
0
LINE
8
BLACK
6
CONTINUOUS
10
4.4461909842519685
20
-2.8010198031496061
11
4.4452062598425197
21
-2.8059703149606299
0
LINE
8
BLACK
6
CONTINUOUS
10
4.4452062598425197
20
-2.8059703149606299
11
4.4432746850393698
21
-2.8106335826771653
0
LINE
8
BLACK
6
CONTINUOUS
10
4.4432746850393698
20
-2.8106335826771653
11
4.4404704330708658
21
-2.814830433070866
0
LINE
8
BLACK
6
CONTINUOUS
10
4.4404704330708658
20
-2.814830433070866
11
4.4369012992125985
21
-2.8183995669291337
0
LINE
8
BLACK
6
CONTINUOUS
10
4.4369012992125985
20
-2.8183995669291337
11
4.4327044488188978
21
-2.8212038188976378
0
LINE
8
BLACK
6
CONTINUOUS
10
4.4327044488188978
20
-2.8212038188976378
11
4.4280411811023619
21
-2.8231353937007873
0
LINE
8
BLACK
6
CONTINUOUS
10
4.4280411811023619
20
-2.8231353937007873
11
4.4230906692913381
21
-2.824120118110236
0
LINE
8
BLACK
6
CONTINUOUS
10
4.4230906692913381
20
-2.824120118110236
11
4.4180431889763776
21
-2.824120118110236
0
LINE
8
BLACK
6
CONTINUOUS
10
4.4180431889763776
20
-2.824120118110236
11
4.4130926771653538
21
-2.8231353937007873
0
LINE
8
BLACK
6
CONTINUOUS
10
4.4130926771653538
20
-2.8231353937007873
11
4.4084294094488188
21
-2.8212038188976378
0
LINE
8
BLACK
6
CONTINUOUS
10
4.4084294094488188
20
-2.8212038188976378
11
4.4042325590551181
21
-2.8183995669291337
0
LINE
8
BLACK
6
CONTINUOUS
10
4.4042325590551181
20
-2.8183995669291337
11
4.4006634251968499
21
-2.814830433070866
0
LINE
8
BLACK
6
CONTINUOUS
10
4.4006634251968499
20
-2.814830433070866
11
4.3978591732283467
21
-2.8106335826771653
0
LINE
8
BLACK
6
CONTINUOUS
10
4.3978591732283467
20
-2.8106335826771653
11
4.3959275984251969
21
-2.8059703149606299
0
LINE
8
BLACK
6
CONTINUOUS
10
4.3959275984251969
20
-2.8059703149606299
11
4.3949428740157481
21
-2.8010198031496061
0
LINE
8
BLACK
6
CONTINUOUS
10
4.3949428740157481
20
-2.8010198031496061
11
4.3949428740157481
21
-2.7959723228346456
0
LINE
8
BLACK
6
CONTINUOUS
10
4.3949428740157481
20
-2.7959723228346456
11
4.3959275984251969
21
-2.7910218110236218
0
LINE
8
BLACK
6
CONTINUOUS
10
4.3959275984251969
20
-2.7910218110236218
11
4.3978591732283467
21
-2.7863585433070868
0
LINE
8
BLACK
6
CONTINUOUS
10
4.3978591732283467
20
-2.7863585433070868
11
4.4006634251968499
21
-2.7821616929133857
0
LINE
8
BLACK
6
CONTINUOUS
10
4.4006634251968499
20
-2.7821616929133857
11
4.4042325590551181
21
-2.7785925590551179
0
LINE
8
BLACK
6
CONTINUOUS
10
4.4042325590551181
20
-2.7785925590551179
11
4.4084294094488188
21
-2.7757883070866143
0
LINE
8
BLACK
6
CONTINUOUS
10
4.4084294094488188
20
-2.7757883070866143
11
4.4130926771653538
21
-2.7738567322834644
0
LINE
8
BLACK
6
CONTINUOUS
10
4.4130926771653538
20
-2.7738567322834644
11
4.4180431889763776
21
-2.7728720078740157
0
LINE
8
BLACK
6
CONTINUOUS
10
4.4180431889763776
20
-2.7728720078740157
11
4.4230906692913381
21
-2.7728720078740157
0
LINE
8
BLACK
6
CONTINUOUS
10
4.4230906692913381
20
-2.7728720078740157
11
4.4280411811023619
21
-2.7738567322834644
0
LINE
8
BLACK
6
CONTINUOUS
10
4.5280411811023624
20
-2.7738567322834644
11
4.5327044488188974
21
-2.7757883070866143
0
LINE
8
BLACK
6
CONTINUOUS
10
4.5327044488188974
20
-2.7757883070866143
11
4.5369012992125981
21
-2.7785925590551179
0
LINE
8
BLACK
6
CONTINUOUS
10
4.5369012992125981
20
-2.7785925590551179
11
4.5404704330708663
21
-2.7821616929133857
0
LINE
8
BLACK
6
CONTINUOUS
10
4.5404704330708663
20
-2.7821616929133857
11
4.5432746850393704
21
-2.7863585433070868
0
LINE
8
BLACK
6
CONTINUOUS
10
4.5432746850393704
20
-2.7863585433070868
11
4.5452062598425194
21
-2.7910218110236218
0
LINE
8
BLACK
6
CONTINUOUS
10
4.5452062598425194
20
-2.7910218110236218
11
4.5461909842519681
21
-2.7959723228346456
0
LINE
8
BLACK
6
CONTINUOUS
10
4.5461909842519681
20
-2.7959723228346456
11
4.5461909842519681
21
-2.8010198031496061
0
LINE
8
BLACK
6
CONTINUOUS
10
4.5461909842519681
20
-2.8010198031496061
11
4.5452062598425194
21
-2.8059703149606299
0
LINE
8
BLACK
6
CONTINUOUS
10
4.5452062598425194
20
-2.8059703149606299
11
4.5432746850393704
21
-2.8106335826771653
0
LINE
8
BLACK
6
CONTINUOUS
10
4.5432746850393704
20
-2.8106335826771653
11
4.5404704330708663
21
-2.814830433070866
0
LINE
8
BLACK
6
CONTINUOUS
10
4.5404704330708663
20
-2.814830433070866
11
4.5369012992125981
21
-2.8183995669291337
0
LINE
8
BLACK
6
CONTINUOUS
10
4.5369012992125981
20
-2.8183995669291337
11
4.5327044488188974
21
-2.8212038188976378
0
LINE
8
BLACK
6
CONTINUOUS
10
4.5327044488188974
20
-2.8212038188976378
11
4.5280411811023624
21
-2.8231353937007873
0
LINE
8
BLACK
6
CONTINUOUS
10
4.5280411811023624
20
-2.8231353937007873
11
4.5230906692913386
21
-2.824120118110236
0
LINE
8
BLACK
6
CONTINUOUS
10
4.5230906692913386
20
-2.824120118110236
11
4.5180431889763781
21
-2.824120118110236
0
LINE
8
BLACK
6
CONTINUOUS
10
4.5180431889763781
20
-2.824120118110236
11
4.5130926771653543
21
-2.8231353937007873
0
LINE
8
BLACK
6
CONTINUOUS
10
4.5130926771653543
20
-2.8231353937007873
11
4.5084294094488184
21
-2.8212038188976378
0
LINE
8
BLACK
6
CONTINUOUS
10
4.5084294094488184
20
-2.8212038188976378
11
4.5042325590551178
21
-2.8183995669291337
0
LINE
8
BLACK
6
CONTINUOUS
10
4.5042325590551178
20
-2.8183995669291337
11
4.5006634251968505
21
-2.814830433070866
0
LINE
8
BLACK
6
CONTINUOUS
10
4.5006634251968505
20
-2.814830433070866
11
4.4978591732283464
21
-2.8106335826771653
0
LINE
8
BLACK
6
CONTINUOUS
10
4.4978591732283464
20
-2.8106335826771653
11
4.4959275984251965
21
-2.8059703149606299
0
LINE
8
BLACK
6
CONTINUOUS
10
4.4959275984251965
20
-2.8059703149606299
11
4.4949428740157478
21
-2.8010198031496061
0
LINE
8
BLACK
6
CONTINUOUS
10
4.4949428740157478
20
-2.8010198031496061
11
4.4949428740157478
21
-2.7959723228346456
0
LINE
8
BLACK
6
CONTINUOUS
10
4.4949428740157478
20
-2.7959723228346456
11
4.4959275984251965
21
-2.7910218110236218
0
LINE
8
BLACK
6
CONTINUOUS
10
4.4959275984251965
20
-2.7910218110236218
11
4.4978591732283464
21
-2.7863585433070868
0
LINE
8
BLACK
6
CONTINUOUS
10
4.4978591732283464
20
-2.7863585433070868
11
4.5006634251968505
21
-2.7821616929133857
0
LINE
8
BLACK
6
CONTINUOUS
10
4.5006634251968505
20
-2.7821616929133857
11
4.5042325590551178
21
-2.7785925590551179
0
LINE
8
BLACK
6
CONTINUOUS
10
4.5042325590551178
20
-2.7785925590551179
11
4.5084294094488184
21
-2.7757883070866143
0
LINE
8
BLACK
6
CONTINUOUS
10
4.5084294094488184
20
-2.7757883070866143
11
4.5130926771653543
21
-2.7738567322834644
0
LINE
8
BLACK
6
CONTINUOUS
10
4.5130926771653543
20
-2.7738567322834644
11
4.5180431889763781
21
-2.7728720078740157
0
LINE
8
BLACK
6
CONTINUOUS
10
4.5180431889763781
20
-2.7728720078740157
11
4.5230906692913386
21
-2.7728720078740157
0
LINE
8
BLACK
6
CONTINUOUS
10
4.5230906692913386
20
-2.7728720078740157
11
4.5280411811023624
21
-2.7738567322834644
0
LINE
8
BLACK
6
CONTINUOUS
10
4.6280411811023621
20
-2.7738567322834644
11
4.6327044488188971
21
-2.7757883070866143
0
LINE
8
BLACK
6
CONTINUOUS
10
4.6327044488188971
20
-2.7757883070866143
11
4.6369012992125986
21
-2.7785925590551179
0
LINE
8
BLACK
6
CONTINUOUS
10
4.6369012992125986
20
-2.7785925590551179
11
4.6404704330708659
21
-2.7821616929133857
0
LINE
8
BLACK
6
CONTINUOUS
10
4.6404704330708659
20
-2.7821616929133857
11
4.64327468503937
21
-2.7863585433070868
0
LINE
8
BLACK
6
CONTINUOUS
10
4.64327468503937
20
-2.7863585433070868
11
4.6452062598425199
21
-2.7910218110236218
0
LINE
8
BLACK
6
CONTINUOUS
10
4.6452062598425199
20
-2.7910218110236218
11
4.6461909842519686
21
-2.7959723228346456
0
LINE
8
BLACK
6
CONTINUOUS
10
4.6461909842519686
20
-2.7959723228346456
11
4.6461909842519686
21
-2.8010198031496061
0
LINE
8
BLACK
6
CONTINUOUS
10
4.6461909842519686
20
-2.8010198031496061
11
4.6452062598425199
21
-2.8059703149606299
0
LINE
8
BLACK
6
CONTINUOUS
10
4.6452062598425199
20
-2.8059703149606299
11
4.64327468503937
21
-2.8106335826771653
0
LINE
8
BLACK
6
CONTINUOUS
10
4.64327468503937
20
-2.8106335826771653
11
4.6404704330708659
21
-2.814830433070866
0
LINE
8
BLACK
6
CONTINUOUS
10
4.6404704330708659
20
-2.814830433070866
11
4.6369012992125986
21
-2.8183995669291337
0
LINE
8
BLACK
6
CONTINUOUS
10
4.6369012992125986
20
-2.8183995669291337
11
4.6327044488188971
21
-2.8212038188976378
0
LINE
8
BLACK
6
CONTINUOUS
10
4.6327044488188971
20
-2.8212038188976378
11
4.6280411811023621
21
-2.8231353937007873
0
LINE
8
BLACK
6
CONTINUOUS
10
4.6280411811023621
20
-2.8231353937007873
11
4.6230906692913383
21
-2.824120118110236
0
LINE
8
BLACK
6
CONTINUOUS
10
4.6230906692913383
20
-2.824120118110236
11
4.6180431889763778
21
-2.824120118110236
0
LINE
8
BLACK
6
CONTINUOUS
10
4.6180431889763778
20
-2.824120118110236
11
4.613092677165354
21
-2.8231353937007873
0
LINE
8
BLACK
6
CONTINUOUS
10
4.613092677165354
20
-2.8231353937007873
11
4.608429409448819
21
-2.8212038188976378
0
LINE
8
BLACK
6
CONTINUOUS
10
4.608429409448819
20
-2.8212038188976378
11
4.6042325590551183
21
-2.8183995669291337
0
LINE
8
BLACK
6
CONTINUOUS
10
4.6042325590551183
20
-2.8183995669291337
11
4.6006634251968501
21
-2.814830433070866
0
LINE
8
BLACK
6
CONTINUOUS
10
4.6006634251968501
20
-2.814830433070866
11
4.597859173228346
21
-2.8106335826771653
0
LINE
8
BLACK
6
CONTINUOUS
10
4.597859173228346
20
-2.8106335826771653
11
4.595927598425197
21
-2.8059703149606299
0
LINE
8
BLACK
6
CONTINUOUS
10
4.595927598425197
20
-2.8059703149606299
11
4.5949428740157483
21
-2.8010198031496061
0
LINE
8
BLACK
6
CONTINUOUS
10
4.5949428740157483
20
-2.8010198031496061
11
4.5949428740157483
21
-2.7959723228346456
0
LINE
8
BLACK
6
CONTINUOUS
10
4.5949428740157483
20
-2.7959723228346456
11
4.595927598425197
21
-2.7910218110236218
0
LINE
8
BLACK
6
CONTINUOUS
10
4.595927598425197
20
-2.7910218110236218
11
4.597859173228346
21
-2.7863585433070868
0
LINE
8
BLACK
6
CONTINUOUS
10
4.597859173228346
20
-2.7863585433070868
11
4.6006634251968501
21
-2.7821616929133857
0
LINE
8
BLACK
6
CONTINUOUS
10
4.6006634251968501
20
-2.7821616929133857
11
4.6042325590551183
21
-2.7785925590551179
0
LINE
8
BLACK
6
CONTINUOUS
10
4.6042325590551183
20
-2.7785925590551179
11
4.608429409448819
21
-2.7757883070866143
0
LINE
8
BLACK
6
CONTINUOUS
10
4.608429409448819
20
-2.7757883070866143
11
4.613092677165354
21
-2.7738567322834644
0
LINE
8
BLACK
6
CONTINUOUS
10
4.613092677165354
20
-2.7738567322834644
11
4.6180431889763778
21
-2.7728720078740157
0
LINE
8
BLACK
6
CONTINUOUS
10
4.6180431889763778
20
-2.7728720078740157
11
4.6230906692913383
21
-2.7728720078740157
0
LINE
8
BLACK
6
CONTINUOUS
10
4.6230906692913383
20
-2.7728720078740157
11
4.6280411811023621
21
-2.7738567322834644
0
LINE
8
BLACK
6
CONTINUOUS
10
4.7280411811023617
20
-2.7738567322834644
11
4.7327044488188976
21
-2.7757883070866143
0
LINE
8
BLACK
6
CONTINUOUS
10
4.7327044488188976
20
-2.7757883070866143
11
4.7369012992125983
21
-2.7785925590551179
0
LINE
8
BLACK
6
CONTINUOUS
10
4.7369012992125983
20
-2.7785925590551179
11
4.7404704330708665
21
-2.7821616929133857
0
LINE
8
BLACK
6
CONTINUOUS
10
4.7404704330708665
20
-2.7821616929133857
11
4.7432746850393697
21
-2.7863585433070868
0
LINE
8
BLACK
6
CONTINUOUS
10
4.7432746850393697
20
-2.7863585433070868
11
4.7452062598425195
21
-2.7910218110236218
0
LINE
8
BLACK
6
CONTINUOUS
10
4.7452062598425195
20
-2.7910218110236218
11
4.7461909842519683
21
-2.7959723228346456
0
LINE
8
BLACK
6
CONTINUOUS
10
4.7461909842519683
20
-2.7959723228346456
11
4.7461909842519683
21
-2.8010198031496061
0
LINE
8
BLACK
6
CONTINUOUS
10
4.7461909842519683
20
-2.8010198031496061
11
4.7452062598425195
21
-2.8059703149606299
0
LINE
8
BLACK
6
CONTINUOUS
10
4.7452062598425195
20
-2.8059703149606299
11
4.7432746850393697
21
-2.8106335826771653
0
LINE
8
BLACK
6
CONTINUOUS
10
4.7432746850393697
20
-2.8106335826771653
11
4.7404704330708665
21
-2.814830433070866
0
LINE
8
BLACK
6
CONTINUOUS
10
4.7404704330708665
20
-2.814830433070866
11
4.7369012992125983
21
-2.8183995669291337
0
LINE
8
BLACK
6
CONTINUOUS
10
4.7369012992125983
20
-2.8183995669291337
11
4.7327044488188976
21
-2.8212038188976378
0
LINE
8
BLACK
6
CONTINUOUS
10
4.7327044488188976
20
-2.8212038188976378
11
4.7280411811023617
21
-2.8231353937007873
0
LINE
8
BLACK
6
CONTINUOUS
10
4.7280411811023617
20
-2.8231353937007873
11
4.7230906692913388
21
-2.824120118110236
0
LINE
8
BLACK
6
CONTINUOUS
10
4.7230906692913388
20
-2.824120118110236
11
4.7180431889763774
21
-2.824120118110236
0
LINE
8
BLACK
6
CONTINUOUS
10
4.7180431889763774
20
-2.824120118110236
11
4.7130926771653545
21
-2.8231353937007873
0
LINE
8
BLACK
6
CONTINUOUS
10
4.7130926771653545
20
-2.8231353937007873
11
4.7084294094488186
21
-2.8212038188976378
0
LINE
8
BLACK
6
CONTINUOUS
10
4.7084294094488186
20
-2.8212038188976378
11
4.7042325590551179
21
-2.8183995669291337
0
LINE
8
BLACK
6
CONTINUOUS
10
4.7042325590551179
20
-2.8183995669291337
11
4.7006634251968507
21
-2.814830433070866
0
LINE
8
BLACK
6
CONTINUOUS
10
4.7006634251968507
20
-2.814830433070866
11
4.6978591732283466
21
-2.8106335826771653
0
LINE
8
BLACK
6
CONTINUOUS
10
4.6978591732283466
20
-2.8106335826771653
11
4.6959275984251967
21
-2.8059703149606299
0
LINE
8
BLACK
6
CONTINUOUS
10
4.6959275984251967
20
-2.8059703149606299
11
4.6949428740157479
21
-2.8010198031496061
0
LINE
8
BLACK
6
CONTINUOUS
10
4.6949428740157479
20
-2.8010198031496061
11
4.6949428740157479
21
-2.7959723228346456
0
LINE
8
BLACK
6
CONTINUOUS
10
4.6949428740157479
20
-2.7959723228346456
11
4.6959275984251967
21
-2.7910218110236218
0
LINE
8
BLACK
6
CONTINUOUS
10
4.6959275984251967
20
-2.7910218110236218
11
4.6978591732283466
21
-2.7863585433070868
0
LINE
8
BLACK
6
CONTINUOUS
10
4.6978591732283466
20
-2.7863585433070868
11
4.7006634251968507
21
-2.7821616929133857
0
LINE
8
BLACK
6
CONTINUOUS
10
4.7006634251968507
20
-2.7821616929133857
11
4.7042325590551179
21
-2.7785925590551179
0
LINE
8
BLACK
6
CONTINUOUS
10
4.7042325590551179
20
-2.7785925590551179
11
4.7084294094488186
21
-2.7757883070866143
0
LINE
8
BLACK
6
CONTINUOUS
10
4.7084294094488186
20
-2.7757883070866143
11
4.7130926771653545
21
-2.7738567322834644
0
LINE
8
BLACK
6
CONTINUOUS
10
4.7130926771653545
20
-2.7738567322834644
11
4.7180431889763774
21
-2.7728720078740157
0
LINE
8
BLACK
6
CONTINUOUS
10
4.7180431889763774
20
-2.7728720078740157
11
4.7230906692913388
21
-2.7728720078740157
0
LINE
8
BLACK
6
CONTINUOUS
10
4.7230906692913388
20
-2.7728720078740157
11
4.7280411811023617
21
-2.7738567322834644
0
LINE
8
BLACK
6
CONTINUOUS
10
4.8280411811023622
20
-2.7738567322834644
11
4.8327044488188973
21
-2.7757883070866143
0
LINE
8
BLACK
6
CONTINUOUS
10
4.8327044488188973
20
-2.7757883070866143
11
4.8369012992125979
21
-2.7785925590551179
0
LINE
8
BLACK
6
CONTINUOUS
10
4.8369012992125979
20
-2.7785925590551179
11
4.8404704330708661
21
-2.7821616929133857
0
LINE
8
BLACK
6
CONTINUOUS
10
4.8404704330708661
20
-2.7821616929133857
11
4.8432746850393702
21
-2.7863585433070868
0
LINE
8
BLACK
6
CONTINUOUS
10
4.8432746850393702
20
-2.7863585433070868
11
4.8452062598425192
21
-2.7910218110236218
0
LINE
8
BLACK
6
CONTINUOUS
10
4.8452062598425192
20
-2.7910218110236218
11
4.8461909842519688
21
-2.7959723228346456
0
LINE
8
BLACK
6
CONTINUOUS
10
4.8461909842519688
20
-2.7959723228346456
11
4.8461909842519688
21
-2.8010198031496061
0
LINE
8
BLACK
6
CONTINUOUS
10
4.8461909842519688
20
-2.8010198031496061
11
4.8452062598425192
21
-2.8059703149606299
0
LINE
8
BLACK
6
CONTINUOUS
10
4.8452062598425192
20
-2.8059703149606299
11
4.8432746850393702
21
-2.8106335826771653
0
LINE
8
BLACK
6
CONTINUOUS
10
4.8432746850393702
20
-2.8106335826771653
11
4.8404704330708661
21
-2.814830433070866
0
LINE
8
BLACK
6
CONTINUOUS
10
4.8404704330708661
20
-2.814830433070866
11
4.8369012992125979
21
-2.8183995669291337
0
LINE
8
BLACK
6
CONTINUOUS
10
4.8369012992125979
20
-2.8183995669291337
11
4.8327044488188973
21
-2.8212038188976378
0
LINE
8
BLACK
6
CONTINUOUS
10
4.8327044488188973
20
-2.8212038188976378
11
4.8280411811023622
21
-2.8231353937007873
0
LINE
8
BLACK
6
CONTINUOUS
10
4.8280411811023622
20
-2.8231353937007873
11
4.8230906692913385
21
-2.824120118110236
0
LINE
8
BLACK
6
CONTINUOUS
10
4.8230906692913385
20
-2.824120118110236
11
4.818043188976378
21
-2.824120118110236
0
LINE
8
BLACK
6
CONTINUOUS
10
4.818043188976378
20
-2.824120118110236
11
4.8130926771653542
21
-2.8231353937007873
0
LINE
8
BLACK
6
CONTINUOUS
10
4.8130926771653542
20
-2.8231353937007873
11
4.8084294094488191
21
-2.8212038188976378
0
LINE
8
BLACK
6
CONTINUOUS
10
4.8084294094488191
20
-2.8212038188976378
11
4.8042325590551176
21
-2.8183995669291337
0
LINE
8
BLACK
6
CONTINUOUS
10
4.8042325590551176
20
-2.8183995669291337
11
4.8006634251968503
21
-2.814830433070866
0
LINE
8
BLACK
6
CONTINUOUS
10
4.8006634251968503
20
-2.814830433070866
11
4.7978591732283462
21
-2.8106335826771653
0
LINE
8
BLACK
6
CONTINUOUS
10
4.7978591732283462
20
-2.8106335826771653
11
4.7959275984251963
21
-2.8059703149606299
0
LINE
8
BLACK
6
CONTINUOUS
10
4.7959275984251963
20
-2.8059703149606299
11
4.7949428740157476
21
-2.8010198031496061
0
LINE
8
BLACK
6
CONTINUOUS
10
4.7949428740157476
20
-2.8010198031496061
11
4.7949428740157476
21
-2.7959723228346456
0
LINE
8
BLACK
6
CONTINUOUS
10
4.7949428740157476
20
-2.7959723228346456
11
4.7959275984251963
21
-2.7910218110236218
0
LINE
8
BLACK
6
CONTINUOUS
10
4.7959275984251963
20
-2.7910218110236218
11
4.7978591732283462
21
-2.7863585433070868
0
LINE
8
BLACK
6
CONTINUOUS
10
4.7978591732283462
20
-2.7863585433070868
11
4.8006634251968503
21
-2.7821616929133857
0
LINE
8
BLACK
6
CONTINUOUS
10
4.8006634251968503
20
-2.7821616929133857
11
4.8042325590551176
21
-2.7785925590551179
0
LINE
8
BLACK
6
CONTINUOUS
10
4.8042325590551176
20
-2.7785925590551179
11
4.8084294094488191
21
-2.7757883070866143
0
LINE
8
BLACK
6
CONTINUOUS
10
4.8084294094488191
20
-2.7757883070866143
11
4.8130926771653542
21
-2.7738567322834644
0
LINE
8
BLACK
6
CONTINUOUS
10
4.8130926771653542
20
-2.7738567322834644
11
4.818043188976378
21
-2.7728720078740157
0
LINE
8
BLACK
6
CONTINUOUS
10
4.818043188976378
20
-2.7728720078740157
11
4.8230906692913385
21
-2.7728720078740157
0
LINE
8
BLACK
6
CONTINUOUS
10
4.8230906692913385
20
-2.7728720078740157
11
4.8280411811023622
21
-2.7738567322834644
0
LINE
8
BLACK
6
CONTINUOUS
10
5.6032822047244091
20
-2.677001771653543
11
5.6120954724409451
21
-2.6798653937007875
0
LINE
8
BLACK
6
CONTINUOUS
10
5.6120954724409451
20
-2.6798653937007875
11
5.6203522834645669
21
-2.684072440944882
0
LINE
8
BLACK
6
CONTINUOUS
10
5.6203522834645669
20
-2.684072440944882
11
5.6278492913385829
21
-2.6895193307086616
0
LINE
8
BLACK
6
CONTINUOUS
10
5.6278492913385829
20
-2.6895193307086616
11
5.6344019291338583
21
-2.6960719685039369
0
LINE
8
BLACK
6
CONTINUOUS
10
5.6344019291338583
20
-2.6960719685039369
11
5.6398488188976375
21
-2.7035689763779529
0
LINE
8
BLACK
6
CONTINUOUS
10
5.6398488188976375
20
-2.7035689763779529
11
5.6440558661417324
21
-2.7118257874015748
0
LINE
8
BLACK
6
CONTINUOUS
10
5.6440558661417324
20
-2.7118257874015748
11
5.6469194881889759
21
-2.7206390551181103
0
LINE
8
BLACK
6
CONTINUOUS
10
5.6469194881889759
20
-2.7206390551181103
11
5.6483691338582673
21
-2.7297917716535434
0
LINE
8
BLACK
6
CONTINUOUS
10
5.6483691338582673
20
-2.7297917716535434
11
5.6483691338582673
21
-2.7390586220472439
0
LINE
8
BLACK
6
CONTINUOUS
10
5.6483691338582673
20
-2.7390586220472439
11
5.6469194881889759
21
-2.748211338582677
0
LINE
8
BLACK
6
CONTINUOUS
10
5.6469194881889759
20
-2.748211338582677
11
5.6440558661417324
21
-2.7570246062992125
0
LINE
8
BLACK
6
CONTINUOUS
10
5.6440558661417324
20
-2.7570246062992125
11
5.6398488188976375
21
-2.7652814173228344
0
LINE
8
BLACK
6
CONTINUOUS
10
5.6398488188976375
20
-2.7652814173228344
11
5.6344019291338583
21
-2.7727784251968504
0
LINE
8
BLACK
6
CONTINUOUS
10
5.6344019291338583
20
-2.7727784251968504
11
5.6278492913385829
21
-2.7793310629921257
0
LINE
8
BLACK
6
CONTINUOUS
10
5.6278492913385829
20
-2.7793310629921257
11
5.6203522834645669
21
-2.7847779527559053
0
LINE
8
BLACK
6
CONTINUOUS
10
5.6203522834645669
20
-2.7847779527559053
11
5.6120954724409451
21
-2.7889849999999998
0
LINE
8
BLACK
6
CONTINUOUS
10
5.6120954724409451
20
-2.7889849999999998
11
5.6032822047244091
21
-2.7918486220472438
0
LINE
8
BLACK
6
CONTINUOUS
10
5.6032822047244091
20
-2.7918486220472438
11
5.594129488188976
21
-2.7932982677165352
0
LINE
8
BLACK
6
CONTINUOUS
10
5.594129488188976
20
-2.7932982677165352
11
5.5848626377952755
21
-2.7932982677165352
0
LINE
8
BLACK
6
CONTINUOUS
10
5.5848626377952755
20
-2.7932982677165352
11
5.5757099212598424
21
-2.7918486220472438
0
LINE
8
BLACK
6
CONTINUOUS
10
5.5757099212598424
20
-2.7918486220472438
11
5.5668966535433073
21
-2.7889849999999998
0
LINE
8
BLACK
6
CONTINUOUS
10
5.5668966535433073
20
-2.7889849999999998
11
5.5586398425196846
21
-2.7847779527559053
0
LINE
8
BLACK
6
CONTINUOUS
10
5.5586398425196846
20
-2.7847779527559053
11
5.5511428346456695
21
-2.7793310629921257
0
LINE
8
BLACK
6
CONTINUOUS
10
5.5511428346456695
20
-2.7793310629921257
11
5.5445901968503932
21
-2.7727784251968504
0
LINE
8
BLACK
6
CONTINUOUS
10
5.5445901968503932
20
-2.7727784251968504
11
5.5391433070866141
21
-2.7652814173228344
0
LINE
8
BLACK
6
CONTINUOUS
10
5.5391433070866141
20
-2.7652814173228344
11
5.5349362598425191
21
-2.7570246062992125
0
LINE
8
BLACK
6
CONTINUOUS
10
5.5349362598425191
20
-2.7570246062992125
11
5.5320726377952756
21
-2.748211338582677
0
LINE
8
BLACK
6
CONTINUOUS
10
5.5320726377952756
20
-2.748211338582677
11
5.5306229921259842
21
-2.7390586220472439
0
LINE
8
BLACK
6
CONTINUOUS
10
5.5306229921259842
20
-2.7390586220472439
11
5.5306229921259842
21
-2.7297917716535434
0
LINE
8
BLACK
6
CONTINUOUS
10
5.5306229921259842
20
-2.7297917716535434
11
5.5320726377952756
21
-2.7206390551181103
0
LINE
8
BLACK
6
CONTINUOUS
10
5.5320726377952756
20
-2.7206390551181103
11
5.5349362598425191
21
-2.7118257874015748
0
LINE
8
BLACK
6
CONTINUOUS
10
5.5349362598425191
20
-2.7118257874015748
11
5.5391433070866141
21
-2.7035689763779529
0
LINE
8
BLACK
6
CONTINUOUS
10
5.5391433070866141
20
-2.7035689763779529
11
5.5445901968503932
21
-2.6960719685039369
0
LINE
8
BLACK
6
CONTINUOUS
10
5.5445901968503932
20
-2.6960719685039369
11
5.5511428346456695
21
-2.6895193307086616
0
LINE
8
BLACK
6
CONTINUOUS
10
5.5511428346456695
20
-2.6895193307086616
11
5.5586398425196846
21
-2.684072440944882
0
LINE
8
BLACK
6
CONTINUOUS
10
5.5586398425196846
20
-2.684072440944882
11
5.5668966535433073
21
-2.6798653937007875
0
LINE
8
BLACK
6
CONTINUOUS
10
5.5668966535433073
20
-2.6798653937007875
11
5.5757099212598424
21
-2.677001771653543
0
LINE
8
BLACK
6
CONTINUOUS
10
5.5757099212598424
20
-2.677001771653543
11
5.5848626377952755
21
-2.6755521259842521
0
LINE
8
BLACK
6
CONTINUOUS
10
5.5848626377952755
20
-2.6755521259842521
11
5.594129488188976
21
-2.6755521259842521
0
LINE
8
BLACK
6
CONTINUOUS
10
5.594129488188976
20
-2.6755521259842521
11
5.6032822047244091
21
-2.677001771653543
0
LINE
8
BLACK
6
CONTINUOUS
10
6.4694239370078739
20
-2.677001771653543
11
6.478237204724409
21
-2.6798653937007875
0
LINE
8
BLACK
6
CONTINUOUS
10
6.478237204724409
20
-2.6798653937007875
11
6.4864940157480317
21
-2.684072440944882
0
LINE
8
BLACK
6
CONTINUOUS
10
6.4864940157480317
20
-2.684072440944882
11
6.4939910236220468
21
-2.6895193307086616
0
LINE
8
BLACK
6
CONTINUOUS
10
6.4939910236220468
20
-2.6895193307086616
11
6.5005436614173231
21
-2.6960719685039369
0
LINE
8
BLACK
6
CONTINUOUS
10
6.5005436614173231
20
-2.6960719685039369
11
6.5059905511811023
21
-2.7035689763779529
0
LINE
8
BLACK
6
CONTINUOUS
10
6.5059905511811023
20
-2.7035689763779529
11
6.5101975984251963
21
-2.7118257874015748
0
LINE
8
BLACK
6
CONTINUOUS
10
6.5101975984251963
20
-2.7118257874015748
11
6.5130612204724407
21
-2.7206390551181103
0
LINE
8
BLACK
6
CONTINUOUS
10
6.5130612204724407
20
-2.7206390551181103
11
6.5145108661417321
21
-2.7297917716535434
0
LINE
8
BLACK
6
CONTINUOUS
10
6.5145108661417321
20
-2.7297917716535434
11
6.5145108661417321
21
-2.7390586220472439
0
LINE
8
BLACK
6
CONTINUOUS
10
6.5145108661417321
20
-2.7390586220472439
11
6.5130612204724407
21
-2.748211338582677
0
LINE
8
BLACK
6
CONTINUOUS
10
6.5130612204724407
20
-2.748211338582677
11
6.5101975984251963
21
-2.7570246062992125
0
LINE
8
BLACK
6
CONTINUOUS
10
6.5101975984251963
20
-2.7570246062992125
11
6.5059905511811023
21
-2.7652814173228344
0
LINE
8
BLACK
6
CONTINUOUS
10
6.5059905511811023
20
-2.7652814173228344
11
6.5005436614173231
21
-2.7727784251968504
0
LINE
8
BLACK
6
CONTINUOUS
10
6.5005436614173231
20
-2.7727784251968504
11
6.4939910236220468
21
-2.7793310629921257
0
LINE
8
BLACK
6
CONTINUOUS
10
6.4939910236220468
20
-2.7793310629921257
11
6.4864940157480317
21
-2.7847779527559053
0
LINE
8
BLACK
6
CONTINUOUS
10
6.4864940157480317
20
-2.7847779527559053
11
6.478237204724409
21
-2.7889849999999998
0
LINE
8
BLACK
6
CONTINUOUS
10
6.478237204724409
20
-2.7889849999999998
11
6.4694239370078739
21
-2.7918486220472438
0
LINE
8
BLACK
6
CONTINUOUS
10
6.4694239370078739
20
-2.7918486220472438
11
6.4602712204724408
21
-2.7932982677165352
0
LINE
8
BLACK
6
CONTINUOUS
10
6.4602712204724408
20
-2.7932982677165352
11
6.4510043700787403
21
-2.7932982677165352
0
LINE
8
BLACK
6
CONTINUOUS
10
6.4510043700787403
20
-2.7932982677165352
11
6.4418516535433072
21
-2.7918486220472438
0
LINE
8
BLACK
6
CONTINUOUS
10
6.4418516535433072
20
-2.7918486220472438
11
6.4330383858267712
21
-2.7889849999999998
0
LINE
8
BLACK
6
CONTINUOUS
10
6.4330383858267712
20
-2.7889849999999998
11
6.4247815748031494
21
-2.7847779527559053
0
LINE
8
BLACK
6
CONTINUOUS
10
6.4247815748031494
20
-2.7847779527559053
11
6.4172845669291334
21
-2.7793310629921257
0
LINE
8
BLACK
6
CONTINUOUS
10
6.4172845669291334
20
-2.7793310629921257
11
6.410731929133858
21
-2.7727784251968504
0
LINE
8
BLACK
6
CONTINUOUS
10
6.410731929133858
20
-2.7727784251968504
11
6.4052850393700789
21
-2.7652814173228344
0
LINE
8
BLACK
6
CONTINUOUS
10
6.4052850393700789
20
-2.7652814173228344
11
6.4010779921259839
21
-2.7570246062992125
0
LINE
8
BLACK
6
CONTINUOUS
10
6.4010779921259839
20
-2.7570246062992125
11
6.3982143700787404
21
-2.748211338582677
0
LINE
8
BLACK
6
CONTINUOUS
10
6.3982143700787404
20
-2.748211338582677
11
6.396764724409449
21
-2.7390586220472439
0
LINE
8
BLACK
6
CONTINUOUS
10
6.396764724409449
20
-2.7390586220472439
11
6.396764724409449
21
-2.7297917716535434
0
LINE
8
BLACK
6
CONTINUOUS
10
6.396764724409449
20
-2.7297917716535434
11
6.3982143700787404
21
-2.7206390551181103
0
LINE
8
BLACK
6
CONTINUOUS
10
6.3982143700787404
20
-2.7206390551181103
11
6.4010779921259839
21
-2.7118257874015748
0
LINE
8
BLACK
6
CONTINUOUS
10
6.4010779921259839
20
-2.7118257874015748
11
6.4052850393700789
21
-2.7035689763779529
0
LINE
8
BLACK
6
CONTINUOUS
10
6.4052850393700789
20
-2.7035689763779529
11
6.410731929133858
21
-2.6960719685039369
0
LINE
8
BLACK
6
CONTINUOUS
10
6.410731929133858
20
-2.6960719685039369
11
6.4172845669291334
21
-2.6895193307086616
0
LINE
8
BLACK
6
CONTINUOUS
10
6.4172845669291334
20
-2.6895193307086616
11
6.4247815748031494
21
-2.684072440944882
0
LINE
8
BLACK
6
CONTINUOUS
10
6.4247815748031494
20
-2.684072440944882
11
6.4330383858267712
21
-2.6798653937007875
0
LINE
8
BLACK
6
CONTINUOUS
10
6.4330383858267712
20
-2.6798653937007875
11
6.4418516535433072
21
-2.677001771653543
0
LINE
8
BLACK
6
CONTINUOUS
10
6.4418516535433072
20
-2.677001771653543
11
6.4510043700787403
21
-2.6755521259842521
0
LINE
8
BLACK
6
CONTINUOUS
10
6.4510043700787403
20
-2.6755521259842521
11
6.4602712204724408
21
-2.6755521259842521
0
LINE
8
BLACK
6
CONTINUOUS
10
6.4602712204724408
20
-2.6755521259842521
11
6.4694239370078739
21
-2.677001771653543
0
LINE
8
BLACK
6
CONTINUOUS
10
5.9022519685039372
20
-2.7444251968503934
11
5.8428818897637793
21
-2.7444251968503934
0
LINE
8
BLACK
6
CONTINUOUS
10
5.8428818897637793
20
-2.7444251968503934
11
5.8428818897637793
21
-2.685055118110236
0
LINE
8
BLACK
6
CONTINUOUS
10
5.8428818897637793
20
-2.685055118110236
11
5.9022519685039372
21
-2.685055118110236
0
LINE
8
BLACK
6
CONTINUOUS
10
5.9022519685039372
20
-2.685055118110236
11
5.9022519685039372
21
-2.7444251968503934
0
LINE
8
BLACK
6
CONTINUOUS
10
5.9811840551181099
20
-2.686333346456693
11
5.9865603543307087
21
-2.6885602755905511
0
LINE
8
BLACK
6
CONTINUOUS
10
5.9865603543307087
20
-2.6885602755905511
11
5.9913989370078742
21
-2.691793307086614
0
LINE
8
BLACK
6
CONTINUOUS
10
5.9913989370078742
20
-2.691793307086614
11
5.9955137795275588
21
-2.6959081496062991
0
LINE
8
BLACK
6
CONTINUOUS
10
5.9955137795275588
20
-2.6959081496062991
11
5.9987468110236222
21
-2.7007467322834646
0
LINE
8
BLACK
6
CONTINUOUS
10
5.9987468110236222
20
-2.7007467322834646
11
6.0009737401574803
21
-2.7061230314960629
0
LINE
8
BLACK
6
CONTINUOUS
10
6.0009737401574803
20
-2.7061230314960629
11
6.0021090157480312
21
-2.7118305118110237
0
LINE
8
BLACK
6
CONTINUOUS
10
6.0021090157480312
20
-2.7118305118110237
11
6.0021090157480312
21
-2.7176498031496061
0
LINE
8
BLACK
6
CONTINUOUS
10
6.0021090157480312
20
-2.7176498031496061
11
6.0009737401574803
21
-2.723357283464567
0
LINE
8
BLACK
6
CONTINUOUS
10
6.0009737401574803
20
-2.723357283464567
11
5.9987468110236222
21
-2.7287335826771653
0
LINE
8
BLACK
6
CONTINUOUS
10
5.9987468110236222
20
-2.7287335826771653
11
5.9955137795275588
21
-2.7335721653543308
0
LINE
8
BLACK
6
CONTINUOUS
10
5.9955137795275588
20
-2.7335721653543308
11
5.9913989370078742
21
-2.7376870078740159
0
LINE
8
BLACK
6
CONTINUOUS
10
5.9913989370078742
20
-2.7376870078740159
11
5.9865603543307087
21
-2.7409200393700788
0
LINE
8
BLACK
6
CONTINUOUS
10
5.9865603543307087
20
-2.7409200393700788
11
5.9811840551181099
21
-2.7431469685039369
0
LINE
8
BLACK
6
CONTINUOUS
10
5.9811840551181099
20
-2.7431469685039369
11
5.9754765748031495
21
-2.7442822440944883
0
LINE
8
BLACK
6
CONTINUOUS
10
5.9754765748031495
20
-2.7442822440944883
11
5.9696572834645671
21
-2.7442822440944883
0
LINE
8
BLACK
6
CONTINUOUS
10
5.9696572834645671
20
-2.7442822440944883
11
5.9639498031496059
21
-2.7431469685039369
0
LINE
8
BLACK
6
CONTINUOUS
10
5.9639498031496059
20
-2.7431469685039369
11
5.958573503937008
21
-2.7409200393700788
0
LINE
8
BLACK
6
CONTINUOUS
10
5.958573503937008
20
-2.7409200393700788
11
5.9537349212598425
21
-2.7376870078740159
0
LINE
8
BLACK
6
CONTINUOUS
10
5.9537349212598425
20
-2.7376870078740159
11
5.949620078740157
21
-2.7335721653543308
0
LINE
8
BLACK
6
CONTINUOUS
10
5.949620078740157
20
-2.7335721653543308
11
5.9463870472440945
21
-2.7287335826771653
0
LINE
8
BLACK
6
CONTINUOUS
10
5.9463870472440945
20
-2.7287335826771653
11
5.9441601181102364
21
-2.723357283464567
0
LINE
8
BLACK
6
CONTINUOUS
10
5.9441601181102364
20
-2.723357283464567
11
5.9430248425196845
21
-2.7176498031496061
0
LINE
8
BLACK
6
CONTINUOUS
10
5.9430248425196845
20
-2.7176498031496061
11
5.9430248425196845
21
-2.7118305118110237
0
LINE
8
BLACK
6
CONTINUOUS
10
5.9430248425196845
20
-2.7118305118110237
11
5.9441601181102364
21
-2.7061230314960629
0
LINE
8
BLACK
6
CONTINUOUS
10
5.9441601181102364
20
-2.7061230314960629
11
5.9463870472440945
21
-2.7007467322834646
0
LINE
8
BLACK
6
CONTINUOUS
10
5.9463870472440945
20
-2.7007467322834646
11
5.949620078740157
21
-2.6959081496062991
0
LINE
8
BLACK
6
CONTINUOUS
10
5.949620078740157
20
-2.6959081496062991
11
5.9537349212598425
21
-2.691793307086614
0
LINE
8
BLACK
6
CONTINUOUS
10
5.9537349212598425
20
-2.691793307086614
11
5.958573503937008
21
-2.6885602755905511
0
LINE
8
BLACK
6
CONTINUOUS
10
5.958573503937008
20
-2.6885602755905511
11
5.9639498031496059
21
-2.686333346456693
0
LINE
8
BLACK
6
CONTINUOUS
10
5.9639498031496059
20
-2.686333346456693
11
5.9696572834645671
21
-2.6851980708661416
0
LINE
8
BLACK
6
CONTINUOUS
10
5.9696572834645671
20
-2.6851980708661416
11
5.9754765748031495
21
-2.6851980708661416
0
LINE
8
BLACK
6
CONTINUOUS
10
5.9754765748031495
20
-2.6851980708661416
11
5.9811840551181099
21
-2.686333346456693
0
LINE
8
BLACK
6
CONTINUOUS
10
6.0811840551181104
20
-2.686333346456693
11
6.0865603543307083
21
-2.6885602755905511
0
LINE
8
BLACK
6
CONTINUOUS
10
6.0865603543307083
20
-2.6885602755905511
11
6.0913989370078738
21
-2.691793307086614
0
LINE
8
BLACK
6
CONTINUOUS
10
6.0913989370078738
20
-2.691793307086614
11
6.0955137795275594
21
-2.6959081496062991
0
LINE
8
BLACK
6
CONTINUOUS
10
6.0955137795275594
20
-2.6959081496062991
11
6.0987468110236218
21
-2.7007467322834646
0
LINE
8
BLACK
6
CONTINUOUS
10
6.0987468110236218
20
-2.7007467322834646
11
6.10097374015748
21
-2.7061230314960629
0
LINE
8
BLACK
6
CONTINUOUS
10
6.10097374015748
20
-2.7061230314960629
11
6.1021090157480318
21
-2.7118305118110237
0
LINE
8
BLACK
6
CONTINUOUS
10
6.1021090157480318
20
-2.7118305118110237
11
6.1021090157480318
21
-2.7176498031496061
0
LINE
8
BLACK
6
CONTINUOUS
10
6.1021090157480318
20
-2.7176498031496061
11
6.10097374015748
21
-2.723357283464567
0
LINE
8
BLACK
6
CONTINUOUS
10
6.10097374015748
20
-2.723357283464567
11
6.0987468110236218
21
-2.7287335826771653
0
LINE
8
BLACK
6
CONTINUOUS
10
6.0987468110236218
20
-2.7287335826771653
11
6.0955137795275594
21
-2.7335721653543308
0
LINE
8
BLACK
6
CONTINUOUS
10
6.0955137795275594
20
-2.7335721653543308
11
6.0913989370078738
21
-2.7376870078740159
0
LINE
8
BLACK
6
CONTINUOUS
10
6.0913989370078738
20
-2.7376870078740159
11
6.0865603543307083
21
-2.7409200393700788
0
LINE
8
BLACK
6
CONTINUOUS
10
6.0865603543307083
20
-2.7409200393700788
11
6.0811840551181104
21
-2.7431469685039369
0
LINE
8
BLACK
6
CONTINUOUS
10
6.0811840551181104
20
-2.7431469685039369
11
6.0754765748031492
21
-2.7442822440944883
0
LINE
8
BLACK
6
CONTINUOUS
10
6.0754765748031492
20
-2.7442822440944883
11
6.0696572834645668
21
-2.7442822440944883
0
LINE
8
BLACK
6
CONTINUOUS
10
6.0696572834645668
20
-2.7442822440944883
11
6.0639498031496064
21
-2.7431469685039369
0
LINE
8
BLACK
6
CONTINUOUS
10
6.0639498031496064
20
-2.7431469685039369
11
6.0585735039370077
21
-2.7409200393700788
0
LINE
8
BLACK
6
CONTINUOUS
10
6.0585735039370077
20
-2.7409200393700788
11
6.0537349212598421
21
-2.7376870078740159
0
LINE
8
BLACK
6
CONTINUOUS
10
6.0537349212598421
20
-2.7376870078740159
11
6.0496200787401575
21
-2.7335721653543308
0
LINE
8
BLACK
6
CONTINUOUS
10
6.0496200787401575
20
-2.7335721653543308
11
6.0463870472440941
21
-2.7287335826771653
0
LINE
8
BLACK
6
CONTINUOUS
10
6.0463870472440941
20
-2.7287335826771653
11
6.044160118110236
21
-2.723357283464567
0
LINE
8
BLACK
6
CONTINUOUS
10
6.044160118110236
20
-2.723357283464567
11
6.0430248425196851
21
-2.7176498031496061
0
LINE
8
BLACK
6
CONTINUOUS
10
6.0430248425196851
20
-2.7176498031496061
11
6.0430248425196851
21
-2.7118305118110237
0
LINE
8
BLACK
6
CONTINUOUS
10
6.0430248425196851
20
-2.7118305118110237
11
6.044160118110236
21
-2.7061230314960629
0
LINE
8
BLACK
6
CONTINUOUS
10
6.044160118110236
20
-2.7061230314960629
11
6.0463870472440941
21
-2.7007467322834646
0
LINE
8
BLACK
6
CONTINUOUS
10
6.0463870472440941
20
-2.7007467322834646
11
6.0496200787401575
21
-2.6959081496062991
0
LINE
8
BLACK
6
CONTINUOUS
10
6.0496200787401575
20
-2.6959081496062991
11
6.0537349212598421
21
-2.691793307086614
0
LINE
8
BLACK
6
CONTINUOUS
10
6.0537349212598421
20
-2.691793307086614
11
6.0585735039370077
21
-2.6885602755905511
0
LINE
8
BLACK
6
CONTINUOUS
10
6.0585735039370077
20
-2.6885602755905511
11
6.0639498031496064
21
-2.686333346456693
0
LINE
8
BLACK
6
CONTINUOUS
10
6.0639498031496064
20
-2.686333346456693
11
6.0696572834645668
21
-2.6851980708661416
0
LINE
8
BLACK
6
CONTINUOUS
10
6.0696572834645668
20
-2.6851980708661416
11
6.0754765748031492
21
-2.6851980708661416
0
LINE
8
BLACK
6
CONTINUOUS
10
6.0754765748031492
20
-2.6851980708661416
11
6.0811840551181104
21
-2.686333346456693
0
LINE
8
BLACK
6
CONTINUOUS
10
6.1811840551181101
20
-2.686333346456693
11
6.1865603543307088
21
-2.6885602755905511
0
LINE
8
BLACK
6
CONTINUOUS
10
6.1865603543307088
20
-2.6885602755905511
11
6.1913989370078735
21
-2.691793307086614
0
LINE
8
BLACK
6
CONTINUOUS
10
6.1913989370078735
20
-2.691793307086614
11
6.195513779527559
21
-2.6959081496062991
0
LINE
8
BLACK
6
CONTINUOUS
10
6.195513779527559
20
-2.6959081496062991
11
6.1987468110236223
21
-2.7007467322834646
0
LINE
8
BLACK
6
CONTINUOUS
10
6.1987468110236223
20
-2.7007467322834646
11
6.2009737401574805
21
-2.7061230314960629
0
LINE
8
BLACK
6
CONTINUOUS
10
6.2009737401574805
20
-2.7061230314960629
11
6.2021090157480314
21
-2.7118305118110237
0
LINE
8
BLACK
6
CONTINUOUS
10
6.2021090157480314
20
-2.7118305118110237
11
6.2021090157480314
21
-2.7176498031496061
0
LINE
8
BLACK
6
CONTINUOUS
10
6.2021090157480314
20
-2.7176498031496061
11
6.2009737401574805
21
-2.723357283464567
0
LINE
8
BLACK
6
CONTINUOUS
10
6.2009737401574805
20
-2.723357283464567
11
6.1987468110236223
21
-2.7287335826771653
0
LINE
8
BLACK
6
CONTINUOUS
10
6.1987468110236223
20
-2.7287335826771653
11
6.195513779527559
21
-2.7335721653543308
0
LINE
8
BLACK
6
CONTINUOUS
10
6.195513779527559
20
-2.7335721653543308
11
6.1913989370078735
21
-2.7376870078740159
0
LINE
8
BLACK
6
CONTINUOUS
10
6.1913989370078735
20
-2.7376870078740159
11
6.1865603543307088
21
-2.7409200393700788
0
LINE
8
BLACK
6
CONTINUOUS
10
6.1865603543307088
20
-2.7409200393700788
11
6.1811840551181101
21
-2.7431469685039369
0
LINE
8
BLACK
6
CONTINUOUS
10
6.1811840551181101
20
-2.7431469685039369
11
6.1754765748031497
21
-2.7442822440944883
0
LINE
8
BLACK
6
CONTINUOUS
10
6.1754765748031497
20
-2.7442822440944883
11
6.1696572834645664
21
-2.7442822440944883
0
LINE
8
BLACK
6
CONTINUOUS
10
6.1696572834645664
20
-2.7442822440944883
11
6.1639498031496061
21
-2.7431469685039369
0
LINE
8
BLACK
6
CONTINUOUS
10
6.1639498031496061
20
-2.7431469685039369
11
6.1585735039370073
21
-2.7409200393700788
0
LINE
8
BLACK
6
CONTINUOUS
10
6.1585735039370073
20
-2.7409200393700788
11
6.1537349212598427
21
-2.7376870078740159
0
LINE
8
BLACK
6
CONTINUOUS
10
6.1537349212598427
20
-2.7376870078740159
11
6.1496200787401571
21
-2.7335721653543308
0
LINE
8
BLACK
6
CONTINUOUS
10
6.1496200787401571
20
-2.7335721653543308
11
6.1463870472440947
21
-2.7287335826771653
0
LINE
8
BLACK
6
CONTINUOUS
10
6.1463870472440947
20
-2.7287335826771653
11
6.1441601181102357
21
-2.723357283464567
0
LINE
8
BLACK
6
CONTINUOUS
10
6.1441601181102357
20
-2.723357283464567
11
6.1430248425196847
21
-2.7176498031496061
0
LINE
8
BLACK
6
CONTINUOUS
10
6.1430248425196847
20
-2.7176498031496061
11
6.1430248425196847
21
-2.7118305118110237
0
LINE
8
BLACK
6
CONTINUOUS
10
6.1430248425196847
20
-2.7118305118110237
11
6.1441601181102357
21
-2.7061230314960629
0
LINE
8
BLACK
6
CONTINUOUS
10
6.1441601181102357
20
-2.7061230314960629
11
6.1463870472440947
21
-2.7007467322834646
0
LINE
8
BLACK
6
CONTINUOUS
10
6.1463870472440947
20
-2.7007467322834646
11
6.1496200787401571
21
-2.6959081496062991
0
LINE
8
BLACK
6
CONTINUOUS
10
6.1496200787401571
20
-2.6959081496062991
11
6.1537349212598427
21
-2.691793307086614
0
LINE
8
BLACK
6
CONTINUOUS
10
6.1537349212598427
20
-2.691793307086614
11
6.1585735039370073
21
-2.6885602755905511
0
LINE
8
BLACK
6
CONTINUOUS
10
6.1585735039370073
20
-2.6885602755905511
11
6.1639498031496061
21
-2.686333346456693
0
LINE
8
BLACK
6
CONTINUOUS
10
6.1639498031496061
20
-2.686333346456693
11
6.1696572834645664
21
-2.6851980708661416
0
LINE
8
BLACK
6
CONTINUOUS
10
6.1696572834645664
20
-2.6851980708661416
11
6.1754765748031497
21
-2.6851980708661416
0
LINE
8
BLACK
6
CONTINUOUS
10
6.1754765748031497
20
-2.6851980708661416
11
6.1811840551181101
21
-2.686333346456693
  0
ENDSEC
  0
EOF
